ticket_ref,ticket_date,ticket_type,ticket_status,ticket_total_odds,ticket_stake,ticket_stake_type,ticket_gain,ticket_legs_count,selection_market,selection_label,selection_match,selection_match_id,selection_sport,selection_odds,selection_status
"6DF4O4I0","2026-04-28 19:40","Simple","Gagné","2.35","","","236.79","1","Résultat","PSG","RésultatPSG2,35Paris SG5 - 4Bayern Munich","69339430","","2.35","Gagné"
"6DEMXI6B","2026-04-28 11:24","Combiné","Perdu","55.51","","","0.00","6","Vainqueur","A. Fils","","70836038","","1.31","Gagné"
"6DEMXI6B","2026-04-28 11:24","Combiné","Perdu","55.51","","","0.00","6","Vainqueur","J. Lehecka","","70836036","","2.30","Gagné"
"6DEMXI6B","2026-04-28 11:24","Combiné","Perdu","55.51","","","0.00","6","Vainqueur","F. Cerundolo","","70836032","","1.40","Perdu"
"6DEMXI6B","2026-04-28 11:24","Combiné","Perdu","55.51","","","0.00","6","Résultat","PSG","RésultatPSG2,35Paris SG5 - 4Bayern Munich","69339430","","2.35","Gagné"
"6DEMXI6B","2026-04-28 11:24","Combiné","Perdu","55.51","","","0.00","6","Vainqueur","F. Cobolli","","70835984","","2.00","Gagné"
"6DEMXI6B","2026-04-28 11:24","Combiné","Perdu","55.51","","","0.00","6","Vainqueur","J. Mensik","","70835982","","2.80","Perdu"
"6DEK4FND","2026-04-28 10:05","Combiné","Gagné","2.07","","","18.76","3","Vainqueur","A. Fils","","70836038","","1.30","Gagné"
"6DEK4FND","2026-04-28 10:05","Combiné","Gagné","2.07","","","18.76","3","Vainqueur","C. Ruud","","70836034","","1.36","Gagné"
"6DEK4FND","2026-04-28 10:05","Combiné","Gagné","2.07","","","18.76","3","Vainqueur","R. Jodar","","70836024","","1.17","Gagné"
"6DDTMPXV","2026-04-27 21:44","Simple","Perdu","","","","0.00","1","Vainqueur","T. Atmane","","70836028","","","Perdu"
"6DDNDWQQ","2026-04-27 18:49","Combiné","Perdu","2.72","","","0.00","4","Résultat","Besiktas","RésultatBesiktas 1,30Besiktas0 - 0Fatih Karagumruk","61730194","","1.30","Perdu"
"6DDNDWQQ","2026-04-27 18:49","Combiné","Perdu","2.72","","","0.00","4","Résultat","Mjallby","RésultatMjallby1,31Mjallby2 - 0Halmstad","67126512","","1.31","Gagné"
"6DDNDWQQ","2026-04-27 18:49","Combiné","Perdu","2.72","","","0.00","4","Vainqueur","A. Zverev","","70836028","","1.14","Gagné"
"6DDNDWQQ","2026-04-27 18:49","Combiné","Perdu","2.72","","","0.00","4","Résultat","Vikingur Reykjavik","RésultatVikingur Reykjavik1,40Vikingur Reykjavik4 - 0IA Akranes","68194610","","1.40","Gagné"
"6DDJZ19X","2026-04-27 17:13","Combiné","Perdu","1.97","10.00","Freebet","0.00","2","Vainqueur","F. Auger-Aliassime","","70836020","","1.33","Perdu"
"6DDJZ19X","2026-04-27 17:13","Combiné","Perdu","1.97","10.00","Freebet","0.00","2","Vainqueur","F. Cobolli","","70836016","","1.48","Gagné"
"6DD2Q2W3","2026-04-27 39:10","Combiné","Perdu","3.71","","","0.00","4","Vainqueur","C. Ruud","","70836008","","1.36","Gagné"
"6DD2Q2W3","2026-04-27 39:10","Combiné","Perdu","3.71","","","0.00","4","Vainqueur","B. Bencic","","70836168","","1.37","Perdu"
"6DD2Q2W3","2026-04-27 39:10","Combiné","Perdu","3.71","","","0.00","4","Vainqueur","D. Medvedev","","70836018","","1.31","Gagné"
"6DD2Q2W3","2026-04-27 39:10","Combiné","Perdu","3.71","","","0.00","4","Vainqueur","F. Cobolli","","70836016","","1.52","Gagné"
"6DC8F6TX","2026-04-26 21:13","Combiné","Perdu","8.85","","","0.00","6","Résultat","FC Porto","RésultatFC PortoLive1,30CF Estrela Amadora1 - 2FC Porto","61731494","Football","1.30","Gagné"
"6DC8F6TX","2026-04-26 21:13","Combiné","Perdu","8.85","","","0.00","6","Vainqueur","A. Rinderknech","","70836070","","1.66",""
"6DC8F6TX","2026-04-26 21:13","Combiné","Perdu","8.85","","","0.00","6","Vainqueur","E. Rybakina","","70836156","","1.23","Gagné"
"6DC8F6TX","2026-04-26 21:13","Combiné","Perdu","8.85","","","0.00","6","Résultat","Marseille","RésultatMarseilleLive1,62Marseille1 - 1Nice","61526550","","1.62","Perdu"
"6DC8F6TX","2026-04-26 21:13","Combiné","Perdu","8.85","","","0.00","6","Résultat","RSB","RésultatRSB1,21RSB Berkane2 - 1Olympique Dcheira","70943712","","1.21","Gagné"
"6DC8F6TX","2026-04-26 21:13","Combiné","Perdu","8.85","","","0.00","6","Vainqueur","R. Jodar","","70836068","","1.70","Gagné"
"6DBX1QCE","2026-04-26 13:44","Combiné","Gagné","4.31","","","26.09","4","Vainqueur","T.M. Etcheverry","","70836066","","1.78","Gagné"
"6DBX1QCE","2026-04-26 13:44","Combiné","Gagné","4.31","","","26.09","4","Vainqueur","Trabzonspor","VainqueurTrabzonspor1,43Trabzonspor79 - 69Galatasaray","63103791","","1.43","Gagné"
"6DBX1QCE","2026-04-26 13:44","Combiné","Gagné","4.31","","","26.09","4","Résultat","LASK","RésultatLASK1,50TSV Hartberg1 - 5LASK","69751534","","1.50","Gagné"
"6DBX1QCE","2026-04-26 13:44","Combiné","Gagné","4.31","","","26.09","4","Vainqueur","A. Fils","","70836064","","1.13","Gagné"
"6DB13K5Z","2026-04-25 22:49","Combiné","Perdu","10.89","","","0.00","4","Résultat","Atletico Nacional","RésultatAtletico Nacional1,40Deportivo Pereira1 - 0Atletico Nacional","67698110","","1.40","Perdu"
"6DB13K5Z","2026-04-25 22:49","Combiné","Perdu","10.89","","","0.00","4","Résultat","Botafogo","RésultatBotafogo2,40Botafogo2 - 2Internacional","66886720","","2.40","Perdu"
"6DB13K5Z","2026-04-25 22:49","Combiné","Perdu","10.89","","","0.00","4","Vainqueur","Athletics","VainqueurAthletics2,00Texas Rangers4 - 3Athletics","63300067","","2.00","Perdu"
"6DB13K5Z","2026-04-25 22:49","Combiné","Perdu","10.89","","","0.00","4","Vainqueur","New York Yankees","VainqueurNew York Yankees1,62Houston Astros3 - 8New York Yankees","63299787","Baseball","1.62","Gagné"
"6DAPAVN6","2026-04-25 17:19","Combiné","Perdu","12.78","5.00","Freebet","0.00","6","Vainqueur","AO Kifisias","","69885228","","1.56","Perdu"
"6DAPAVN6","2026-04-25 17:19","Combiné","Perdu","12.78","5.00","Freebet","0.00","6","Résultat","Celje","RésultatCelje1,82RK Celje27 - 26HC Ohrid 2013","70670666","","1.82","Gagné"
"6DAPAVN6","2026-04-25 17:19","Combiné","Perdu","12.78","5.00","Freebet","0.00","6","Résultat","Manchester City","RésultatManchester City1,21Manchester City2 - 1Southampton","70597066","","1.21","Gagné"
"6DAPAVN6","2026-04-25 17:19","Combiné","Perdu","12.78","5.00","Freebet","0.00","6","Vainqueur","Monaco","VainqueurMonaco1,60Le Mans83 - 87Monaco","69818456","","1.60","Gagné"
"6DAPAVN6","2026-04-25 17:19","Combiné","Perdu","12.78","5.00","Freebet","0.00","6","Vainqueur","C. Moutet","","70836104","","1.49","Perdu"
"6DAPAVN6","2026-04-25 17:19","Combiné","Perdu","12.78","5.00","Freebet","0.00","6","Vainqueur","A. Bublik","","70836108","","1.56","Perdu"
"6DA8VZ1K","2026-04-25 9:40","Combiné","Gagné","13.27","5.00","Freebet","63.81","7","Résultat","New Zealand Warriors","RésultatNew Zealand Warriors1,44New Zealand Warriors20 - 18Redcliffe Dolphins","65687428","","1.44","Gagné"
"6DA8VZ1K","2026-04-25 9:40","Combiné","Gagné","13.27","5.00","Freebet","63.81","7","Vainqueur","F. Cerundolo","","70836122","","1.35","Gagné"
"6DA8VZ1K","2026-04-25 9:40","Combiné","Gagné","13.27","5.00","Freebet","63.81","7","Vainqueur","B. Bencic","","70836198","","1.60","Gagné"
"6DA8VZ1K","2026-04-25 9:40","Combiné","Gagné","13.27","5.00","Freebet","63.81","7","Vainqueur","C. Ruud","","70836126","","1.41","Gagné"
"6DA8VZ1K","2026-04-25 9:40","Combiné","Gagné","13.27","5.00","Freebet","63.81","7","Résultat","Lyon","RésultatLyon1,58Lyon3 - 2Auxerre","61526544","","1.58","Gagné"
"6DA8VZ1K","2026-04-25 9:40","Combiné","Gagné","13.27","5.00","Freebet","63.81","7","Résultat","Frosinone","RésultatFrosinone1,52Frosinone3 - 0Carrarese","62484344","","1.52","Gagné"
"6DA8VZ1K","2026-04-25 9:40","Combiné","Gagné","13.27","5.00","Freebet","63.81","7","Vainqueur","F. Auger-Aliassime","","70836044","","1.26","Gagné"
"6D8X4S81","2026-04-24 11:23","Combiné","Perdu","12.86","6.00","Freebet","0.00","7","Vainqueur","B. Shelton","","70836078","","1.47","Perdu"
"6D8X4S81","2026-04-24 11:23","Combiné","Perdu","12.86","6.00","Freebet","0.00","7","Vainqueur","J. Lehecka","","70836092","","1.68","Gagné"
"6D8X4S81","2026-04-24 11:23","Combiné","Perdu","12.86","6.00","Freebet","0.00","7","Vainqueur","A. Fils","","70836100","","1.15","Gagné"
"6D8X4S81","2026-04-24 11:23","Combiné","Perdu","12.86","6.00","Freebet","0.00","7","Vainqueur","T.M. Etcheverry","","70836074","","1.58","Gagné"
"6D8X4S81","2026-04-24 11:23","Combiné","Perdu","12.86","6.00","Freebet","0.00","7","Vainqueur","A. Rublev","","70836002","","1.28","Perdu"
"6D8X4S81","2026-04-24 11:23","Combiné","Perdu","12.86","6.00","Freebet","0.00","7","Vainqueur","A. De Minaur","","70836082","","1.82","Perdu"
"6D8X4S81","2026-04-24 11:23","Combiné","Perdu","12.86","6.00","Freebet","0.00","7","Vainqueur","J. Fonseca","","70836086","","1.23",""
"6D4GPTTO","2026-04-21 8:32","Combiné","Perdu","5.88","3.00","Freebet","0.00","3","Vainqueur","Yokohama BayStars","VainqueurYokohama BayStars2,35Yokohama DeNA BayStars16 - 9Hanshin Tigers","66776548","Baseball","2.35","Gagné"
"6D4GPTTO","2026-04-21 8:32","Combiné","Perdu","5.88","3.00","Freebet","0.00","3","Vainqueur","V. Gaubas","","70965892","","1.84","Gagné"
"6D4GPTTO","2026-04-21 8:32","Combiné","Perdu","5.88","3.00","Freebet","0.00","3","Vainqueur","C. Garin","","70966734","","1.36","Perdu"
"6D1NHABX","2026-04-19 9:18","Simple","Perdu","5.40","","","0.00","1","Vainqueur","V. Podrez","","70682192","","5.40","Perdu"
"6D1NGUOX","2026-04-19 9:18","Combiné","Perdu","3.14","","","0.00","3","Résultat","Fidji","RésultatFidji 1,36Fidji 26 - 10Australie","70479212","","1.36","Gagné"
"6D1NGUOX","2026-04-19 9:18","Combiné","Perdu","3.14","","","0.00","3","Vainqueur","KD Ilirija","VainqueurKD Ilirija1,64KD Ilirija74 - 75Studentski Centar","68660952","","1.64","Perdu"
"6D1NGUOX","2026-04-19 9:18","Combiné","Perdu","3.14","","","0.00","3","Vainqueur","E. Rybakina","","70682084","","1.41","Gagné"
"6D0YNMQ6","2026-04-18 21:43","Combiné","Perdu","3.40","","","0.00","2","Résultat","Charlotte Checkers","RésultatCharlotte Checkers1,70Charlotte Checkers0 - 2Lehigh Valley Phantoms","61925296","","1.70","Perdu"
"6D0YNMQ6","2026-04-18 21:43","Combiné","Perdu","3.40","","","0.00","2","Résultat","Laval Rocket","RésultatLaval Rocket2,00Toronto Marlies4 - 3Laval Rocket","61925298","","2.00","Perdu"
"6D0V7C19","2026-04-18 20:07","Simple","Gagné","3.10","","","33.82","1","Résultat","Bordeaux","RésultatBordeaux3,10Grenoble2 - 5Bordeaux","70749754","","3.10","Gagné"
"6D0QA3ER","2026-04-18 17:49","Combiné","Gagné","2.89","","","28.91","2","Vainqueur","Bogdanka LUK Lublin","","70668452","","1.46","Gagné"
"6D0QA3ER","2026-04-18 17:49","Combiné","Gagné","2.89","","","28.91","2","Vainqueur","Lube Civitanova","","70671270","","1.98","Gagné"
"6D0ML365","2026-04-18 16:05","Simple","Annulé","4.20","","","","1","Vainqueur","V. Podrez","","70682194","","4.20","Annulé"
"6CW87YDJ","2026-04-15 14:12","Combiné","Perdu","4.99","","","0.00","5","Vainqueur","B. Shelton","","70682000","","1.60","Gagné"
"6CW87YDJ","2026-04-15 14:12","Combiné","Perdu","4.99","","","0.00","5","Vainqueur","E. Jacquemot","","70764742","","1.36","Perdu"
"6CW87YDJ","2026-04-15 14:12","Combiné","Perdu","4.99","","","0.00","5","Vainqueur","A. Parks","","70769452","","1.38","Gagné"
"6CW87YDJ","2026-04-15 14:12","Combiné","Perdu","4.99","","","0.00","5","Vainqueur","L. Darderi","","70681992","","1.34","Perdu"
"6CW87YDJ","2026-04-15 14:12","Combiné","Perdu","4.99","","","0.00","5","Vainqueur","M. Kostyuk","","70682174","","1.24","Gagné"
"6CVVIOWV","2026-04-15 8:17","Combiné","Perdu","4.08","","","0.00","3","Vainqueur","Chunichi Dragons","VainqueurChunichi Dragons1,72Chunichi Dragons2 - 5Hiroshima Toyo Carp","66776520","","1.72","Perdu"
"6CVVIOWV","2026-04-15 8:17","Combiné","Perdu","4.08","","","0.00","3","Vainqueur","Hokkaido Fighters","VainqueurHokkaido Fighters1,52Chiba Lotte Marines9 - 7Hokkaido Nippon-Ham Fighters","66777258","","1.52","Perdu"
"6CVVIOWV","2026-04-15 8:17","Combiné","Perdu","4.08","","","0.00","3","Vainqueur","Orix Buffaloes","VainqueurOrix Buffaloes1,56Orix Buffaloes3 - 1Saitama Seibu Lions","66777262","","1.56","Gagné"
"6CV5ZBF3","2026-04-14 20:22","Simple","Gagné","2.55","","","25.50","1","Résultat","PSG","RésultatPSG2,55Liverpool0 - 2Paris SG","69339422","","2.55","Gagné"
"6CRSXKWT","2026-04-12 11:53","Combiné","Perdu","8.38","","","0.00","3","Vainqueur","Mathieu Van Der Poel","","1000147751","Tennis","2.25","Perdu"
"6CRSXKWT","2026-04-12 11:53","Combiné","Perdu","8.38","","","0.00","3","Vainqueur","C. Alcaraz","","70456552","Tennis","1.92","Perdu"
"6CRSXKWT","2026-04-12 11:53","Combiné","Perdu","8.38","","","0.00","3","Résultat","Manchester City","RésultatManchester City1,94Chelsea0 - 3Manchester City","61301147","Tennis","1.94","Gagné"
"6CQJ5GQ1","2026-04-11 14:32","Simple","Perdu","","","","0.00","1","Vainqueur","V. Vacherot","","70456556","Tennis","","Perdu"
"6CQ8D0IN","2026-04-11 9:30","Combiné","Perdu","2.33","","","0.00","2","Vainqueur","Chiba Marines","VainqueurChiba Marines1,86Saitama Seibu Lions5 - 2Chiba Lotte Marines","66777244","","1.86","Perdu"
"6CQ8D0IN","2026-04-11 9:30","Combiné","Perdu","2.33","","","0.00","2","Vainqueur","S. Bingham","VainqueurS. Bingham1,25Stuart Bingham10 - 2Wang Xinbo","70692386","","1.25","Gagné"
"6CQ8BISX","2026-04-11 9:28","Simple","Perdu","3.25","","","0.00","1","Résultat","Gwangju FC","RésultatGwangju FC3,25Gwangju FC0 - 1FC Bucheon","67817610","","3.25","Perdu"
"6CPFPDK5","2026-04-10 20:07","Combiné","Perdu","12.77","","","0.00","7","Résultat","Limoges","RésultatLimoges1,37Dijon30 - 35Limoges","61810490","","1.37","Gagné"
"6CPFPDK5","2026-04-10 20:07","Combiné","Perdu","12.77","","","0.00","7","Résultat","Saran","RésultatSaran 1,47Saintes US37 - 41Saran","62245020","","1.47","Gagné"
"6CPFPDK5","2026-04-10 20:07","Combiné","Perdu","12.77","","","0.00","7","Vainqueur","Nanterre","VainqueurNanterre1,23Nanterre86 - 72Nancy","62280754","","1.23","Gagné"
"6CPFPDK5","2026-04-10 20:07","Combiné","Perdu","12.77","","","0.00","7","Vainqueur","Étoile Rouge Belgrade","VainqueurÉtoile Rouge Belgrade1,36ASVEL93 - 106Étoile Rouge Belgrade","62096330","","1.36","Gagné"
"6CPFPDK5","2026-04-10 20:07","Combiné","Perdu","12.77","","","0.00","7","Vainqueur","Movistar Estudiantes","VainqueurMovistar Estudiantes 1,27Tizona Burgos76 - 96Movistar Estudiantes","62656667","","1.27","Gagné"
"6CPFPDK5","2026-04-10 20:07","Combiné","Perdu","12.77","","","0.00","7","Résultat","Bohemians","RésultatBohemians1,27Bohemians1 - 2Sligo Rovers","66853986","","1.27","Perdu"
"6CPFPDK5","2026-04-10 20:07","Combiné","Perdu","12.77","","","0.00","7","Résultat","Dundalk","RésultatDundalk2,35Dundalk2 - 2Derry City","67576364","","2.35","Perdu"
"6CPFLE6H","2026-04-10 20:04","Simple","Perdu","1.54","","","0.00","1","Mi-temps - Résultat","R. Madrid","Mi-temps - RésultatR. Madrid1,54Real Madrid1 - 1Gérone","61624556","","1.54","Perdu"
"6CPDWAPB","2026-04-10 19:17","Simple","Gagné","2.80","","","28.00","1","Vainqueur","V. Vacherot","","70456610","","2.80","Gagné"
"6COQPIRY","2026-04-10 8:28","Combiné","Perdu","11.62","","","0.00","6","Vainqueur","Hanshin Tigers","VainqueurHanshin Tigers1,48Chunichi Dragons3 - 5Hanshin Tigers","66776496","Baseball","1.48","Gagné"
"6COQPIRY","2026-04-10 8:28","Combiné","Perdu","11.62","","","0.00","6","Vainqueur","Yokohama BayStars","","66776498","","1.50",""
"6COQPIRY","2026-04-10 8:28","Combiné","Perdu","11.62","","","0.00","6","Vainqueur","Yomiuri Giants","VainqueurYomiuri Giants1,52Yomiuri Giants3 - 2Tokyo Yakult Swallows","66776500","","1.52","Gagné"
"6COQPIRY","2026-04-10 8:28","Combiné","Perdu","11.62","","","0.00","6","Vainqueur","Saitama Lions","VainqueurSaitama Lions1,58Saitama Seibu Lions3 - 6Chiba Lotte Marines","66777238","","1.58","Perdu"
"6COQPIRY","2026-04-10 8:28","Combiné","Perdu","11.62","","","0.00","6","Vainqueur","A. Zverev","","70456608","","1.58","Gagné"
"6COQPIRY","2026-04-10 8:28","Combiné","Perdu","11.62","","","0.00","6","Vainqueur","Slovénie","","68936674","","1.38","Perdu"
"6CO33JHR","2026-04-09 21:27","Combiné","Gagné","17.46","","","81.33","6","Résultat","Wilkes-Barre/Scranton Penguins","RésultatWilkes-Barre/Scranton Penguins1,96Bridgeport Islanders6 - 5Wilkes-Barre/Scranton Penguins(reg 5-5)C'EST VALIDÉ !","61925184","Hockey","1.96","Gagné"
"6CO33JHR","2026-04-09 21:27","Combiné","Gagné","17.46","","","81.33","6","Résultat","Ottawa Senators","RésultatOttawa Senators1,52Ottawa Senators5 - 1Florida Panthers","62079090","Hockey","1.52","Gagné"
"6CO33JHR","2026-04-09 21:27","Combiné","Gagné","17.46","","","81.33","6","Vainqueur","Toronto Raptors","VainqueurToronto Raptors1,58Toronto Raptors128 - 114Miami Heat","62925635","Hockey","1.58","Gagné"
"6CO33JHR","2026-04-09 21:27","Combiné","Gagné","17.46","","","81.33","6","Vainqueur","Houston Rockets","VainqueurHouston Rockets1,44Houston Rockets113 - 102Philadelphia 76ers","62926239","Hockey","1.44","Gagné"
"6CO33JHR","2026-04-09 21:27","Combiné","Gagné","17.46","","","81.33","6","Résultat","Carolina Hurricanes","RésultatCarolina Hurricanes1,74Chicago Blackhawks2 - 7Carolina Hurricanes","62079098","Hockey","1.74","Gagné"
"6CO33JHR","2026-04-09 21:27","Combiné","Gagné","17.46","","","81.33","6","Résultat","Colorado Avalanche","RésultatColorado Avalanche1,48Colorado Avalanche3 - 1Calgary Flames","62079100","Hockey","1.48","Gagné"
"6CNNIL26","2026-04-09 14:10","Combiné","Gagné","4.42","","","44.41","3","Vainqueur","A. Bublik","","70456594","","2.05","Gagné"
"6CNNIL26","2026-04-09 14:10","Combiné","Gagné","4.42","","","44.41","3","Vainqueur","A. De Minaur","","70456590","","1.30","Gagné"
"6CNNIL26","2026-04-09 14:10","Combiné","Gagné","4.42","","","44.41","3","Vainqueur","V. Vacherot","","70456592","","1.66","Gagné"
"6CFENQHQ","2026-04-03 19:40","Combiné","Perdu","9.29","","","0.00","3","Vainqueur","L. Tien","","70281552","","1.52","Perdu"
"6CFENQHQ","2026-04-03 19:40","Combiné","Perdu","9.29","","","0.00","3","Vainqueur","D. Altmaier","","70282892","","2.35","Perdu"
"6CFENQHQ","2026-04-03 19:40","Combiné","Perdu","9.29","","","0.00","3","Vainqueur","M. Keys","","70321986","","2.60","Gagné"
"6CB4O3PV","2026-03-31 19:50","Simple","Annulé","3.75","","","","1","Résultat","Algérie","RésultatAlgérie3,751,00Algérie0 - 0Uruguay","69164810","","3.75","Perdu"
"6CAOVXYY","2026-03-31 12:28","Combiné","Gagné","1.97","","","33.11","2","Vainqueur","D. Dzumhur","","70370720","","1.46","Gagné"
"6CAOVXYY","2026-03-31 12:28","Combiné","Gagné","1.97","","","33.11","2","Vainqueur","C. Ugo Carabelli","","70430022","","1.35","Gagné"
"6CAK4VVO","2026-03-31 10:15","Simple","Gagné","1.68","","","16.80","1","Score exact","0 - 2","Score exact0 - 2Live1,68Christopher O'ConnellMariano Navone4667","70371868","","1.68","Gagné"
"6BQNPHA6","2026-03-17 10:59","Combiné","Perdu","91.73","","","0.00","9","Vainqueur","Y. Bu","","69977630","","1.66","Perdu"
"6BQNPHA6","2026-03-17 10:59","Combiné","Perdu","91.73","","","0.00","9","Vainqueur","Y. Hanfmann","","69979892","","1.78","Gagné"
"6BQNPHA6","2026-03-17 10:59","Combiné","Perdu","91.73","","","0.00","9","Vainqueur","C. Wong","","69980984","","1.62","Perdu"
"6BQNPHA6","2026-03-17 10:59","Combiné","Perdu","91.73","","","0.00","9","Vainqueur","T. Gibson","","69977694","","1.60","Gagné"
"6BQNPHA6","2026-03-17 10:59","Combiné","Perdu","91.73","","","0.00","9","Vainqueur","D. Parry","","69985610","","1.52","Perdu"
"6BQNPHA6","2026-03-17 10:59","Combiné","Perdu","91.73","","","0.00","9","Vainqueur","D. Vekic","","69982030","","1.56","Perdu"
"6BQNPHA6","2026-03-17 10:59","Combiné","Perdu","91.73","","","0.00","9","Vainqueur","V. Gracheva","","69961132","","2.05","Perdu"
"6BQNPHA6","2026-03-17 10:59","Combiné","Perdu","91.73","","","0.00","9","Vainqueur","R. Hijikata","","69985374","","1.76","Perdu"
"6BQNPHA6","2026-03-17 10:59","Combiné","Perdu","91.73","","","0.00","9","Vainqueur","M. Bellucci","","69985496","","1.40","Gagné"
"6BB8DT0S","2026-03-06 15:54","Combiné","Perdu","7.50","","","0.00","8","Vainqueur","A. Zverev","","69293392","","1.21","Gagné"
"6BB8DT0S","2026-03-06 15:54","Combiné","Perdu","7.50","","","0.00","8","Vainqueur","V. Mboko","","69327776","","1.17","Gagné"
"6BB8DT0S","2026-03-06 15:54","Combiné","Perdu","7.50","","","0.00","8","Vainqueur","B. Shelton","","69293390","","1.25","Gagné"
"6BB8DT0S","2026-03-06 15:54","Combiné","Perdu","7.50","","","0.00","8","Vainqueur","L. Musetti","","69293438","","1.31","Perdu"
"6BB8DT0S","2026-03-06 15:54","Combiné","Perdu","7.50","","","0.00","8","Vainqueur","A. Kalinskaya","","69327774","","1.36","Gagné"
"6BB8DT0S","2026-03-06 15:54","Combiné","Perdu","7.50","","","0.00","8","Vainqueur","A. Fils","","69293436","","1.45","Gagné"
"6BB8DT0S","2026-03-06 15:54","Combiné","Perdu","7.50","","","0.00","8","Vainqueur","J. Paolini","","69327740","","1.39","Gagné"
"6BB8DT0S","2026-03-06 15:54","Combiné","Perdu","7.50","","","0.00","8","Vainqueur","B. Nakashima","","69293378","","1.18","Gagné"
"6A410TIL","2026-02-04 10:14","Simple","Gagné","1.80","","","0.36","1","Nombre de jeux","Plus de 21,5","","68319746","","1.80","Gagné"
"6A410SQY","2026-02-04 10:14","Simple","Perdu","1.56","","","0.00","1","Vainqueur","O. Danilovic","","68319746","","1.56","Perdu"
"6A410RXQ","2026-02-04 10:14","Simple","Gagné","2.10","","","0.42","1","Vainqueur","M. Chwalinska","","68319746","","2.10","Gagné"
"6A40SFE1","2026-02-04 10:07","Simple","Gagné","1.94","","","1.11","1","Vainqueur","S. Bejlek","","68328882","","1.94","Gagné"
"6A40SEL8","2026-02-04 10:07","Simple","Perdu","1.82","","","0.00","1","Vainqueur","J. Ostapenko","","68328882","","1.82","Perdu"
"6A40SDT3","2026-02-04 10:07","Simple","Perdu","1.78","","","0.00","1","Nombre de jeux","Plus de 21,5","","68328882","","1.78","Perdu"
"6A4051BA","2026-02-04 9:49","Simple","Gagné","1.50","","","1.50","1","Vainqueur","E. Alexandrova","","68533698","","1.50","Gagné"
"6A4050IW","2026-02-04 9:49","Simple","Perdu","2.50","","","0.00","1","Vainqueur","D. Yastremska","","68533698","","2.50","Perdu"
"6A404ZRT","2026-02-04 9:49","Simple","Perdu","1.76","","","0.00","1","Nombre de jeux","Plus de 21,5","","68533698","","1.76","Perdu"
"6A39UIUL","2026-02-03 21:33","Simple","Perdu","1.64","","","0.00","1","3e quart-temps - Nombre de points de Paris Basketball","Plus de 20,5","Nombre de points de Paris BasketballPlus de 20,5Live1,641820.5Bayern Munich81 - 75Paris Basketball","62096110","","1.64","Perdu"
"69YA8MLS","2026-01-31 9:45","Combiné","Perdu","2.37","","","0.00","2","Vainqueur","P. Teeraratsakul","","68415684","","1.74","Gagné"
"69YA8MLS","2026-01-31 9:45","Combiné","Perdu","2.37","","","0.00","2","Vainqueur","Ling Ching Wong","","68416552","","1.36","Perdu"
"69Y9X90D","2026-01-31 9:36","Simple","Perdu","1.64","","","0.00","1","Vainqueur","A. Sabalenka","","67664710","","1.64","Perdu"
"69XHS3CX","2026-01-30 20:36","Combiné","Perdu","3.01","","","0.00","3","Écart de points (handicap)","Kangoeroes Basket Mechelen +17.5","Écart de points (handicap)Kangoeroes Basket Mechelen +17.5Live1,58Anvers Giants81 - 40Kangoeroes Basket Mechelen","61287231","","1.58","Perdu"
"69XHS3CX","2026-01-30 20:36","Combiné","Perdu","3.01","","","0.00","3","Écart de points (handicap)","Vichy-Clermont +7.5","Écart de points (handicap)Vichy-Clermont +7.51,40Saint-Chamond74 - 79Vichy-Clermont","62272562","","1.40","Gagné"
"69XHS3CX","2026-01-30 20:36","Combiné","Perdu","3.01","","","0.00","3","Écart de points (handicap)","Iberojet Palma +10.5","Écart de points (handicap)Iberojet Palma +10.51,36Tizona Burgos80 - 76Iberojet Palma","62656491","","1.36","Gagné"
"69X74CCZ","2026-01-30 15:30","Simple","Gagné","1.34","","","9.42","1","1er quart-temps - Résultat","Besiktas","RésultatBesiktas1,34IAU Buyukcekmece Basketbol62 - 79Besiktas","63103631","","1.34","Gagné"
"69X0H9PE","2026-01-30 12:24","Simple","Perdu","1.42","","","0.00","1","Nombre de buts","Moins de 2,5","Nombre de butsMoins de 2,51,42Gabala3 - 2Imisli FK","63185515","","1.42","Perdu"
"69VTSQZU","2026-01-29 16:29","Simple","Gagné","1.66","","","17.03","1","Nombre de points","Plus de 139,5","","62265252","","1.66","Gagné"
"69VLQ599","2026-01-29 12:43","Simple","Perdu","1.72","20.00","Cash","0.00","1","Nombre de buts","Moins de 30,5","Nombre de butsMoins de 30,51,723130.5Grèce (F)26 - 5Allemagne (F)","65867420","","1.72","Perdu"
"69VI7FLM","2026-01-29 11:05","Simple","Gagné","1.78","17.00","Cash","30.26","1","Nombre de buts","Plus de 25,5","Nombre de butsPlus de 25,51,782925.5Pays-Bas (F)23 - 6Israël (F)","65867458","","1.78","Gagné"
"69VF7XFG","2026-01-29 9:41","Simple","Gagné","1.70","10.00","Cash","17.00","1","Nombre de buts","Plus de 27,5","Nombre de butsPlus de 27,51,703627.5Italie (F)25 - 11Turquie (F)","65867446","","1.70","Gagné"
"69URP7K4","2026-01-28 22:43","Simple","Perdu","1.52","","","0.00","1","Nombre de buts de Grand Rapids Griffins","Plus de 2,5","Nombre de buts de Grand Rapids GriffinsPlus de 2,51,52Grand Rapids Griffins1 - 4Cleveland Monsters","61924030","","1.52","Perdu"
"69UM7QTJ","2026-01-28 20:09","Simple","Gagné","1.64","","","25.91","1","Nombre de points","Plus de 138,5","","66318422","","1.64","Gagné"
"69ULZQKF","2026-01-28 20:03","Simple","Gagné","","","","20.00","1","","","","","Cotes boostées","","Gagné"
"69UESIID","2026-01-28 16:42","Simple","Gagné","1.58","","","15.80","1","Nombre de points","Plus de 160,5","Nombre de pointsPlus de 160,51,58168160.5AEK Athènes88 - 80ALBA Berlin","67636624","","1.58","Gagné"
"69PY7TLE","2026-01-25 13:46","Combiné","Perdu","63.75","","","0.00","7","Résultat","Thoune","RésultatThoune1,82Thoune4 - 1Young Boys Berne","61394711","Handball","1.82","Gagné"
"69PY7TLE","2026-01-25 13:46","Combiné","Perdu","63.75","","","0.00","7","Résultat","Fischtown","RésultatFischtown2,00Augsburger Panther1 - 2Pinguins Bremerhaven","61587042","Handball","2.00","Gagné"
"69PY7TLE","2026-01-25 13:46","Combiné","Perdu","63.75","","","0.00","7","Résultat","Straubing","RésultatStraubing2,05Iserlohn Roosters2 - 4Straubing Tigers","61587044","Baseball","2.05","Gagné"
"69PY7TLE","2026-01-25 13:46","Combiné","Perdu","63.75","","","0.00","7","Résultat","FC Andorra","RésultatFC Andorra1,84FC Andorra1 - 1Huesca","61623524","Handball","1.84","Perdu"
"69PY7TLE","2026-01-25 13:46","Combiné","Perdu","63.75","","","0.00","7","Résultat","Atl. Madrid","RésultatAtl. Madrid1,34Atletico Madrid3 - 0Majorque","61624340","Handball","1.34","Gagné"
"69PY7TLE","2026-01-25 13:46","Combiné","Perdu","63.75","","","0.00","7","Résultat","Storhamar Handball (F)","RésultatStorhamar Handball (F)1,54Storhamar Handball (F)30 - 31BVB Dortmund Handball (F)","61957624","Handball","1.54","Perdu"
"69PY7TLE","2026-01-25 13:46","Combiné","Perdu","63.75","","","0.00","7","Résultat","MC Alger","RésultatMC Alger2,25FC Saint Eloi Lupopo1 - 0MC Alger","65343468","Handball","2.25","Perdu"
"69PRNTT2","2026-01-25 10:43","Simple","Perdu","2.05","","","0.00","1","Résultat","FC Vizela","RésultatFC Vizela2,05FC Porto B1 - 0FC Vizela","61732028","Football","2.05","Perdu"
"69P56N9O","2026-01-25 0:14","Simple","Gagné","1.54","","","30.21","1","Équipe qui marque le 1er but","Cerro Porteno","Équipe qui marque le 1er butCerro Porteno1,54Cerro Porteno1 - 1Libertad Asuncion","66466846","","1.54","Gagné"
"69OY8SJU","2026-01-24 20:59","Simple","Gagné","1.72","","","8.60","1","Écart de points (handicap)","Bilbao Basket -1.5","Écart de points (handicap)Bilbao Basket -1.51,72Granada84 - 88Bilbao Basket","63049121","","1.72","Gagné"
"69OXW7MV","2026-01-24 20:50","Simple","Gagné","","","","20.00","1","","","","","Cotes boostées","","Gagné"
"69H85E1Y","2026-01-19 11:15","Combiné","Perdu","7.96","","","0.00","2","Vainqueur","J. Lehecka","","67832186","","3.25","Perdu"
"69H85E1Y","2026-01-19 11:15","Combiné","Perdu","7.96","","","0.00","2","Vainqueur","A. Muller","","67817194","","2.45","Gagné"
"69GAR1SP","2026-01-18 19:40","Simple","Perdu","","","","0.00","1","","","","","Cotes boostées","","Perdu"
"69FPVBPU","2026-01-18 9:55","Combiné","Perdu","324.80","","","0.00","22","Vainqueur","E. Raducanu","","67816748","","1.22","Gagné"
"69FPVBPU","2026-01-18 9:55","Combiné","Perdu","324.80","","","0.00","22","Vainqueur","F. Auger-Aliassime","","67817172","","1.29",""
"69FPVBPU","2026-01-18 9:55","Combiné","Perdu","324.80","","","0.00","22","Vainqueur","Q. Halys","","67817182","","1.84","Gagné"
"69FPVBPU","2026-01-18 9:55","Combiné","Perdu","324.80","","","0.00","22","Vainqueur","H. Medjedovic","","67817200","","1.43","Gagné"
"69FPVBPU","2026-01-18 9:55","Combiné","Perdu","324.80","","","0.00","22","E. Ymer remporte au moins un set","Oui","","67832188","","1.23","Gagné"
"69FPVBPU","2026-01-18 9:55","Combiné","Perdu","324.80","","","0.00","22","Vainqueur","M. Kessler","","67816704","","1.17","Gagné"
"69FPVBPU","2026-01-18 9:55","Combiné","Perdu","324.80","","","0.00","22","Vainqueur","C. Gauff","","67816732","","1.04","Gagné"
"69FPVBPU","2026-01-18 9:55","Combiné","Perdu","324.80","","","0.00","22","Vainqueur","A. Rinderknech","","67817178","","1.94","Perdu"
"69FPVBPU","2026-01-18 9:55","Combiné","Perdu","324.80","","","0.00","22","Vainqueur","T. Paul","","67817214","","1.15","Gagné"
"69FPVBPU","2026-01-18 9:55","Combiné","Perdu","324.80","","","0.00","22","Vainqueur","A. Rublev","","67817186","","1.27","Gagné"
"69FPVBPU","2026-01-18 9:55","Combiné","Perdu","324.80","","","0.00","22","Vainqueur","L. Tien","","67817176","","1.50","Gagné"
"69FPVBPU","2026-01-18 9:55","Combiné","Perdu","324.80","","","0.00","22","Vainqueur","J. Pegula","","67816706","","1.07","Gagné"
"69FPVBPU","2026-01-18 9:55","Combiné","Perdu","324.80","","","0.00","22","Vainqueur","A. Vukic","","67817212","","1.38","Perdu"
"69FPVBPU","2026-01-18 9:55","Combiné","Perdu","324.80","","","0.00","22","Vainqueur","K. Majchrzak","","67817180","","1.50","Gagné"
"69FPVBPU","2026-01-18 9:55","Combiné","Perdu","324.80","","","0.00","22","Vainqueur","B. Nakashima","","67817150","","1.36","Perdu"
"69FPVBPU","2026-01-18 9:55","Combiné","Perdu","324.80","","","0.00","22","Vainqueur","L. Noskova","","67816692","","1.13","Gagné"
"69FPVBPU","2026-01-18 9:55","Combiné","Perdu","324.80","","","0.00","22","Vainqueur","V. Mboko","","67816746","","1.23","Gagné"
"69FPVBPU","2026-01-18 9:55","Combiné","Perdu","324.80","","","0.00","22","Vainqueur","M. Bouzkova","","67816658","","1.30","Gagné"
"69FPVBPU","2026-01-18 9:55","Combiné","Perdu","324.80","","","0.00","22","Vainqueur","V. Vacherot","","67832178","","1.49","Gagné"
"69FPVBPU","2026-01-18 9:55","Combiné","Perdu","324.80","","","0.00","22","Vainqueur","C. Ruud","","67817134","","1.21","Gagné"
"69FPVBPU","2026-01-18 9:55","Combiné","Perdu","324.80","","","0.00","22","Vainqueur","E. Rybakina","","67816678","","1.03","Gagné"
"69FPVBPU","2026-01-18 9:55","Combiné","Perdu","324.80","","","0.00","22","Vainqueur","N. Osaka","","67816668","","1.22","Gagné"
"69FPRG80","2026-01-18 09:52","Simple","Perdu","","","","0.00","1","Vainqueur","T. Rakotomanga Raj","","67816752","","","Perdu"
"69F28IXX","2026-01-17 22:54","Combiné","Perdu","1406.99","","","0.00","39","Vainqueur","F. Cobolli","","67832196","Tennis","1.47","Perdu"
"69F28IXX","2026-01-17 22:54","Combiné","Perdu","1406.99","","","0.00","39","Nombre de sets","Plus de 3,5","","67817216","Tennis","1.47","Perdu"
"69F28IXX","2026-01-17 22:54","Combiné","Perdu","1406.99","","","0.00","39","Vainqueur","A. Zverev","","67817196","Tennis","1.13","Gagné"
"69F28IXX","2026-01-17 22:54","Combiné","Perdu","1406.99","","","0.00","39","Vainqueur","F. Cerundolo","","67817188","Tennis","1.41","Gagné"
"69F28IXX","2026-01-17 22:54","Combiné","Perdu","1406.99","","","0.00","39","F. Comesana remporte au moins un set","Oui","","67817202","Tennis","1.06","Gagné"
"69F28IXX","2026-01-17 22:54","Combiné","Perdu","1406.99","","","0.00","39","D. Dzumhur remporte au moins un set","Oui","","67832192","Tennis","1.10","Gagné"
"69F28IXX","2026-01-17 22:54","Combiné","Perdu","1406.99","","","0.00","39","Vainqueur","S. Korda","","67832200","Tennis","1.32","Perdu"
"69F28IXX","2026-01-17 22:54","Combiné","Perdu","1406.99","","","0.00","39","J. Faria remporte au moins un set","Oui","","67891156","Tennis","1.19","Gagné"
"69F28IXX","2026-01-17 22:54","Combiné","Perdu","1406.99","","","0.00","39","Vainqueur","F. Tiafoe","","67832194","Tennis","1.33","Gagné"
"69F28IXX","2026-01-17 22:54","Combiné","Perdu","1406.99","","","0.00","39","Vainqueur","A. Bublik","","67817208","Tennis","1.24","Gagné"
"69F28IXX","2026-01-17 22:54","Combiné","Perdu","1406.99","","","0.00","39","Vainqueur","C. Alcaraz","","67817218","Tennis","1.01","Gagné"
"69F28IXX","2026-01-17 22:54","Combiné","Perdu","1406.99","","","0.00","39","Vainqueur","F. Auger-Aliassime","","67817172","Tennis","1.29",""
"69F28IXX","2026-01-17 22:54","Combiné","Perdu","1406.99","","","0.00","39","Q. Halys remporte au moins un set","Oui","","67817182","Tennis","1.10","Gagné"
"69F28IXX","2026-01-17 22:54","Combiné","Perdu","1406.99","","","0.00","39","Vainqueur","D. Medvedev","","67817184","Tennis","1.04","Gagné"
"69F28IXX","2026-01-17 22:54","Combiné","Perdu","1406.99","","","0.00","39","A. Rinderknech remporte au moins un set","Oui","","67817178","Tennis","1.12","Gagné"
"69F28IXX","2026-01-17 22:54","Combiné","Perdu","1406.99","","","0.00","39","Vainqueur","T. Paul","","67817214","Tennis","1.15","Gagné"
"69F28IXX","2026-01-17 22:54","Combiné","Perdu","1406.99","","","0.00","39","Vainqueur","A. Rublev","","67817186","Tennis","1.27","Gagné"
"69F28IXX","2026-01-17 22:54","Combiné","Perdu","1406.99","","","0.00","39","J. Thompson remporte au moins un set","Oui","","67817174","Tennis","1.03","Gagné"
"69F28IXX","2026-01-17 22:54","Combiné","Perdu","1406.99","","","0.00","39","Vainqueur","A. De Minaur","","67909954","Tennis","1.05","Gagné"
"69F28IXX","2026-01-17 22:54","Combiné","Perdu","1406.99","","","0.00","39","L. Tien remporte au moins un set","Oui","","67817176","Tennis","1.04","Gagné"
"69F28IXX","2026-01-17 22:54","Combiné","Perdu","1406.99","","","0.00","39","Vainqueur","A. Vukic","","67817212","Tennis","1.38","Perdu"
"69F28IXX","2026-01-17 22:54","Combiné","Perdu","1406.99","","","0.00","39","L. Djere remporte au moins un set","Oui","","67817162","Tennis","1.14","Gagné"
"69F28IXX","2026-01-17 22:54","Combiné","Perdu","1406.99","","","0.00","39","K. Majchrzak remporte au moins un set","Oui","","67817180","Tennis","1.05","Gagné"
"69F28IXX","2026-01-17 22:54","Combiné","Perdu","1406.99","","","0.00","39","Vainqueur","B. Nakashima","","67817150","Tennis","1.36","Perdu"
"69F28IXX","2026-01-17 22:54","Combiné","Perdu","1406.99","","","0.00","39","Vainqueur","J. Munar","","67817136","Tennis","1.26","Gagné"
"69F28IXX","2026-01-17 22:54","Combiné","Perdu","1406.99","","","0.00","39","R. Hijikata remporte au moins un set","Oui","","67817142","Tennis","1.07","Gagné"
"69F28IXX","2026-01-17 22:54","Combiné","Perdu","1406.99","","","0.00","39","Vainqueur","J. Lehecka","","67832186","Tennis","1.34","Perdu"
"69F28IXX","2026-01-17 22:54","Combiné","Perdu","1406.99","","","0.00","39","Vainqueur","C. Ruud","","67817134","Tennis","1.21","Gagné"
"69F28IXX","2026-01-17 22:54","Combiné","Perdu","1406.99","","","0.00","39","Vainqueur","N. Djokovic","","67817146","Tennis","1.03","Gagné"
"69F28IXX","2026-01-17 22:54","Combiné","Perdu","1406.99","","","0.00","39","Vainqueur","L. Darderi","","67817128","Tennis","1.48","Gagné"
"69F28IXX","2026-01-17 22:54","Combiné","Perdu","1406.99","","","0.00","39","Vainqueur","L. Musetti","","67817170","Tennis","1.25","Gagné"
"69F28IXX","2026-01-17 22:54","Combiné","Perdu","1406.99","","","0.00","39","K. Khachanov remporte au moins un set","Oui","","67817132","Tennis","1.08","Gagné"
"69F28IXX","2026-01-17 22:54","Combiné","Perdu","1406.99","","","0.00","39","Vainqueur","J. Mensik","","67817156","Tennis","1.27","Gagné"
"69F28IXX","2026-01-17 22:54","Combiné","Perdu","1406.99","","","0.00","39","Vainqueur","B. Shelton","","67817144","Tennis","1.54","Gagné"
"69F28IXX","2026-01-17 22:54","Combiné","Perdu","1406.99","","","0.00","39","Vainqueur","J. Fonseca","","67817126","Tennis","1.52","Perdu"
"69F28IXX","2026-01-17 22:54","Combiné","Perdu","1406.99","","","0.00","39","Vainqueur","T. Fritz","","67817158","Tennis","1.11","Gagné"
"69F28IXX","2026-01-17 22:54","Combiné","Perdu","1406.99","","","0.00","39","Score exact","0 - 3","","67817124","Tennis","1.17",""
"69F28IXX","2026-01-17 22:54","Combiné","Perdu","1406.99","","","0.00","39","T. Machac remporte au moins un set","Oui","","67817166","Tennis","1.09","Gagné"
"69F28IXX","2026-01-17 22:54","Combiné","Perdu","1406.99","","","0.00","39","Vainqueur","S. Tsitsipas","","67817164","Tennis","1.16","Gagné"
"69EZ5NIO","2026-01-17 21:27","Combiné","Perdu","228.01","","","0.00","21","Vainqueur","D. Yastremska","","67816712","","1.76","Perdu"
"69EZ5NIO","2026-01-17 21:27","Combiné","Perdu","228.01","","","0.00","21","Vainqueur","J. Paolini","","67832938","","1.38","Gagné"
"69EZ5NIO","2026-01-17 21:27","Combiné","Perdu","228.01","","","0.00","21","Vainqueur","M. Sakkari","","67816710","","1.24","Gagné"
"69EZ5NIO","2026-01-17 21:27","Combiné","Perdu","228.01","","","0.00","21","Vainqueur","E. Svitolina","","67816718","","1.20","Gagné"
"69EZ5NIO","2026-01-17 21:27","Combiné","Perdu","228.01","","","0.00","21","Vainqueur","F. Tiafoe","","67832194","","1.34","Gagné"
"69EZ5NIO","2026-01-17 21:27","Combiné","Perdu","228.01","","","0.00","21","Vainqueur","E. Raducanu","","67816748","","1.19","Gagné"
"69EZ5NIO","2026-01-17 21:27","Combiné","Perdu","228.01","","","0.00","21","Vainqueur","F. Auger-Aliassime","","67817172","","1.29",""
"69EZ5NIO","2026-01-17 21:27","Combiné","Perdu","228.01","","","0.00","21","Vainqueur","E. Navarro","","67816720","","1.33","Perdu"
"69EZ5NIO","2026-01-17 21:27","Combiné","Perdu","228.01","","","0.00","21","Vainqueur","M. Frech","","67816734","","1.25","Gagné"
"69EZ5NIO","2026-01-17 21:27","Combiné","Perdu","228.01","","","0.00","21","Vainqueur","T. Paul","","67817214","","1.15","Gagné"
"69EZ5NIO","2026-01-17 21:27","Combiné","Perdu","228.01","","","0.00","21","Vainqueur","A. Rublev","","67817186","","1.27","Gagné"
"69EZ5NIO","2026-01-17 21:27","Combiné","Perdu","228.01","","","0.00","21","Vainqueur","K. Muchova","","67816726","","1.20","Gagné"
"69EZ5NIO","2026-01-17 21:27","Combiné","Perdu","228.01","","","0.00","21","Vainqueur","V. Mboko","","67816746","","1.23","Gagné"
"69EZ5NIO","2026-01-17 21:27","Combiné","Perdu","228.01","","","0.00","21","Vainqueur","M. Bouzkova","","67816658","","1.30","Gagné"
"69EZ5NIO","2026-01-17 21:27","Combiné","Perdu","228.01","","","0.00","21","Vainqueur","V. Vacherot","","67832178","","1.49","Gagné"
"69EZ5NIO","2026-01-17 21:27","Combiné","Perdu","228.01","","","0.00","21","Vainqueur","E. Mertens","","67832924","","1.28","Gagné"
"69EZ5NIO","2026-01-17 21:27","Combiné","Perdu","228.01","","","0.00","21","Vainqueur","L.A. Fernandez","","67816698","","1.35","Perdu"
"69EZ5NIO","2026-01-17 21:27","Combiné","Perdu","228.01","","","0.00","21","Vainqueur","E. Cocciaretto","","67816660","","1.28","Perdu"
"69EZ5NIO","2026-01-17 21:27","Combiné","Perdu","228.01","","","0.00","21","Vainqueur","S. Stephens","","67832930","","1.45","Perdu"
"69EZ5NIO","2026-01-17 21:27","Combiné","Perdu","228.01","","","0.00","21","Vainqueur","B. Bencic","","67816670","","1.12","Gagné"
"69EZ5NIO","2026-01-17 21:27","Combiné","Perdu","228.01","","","0.00","21","Vainqueur","N. Osaka","","67816668","","1.23","Gagné"
"69EZ0V54","2026-01-17 21:24","Combiné","Perdu","542.43","","","0.00","18","Vainqueur","F. Comesana","","67817202","","1.60","Gagné"
"69EZ0V54","2026-01-17 21:24","Combiné","Perdu","542.43","","","0.00","18","Vainqueur","D. Dzumhur","","67832192","","1.78","Gagné"
"69EZ0V54","2026-01-17 21:24","Combiné","Perdu","542.43","","","0.00","18","Vainqueur","S. Korda","","67832200","","1.32","Perdu"
"69EZ0V54","2026-01-17 21:24","Combiné","Perdu","542.43","","","0.00","18","Vainqueur","M. Fucsovics","","67817206","","1.24","Gagné"
"69EZ0V54","2026-01-17 21:24","Combiné","Perdu","542.43","","","0.00","18","Vainqueur","F. Tiafoe","","67832194","","1.34","Gagné"
"69EZ0V54","2026-01-17 21:24","Combiné","Perdu","542.43","","","0.00","18","Vainqueur","C. Norrie","","67817190","","1.32","Gagné"
"69EZ0V54","2026-01-17 21:24","Combiné","Perdu","542.43","","","0.00","18","Vainqueur","A. Bublik","","67817208","","1.24","Gagné"
"69EZ0V54","2026-01-17 21:24","Combiné","Perdu","542.43","","","0.00","18","Vainqueur","F. Auger-Aliassime","","67817172","","1.29",""
"69EZ0V54","2026-01-17 21:24","Combiné","Perdu","542.43","","","0.00","18","Vainqueur","Q. Halys","","67817182","","1.78","Gagné"
"69EZ0V54","2026-01-17 21:24","Combiné","Perdu","542.43","","","0.00","18","Vainqueur","H. Medjedovic","","67817200","","1.35","Gagné"
"69EZ0V54","2026-01-17 21:24","Combiné","Perdu","542.43","","","0.00","18","Vainqueur","A. Rinderknech","","67817178","","1.94","Perdu"
"69EZ0V54","2026-01-17 21:24","Combiné","Perdu","542.43","","","0.00","18","Vainqueur","T. Paul","","67817214","","1.15","Gagné"
"69EZ0V54","2026-01-17 21:24","Combiné","Perdu","542.43","","","0.00","18","Vainqueur","A. Rublev","","67817186","","1.27","Gagné"
"69EZ0V54","2026-01-17 21:24","Combiné","Perdu","542.43","","","0.00","18","Vainqueur","J. Thompson","","67817174","","1.44","Gagné"
"69EZ0V54","2026-01-17 21:24","Combiné","Perdu","542.43","","","0.00","18","Vainqueur","A. Vukic","","67817212","","1.38","Perdu"
"69EZ0V54","2026-01-17 21:24","Combiné","Perdu","542.43","","","0.00","18","Vainqueur","K. Majchrzak","","67817180","","1.50","Gagné"
"69EZ0V54","2026-01-17 21:24","Combiné","Perdu","542.43","","","0.00","18","Vainqueur","B. Nakashima","","67817150","","1.36","Perdu"
"69EZ0V54","2026-01-17 21:24","Combiné","Perdu","542.43","","","0.00","18","Vainqueur","V. Vacherot","","67832178","","1.49","Gagné"
"67WN7NVS","2025-12-10 20:53","Simple","Perdu","1.75","","","0.00","1","Résultat","PSG","RésultatPSG1,75Athletic Bilbao0 - 0Paris SG","63369919","","1.75","Perdu"
"67V3UWN8","2025-12-09 19:04","Simple","Gagné","2.35","","","47.00","1","Résultat","Marseille","RésultatMarseille2,35Union Saint-Gilloise2 - 3Marseille","63369911","","2.35","Gagné"
"67RXL763","2025-12-07 13:45","Simple","Gagné","","","","20.00","1","","","","","Cotes boostées","","Gagné"
"66AQY7NX","2025-10-31 8:27","Combiné","Perdu","8.04","","","0.00","4","Vainqueur","V. Vacherot","","65098494","","2.15","Perdu"
"66AQY7NX","2025-10-31 8:27","Combiné","Perdu","8.04","","","0.00","4","Vainqueur","A. De Minaur","","65098978","","1.70","Perdu"
"66AQY7NX","2025-10-31 8:27","Combiné","Perdu","8.04","","","0.00","4","Vainqueur","J. Sinner","","65099658","","1.17","Gagné"
"66AQY7NX","2025-10-31 8:27","Combiné","Perdu","8.04","","","0.00","4","Vainqueur","A. Zverev","","65099790","","1.88","Gagné"
"65IQ4ZNB","2025-10-11 18:47","Combiné","Perdu","38.07","","","0.00","5","Vainqueur","R.L. Ramos","VainqueurR.L. Ramos1,44Ricardo Lucas Ramos0 - 1Kaan Ofli","63810439","","1.44","Perdu"
"65IQ4ZNB","2025-10-11 18:47","Combiné","Perdu","38.07","","","0.00","5","Vainqueur","M. Pinto","VainqueurM. Pinto1,92Jhonata Diniz0 - 1Mario Pinto","63811473","","1.92","Gagné"
"65IQ4ZNB","2025-10-11 18:47","Combiné","Perdu","38.07","","","0.00","5","Vainqueur","D. Figueiredo","VainqueurD. Figueiredo3,40Deiveson Figueiredo1 - 0Montel Jackson","63811475","","3.40","Gagné"
"65IQ4ZNB","2025-10-11 18:47","Combiné","Perdu","38.07","","","0.00","5","Vainqueur","C. Oliveira","VainqueurC. Oliveira1,80Charles Oliveira1 - 0Mateusz Gamrot","64016821","","1.80","Gagné"
"65IQ4ZNB","2025-10-11 18:47","Combiné","Perdu","38.07","","","0.00","5","Vainqueur","V. Vacherot","","64027911","","2.25","Gagné"
"65GXIMP3","2025-10-10 12:38","Simple","Perdu","2.10","","","0.00","1","Score exact","0 - 2","","64027893","","2.10","Perdu"
"659S4X5B","2025-10-05 12:33","Combiné","Perdu","26.41","","","0.00","4","Résultat","Udinese","RésultatUdineseLive1,92Udinese1 - 1Cagliari","61060823","","1.92","Perdu"
"659S4X5B","2025-10-05 12:33","Combiné","Perdu","26.41","","","0.00","4","Résultat","REBI Cuenca","RésultatREBI CuencaLive3,05Puente Genil22 - 21REBI Cuenca","62205146","","3.05","Perdu"
"659S4X5B","2025-10-05 12:33","Combiné","Perdu","26.41","","","0.00","4","Résultat","Zlín","RésultatZlín2,20Zlín1 - 1Banik Ostrava","61324391","","2.20","Perdu"
"659S4X5B","2025-10-05 12:33","Combiné","Perdu","26.41","","","0.00","4","Résultat","Nordsjælland","RésultatNordsjælland2,05Vejle0 - 3NordsjællandC'EST VALIDÉ !","61073723","","2.05","Gagné"
"659OOGCE","2025-10-05 10:56","Simple","Perdu","","","","0.00","1","Vainqueur","K. Birrell","","64231869","","","Perdu"
"659LSUHE","2025-10-05 9:36","Combiné","Perdu","9.70","","","0.00","4","Vainqueur","V. Gracheva","","64237665","","1.16","Gagné"
"659LSUHE","2025-10-05 9:36","Combiné","Perdu","9.70","","","0.00","4","Vainqueur","K. Birrell","","64231869","","2.05","Perdu"
"659LSUHE","2025-10-05 9:36","Combiné","Perdu","9.70","","","0.00","4","Vainqueur","G. Mpetshi Perricard","","64027803","","1.60","Gagné"
"659LSUHE","2025-10-05 9:36","Combiné","Perdu","9.70","","","0.00","4","Vainqueur","Y. Nishioka","","64027807","","2.55","Perdu"
"658Z9H5R","2025-10-04 23:05","Simple","Gagné","2.80","","","33.60","1","Vainqueur","A. Pereira","VainqueurA. Pereira2,80Magomed Ankalaev0 - 1Alex Pereira","62256324","MMA","2.80","Gagné"
"6587MU4N","2025-10-04 10:11","Combiné","Perdu","9.20","","","0.00","4","Vainqueur","C. Moutet","","64027907","","1.70","Perdu"
"6587MU4N","2025-10-04 10:11","Combiné","Perdu","9.20","","","0.00","4","Vainqueur","L. Darderi","","64027881","","1.96","Gagné"
"6587MU4N","2025-10-04 10:11","Combiné","Perdu","9.20","","","0.00","4","Vainqueur","C. Norrie","","64027853","","1.84","Gagné"
"6587MU4N","2025-10-04 10:11","Combiné","Perdu","9.20","","","0.00","4","Vainqueur","K. Khachanov","","64027851","","1.50","Perdu"
"6579DTFA","2025-10-03 18:13","Combiné","Perdu","126.87","","","0.00","8","Résultat","Ilves","RésultatIlves1,76Ilves Tampere2 - 7Kärpät","61088429","","1.76","Perdu"
"6579DTFA","2025-10-03 18:13","Combiné","Perdu","126.87","","","0.00","8","Résultat","Dusseldorf","RésultatDusseldorf2,25Fortuna Dusseldorf2 - 3Nuremberg","61514778","","2.25","Perdu"
"6579DTFA","2025-10-03 18:13","Combiné","Perdu","126.87","","","0.00","8","Résultat","Paderborn","RésultatPaderborn1,80Eintracht Brunswick1 - 2Paderborn","61514786","","1.80","Gagné"
"6579DTFA","2025-10-03 18:13","Combiné","Perdu","126.87","","","0.00","8","Résultat","Floriana","RésultatFloriana1,76Hibernians FC0 - 1Floriana","61798448","","1.76","Gagné"
"6579DTFA","2025-10-03 18:13","Combiné","Perdu","126.87","","","0.00","8","Résultat","Mannheim","RésultatMannheim1,86Nuremberg Ice Tigers1 - 5Adler Mannheim","61586548","","1.86","Gagné"
"6579DTFA","2025-10-03 18:13","Combiné","Perdu","126.87","","","0.00","8","Vainqueur","Fenerbahce","VainqueurFenerbahce1,74Zalgiris Kaunas84 - 81Fenerbahce","62095574","","1.74","Perdu"
"6579DTFA","2025-10-03 18:13","Combiné","Perdu","126.87","","","0.00","8","Résultat","EC Red Bull Salzbourg","RésultatEC Red Bull Salzbourg1,86EC Red Bull Salzbourg1 - 4Bolzano","62663745","","1.86","Perdu"
"6579DTFA","2025-10-03 18:13","Combiné","Perdu","126.87","","","0.00","8","Résultat","Paris FC","RésultatParis FC1,68Paris FC2 - 0LorientC'EST VALIDÉ !","63668845","","1.68","Gagné"
"65755C71","2025-10-03 16:14","Combiné","Perdu","3.94","","","0.00","2","Résultat","Match nul","RésultatMatch nulLive2,05Kolos Kovalivka0 - 2Rukh Lviv","61651338","","2.05","Perdu"
"65755C71","2025-10-03 16:14","Combiné","Perdu","3.94","","","0.00","2","Vainqueur","T. Fritz","","64027827","","1.92","Gagné"
"656Q1263","2025-10-03 39:11","Combiné","Perdu","2.80","","","0.00","3","Vainqueur","T. Machac","","64027845","","1.50","Gagné"
"656Q1263","2025-10-03 39:11","Combiné","Perdu","2.80","","","0.00","3","Vainqueur","G. Mpetshi Perricard","","64027837","","1.47","Gagné"
"656Q1263","2025-10-03 39:11","Combiné","Perdu","2.80","","","0.00","3","Vainqueur","A. Bublik","","64027835","","1.27","Perdu"
"65601P0H","2025-10-02 21:03","Combiné","Perdu","2.13","","","0.00","2","Vainqueur","A. Mannarino","","64027823","","1.84","Perdu"
"65601P0H","2025-10-02 21:03","Combiné","Perdu","2.13","","","0.00","2","Vainqueur","H. Rune","","64027833","","1.16","Gagné"
"655OFAFV","2025-10-02 15:38","Simple","Perdu","","","","0.00","1","Vainqueur","R. Sakamoto","","64165047","","","Perdu"
"655O5OBG","2025-10-02 15:31","Combiné","Perdu","144.20","","","0.00","10","Vainqueur","G. Wilson","VainqueurG. Wilson1,15Gary Wilson6 - 3Artemijs Žižins","64045277","","1.15","Gagné"
"655O5OBG","2025-10-02 15:31","Combiné","Perdu","144.20","","","0.00","10","Vainqueur","J. Jones","VainqueurJ. Jones1,60Jamie Jones2 - 6Louis Heathcote","64045287","","1.60","Perdu"
"655O5OBG","2025-10-02 15:31","Combiné","Perdu","144.20","","","0.00","10","Résultat","KooKoo","RésultatKooKoo4,60Lukko Rauma3 - 1KooKoo","61088417","","4.60","Perdu"
"655O5OBG","2025-10-02 15:31","Combiné","Perdu","144.20","","","0.00","10","Résultat","Vaalerenga","RésultatVaalerenga1,25Nidaros Hockey1 - 3Vaalerenga IF Oslo","61320441","","1.25","Gagné"
"655O5OBG","2025-10-02 15:31","Combiné","Perdu","144.20","","","0.00","10","Vainqueur","MLP Academics Heidelberg","VainqueurMLP Academics Heidelberg1,29MLP Academics Heidelberg83 - 87Science City Jena","62666417","","1.29","Perdu"
"655O5OBG","2025-10-02 15:31","Combiné","Perdu","144.20","","","0.00","10","Résultat","Fenerbahce","RésultatFenerbahce1,72Fenerbahce2 - 1NiceC'EST VALIDÉ !","63377797","","1.72","Gagné"
"655O5OBG","2025-10-02 15:31","Combiné","Perdu","144.20","","","0.00","10","Résultat","Betis Séville","RésultatBetis Séville1,62Ludogorets0 - 2Betis SévilleC'EST VALIDÉ !","63377799","","1.62","Gagné"
"655O5OBG","2025-10-02 15:31","Combiné","Perdu","144.20","","","0.00","10","Résultat","Stuttgart","RésultatStuttgart1,76FC Bâle2 - 0VfB Stuttgart","63377805","Football","1.76","Perdu"
"655O5OBG","2025-10-02 15:31","Combiné","Perdu","144.20","","","0.00","10","Résultat","Lyon","RésultatLyon1,55Lyon2 - 0Red Bull SalzbourgC'EST VALIDÉ !","63377815","","1.55","Gagné"
"655O5OBG","2025-10-02 15:31","Combiné","Perdu","144.20","","","0.00","10","Résultat","Nottingham Forest","RésultatNottingham Forest1,39Nottingham Forest2 - 3Midtjylland","63377819","","1.39","Perdu"
"655JVWK1","2025-10-02 13:31","Combiné","Perdu","35.23","","","0.00","4","Vainqueur","A. Kovacevic","","64122009","","3.05","Perdu"
"655JVWK1","2025-10-02 13:31","Combiné","Perdu","35.23","","","0.00","4","Vainqueur","A. Rinderknech","","64122001","","2.05",""
"655JVWK1","2025-10-02 13:31","Combiné","Perdu","35.23","","","0.00","4","Vainqueur","R. Sakamoto","","64165047","","2.30","Perdu"
"655JVWK1","2025-10-02 13:31","Combiné","Perdu","35.23","","","0.00","4","Vainqueur","J.M. Cerundolo","","64121995","","2.45","Perdu"
"6558N71L","2025-10-02 8:16","Combiné","Gagné","8.95","","","49.99","5","Vainqueur","J. De Jong","","64121997","","1.44","Gagné"
"6558N71L","2025-10-02 8:16","Combiné","Gagné","8.95","","","49.99","5","Vainqueur","A. Cazaux","","64122011","","1.18","Gagné"
"6558N71L","2025-10-02 8:16","Combiné","Gagné","8.95","","","49.99","5","Vainqueur","V. Royer","","64165043","","1.36","Gagné"
"6558N71L","2025-10-02 8:16","Combiné","Gagné","8.95","","","49.99","5","Vainqueur","A. Tabilo","","64165041","","1.76","Gagné"
"6558N71L","2025-10-02 8:16","Combiné","Gagné","8.95","","","49.99","5","Vainqueur","A. Rinderknech","","64122001","","2.20",""
"654KZEGQ","2025-10-01 21:14","Simple","Gagné","4.00","","","62.20","1","Résultat","PSG","RésultatPSGLive4,00FC Barcelone1 - 2Paris SG","63369761","","4.00","Gagné"
"654EHVAI","2025-10-01 18:12","Combiné","Perdu","23.04","","","0.00","5","Les 2 équipes marquent","Oui","Les 2 équipes marquentOui1,72Qarabag Agdam2 - 0Copenhague","63369749","Football","1.72","Perdu"
"654EHVAI","2025-10-01 18:12","Combiné","Perdu","23.04","","","0.00","5","Joueur décisif","Anthony Gordon","Joueur décisifAnthony Gordon1,86Union Saint-Gilloise0 - 4Newcastle","63369751","Football","1.86","Gagné"
"654EHVAI","2025-10-01 18:12","Combiné","Perdu","23.04","","","0.00","5","Écart de buts|Arsenal gagne par au moins 3 buts d'écartOui","Écart de buts|Arsenal gagne par au moins 3 buts d'écart","Écart de buts|Arsenal gagne par au moins 3 buts d'écartOuiButeurViktor GyokeresArsenal2 - 0Olympiakos","63369753","Football","2.85","Perdu"
"654EHVAI","2025-10-01 18:12","Combiné","Perdu","23.04","","","0.00","5","Joueur décisif","Serhou Guirassy","Joueur décisifSerhou Guirassy1,56Borussia Dortmund4 - 1Athletic Bilbao","63369759","Football","1.56","Gagné"
"654EHVAI","2025-10-01 18:12","Combiné","Perdu","23.04","","","0.00","5","Résultat","FC Barcelone","RésultatFC Barcelone1,62FC Barcelone1 - 2Paris SG","63369761","Football","1.62","Perdu"
"653ZPRT5","2025-10-01 11:19","Simple","Gagné","1.96","","","52.92","1","Vainqueur","S. Baez","","64121977","","1.96","Gagné"
"653TWX7I","2025-10-01 8:36","Combiné","Perdu","19.90","","","0.00","17","Vainqueur","R. Walden","VainqueurR. Walden1,16Ricky Walden6 - 1Yang Gao","64044781","","1.16","Gagné"
"653TWX7I","2025-10-01 8:36","Combiné","Perdu","19.90","","","0.00","17","Vainqueur","Lei Peifan","VainqueurLei Peifan1,11Lei Peifan6 - 3Haris Tahir","64044785","","1.11","Gagné"
"653TWX7I","2025-10-01 8:36","Combiné","Perdu","19.90","","","0.00","17","Vainqueur","Wu Yize","VainqueurWu Yize1,08Wu Yize6 - 3Lan Yuhao","64044791","","1.08","Gagné"
"653TWX7I","2025-10-01 8:36","Combiné","Perdu","19.90","","","0.00","17","Vainqueur","M. Davis","VainqueurM. Davis1,17Mark Davis5 - 6Huang Jiahao","64044795","","1.17","Perdu"
"653TWX7I","2025-10-01 8:36","Combiné","Perdu","19.90","","","0.00","17","Vainqueur","C. Bingyu","VainqueurC. Bingyu1,47Jimmy Robertson6 - 3Chang Bingyu","64044797","","1.47","Perdu"
"653TWX7I","2025-10-01 8:36","Combiné","Perdu","19.90","","","0.00","17","Vainqueur","P. Junxu","VainqueurP. Junxu1,20Pang Junxu6 - 1Ross Muir","64044799","","1.20","Gagné"
"653TWX7I","2025-10-01 8:36","Combiné","Perdu","19.90","","","0.00","17","Vainqueur","S. Bingham","VainqueurS. Bingham1,17Stuart Bingham6 - 3Ian Burns","64044801","MMA","1.17","Gagné"
"653TWX7I","2025-10-01 8:36","Combiné","Perdu","19.90","","","0.00","17","Vainqueur","Z. Surety","VainqueurZ. Surety1,17Zak Surety6 - 2Farakh Ajaib","64044861","","1.17","Gagné"
"653TWX7I","2025-10-01 8:36","Combiné","Perdu","19.90","","","0.00","17","Vainqueur","E. Slessor","VainqueurE. Slessor1,18Elliot Slessor6 - 2Alexander Ursenbacher","64044871","","1.18","Gagné"
"653TWX7I","2025-10-01 8:36","Combiné","Perdu","19.90","","","0.00","17","Vainqueur","H. Vafaei","VainqueurH. Vafaei1,02Hossein Vafaei6 - 1Fergal Quinn","64044873","","1.02","Gagné"
"653TWX7I","2025-10-01 8:36","Combiné","Perdu","19.90","","","0.00","17","Vainqueur","J. Page","VainqueurJ. Page1,34Jackson Page5 - 6Liam Highfield","64044877","","1.34","Perdu"
"653TWX7I","2025-10-01 8:36","Combiné","Perdu","19.90","","","0.00","17","Vainqueur","J. O'Connor","VainqueurJ. O'Connor1,34Joe O'Connor1 - 6Sam Craigie","64044881","","1.34","Perdu"
"653TWX7I","2025-10-01 8:36","Combiné","Perdu","19.90","","","0.00","17","Vainqueur","D. Gilbert","VainqueurD. Gilbert1,14David Gilbert6 - 5Liam Davies","64044887","","1.14","Gagné"
"653TWX7I","2025-10-01 8:36","Combiné","Perdu","19.90","","","0.00","17","Vainqueur","S. Murphy","VainqueurS. Murphy1,02Shaun Murphy6 - 1Yao Pengcheng","64044893","","1.02","Gagné"
"653TWX7I","2025-10-01 8:36","Combiné","Perdu","19.90","","","0.00","17","Vainqueur","M. Stevens","VainqueurM. Stevens1,03Matthew Stevens6 - 2Connor Benzey","64044895","","1.03","Gagné"
"653TWX7I","2025-10-01 8:36","Combiné","Perdu","19.90","","","0.00","17","Vainqueur","S. Lam","VainqueurS. Lam1,46Sanderson Lam6 - 0Amir Sarkhosh","64044899","","1.46","Gagné"
"653TWX7I","2025-10-01 8:36","Combiné","Perdu","19.90","","","0.00","17","Vainqueur","S. Donaldson","VainqueurS. Donaldson1,34Scott Donaldson6 - 0Antoni Kowalski","64044901","","1.34","Gagné"
"653TUZJ4","2025-10-01 48:35","Combiné","Gagné","2.83","","","22.63","2","Vainqueur","S. Baez","","64121977","","2.05","Gagné"
"653TUZJ4","2025-10-01 48:35","Combiné","Gagné","2.83","","","22.63","2","Vainqueur","F. Marozsan","","64121981","","1.38","Gagné"
"653TQ2CI","2025-10-01 8:31","Combiné","Perdu","7.18","","","0.00","3","Vainqueur","D. Altmaier","","64165025","","1.92","Gagné"
"653TQ2CI","2025-10-01 8:31","Combiné","Perdu","7.18","","","0.00","3","Vainqueur","A. Mannarino","","64121989","","2.15","Gagné"
"653TQ2CI","2025-10-01 8:31","Combiné","Perdu","7.18","","","0.00","3","Vainqueur","N. Basilashvili","","64165033","","1.74","Perdu"
"6530O8NW","2025-09-30 18:58","Simple","Gagné","5.00","","","50.00","1","Résultat","Galatasaray","RésultatGalatasaray5,00Galatasaray1 - 0Liverpool","63369743","","5.00","Gagné"
"64VGQRNA","2025-09-25 12:05","Combiné","Perdu","8.47","","","0.00","7","Vainqueur","L. Boisson","","64005859","Tennis","1.32","Gagné"
"64VGQRNA","2025-09-25 12:05","Combiné","Perdu","8.47","","","0.00","7","Vainqueur","C. Alcaraz","","63955215","Tennis","1.09","Gagné"
"64VGQRNA","2025-09-25 12:05","Combiné","Perdu","8.47","","","0.00","7","Vainqueur","H. Rune","","63955199","Tennis","1.52","Gagné"
"64VGQRNA","2025-09-25 12:05","Combiné","Perdu","8.47","","","0.00","7","Vainqueur","M. Allen","VainqueurM. Allen1,72Mark Williams4 - 3Mark Allen","64024753","MMA","1.72","Perdu"
"64VGQRNA","2025-09-25 12:05","Combiné","Perdu","8.47","","","0.00","7","Vainqueur","M. Selby","VainqueurM. Selby1,34Joe O'Connor3 - 4Mark Selby","64029413","Tennis","1.34","Gagné"
"64VGQRNA","2025-09-25 12:05","Combiné","Perdu","8.47","","","0.00","7","Vainqueur","A. Carter","VainqueurA. Carter1,20Iulian Boiko0 - 4Allister Carter","64029493","Tennis","1.20","Gagné"
"64VGQRNA","2025-09-25 12:05","Combiné","Perdu","8.47","","","0.00","7","Vainqueur","X. Guodong","VainqueurX. Guodong1,40Zhang Anda3 - 4Xiao Guodong","64011431","Tennis","1.40","Gagné"
"64T39WZ8","2025-09-23 20:13","Combiné","Perdu","176.74","","","0.00","7","Résultat","Red Star","RésultatRed Star2,60Red Star1 - 3Troyes","61527464","","2.60","Perdu"
"64T39WZ8","2025-09-23 20:13","Combiné","Perdu","176.74","","","0.00","7","Résultat","Nancy","RésultatNancy2,75Annecy FC1 - 2Nancy","61527466","","2.75","Gagné"
"64T39WZ8","2025-09-23 20:13","Combiné","Perdu","176.74","","","0.00","7","Résultat","Grenoble","RésultatGrenoble3,75Le Mans1 - 0Grenoble","61527474","","3.75","Perdu"
"64T39WZ8","2025-09-23 20:13","Combiné","Perdu","176.74","","","0.00","7","Résultat","Reims","RésultatReims1,45Reims4 - 1ClermontC'EST VALIDÉ !","61527480","","1.45","Gagné"
"64T39WZ8","2025-09-23 20:13","Combiné","Perdu","176.74","","","0.00","7","Résultat","Anderlecht","RésultatAnderlecht1,64Anderlecht1 - 0La Gantoise","63483771","","1.64","Gagné"
"64T39WZ8","2025-09-23 20:13","Combiné","Perdu","176.74","","","0.00","7","Résultat","R. Madrid","RésultatR. Madrid1,26Levante1 - 4Real MadridC'EST VALIDÉ !","61624044","","1.26","Gagné"
"64T39WZ8","2025-09-23 20:13","Combiné","Perdu","176.74","","","0.00","7","Résultat","Villarreal","RésultatVillarreal2,20FC Séville1 - 2Villarreal","61624046","","2.20","Gagné"
"64T317WZ","2025-09-23 20:06","Combiné","Perdu","279.40","","","0.00","7","Résultat","Red Star","RésultatRed Star2,60Red Star1 - 3Troyes","61527464","","2.60","Perdu"
"64T317WZ","2025-09-23 20:06","Combiné","Perdu","279.40","","","0.00","7","Double chanceAnnecy FC ou match nul","Double chance","Double chanceAnnecy FC ou match nulNombre de butsPlus de 0,5Annecy FC1 - 2Nancy","61527466","","1.56","Perdu"
"64T317WZ","2025-09-23 20:06","Combiné","Perdu","279.40","","","0.00","7","Résultat","Rodez","RésultatRodez3,60Bastia2 - 3Rodez","61527468","","3.60","Gagné"
"64T317WZ","2025-09-23 20:06","Combiné","Perdu","279.40","","","0.00","7","Double chance","Guingamp ou match nul","Double chanceGuingamp ou match nul1,35Guingamp2 - 1Dunkerque","61527472","","1.35","Gagné"
"64T317WZ","2025-09-23 20:06","Combiné","Perdu","279.40","","","0.00","7","Résultat","Saint-Étienne","RésultatSaint-Étienne1,56Amiens0 - 1Saint-Étienne","61527476","","1.56","Gagné"
"64T317WZ","2025-09-23 20:06","Combiné","Perdu","279.40","","","0.00","7","Résultat","Clermont","RésultatClermont5,90Reims4 - 1Clermont","61527480","","5.90","Perdu"
"64T317WZ","2025-09-23 20:06","Combiné","Perdu","279.40","","","0.00","7","Résultat","Montpellier","RésultatMontpellier1,54Montpellier1 - 3US Boulogne","62716689","","1.54","Perdu"
"64M1NZG0","2025-09-18 21:53","Combiné","Perdu","","","","0.00","2","Résultat","Naples","RésultatNaplesLive15Manchester City2 - 0Naples","63369699","","","Perdu"
"64M1NZG0","2025-09-18 21:53","Combiné","Perdu","","","","0.00","2","Résultat","FC Barcelone","RésultatFC BarceloneLive2,65Newcastle1 - 2FC Barcelone","63369701","","2.65","Gagné"
"64M1MPCV","2025-09-18 21:52","Simple","Perdu","","","","0.00","1","Résultat","Naples","RésultatNaplesLive15Manchester City2 - 0Naples","63369699","","","Perdu"
"64M0KORI","2025-09-18 21:23","Combiné","Perdu","59.67","","","0.00","3","Résultat","Galatasaray","RésultatGalatasarayLive1,70Eintracht Francfort5 - 1Galatasaray","63369697","","1.70","Perdu"
"64M0KORI","2025-09-18 21:23","Combiné","Perdu","59.67","","","0.00","3","Résultat","Naples","RésultatNaplesLive13,50Manchester City2 - 0Naples","63369699","","13.50","Perdu"
"64M0KORI","2025-09-18 21:23","Combiné","Perdu","59.67","","","0.00","3","Résultat","FC Barcelone","RésultatFC BarceloneLive2,60Newcastle1 - 2FC Barcelone","63369701","","2.60","Gagné"
"64KMWUUD","2025-09-17 22:13","Combiné","Perdu","20.16","","","0.00","2","Résultat","Match nul","RésultatMatch nulLive4,20Bayern Munich3 - 1Chelsea","63369685","","4.20","Perdu"
"64KMWUUD","2025-09-17 22:13","Combiné","Perdu","20.16","","","0.00","2","Résultat","Match nul","RésultatMatch nulLive4,80Liverpool3 - 2Atletico Madrid","63369689","","4.80","Perdu"
"64JSO9QS","2025-09-17 8:06","Combiné","Perdu","101.31","","","0.00","10","Vainqueur","L. Nardi","","63781459","Tennis","2.00",""
"64JSO9QS","2025-09-17 8:06","Combiné","Perdu","101.31","","","0.00","10","Vainqueur","Zheng Xing Wang","","63790679","Tennis","2.00","Perdu"
"64JSO9QS","2025-09-17 8:06","Combiné","Perdu","101.31","","","0.00","10","Vainqueur","J. Christie","","63790685","Tennis","1.37","Gagné"
"64JSO9QS","2025-09-17 8:06","Combiné","Perdu","101.31","","","0.00","10","Vainqueur","C. Norrie","","63782773","Tennis","1.19","Perdu"
"64JSO9QS","2025-09-17 8:06","Combiné","Perdu","101.31","","","0.00","10","Vainqueur","Hokkaido Fighters","VainqueurHokkaido Fighters1,41Tohoku Rakuten Golden Eagles2 - 2Hokkaido Nippon-Ham Fighters(3-2 a.p.)","57486787","Tennis","1.41","Perdu"
"64JSO9QS","2025-09-17 8:06","Combiné","Perdu","101.31","","","0.00","10","Vainqueur","Hanshin Tigers","VainqueurHanshin Tigers1,68Hiroshima Toyo Carp1 - 6Hanshin Tigers","57487809","Baseball","1.68","Gagné"
"64JSO9QS","2025-09-17 8:06","Combiné","Perdu","101.31","","","0.00","10","Vainqueur","Yomiuri Giants","VainqueurYomiuri Giants1,60Tokyo Yakult Swallows2 - 4Yomiuri Giants","57487811","Baseball","1.60","Gagné"
"64JSO9QS","2025-09-17 8:06","Combiné","Perdu","101.31","","","0.00","10","Vainqueur","D. Junhui","VainqueurD. Junhui1,39Matthew Selt1 - 4Ding Junhui","63789435","Tennis","1.39","Gagné"
"64JSO9QS","2025-09-17 8:06","Combiné","Perdu","101.31","","","0.00","10","Vainqueur","Q. Halys","","63782771","Tennis","1.94","Perdu"
"64JSO9QS","2025-09-17 8:06","Combiné","Perdu","101.31","","","0.00","10","Vainqueur","L. Tien","","63781457","Tennis","1.52","Gagné"
"64AE2OON","2025-09-10 18:08","Combiné","Perdu","3.93","","","0.00","3","Résultat","Sporting Lisbonne","RésultatSporting Lisbonne1,50Dinamo Bucarest30 - 33Sporting Lisbonne","61957224","","1.50","Gagné"
"64AE2OON","2025-09-10 18:08","Combiné","Perdu","3.93","","","0.00","3","Résultat","Dijon (F)","RésultatDijon (F)1,54Dijon (F)27 - 29Chambray Touraine (F)","62377422","","1.54","Perdu"
"64AE2OON","2025-09-10 18:08","Combiné","Perdu","3.93","","","0.00","3","Vainqueur","Milwaukee Brewers","VainqueurMilwaukee Brewers1,70Texas Rangers6 - 3Milwaukee Brewers","55310381","Baseball","1.70","Perdu"
"646EODMV","2025-09-07 23:13","Simple","Perdu","12.50","","","0.00","1","Vainqueur","J. Sinner","","63100845","Tennis","12.50","Perdu"
"64673I6I","2025-09-07 19:41","Simple","Gagné","","","","20.00","1","","","","","Cotes boostées","","Gagné"
"6462V2TB","2025-09-07 17:43","Simple","Perdu","1.78","","","0.00","1","Vainqueur","J. Sinner","","63100845","Tennis","1.78","Perdu"
"645JM54Q","2025-09-07 8:44","Combiné","Perdu","40.14","","","0.00","10","Vainqueur","LG Twins","VainqueurLG Twins1,52LG Twins3 - 7SSG Landers","63260365","","1.52","Perdu"
"645JM54Q","2025-09-07 8:44","Combiné","Perdu","40.14","","","0.00","10","Vainqueur","Samsung Lions","VainqueurSamsung Lions1,28Samsung Lions4 - 3Hanwha Eagles","63260369","","1.28","Gagné"
"645JM54Q","2025-09-07 8:44","Combiné","Perdu","40.14","","","0.00","10","Vainqueur","Hanshin Tigers","VainqueurHanshin Tigers1,41Hanshin Tigers2 - 0Hiroshima Toyo Carp","57487763","","1.41","Gagné"
"645JM54Q","2025-09-07 8:44","Combiné","Perdu","40.14","","","0.00","10","Vainqueur","Yokohama BayStars","VainqueurYokohama BayStars1,60Yokohama DeNA BayStars3 - 2Tokyo Yakult Swallows","57487765","","1.60","Gagné"
"645JM54Q","2025-09-07 8:44","Combiné","Perdu","40.14","","","0.00","10","Vainqueur","L. Hongyu","VainqueurL. Hongyu1,36Liu Hongyu1 - 4Cheung Ka Wai","63542739","","1.36","Perdu"
"645JM54Q","2025-09-07 8:44","Combiné","Perdu","40.14","","","0.00","10","Vainqueur","F. Zhengyi","VainqueurF. Zhengyi1,36Fan Zhengyi4 - 2Artemijs Žižins","63542745","","1.36","Gagné"
"645JM54Q","2025-09-07 8:44","Combiné","Perdu","40.14","","","0.00","10","Vainqueur","A. McGill","VainqueurA. McGill1,45Anthony McGill4 - 1Alexander Ursenbacher","63544263","","1.45","Gagné"
"645JM54Q","2025-09-07 8:44","Combiné","Perdu","40.14","","","0.00","10","Vainqueur","H.Hashimoto / H.Sato","","63571551","","1.42","Gagné"
"645JM54Q","2025-09-07 8:44","Combiné","Perdu","40.14","","","0.00","10","Vainqueur","S.Matsushima / S.Togami","","63572605","","1.58","Perdu"
"645JM54Q","2025-09-07 8:44","Combiné","Perdu","40.14","","","0.00","10","Résultat","Cearnarfon Town","RésultatCearnarfon Town1,52Caernarfon Town3 - 1Barry TownC'EST VALIDÉ !","61945802","","1.52","Gagné"
"644Y6DVC","2025-09-06 22:44","Combiné","Gagné","7.93","5.00","Freebet","34.84","3","Vainqueur","A. Sabalenka","","63101347","","1.72","Gagné"
"644Y6DVC","2025-09-06 22:44","Combiné","Gagné","7.93","5.00","Freebet","34.84","3","Vainqueur","B. Saint-Denis","VainqueurB. Saint-Denis2,25Benoit Saint-Denis1 - 0Mauricio Ruffy","62602202","","2.25","Gagné"
"644Y6DVC","2025-09-06 22:44","Combiné","Gagné","7.93","5.00","Freebet","34.84","3","Vainqueur","N. Imavov","VainqueurN. Imavov2,05Nassourdine Imavov1 - 0Caio Borralho","61899386","","2.05","Gagné"
"641DVN70","2025-09-04 10:52","Combiné","Perdu","17.61","3.00","Freebet","0.00","7","Vainqueur","Fukuoka Hawks","VainqueurFukuoka Hawks1,60Fukuoka SoftBank Hawks8 - 0Orix Buffaloes","57486657","","1.60","Gagné"
"641DVN70","2025-09-04 10:52","Combiné","Perdu","17.61","3.00","Freebet","0.00","7","Vainqueur","Hanshin Tigers","VainqueurHanshin Tigers1,62Chunichi Dragons5 - 7Hanshin Tigers","57487743","Baseball","1.62","Gagné"
"641DVN70","2025-09-04 10:52","Combiné","Perdu","17.61","3.00","Freebet","0.00","7","Vainqueur","Yomiuri Giants","VainqueurYomiuri Giants1,62Yomiuri Giants1 - 12Tokyo Yakult Swallows","57487747","","1.62","Perdu"
"641DVN70","2025-09-04 10:52","Combiné","Perdu","17.61","3.00","Freebet","0.00","7","Vainqueur","A. Taylor","VainqueurA. Taylor1,32Allan Taylor4 - 1Chatchapong Nasa","63221071","","1.32","Gagné"
"641DVN70","2025-09-04 10:52","Combiné","Perdu","17.61","3.00","Freebet","0.00","7","Vainqueur","LG Twins","VainqueurLG Twins1,46KT Wiz8 - 10LG Twins","63260343","Baseball","1.46","Gagné"
"641DVN70","2025-09-04 10:52","Combiné","Perdu","17.61","3.00","Freebet","0.00","7","Vainqueur","NC Dinos","VainqueurNC Dinos1,70NC Dinos3 - 12Doosan Bears","63260345","","1.70","Perdu"
"641DVN70","2025-09-04 10:52","Combiné","Perdu","17.61","3.00","Freebet","0.00","7","Vainqueur","Samsung Lions","","63260347","","1.28",""
"64036EKA","2025-09-03 13:05","Combiné","Perdu","65.29","2.00","Freebet","0.00","11","Vainqueur","Lituanie","VainqueurLituanie1,20Lituanie74 - 71Suède","59326619","","1.20","Gagné"
"64036EKA","2025-09-03 13:05","Combiné","Perdu","65.29","2.00","Freebet","0.00","11","Vainqueur","S. Donaldson","VainqueurS. Donaldson1,15Scott Donaldson5 - 1Robbie Mcguigan","63213853","","1.15","Gagné"
"64036EKA","2025-09-03 13:05","Combiné","Perdu","65.29","2.00","Freebet","0.00","11","Vainqueur","S. Bingham","VainqueurS. Bingham1,23Stuart Bingham5 - 2Duane Jones","63213857","","1.23","Gagné"
"64036EKA","2025-09-03 13:05","Combiné","Perdu","65.29","2.00","Freebet","0.00","11","Vainqueur","D. Wells","VainqueurD. Wells1,22Daniel Wells5 - 1Ken Doherty","63213859","","1.22","Gagné"
"64036EKA","2025-09-03 13:05","Combiné","Perdu","65.29","2.00","Freebet","0.00","11","Vainqueur","F. Auger-Aliassime","","63100835","","2.20","Gagné"
"64036EKA","2025-09-03 13:05","Combiné","Perdu","65.29","2.00","Freebet","0.00","11","Vainqueur","San Diego Padres","VainqueurSan Diego Padres1,56San Diego Padres5 - 7Baltimore Orioles","55311395","Baseball","1.56","Perdu"
"64036EKA","2025-09-03 13:05","Combiné","Perdu","65.29","2.00","Freebet","0.00","11","Vainqueur","I. Swiatek","","63101341","","1.25","Perdu"
"64036EKA","2025-09-03 13:05","Combiné","Perdu","65.29","2.00","Freebet","0.00","11","Vainqueur","T.Machac / M.Vocel","","63144293","","2.80","Perdu"
"64036EKA","2025-09-03 13:05","Combiné","Perdu","65.29","2.00","Freebet","0.00","11","Vainqueur","S.Errani / J.Paolini","","63144219","","1.86","Perdu"
"64036EKA","2025-09-03 13:05","Combiné","Perdu","65.29","2.00","Freebet","0.00","11","Vainqueur","N. Osaka","","63101339","","1.37","Gagné"
"64036EKA","2025-09-03 13:05","Combiné","Perdu","65.29","2.00","Freebet","0.00","11","Vainqueur","J. Sinner","","63100841","","1.03","Gagné"
"63TJ4CCB","2025-08-29 22:57","Combiné","Perdu","27.00","","","0.00","2","Vainqueur","F. Tiafoe","","63100867","","5.00","Perdu"
"63TJ4CCB","2025-08-29 22:57","Combiné","Perdu","27.00","","","0.00","2","Vainqueur","U. Blanchet","","63100869","","5.40","Perdu"
"63SVYIRE","2025-08-29 12:08","Combiné","Perdu","32.00","","","0.00","16","Vainqueur","B. Bonzi","","63100877","","1.74","Perdu"
"63SVYIRE","2025-08-29 12:08","Combiné","Perdu","32.00","","","0.00","16","Vainqueur","C.Dolehide / S.Kenin","","63292389","","1.47","Perdu"
"63SVYIRE","2025-08-29 12:08","Combiné","Perdu","32.00","","","0.00","16","Vainqueur","B. Shelton","","63100881","","1.17",""
"63SVYIRE","2025-08-29 12:08","Combiné","Perdu","32.00","","","0.00","16","Vainqueur","J. Pegula","","63101365","","1.24","Gagné"
"63SVYIRE","2025-08-29 12:08","Combiné","Perdu","32.00","","","0.00","16","Vainqueur","F. Tiafoe","","63100867","","1.36","Perdu"
"63SVYIRE","2025-08-29 12:08","Combiné","Perdu","32.00","","","0.00","16","Vainqueur","A. Sabalenka","","63101357","","1.14","Gagné"
"63SVYIRE","2025-08-29 12:08","Combiné","Perdu","32.00","","","0.00","16","Vainqueur","N. Djokovic","","63100873","","1.08","Gagné"
"63SVYIRE","2025-08-29 12:08","Combiné","Perdu","32.00","","","0.00","16","Vainqueur","T. Fritz","","63100879","","1.06","Gagné"
"63SVYIRE","2025-08-29 12:08","Combiné","Perdu","32.00","","","0.00","16","Vainqueur","M. Andreeva","","63101363","","1.18","Perdu"
"63SVYIRE","2025-08-29 12:08","Combiné","Perdu","32.00","","","0.00","16","Vainqueur","L. Musetti","","63100853","","1.35",""
"63SVYIRE","2025-08-29 12:08","Combiné","Perdu","32.00","","","0.00","16","Vainqueur","J. Sinner","","63100857","","1.02","Gagné"
"63SVYIRE","2025-08-29 12:08","Combiné","Perdu","32.00","","","0.00","16","Vainqueur","N. Osaka","","63101369","","1.26","Gagné"
"63SVYIRE","2025-08-29 12:08","Combiné","Perdu","32.00","","","0.00","16","Vainqueur","A. Rublev","","63100859","","1.06","Gagné"
"63SVYIRE","2025-08-29 12:08","Combiné","Perdu","32.00","","","0.00","16","Vainqueur","K. Majchrzak","","63100861","","1.64",""
"63SVYIRE","2025-08-29 12:08","Combiné","Perdu","32.00","","","0.00","16","Vainqueur","A. De Minaur","","63100871","","1.05",""
"63SVYIRE","2025-08-29 12:08","Combiné","Perdu","32.00","","","0.00","16","Vainqueur","A. Zverev","","63100865","","1.30","Perdu"
"63Q0KVI4","2025-08-27 11:54","Combiné","Perdu","40.93","","","0.00","13","Vainqueur","B. Nakashima","","63100893","","1.30","Perdu"
"63Q0KVI4","2025-08-27 11:54","Combiné","Perdu","40.93","","","0.00","13","Vainqueur","J. Lehecka","","63100901","","1.24","Gagné"
"63Q0KVI4","2025-08-27 11:54","Combiné","Perdu","40.93","","","0.00","13","Vainqueur","N. Djokovic","","63100889","","1.06","Gagné"
"63Q0KVI4","2025-08-27 11:54","Combiné","Perdu","40.93","","","0.00","13","Vainqueur","J. Fonseca","","63100891","","1.98","Perdu"
"63Q0KVI4","2025-08-27 11:54","Combiné","Perdu","40.93","","","0.00","13","Vainqueur","C. Ruud","","63100911","","1.13","Perdu"
"63Q0KVI4","2025-08-27 11:54","Combiné","Perdu","40.93","","","0.00","13","Vainqueur","B. Bonzi","","63100913","","1.92","Gagné"
"63Q0KVI4","2025-08-27 11:54","Combiné","Perdu","40.93","","","0.00","13","Vainqueur","T. Fritz","","63100903","","1.08","Gagné"
"63Q0KVI4","2025-08-27 11:54","Combiné","Perdu","40.93","","","0.00","13","Vainqueur","C. Norrie","","63100883","","1.47","Gagné"
"63Q0KVI4","2025-08-27 11:54","Combiné","Perdu","40.93","","","0.00","13","Vainqueur","A. Davidovich-Fokina","","63100907","","1.22","Perdu"
"63Q0KVI4","2025-08-27 11:54","Combiné","Perdu","40.93","","","0.00","13","Vainqueur","F. Tiafoe","","63100885","","1.11","Gagné"
"63Q0KVI4","2025-08-27 11:54","Combiné","Perdu","40.93","","","0.00","13","Vainqueur","L. Darderi","","63100909","","1.58","Gagné"
"63Q0KVI4","2025-08-27 11:54","Combiné","Perdu","40.93","","","0.00","13","Vainqueur","A. Mannarino","","63100899","","1.52","Gagné"
"63Q0KVI4","2025-08-27 11:54","Combiné","Perdu","40.93","","","0.00","13","Vainqueur","B. Shelton","","63100905","","1.08","Gagné"
"63Q0JPCM","2025-08-27 11:53","Combiné","Perdu","10.13","","","0.00","14","Vainqueur","B. Nakashima","","63100893","","1.30","Perdu"
"63Q0JPCM","2025-08-27 11:53","Combiné","Perdu","10.13","","","0.00","14","Vainqueur","J. Lehecka","","63100901","","1.24","Gagné"
"63Q0JPCM","2025-08-27 11:53","Combiné","Perdu","10.13","","","0.00","14","Vainqueur","C. Ruud","","63100911","","1.13","Perdu"
"63Q0JPCM","2025-08-27 11:53","Combiné","Perdu","10.13","","","0.00","14","Vainqueur","T. Fritz","","63100903","","1.08","Gagné"
"63Q0JPCM","2025-08-27 11:53","Combiné","Perdu","10.13","","","0.00","14","Vainqueur","J. Mensik","","63100897","","1.18","Perdu"
"63Q0JPCM","2025-08-27 11:53","Combiné","Perdu","10.13","","","0.00","14","Vainqueur","F. Tiafoe","","63100885","","1.11","Gagné"
"63Q0JPCM","2025-08-27 11:53","Combiné","Perdu","10.13","","","0.00","14","Vainqueur","L. Darderi","","63100909","","1.58","Gagné"
"63Q0JPCM","2025-08-27 11:53","Combiné","Perdu","10.13","","","0.00","14","Vainqueur","B. Shelton","","63100905","","1.08","Gagné"
"63Q0JPCM","2025-08-27 11:53","Combiné","Perdu","10.13","","","0.00","14","Vainqueur","A. Rublev","","63100815","","1.04","Gagné"
"63Q0JPCM","2025-08-27 11:53","Combiné","Perdu","10.13","","","0.00","14","Vainqueur","J. Sinner","","63100793","","1.02","Gagné"
"63Q0JPCM","2025-08-27 11:53","Combiné","Perdu","10.13","","","0.00","14","Vainqueur","A. Bublik","","63100791","","1.17","Gagné"
"63Q0JPCM","2025-08-27 11:53","Combiné","Perdu","10.13","","","0.00","14","Vainqueur","A. Zverev","","63100809","","1.09","Gagné"
"63Q0JPCM","2025-08-27 11:53","Combiné","Perdu","10.13","","","0.00","14","Vainqueur","F. Auger-Aliassime","","63100803","","1.32","Gagné"
"63Q0JPCM","2025-08-27 11:53","Combiné","Perdu","10.13","","","0.00","14","Vainqueur","S. Tsitsipas","","63100813","","1.29","Perdu"
"63OCKPFP","2025-08-26 7:55","Combiné","Perdu","3.02","","","0.00","3","Vainqueur","Q. Halys","","63131209","","1.50","Perdu"
"63OCKPFP","2025-08-26 7:55","Combiné","Perdu","3.02","","","0.00","3","Vainqueur","A. Bublik","","63131219","","1.46","Gagné"
"63OCKPFP","2025-08-26 7:55","Combiné","Perdu","3.02","","","0.00","3","Vainqueur","L. Sonego","","63131217","","1.38","Perdu"
"63M11AXZ","2025-08-24 16:56","Combiné","Perdu","177.18","","","0.00","27","Vainqueur","A. Davidovich-Fokina","","63131145","Tennis","1.15","Gagné"
"63M11AXZ","2025-08-24 16:56","Combiné","Perdu","177.18","","","0.00","27","Vainqueur","B. Shelton","","63173611","Tennis","1.01","Gagné"
"63M11AXZ","2025-08-24 16:56","Combiné","Perdu","177.18","","","0.00","27","Vainqueur","T. Fritz","","63131165","Tennis","1.09","Gagné"
"63M11AXZ","2025-08-24 16:56","Combiné","Perdu","177.18","","","0.00","27","Vainqueur","L. Darderi","","63131143","Tennis","1.58","Gagné"
"63M11AXZ","2025-08-24 16:56","Combiné","Perdu","177.18","","","0.00","27","Nombre de sets","Plus de 3,5","","63131161","Tennis","1.38","Perdu"
"63M11AXZ","2025-08-24 16:56","Combiné","Perdu","177.18","","","0.00","27","E. Quinn remporte au moins un set","Oui","","63173615","Tennis","1.07","Gagné"
"63M11AXZ","2025-08-24 16:56","Combiné","Perdu","177.18","","","0.00","27","Nombre de sets","Plus de 3,5","","63131157","Tennis","1.46","Perdu"
"63M11AXZ","2025-08-24 16:56","Combiné","Perdu","177.18","","","0.00","27","Vainqueur","B. Nakashima","","63173617","Tennis","1.28","Gagné"
"63M11AXZ","2025-08-24 16:56","Combiné","Perdu","177.18","","","0.00","27","Dar. Blanch remporte au moins un set","Oui","","63173623","Tennis","1.10","Perdu"
"63M11AXZ","2025-08-24 16:56","Combiné","Perdu","177.18","","","0.00","27","Vainqueur","J. Draper","","63173639","Tennis","1.02","Gagné"
"63M11AXZ","2025-08-24 16:56","Combiné","Perdu","177.18","","","0.00","27","Vainqueur","M. Bellucci","","63131139","Tennis","1.66",""
"63M11AXZ","2025-08-24 16:56","Combiné","Perdu","177.18","","","0.00","27","Vainqueur","F. Cobolli","","63173643","Tennis","1.22","Gagné"
"63M11AXZ","2025-08-24 16:56","Combiné","Perdu","177.18","","","0.00","27","Vainqueur","J. Munar","","63173641","Tennis","1.30","Gagné"
"63M11AXZ","2025-08-24 16:56","Combiné","Perdu","177.18","","","0.00","27","Vainqueur","F. Tiafoe","","63131175","Tennis","1.09","Gagné"
"63M11AXZ","2025-08-24 16:56","Combiné","Perdu","177.18","","","0.00","27","J. Struff remporte au moins un set","Oui","","63173621","Tennis","1.14","Gagné"
"63M11AXZ","2025-08-24 16:56","Combiné","Perdu","177.18","","","0.00","27","Vainqueur","K. Khachanov","","63131193","Tennis","1.26","Gagné"
"63M11AXZ","2025-08-24 16:56","Combiné","Perdu","177.18","","","0.00","27","Vainqueur","A. Rublev","","63173631","Tennis","1.31","Gagné"
"63M11AXZ","2025-08-24 16:56","Combiné","Perdu","177.18","","","0.00","27","Vainqueur","C. Ruud","","63131153","Tennis","1.24","Gagné"
"63M11AXZ","2025-08-24 16:56","Combiné","Perdu","177.18","","","0.00","27","Vainqueur","G. Diallo","","63131205","Tennis","1.25","Gagné"
"63M11AXZ","2025-08-24 16:56","Combiné","Perdu","177.18","","","0.00","27","F. Cerundolo remporte au moins un set","Oui","","63131189","Tennis","1.09","Gagné"
"63M11AXZ","2025-08-24 16:56","Combiné","Perdu","177.18","","","0.00","27","Nombre de sets","Plus de 3,5","","63131221","Tennis","1.39","Perdu"
"63M11AXZ","2025-08-24 16:56","Combiné","Perdu","177.18","","","0.00","27","Vainqueur","Y. Bu","","63131223","Tennis","1.49","Perdu"
"63M11AXZ","2025-08-24 16:56","Combiné","Perdu","177.18","","","0.00","27","P. Martinez remporte au moins un set","Oui","","63173629","Tennis","1.18","Perdu"
"63M11AXZ","2025-08-24 16:56","Combiné","Perdu","177.18","","","0.00","27","Vainqueur","F. Auger-Aliassime","","63173637","Tennis","1.08","Gagné"
"63M11AXZ","2025-08-24 16:56","Combiné","Perdu","177.18","","","0.00","27","Vainqueur","A. De Minaur","","63131183","Tennis","1.04","Gagné"
"63M11AXZ","2025-08-24 16:56","Combiné","Perdu","177.18","","","0.00","27","R. Safiullin remporte au moins un set","Oui","","63131197","Tennis","1.12","Gagné"
"63M11AXZ","2025-08-24 16:56","Combiné","Perdu","177.18","","","0.00","27","Vainqueur","A. Zverev","","63131201","Tennis","1.02","Gagné"
"63LPJXSW","2025-08-24 11:35","Combiné","Perdu","168.90","","","0.00","23","Vainqueur","A. Davidovich-Fokina","","63131145","Tennis","1.17","Gagné"
"63LPJXSW","2025-08-24 11:35","Combiné","Perdu","168.90","","","0.00","23","Vainqueur","J. Mensik","","63131171","Tennis","1.39","Gagné"
"63LPJXSW","2025-08-24 11:35","Combiné","Perdu","168.90","","","0.00","23","Vainqueur","E. Raducanu","","63173359","Tennis","1.12","Gagné"
"63LPJXSW","2025-08-24 11:35","Combiné","Perdu","168.90","","","0.00","23","Vainqueur","T. Fritz","","63131165","Tennis","1.06","Gagné"
"63LPJXSW","2025-08-24 11:35","Combiné","Perdu","168.90","","","0.00","23","Vainqueur","L. Darderi","","63131143","Tennis","1.58","Gagné"
"63LPJXSW","2025-08-24 11:35","Combiné","Perdu","168.90","","","0.00","23","Vainqueur","E. Quinn","","63173615","Tennis","1.68","Perdu"
"63LPJXSW","2025-08-24 11:35","Combiné","Perdu","168.90","","","0.00","23","Vainqueur","C. Moutet","","63131163","Tennis","1.33","Perdu"
"63LPJXSW","2025-08-24 11:35","Combiné","Perdu","168.90","","","0.00","23","Vainqueur","J. Paolini","","63173349","Tennis","1.07","Gagné"
"63LPJXSW","2025-08-24 11:35","Combiné","Perdu","168.90","","","0.00","23","Vainqueur","N. Djokovic","","63131181","Tennis","1.14","Gagné"
"63LPJXSW","2025-08-24 11:35","Combiné","Perdu","168.90","","","0.00","23","Vainqueur","U. Humbert","","63131195","Tennis","1.37","Perdu"
"63LPJXSW","2025-08-24 11:35","Combiné","Perdu","168.90","","","0.00","23","Vainqueur","Z. Bergs","","63131203","Tennis","1.36","Gagné"
"63LPJXSW","2025-08-24 11:35","Combiné","Perdu","168.90","","","0.00","23","Vainqueur","F. Cobolli","","63173643","Tennis","1.22","Gagné"
"63LPJXSW","2025-08-24 11:35","Combiné","Perdu","168.90","","","0.00","23","Vainqueur","J. Brooksby","","63131207","Tennis","1.38","Gagné"
"63LPJXSW","2025-08-24 11:35","Combiné","Perdu","168.90","","","0.00","23","Vainqueur","K. Khachanov","","63131193","Tennis","1.26","Gagné"
"63LPJXSW","2025-08-24 11:35","Combiné","Perdu","168.90","","","0.00","23","Vainqueur","C. Ruud","","63131153","Tennis","1.24","Gagné"
"63LPJXSW","2025-08-24 11:35","Combiné","Perdu","168.90","","","0.00","23","Vainqueur","C. Alcaraz","","63131137","Tennis","1.05","Gagné"
"63LPJXSW","2025-08-24 11:35","Combiné","Perdu","168.90","","","0.00","23","Vainqueur","A. Popyrin","","63131225","Tennis","1.07","Gagné"
"63LPJXSW","2025-08-24 11:35","Combiné","Perdu","168.90","","","0.00","23","Vainqueur","A. Bublik","","63131219","Tennis","1.45","Gagné"
"63LPJXSW","2025-08-24 11:35","Combiné","Perdu","168.90","","","0.00","23","Vainqueur","J. Sinner","","63131227","Tennis","1.01","Gagné"
"63LPJXSW","2025-08-24 11:35","Combiné","Perdu","168.90","","","0.00","23","Vainqueur","H. Medjedovic","","63131185","Tennis","1.30","Perdu"
"63LPJXSW","2025-08-24 11:35","Combiné","Perdu","168.90","","","0.00","23","Vainqueur","L. Sonego","","63131217","Tennis","1.37","Perdu"
"63LPJXSW","2025-08-24 11:35","Combiné","Perdu","168.90","","","0.00","23","Vainqueur","A. De Minaur","","63131183","Tennis","1.04","Gagné"
"63LPJXSW","2025-08-24 11:35","Combiné","Perdu","168.90","","","0.00","23","Vainqueur","N. Borges","","63131215","Tennis","1.36","Gagné"
"63GAR3AS","2025-08-20 16:41","Combiné","Perdu","34.23","","","0.00","13","Vainqueur","C. Garin","","63046881","","1.26","Perdu"
"63GAR3AS","2025-08-20 16:41","Combiné","Perdu","34.23","","","0.00","13","Vainqueur","J. Struff","","63047033","","1.21","Gagné"
"63GAR3AS","2025-08-20 16:41","Combiné","Perdu","34.23","","","0.00","13","Vainqueur","A. Cazaux","","63047367","","1.08","Gagné"
"63GAR3AS","2025-08-20 16:41","Combiné","Perdu","34.23","","","0.00","13","Vainqueur","K. Volynets","","63046877","","1.15",""
"63GAR3AS","2025-08-20 16:41","Combiné","Perdu","34.23","","","0.00","13","Vainqueur","D. Prizmic","","63048681","","1.26","Gagné"
"63GAR3AS","2025-08-20 16:41","Combiné","Perdu","34.23","","","0.00","13","Vainqueur","V. Gracheva","","63047985","","1.09","Gagné"
"63GAR3AS","2025-08-20 16:41","Combiné","Perdu","34.23","","","0.00","13","Vainqueur","J. Duckworth","","63048685","","1.33","Gagné"
"63GAR3AS","2025-08-20 16:41","Combiné","Perdu","34.23","","","0.00","13","Vainqueur","N. Basilashvili","","63047991","","1.62","Perdu"
"63GAR3AS","2025-08-20 16:41","Combiné","Perdu","34.23","","","0.00","13","Vainqueur","T. Tirante","","63079247","","1.45","Perdu"
"63GAR3AS","2025-08-20 16:41","Combiné","Perdu","34.23","","","0.00","13","Vainqueur","J. De Jong","","63046535","","1.54","Gagné"
"63GAR3AS","2025-08-20 16:41","Combiné","Perdu","34.23","","","0.00","13","Vainqueur","L. Harris","","63049443","","1.20","Gagné"
"63GAR3AS","2025-08-20 16:41","Combiné","Perdu","34.23","","","0.00","13","Vainqueur","F. Passaro","","63052359","","1.52","Gagné"
"63GAR3AS","2025-08-20 16:41","Combiné","Perdu","34.23","","","0.00","13","Vainqueur","U. Blanchet","","63048683","","1.50","Gagné"
"63BQH3UM","2025-08-17 12:03","Combiné","Perdu","82.70","","","0.00","9","Vainqueur","I. Jovic","","62959289","","1.76","Gagné"
"63BQH3UM","2025-08-17 12:03","Combiné","Perdu","82.70","","","0.00","9","Vainqueur","M. Joint","","62959301","","1.58","Perdu"
"63BQH3UM","2025-08-17 12:03","Combiné","Perdu","82.70","","","0.00","9","Vainqueur","S. Ofner","","62959629","","1.60","Perdu"
"63BQH3UM","2025-08-17 12:03","Combiné","Perdu","82.70","","","0.00","9","Vainqueur","J. Paolini","","62476918","","1.78","Gagné"
"63BQH3UM","2025-08-17 12:03","Combiné","Perdu","82.70","","","0.00","9","Vainqueur","K. Majchrzak","","62959631","","1.86","Gagné"
"63BQH3UM","2025-08-17 12:03","Combiné","Perdu","82.70","","","0.00","9","Vainqueur","S. Kartal","","62959293","","1.45","Perdu"
"63BQH3UM","2025-08-17 12:03","Combiné","Perdu","82.70","","","0.00","9","Vainqueur","D. Goffin","","62959633","","1.76","Perdu"
"63BQH3UM","2025-08-17 12:03","Combiné","Perdu","82.70","","","0.00","9","Vainqueur","A. Walton","","62959637","","1.76","Perdu"
"63BQH3UM","2025-08-17 12:03","Combiné","Perdu","82.70","","","0.00","9","Vainqueur","Y. Bu","","62959641","","1.25","Gagné"
"62XWB8YC","2025-08-07 19:37","Combiné","Perdu","2.52","","","0.00","2","Nombre de buts","Plus de 2,5","Nombre de butsPlus de 2,5Live1,74Lincoln Red Imps1 - 1FC Noah","62201926","","1.74","Perdu"
"62XWB8YC","2025-08-07 19:37","Combiné","Perdu","2.52","","","0.00","2","Buteur","Troy Parrott","ButeurTroy Parrott1,45AZ Alkmaar3 - 0Vaduz","62247646","","1.45","Gagné"
"62W6QFVU","2025-08-06 21:55","Combiné","Perdu","9.25","","","0.00","5","Vainqueur","A. Shevchenko","","62641657","","1.50",""
"62W6QFVU","2025-08-06 21:55","Combiné","Perdu","9.25","","","0.00","5","Vainqueur","A. Mannarino","","62653289","","1.58","Gagné"
"62W6QFVU","2025-08-06 21:55","Combiné","Perdu","9.25","","","0.00","5","Double chanceAfturelding ou match nul","Double chance","Double chanceAfturelding ou match nulNombre de butsMoins de 4,5Afturelding1 - 1IF Vestri Isafjordur","56958297","","1.44","Gagné"
"62W6QFVU","2025-08-06 21:55","Combiné","Perdu","9.25","","","0.00","5","Vainqueur","N. Basilashvili","","62641655","","2.10","Perdu"
"62W6QFVU","2025-08-06 21:55","Combiné","Perdu","9.25","","","0.00","5","Nombre de buts de Fram Reykjavik","Plus de 0,5","Nombre de buts de Fram ReykjavikPlus de 0,5Live1,29Fram Reykjavik1 - 1Stjarnan","56958299","","1.29","Gagné"
"62UML291","2025-08-05 12:42","Combiné","Perdu","2.10","","","0.00","2","Vainqueur","Italie","VainqueurItalie1,40Wild-Card5 - 13Italie","1000108600","","1.40","Gagné"
"62UML291","2025-08-05 12:42","Combiné","Perdu","2.10","","","0.00","2","Vainqueur","France 2 (Rocher)","VainqueurFrance 2 (Rocher)1,50Riviera (Rousseau)13 - 1France 2 (Rocher)","1000108603","","1.50","Perdu"
"62TRVVRE","2025-08-04 22:22","Simple","Gagné","1.40","","","53.20","1","Nombre de buts","Plus de 1,5","Nombre de butsPlus de 1,5Live1,40Heart of Midlothian2 - 0Aberdeen","61352327","","1.40","Gagné"
"62TDWSLF","2025-08-04 15:51","Simple","Gagné","1.49","","","38.00","1","Nombre de butsMoins de 4,5","Nombre de buts","Nombre de butsMoins de 4,5Double chanceFC Ilves ou match nulFC Ilves2 - 2IF Gnistan","57159399","","1.49","Gagné"
"62S8QTSR","2025-08-03 20:39","Simple","Gagné","1.70","","","25.50","1","Double chance buteur","L. Altamirano ou J. Correa","Double chance buteurL. Altamirano ou J. Correa1,70Colo Colo2 - 2Huachipato","57380387","","1.70","Gagné"
"62J30KX0","2025-07-28 10:48","Combiné","Perdu","5.28","","","0.00","4","Vainqueur","Y. Bu","","62326012","","1.41","Gagné"
"62J30KX0","2025-07-28 10:48","Combiné","Perdu","5.28","","","0.00","4","Vainqueur","E. Quinn","","62326016","","1.86","Gagné"
"62J30KX0","2025-07-28 10:48","Combiné","Perdu","5.28","","","0.00","4","Vainqueur","A. Blockx","","62384720","","1.47","Perdu"
"62J30KX0","2025-07-28 10:48","Combiné","Perdu","5.28","","","0.00","4","Vainqueur","A. Kovacevic","","62382084","","1.37","Perdu"
"62HPGGC3","2025-07-27 11:41","Combiné","Perdu","4.95","","","0.00","5","Vainqueur","K. Volynets","","62358522","","1.43","Perdu"
"62HPGGC3","2025-07-27 11:41","Combiné","Perdu","4.95","","","0.00","5","Vainqueur","J. Cristian","","62356314","","1.31","Gagné"
"62HPGGC3","2025-07-27 11:41","Combiné","Perdu","4.95","","","0.00","5","Vainqueur","R. Opelka","","62326026","","1.66","Gagné"
"62HPGGC3","2025-07-27 11:41","Combiné","Perdu","4.95","","","0.00","5","Vainqueur","L. Djere","","62326030","","1.12",""
"62HPGGC3","2025-07-27 11:41","Combiné","Perdu","4.95","","","0.00","5","Vainqueur","V. Gracheva","","62358526","","1.42","Perdu"
"62GA5HMO","2025-07-26 11:45","Combiné","Perdu","72.83","","","0.00","15","Vainqueur","V. Tomova","","62329322","","1.40","Gagné"
"62GA5HMO","2025-07-26 11:45","Combiné","Perdu","72.83","","","0.00","15","Vainqueur","A. Sasnovich","","62329320","","1.46","Perdu"
"62GA5HMO","2025-07-26 11:45","Combiné","Perdu","72.83","","","0.00","15","Vainqueur","K. Volynets","","62329316","","1.36","Gagné"
"62GA5HMO","2025-07-26 11:45","Combiné","Perdu","72.83","","","0.00","15","Vainqueur","V. Gracheva","","62329318","","1.68","Gagné"
"62GA5HMO","2025-07-26 11:45","Combiné","Perdu","72.83","","","0.00","15","Vainqueur","A. Mannarino","","62329444","","1.12","Gagné"
"62GA5HMO","2025-07-26 11:45","Combiné","Perdu","72.83","","","0.00","15","Vainqueur","L. Siegemund","","62329340","","1.22","Gagné"
"62GA5HMO","2025-07-26 11:45","Combiné","Perdu","72.83","","","0.00","15","Vainqueur","C. Bucsa","","62329332","","1.39","Gagné"
"62GA5HMO","2025-07-26 11:45","Combiné","Perdu","72.83","","","0.00","15","Vainqueur","L. Jeanjean","","62329326","","1.30","Gagné"
"62GA5HMO","2025-07-26 11:45","Combiné","Perdu","72.83","","","0.00","15","Vainqueur","J. Duckworth","","62329438","","1.15","Gagné"
"62GA5HMO","2025-07-26 11:45","Combiné","Perdu","72.83","","","0.00","15","Vainqueur","Y. Watanuki","","62329432","","1.60","Gagné"
"62GA5HMO","2025-07-26 11:45","Combiné","Perdu","72.83","","","0.00","15","Vainqueur","V. Royer","","62329436","","1.06","Gagné"
"62GA5HMO","2025-07-26 11:45","Combiné","Perdu","72.83","","","0.00","15","Vainqueur","L. Darderi","","62049236","","1.47","Gagné"
"62GA5HMO","2025-07-26 11:45","Combiné","Perdu","72.83","","","0.00","15","Vainqueur","T. Daniel","","62329414","","1.34","Perdu"
"62GA5HMO","2025-07-26 11:45","Combiné","Perdu","72.83","","","0.00","15","Vainqueur","T. Schoolkate","","62329440","","1.20","Gagné"
"62GA5HMO","2025-07-26 11:45","Combiné","Perdu","72.83","","","0.00","15","Vainqueur","A. Blockx","","62329430","","1.37","Gagné"
"62DFNT0W","2025-07-24 11:56","Combiné","Perdu","1.51","","","0.00","2","J. Struff remporte au moins un set","Oui","","62048994","","1.19","Perdu"
"62DFNT0W","2025-07-24 11:56","Combiné","Perdu","1.51","","","0.00","2","Vainqueur","A. Bublik","","62049012","","1.27","Gagné"
"62CMP7EI","2025-07-23 22:25","Simple","Gagné","1.45","","","52.84","1","Vainqueur","F. Cobolli","","62049144","","1.45","Gagné"
"62CCRBCA","2025-07-23 17:47","Combiné","Gagné","1.66","","","36.44","3","Vainqueur","J. Lehecka","","62049158","","1.11","Gagné"
"62CCRBCA","2025-07-23 17:47","Combiné","Gagné","1.66","","","36.44","3","Vainqueur","L. Darderi","","62049224","","1.36","Gagné"
"62CCRBCA","2025-07-23 17:47","Combiné","Gagné","1.66","","","36.44","3","Vainqueur","T. Fritz","","62049186","","1.10","Gagné"
"62C4DPBA","2025-07-23 13:52","Simple","Gagné","1.46","","","21.90","1","Vainqueur","A. Bublik","","62048996","","1.46","Gagné"
"62BVKRG9","2025-07-23 99:46","Simple","Gagné","1.50","","","15.00","1","Vainqueur","A. Rinderknech","","62049016","","1.50","Gagné"
"62AVHGLU","2025-07-22 16:55","Combiné","Perdu","12.79","","","0.00","5","Vainqueur","D. Goffin","","62161592","","2.45","Perdu"
"62AVHGLU","2025-07-22 16:55","Combiné","Perdu","12.79","","","0.00","5","Vainqueur","M. Kecmanovic","","62185318","","1.48","Perdu"
"62AVHGLU","2025-07-22 16:55","Combiné","Perdu","12.79","","","0.00","5","Vainqueur","G. Monfils","","62185322","","1.45","Perdu"
"62AVHGLU","2025-07-22 16:55","Combiné","Perdu","12.79","","","0.00","5","Vainqueur","L. Musetti","","62049154","","1.60","Perdu"
"62AVHGLU","2025-07-22 16:55","Combiné","Perdu","12.79","","","0.00","5","Vainqueur","G. Diallo","","62049142","","1.52","Gagné"
"628Z5H89","2025-07-21 99:03","Combiné","Perdu","156.02","","","0.00","13","Vainqueur","F. Comesana","","62147542","","1.21","Gagné"
"628Z5H89","2025-07-21 99:03","Combiné","Perdu","156.02","","","0.00","13","Vainqueur","A. Shevchenko","","62147552","","1.58","Gagné"
"628Z5H89","2025-07-21 99:03","Combiné","Perdu","156.02","","","0.00","13","Vainqueur","M. Bouzkova","","62182730","","1.23","Gagné"
"628Z5H89","2025-07-21 99:03","Combiné","Perdu","156.02","","","0.00","13","Vainqueur","A. Li","","62182726","","1.38","Gagné"
"628Z5H89","2025-07-21 99:03","Combiné","Perdu","156.02","","","0.00","13","Vainqueur","E. Cocciaretto","","62147246","","1.42","Gagné"
"628Z5H89","2025-07-21 99:03","Combiné","Perdu","156.02","","","0.00","13","Vainqueur","G. Zeppieri","","62184100","","1.92","Perdu"
"628Z5H89","2025-07-21 99:03","Combiné","Perdu","156.02","","","0.00","13","Vainqueur","M. Fucsovics","","62147550","","1.30","Gagné"
"628Z5H89","2025-07-21 99:03","Combiné","Perdu","156.02","","","0.00","13","Vainqueur","K. Majchrzak","","62184102","","1.44","Perdu"
"628Z5H89","2025-07-21 99:03","Combiné","Perdu","156.02","","","0.00","13","Vainqueur","D. Lajovic","","62129138","","1.44","Perdu"
"628Z5H89","2025-07-21 99:03","Combiné","Perdu","156.02","","","0.00","13","Vainqueur","M. Joint","","62161982","","1.84","Perdu"
"628Z5H89","2025-07-21 99:03","Combiné","Perdu","156.02","","","0.00","13","Vainqueur","N. Basilashvili","","62129134","","1.74","Gagné"
"628Z5H89","2025-07-21 99:03","Combiné","Perdu","156.02","","","0.00","13","Vainqueur","M. McDonald","","62185326","","1.39","Gagné"
"628Z5H89","2025-07-21 99:03","Combiné","Perdu","156.02","","","0.00","13","Vainqueur","H. Gaston","","62182918","","1.47","Perdu"
"627Y7N7D","2025-07-20 15:49","Combiné","Perdu","7.81","","","0.00","4","Vainqueur","L. Darderi","","61895712","","1.41","Gagné"
"627Y7N7D","2025-07-20 15:49","Combiné","Perdu","7.81","","","0.00","4","Vainqueur","I-C. Begu","","61861834","","1.62","Gagné"
"627Y7N7D","2025-07-20 15:49","Combiné","Perdu","7.81","","","0.00","4","Vainqueur","A.Bondar / A.Rus","","61859824","","1.90","Perdu"
"627Y7N7D","2025-07-20 15:49","Combiné","Perdu","7.81","","","0.00","4","Vainqueur","V. Kopriva","","62129140","","1.80","Gagné"
"627QSW2E","2025-07-20 12:21","Combiné","Perdu","11.29","","","0.00","5","Vainqueur","F.Cabral / L.Miedler","","61896470","","1.56","Gagné"
"627QSW2E","2025-07-20 12:21","Combiné","Perdu","11.29","","","0.00","5","Vainqueur","L. Darderi","","61895712","","1.52","Gagné"
"627QSW2E","2025-07-20 12:21","Combiné","Perdu","11.29","","","0.00","5","Vainqueur","M.L.Carle / S.Waltert","","61862126","","1.80","Perdu"
"627QSW2E","2025-07-20 12:21","Combiné","Perdu","11.29","","","0.00","5","Vainqueur","L. Boisson","","61859196","","1.52","Gagné"
"627QSW2E","2025-07-20 12:21","Combiné","Perdu","11.29","","","0.00","5","Vainqueur","V. Kopriva","","62129140","","1.74","Gagné"
"626SZ0N6","2025-07-19 20:34","Simple","Perdu","","10.00","Cash","0.00","1","","","","","Cotes boostées","","Perdu"
"6267OJRB","2025-07-19 10:38","Combiné","Perdu","12.74","","","0.00","4","Vainqueur","J. De Jong","","61895702","","1.80","Gagné"
"6267OJRB","2025-07-19 10:38","Combiné","Perdu","12.74","","","0.00","4","Vainqueur","A. Bondar","","61859434","","1.96","Gagné"
"6267OJRB","2025-07-19 10:38","Combiné","Perdu","12.74","","","0.00","4","Vainqueur","L. Boisson","","61859180","","2.15","Gagné"
"6267OJRB","2025-07-19 10:38","Combiné","Perdu","12.74","","","0.00","4","Vainqueur","J. Cristian","","61861832","","1.68","Perdu"
"624MBL8K","2025-07-18 7:52","Combiné","Perdu","12.40","","","0.00","5","Vainqueur","I. Buse","","61895954","","1.76","Gagné"
"624MBL8K","2025-07-18 7:52","Combiné","Perdu","12.40","","","0.00","5","Vainqueur","T. Griekspoor","","61895706","","1.58","Perdu"
"624MBL8K","2025-07-18 7:52","Combiné","Perdu","12.40","","","0.00","5","Vainqueur","A. Bublik","","61895950","","1.60","Gagné"
"624MBL8K","2025-07-18 7:52","Combiné","Perdu","12.40","","","0.00","5","Vainqueur","A. Cazaux","","61895948","","1.72","Gagné"
"624MBL8K","2025-07-18 7:52","Combiné","Perdu","12.40","","","0.00","5","Vainqueur","L. Boisson","","61859468","","1.62","Gagné"
"620ODLTK","2025-07-15 13:39","Combiné","Perdu","16.15","","","0.00","5","Vainqueur","J. Faria","","62023624","","2.00","Perdu"
"620ODLTK","2025-07-15 13:39","Combiné","Perdu","16.15","","","0.00","5","Vainqueur","D. Goffin","","61969908","","1.82","Gagné"
"620ODLTK","2025-07-15 13:39","Combiné","Perdu","16.15","","","0.00","5","Vainqueur","R. Carballes Baena","","61969900","","1.80","Gagné"
"620ODLTK","2025-07-15 13:39","Combiné","Perdu","16.15","","","0.00","5","Vainqueur","C. Garin","","61970652","","1.70","Perdu"
"620ODLTK","2025-07-15 13:39","Combiné","Perdu","16.15","","","0.00","5","Vainqueur","F. Misolic","","62023620","","1.45","Gagné"
"620IB431","2025-07-15 10:49","Combiné","Perdu","56.74","","","0.00","6","Vainqueur","H. Gaston","","61970660","","2.25","Gagné"
"620IB431","2025-07-15 10:49","Combiné","Perdu","56.74","","","0.00","6","Vainqueur","J. Faria","","62023624","","2.05","Perdu"
"620IB431","2025-07-15 10:49","Combiné","Perdu","56.74","","","0.00","6","Vainqueur","A. Rinderknech","","61995186","","1.98","Perdu"
"620IB431","2025-07-15 10:49","Combiné","Perdu","56.74","","","0.00","6","Vainqueur","E. Ymer","","61970656","","1.68","Gagné"
"620IB431","2025-07-15 10:49","Combiné","Perdu","56.74","","","0.00","6","Vainqueur","D. Goffin","","61969908","","2.15","Gagné"
"620IB431","2025-07-15 10:49","Combiné","Perdu","56.74","","","0.00","6","Vainqueur","C. Garin","","61970652","","1.72","Perdu"
"61ZRV11P","2025-07-14 22:29","Combiné","Perdu","2.41","","","0.00","2","Vainqueur","A. Kovacevic","","61973730","","1.31","Gagné"
"61ZRV11P","2025-07-14 22:29","Combiné","Perdu","2.41","","","0.00","2","Vainqueur","A. Vukic","","61973736","","1.84","Perdu"
"61ZQ5YCT","2025-07-14 21:41","Combiné","Gagné","3.36","","","33.60","2","Mi-temps - Score exact","0 - 0","Mi-temps - Score exact0 - 0Live2,10IA Akranes1 - 0KR Reykjavik","56958269","","2.10","Gagné"
"61ZQ5YCT","2025-07-14 21:41","Combiné","Gagné","3.36","","","33.60","2","Mi-temps - Score exact","0 - 0","Mi-temps - Score exact0 - 0Live1,60Deportivo Riestra1 - 0Lanus","61098435","","1.60","Gagné"
"61XZSKH6","2025-07-13 16:35","Simple","Gagné","","","","20.00","1","","","","","Cotes boostées","","Gagné"
"61R8PQXI","2025-07-08 23:10","Combiné","Perdu","9.93","5.00","Freebet","0.00","5","Vainqueur","I. Swiatek","","61448669","Tennis","1.36","Gagné"
"61R8PQXI","2025-07-08 23:10","Combiné","Perdu","9.93","5.00","Freebet","0.00","5","Vainqueur","M. Andreeva","","61448675","Tennis","1.42","Perdu"
"61R8PQXI","2025-07-08 23:10","Combiné","Perdu","9.93","5.00","Freebet","0.00","5","Vainqueur","B. Shelton","","61449489","Tennis","3.30","Perdu"
"61R8PQXI","2025-07-08 23:10","Combiné","Perdu","9.93","5.00","Freebet","0.00","5","Vainqueur","A. Sabalenka","","61448671","Tennis","1.32","Perdu"
"61R8PQXI","2025-07-08 23:10","Combiné","Perdu","9.93","5.00","Freebet","0.00","5","Vainqueur","C. Alcaraz","","61449501","Tennis","1.18","Gagné"
"61QP82YO","2025-07-08 14:05","Simple","Gagné","3.00","10.00","Cash","30.00","1","Vainqueur","Tadej Pogačar","","1000099375","","3.00","Gagné"
"61J9LEN2","2025-07-03 29:13","Combiné","Perdu","69.63","","","0.00","4","Vainqueur","A. Cazaux","","61449593","","7.75","Perdu"
"61J9LEN2","2025-07-03 29:13","Combiné","Perdu","69.63","","","0.00","4","Vainqueur","C. Moutet","","61449581","","2.70","Perdu"
"61J9LEN2","2025-07-03 29:13","Combiné","Perdu","69.63","","","0.00","4","Vainqueur","N. Basilashvili","","61449591","","2.75","Perdu"
"61J9LEN2","2025-07-03 29:13","Combiné","Perdu","69.63","","","0.00","4","Vainqueur","B. Shelton","","61449577","","1.21","Gagné"
"61HTEZE0","2025-07-02 08:52","Combiné","Perdu","19.37","","","0.00","7","Vainqueur","C. Norrie","","61449567","","2.40","Gagné"
"61HTEZE0","2025-07-02 08:52","Combiné","Perdu","19.37","","","0.00","7","Vainqueur","A. Mannarino","","61449563","","1.50","Gagné"
"61HTEZE0","2025-07-02 08:52","Combiné","Perdu","19.37","","","0.00","7","Vainqueur","A. Sabalenka","","61448677","","1.07","Gagné"
"61HTEZE0","2025-07-02 08:52","Combiné","Perdu","19.37","","","0.00","7","Vainqueur","A. Rublev","","61449561","","1.28","Gagné"
"61HTEZE0","2025-07-02 08:52","Combiné","Perdu","19.37","","","0.00","7","Vainqueur","B. Bonzi","","61449551","","1.52","Perdu"
"61HTEZE0","2025-07-02 08:52","Combiné","Perdu","19.37","","","0.00","7","Vainqueur","A. Rinderknech","","61449559","","1.52","Gagné"
"61HTEZE0","2025-07-02 08:52","Combiné","Perdu","19.37","","","0.00","7","Vainqueur","E. Quinn","","61449557","","1.70","Perdu"
"61H6HECR","2025-07-01 22:10","Simple","Perdu","7.00","","","0.00","1","Vainqueur","A. Muller","","61512046","","7.00","Perdu"
"61H1G33M","2025-07-01 19:49","Simple","Perdu","","","","0.00","1","Vainqueur","A. Zverev","","61512014","","","Perdu"
"61GZVW14","2025-07-01 19:06","Combiné","Perdu","8.46","","","0.00","2","Vainqueur","A. Rinderknech","","61512014","","4.70","Gagné"
"61GZVW14","2025-07-01 19:06","Combiné","Perdu","8.46","","","0.00","2","Vainqueur","U. Humbert","","61512086","","1.80","Perdu"
"61GIWJCO","2025-07-01 11:10","Combiné","Perdu","67.35","","","0.00","8","Vainqueur","A. Michelsen","","61512052","","1.43","Perdu"
"61GIWJCO","2025-07-01 11:10","Combiné","Perdu","67.35","","","0.00","8","Vainqueur","A. Cazaux","","61512058","","1.52","Gagné"
"61GIWJCO","2025-07-01 11:10","Combiné","Perdu","67.35","","","0.00","8","Vainqueur","J. McCabe","","61512072","","2.75","Perdu"
"61GIWJCO","2025-07-01 11:10","Combiné","Perdu","67.35","","","0.00","8","Vainqueur","J. Faria","","61512080","","3.60","Perdu"
"61GIWJCO","2025-07-01 11:10","Combiné","Perdu","67.35","","","0.00","8","Vainqueur","A. Bublik","","61512070","","1.20","Perdu"
"61GIWJCO","2025-07-01 11:10","Combiné","Perdu","67.35","","","0.00","8","Vainqueur","C. Moutet","","61512098","","1.50","Gagné"
"61GIWJCO","2025-07-01 11:10","Combiné","Perdu","67.35","","","0.00","8","Vainqueur","B. Shelton","","61512092","","1.26","Gagné"
"61GIWJCO","2025-07-01 11:10","Combiné","Perdu","67.35","","","0.00","8","Vainqueur","U. Humbert","","61512086","","1.38","Perdu"
"61FTONT7","2025-06-30 23:25","Combiné","Perdu","28.17","","","0.00","5","Vainqueur","G. Mpetshi Perricard","","61512044","","2.90","Perdu"
"61FTONT7","2025-06-30 23:25","Combiné","Perdu","28.17","","","0.00","5","Vainqueur","A. Rinderknech","","61512014","","3.35","Gagné"
"61FTONT7","2025-06-30 23:25","Combiné","Perdu","28.17","","","0.00","5","Vainqueur","A. Cazaux","","61512058","","1.48","Gagné"
"61FTONT7","2025-06-30 23:25","Combiné","Perdu","28.17","","","0.00","5","Vainqueur","C. Moutet","","61512098","","1.43","Gagné"
"61FTONT7","2025-06-30 23:25","Combiné","Perdu","28.17","","","0.00","5","Vainqueur","U. Humbert","","61512086","","1.37","Perdu"
"61FO7QUQ","2025-06-30 20:53","Combiné","Perdu","28.71","","","0.00","6","Vainqueur","T. Griekspoor","","61512006","Tennis","2.55","Perdu"
"61FO7QUQ","2025-06-30 20:53","Combiné","Perdu","28.71","","","0.00","6","Vainqueur","P. Badosa","","61511664","Tennis","1.31","Perdu"
"61FO7QUQ","2025-06-30 20:53","Combiné","Perdu","28.71","","","0.00","6","Vainqueur","B. Van De Zandschulp","","61512040","Tennis","1.98","Gagné"
"61FO7QUQ","2025-06-30 20:53","Combiné","Perdu","28.71","","","0.00","6","Résultat","Inter","RésultatInter1,70Inter Milan0 - 2Fluminense","57490689","Tennis","1.70","Perdu"
"61FO7QUQ","2025-06-30 20:53","Combiné","Perdu","28.71","","","0.00","6","A. Rinderknech remporte au moins un set","Oui","","61512014","Tennis","1.68","Gagné"
"61FO7QUQ","2025-06-30 20:53","Combiné","Perdu","28.71","","","0.00","6","Vainqueur","Q. Zheng","","61511618","Tennis","1.52","Perdu"
"61FO686A","2025-06-30 20:50","Combiné","Perdu","106.92","","","0.00","7","Vainqueur","T. Griekspoor","","61512006","Tennis","2.40","Perdu"
"61FO686A","2025-06-30 20:50","Combiné","Perdu","106.92","","","0.00","7","Vainqueur","N. Osaka","","61511620","Tennis","1.28","Gagné"
"61FO686A","2025-06-30 20:50","Combiné","Perdu","106.92","","","0.00","7","Vainqueur","A. Tomljanovic","","61511622","Tennis","2.00","Perdu"
"61FO686A","2025-06-30 20:50","Combiné","Perdu","106.92","","","0.00","7","Vainqueur","P. Badosa","","61511664","Tennis","1.45","Perdu"
"61FO686A","2025-06-30 20:50","Combiné","Perdu","106.92","","","0.00","7","Vainqueur","G. Mpetshi Perricard","","61512044","Tennis","4.70","Perdu"
"61FO686A","2025-06-30 20:50","Combiné","Perdu","106.92","","","0.00","7","A. Rinderknech remporte au moins un set","Oui","","61512014","Tennis","1.68","Gagné"
"61FO686A","2025-06-30 20:50","Combiné","Perdu","106.92","","","0.00","7","Vainqueur","Q. Zheng","","61511618","Tennis","1.52","Perdu"
"61FCFS48","2025-06-30 15:21","Combiné","Perdu","22.79","","","0.00","10","Vainqueur","H. Rune","","61512012","","1.09","Perdu"
"61FCFS48","2025-06-30 15:21","Combiné","Perdu","22.79","","","0.00","10","Vainqueur","F. Auger-Aliassime","","61511988","","1.20","Gagné"
"61FCFS48","2025-06-30 15:21","Combiné","Perdu","22.79","","","0.00","10","Vainqueur","J. Fonseca","","61512008","","1.46","Gagné"
"61FCFS48","2025-06-30 15:21","Combiné","Perdu","22.79","","","0.00","10","Vainqueur","E. Quinn","","61512018","","1.44","Gagné"
"61FCFS48","2025-06-30 15:21","Combiné","Perdu","22.79","","","0.00","10","Vainqueur","K. Khachanov","","61512022","","1.22","Gagné"
"61FCFS48","2025-06-30 15:21","Combiné","Perdu","22.79","","","0.00","10","Vainqueur","B. Harris","","61520134","","1.45","Gagné"
"61FCFS48","2025-06-30 15:21","Combiné","Perdu","22.79","","","0.00","10","Vainqueur","C. Rodesch","","61587696","","2.30","Perdu"
"61FCFS48","2025-06-30 15:21","Combiné","Perdu","22.79","","","0.00","10","Vainqueur","A. Rublev","","61511996","","1.23","Gagné"
"61FCFS48","2025-06-30 15:21","Combiné","Perdu","22.79","","","0.00","10","Vainqueur","T. Griekspoor","","61512006","","1.44","Perdu"
"61FCFS48","2025-06-30 15:21","Combiné","Perdu","22.79","","","0.00","10","Vainqueur","T. Fritz","","61512044","","1.15","Gagné"
"61F33LL3","2025-06-30 11:00","Combiné","Perdu","974.26","","","0.00","21","Nombre de sets","Plus de 3,5","","61511984","Tennis","1.36","Perdu"
"61F33LL3","2025-06-30 11:00","Combiné","Perdu","974.26","","","0.00","21","Vainqueur","A. Mannarino","","61511992","Tennis","1.41","Gagné"
"61F33LL3","2025-06-30 11:00","Combiné","Perdu","974.26","","","0.00","21","Vainqueur","M. Bellucci","","61512002","Tennis","1.31","Gagné"
"61F33LL3","2025-06-30 11:00","Combiné","Perdu","974.26","","","0.00","21","Vainqueur","L. Tien","","61512010","Tennis","1.44","Gagné"
"61F33LL3","2025-06-30 11:00","Combiné","Perdu","974.26","","","0.00","21","V. Kopriva remporte au moins un set","Oui","","61512032","Tennis","1.31","Gagné"
"61F33LL3","2025-06-30 11:00","Combiné","Perdu","974.26","","","0.00","21","Vainqueur","C. Norrie","","61512000","Tennis","1.86","Gagné"
"61F33LL3","2025-06-30 11:00","Combiné","Perdu","974.26","","","0.00","21","Vainqueur","Z. Bergs","","61511994","Tennis","1.48","Perdu"
"61F33LL3","2025-06-30 11:00","Combiné","Perdu","974.26","","","0.00","21","Vainqueur","S. Tsitsipas","","61511990","Tennis","1.23",""
"61F33LL3","2025-06-30 11:00","Combiné","Perdu","974.26","","","0.00","21","Vainqueur","H. Rune","","61512012","Tennis","1.27","Perdu"
"61F33LL3","2025-06-30 11:00","Combiné","Perdu","974.26","","","0.00","21","Nombre de sets","Plus de 3,5","","61512016","Tennis","1.42",""
"61F33LL3","2025-06-30 11:00","Combiné","Perdu","974.26","","","0.00","21","Nombre d'aces","Plus de 8,5 aces","","61511982","Tennis","1.70","Gagné"
"61F33LL3","2025-06-30 11:00","Combiné","Perdu","974.26","","","0.00","21","L. Darderi remporte au moins un set","Oui","","61512034","Tennis","1.29","Gagné"
"61F33LL3","2025-06-30 11:00","Combiné","Perdu","974.26","","","0.00","21","N. Borges remporte au moins un set","Oui","","61512028","Tennis","1.25","Gagné"
"61F33LL3","2025-06-30 11:00","Combiné","Perdu","974.26","","","0.00","21","Vainqueur","F. Auger-Aliassime","","61511988","Tennis","1.19","Gagné"
"61F33LL3","2025-06-30 11:00","Combiné","Perdu","974.26","","","0.00","21","Vainqueur","J. Fonseca","","61512008","Tennis","1.50","Gagné"
"61F33LL3","2025-06-30 11:00","Combiné","Perdu","974.26","","","0.00","21","Vainqueur","E. Quinn","","61512018","Tennis","1.44","Gagné"
"61F33LL3","2025-06-30 11:00","Combiné","Perdu","974.26","","","0.00","21","Vainqueur","B. Harris","","61520134","Tennis","1.45","Gagné"
"61F33LL3","2025-06-30 11:00","Combiné","Perdu","974.26","","","0.00","21","Nombre de sets","Plus de 3,5","","61511986","Tennis","1.37","Gagné"
"61F33LL3","2025-06-30 11:00","Combiné","Perdu","974.26","","","0.00","21","Vainqueur","T. Griekspoor","","61512006","Tennis","1.40","Perdu"
"61F33LL3","2025-06-30 11:00","Combiné","Perdu","974.26","","","0.00","21","Nombre de sets","Plus de 3,5","","61512024","Tennis","1.42","Gagné"
"61F33LL3","2025-06-30 11:00","Combiné","Perdu","974.26","","","0.00","21","Vainqueur","G. Diallo","","61512042","Tennis","1.21","Gagné"
"61EB6ZVT","2025-06-29 21:59","Simple","Perdu","13.50","","","0.00","1","Score exact","2 - 2","Score exact2 - 213,50Flamengo2 - 4Bayern Munich","57490695","","13.50","Perdu"
"61EAOYZB","2025-06-29 21:45","Combiné","Perdu","119.31","","","0.00","18","Vainqueur","A. Mannarino","","61511992","","1.44","Gagné"
"61EAOYZB","2025-06-29 21:45","Combiné","Perdu","119.31","","","0.00","18","Vainqueur","F. Tiafoe","","61511998","","1.04","Gagné"
"61EAOYZB","2025-06-29 21:45","Combiné","Perdu","119.31","","","0.00","18","Vainqueur","D. Parry","","61511630","","1.50","Gagné"
"61EAOYZB","2025-06-29 21:45","Combiné","Perdu","119.31","","","0.00","18","Vainqueur","A. Sabalenka","","61511680","","1.03","Gagné"
"61EAOYZB","2025-06-29 21:45","Combiné","Perdu","119.31","","","0.00","18","Vainqueur","C. Rodesch","","61512016","","1.48",""
"61EAOYZB","2025-06-29 21:45","Combiné","Perdu","119.31","","","0.00","18","Vainqueur","E. Quinn","","61512018","","1.44","Gagné"
"61EAOYZB","2025-06-29 21:45","Combiné","Perdu","119.31","","","0.00","18","Vainqueur","A. Rublev","","61511996","","1.25","Gagné"
"61EAOYZB","2025-06-29 21:45","Combiné","Perdu","119.31","","","0.00","18","Vainqueur","H. Dart","","61511638","","1.80","Perdu"
"61EAOYZB","2025-06-29 21:45","Combiné","Perdu","119.31","","","0.00","18","Vainqueur","M. Berrettini","","61512020","","1.12","Perdu"
"61EAOYZB","2025-06-29 21:45","Combiné","Perdu","119.31","","","0.00","18","Vainqueur","E. Raducanu","","61511676","","1.12","Gagné"
"61EAOYZB","2025-06-29 21:45","Combiné","Perdu","119.31","","","0.00","18","Vainqueur","T. Griekspoor","","61512006","","1.47","Perdu"
"61EAOYZB","2025-06-29 21:45","Combiné","Perdu","119.31","","","0.00","18","Vainqueur","N. Osaka","","61511620","","1.11","Gagné"
"61EAOYZB","2025-06-29 21:45","Combiné","Perdu","119.31","","","0.00","18","Vainqueur","E. Mertens","","61511672","","1.26","Gagné"
"61EAOYZB","2025-06-29 21:45","Combiné","Perdu","119.31","","","0.00","18","Vainqueur","A. Cazaux","","61512058","","1.48","Gagné"
"61EAOYZB","2025-06-29 21:45","Combiné","Perdu","119.31","","","0.00","18","Vainqueur","Q. Zheng","","61511618","","1.58","Perdu"
"61EAOYZB","2025-06-29 21:45","Combiné","Perdu","119.31","","","0.00","18","Vainqueur","E. Navarro","","61511602","","1.22","Gagné"
"61EAOYZB","2025-06-29 21:45","Combiné","Perdu","119.31","","","0.00","18","Vainqueur","B. Shelton","","61512092","","1.26","Gagné"
"61EAOYZB","2025-06-29 21:45","Combiné","Perdu","119.31","","","0.00","18","Vainqueur","C. Gauff","","61511554","","1.16","Perdu"
"61EAJ35Z","2025-06-29 21:40","Combiné","Perdu","197.11","","","0.00","35","O. Tarvet remporte au moins un set","Oui","","61511984","Tennis","1.14","Gagné"
"61EAJ35Z","2025-06-29 21:40","Combiné","Perdu","197.11","","","0.00","35","A. Mannarino remporte au moins un set","Oui","","61511992","Tennis","1.03","Gagné"
"61EAJ35Z","2025-06-29 21:40","Combiné","Perdu","197.11","","","0.00","35","Vainqueur","M. Bellucci","","61512002","Tennis","1.36","Gagné"
"61EAJ35Z","2025-06-29 21:40","Combiné","Perdu","197.11","","","0.00","35","C. Norrie remporte au moins un set","Oui","","61512000","Tennis","1.11","Gagné"
"61EAJ35Z","2025-06-29 21:40","Combiné","Perdu","197.11","","","0.00","35","Vainqueur","A. Popyrin","","61512036","Tennis","1.22","Perdu"
"61EAJ35Z","2025-06-29 21:40","Combiné","Perdu","197.11","","","0.00","35","Vainqueur","A. Sabalenka","","61511680","Tennis","1.03","Gagné"
"61EAJ35Z","2025-06-29 21:40","Combiné","Perdu","197.11","","","0.00","35","Vainqueur","S. Tsitsipas","","61511990","Tennis","1.27",""
"61EAJ35Z","2025-06-29 21:40","Combiné","Perdu","197.11","","","0.00","35","Vainqueur","H. Rune","","61512012","Tennis","1.28","Perdu"
"61EAJ35Z","2025-06-29 21:40","Combiné","Perdu","197.11","","","0.00","35","C. Rodesch remporte au moins un set","Oui","","61512016","Tennis","1.04",""
"61EAJ35Z","2025-06-29 21:40","Combiné","Perdu","197.11","","","0.00","35","F. Cerundolo remporte au moins un set","Oui","","61512028","Tennis","1.04","Gagné"
"61EAJ35Z","2025-06-29 21:40","Combiné","Perdu","197.11","","","0.00","35","Vainqueur","F. Auger-Aliassime","","61511988","Tennis","1.20","Gagné"
"61EAJ35Z","2025-06-29 21:40","Combiné","Perdu","197.11","","","0.00","35","Nombre de sets","Plus de 3,5","","61512008","Tennis","1.39","Perdu"
"61EAJ35Z","2025-06-29 21:40","Combiné","Perdu","197.11","","","0.00","35","E. Quinn remporte au moins un set","Oui","","61512018","Tennis","1.03","Gagné"
"61EAJ35Z","2025-06-29 21:40","Combiné","Perdu","197.11","","","0.00","35","Vainqueur","K. Khachanov","","61512022","Tennis","1.23","Gagné"
"61EAJ35Z","2025-06-29 21:40","Combiné","Perdu","197.11","","","0.00","35","B. Harris remporte au moins un set","Oui","","61520134","Tennis","1.03","Gagné"
"61EAJ35Z","2025-06-29 21:40","Combiné","Perdu","197.11","","","0.00","35","Vainqueur","A. Rublev","","61511996","Tennis","1.25","Gagné"
"61EAJ35Z","2025-06-29 21:40","Combiné","Perdu","197.11","","","0.00","35","F. Misolic remporte au moins un set","Oui","","61511986","Tennis","1.16","Gagné"
"61EAJ35Z","2025-06-29 21:40","Combiné","Perdu","197.11","","","0.00","35","Vainqueur","J. Paolini","","61511648","Tennis","1.07","Gagné"
"61EAJ35Z","2025-06-29 21:40","Combiné","Perdu","197.11","","","0.00","35","Vainqueur","T. Griekspoor","","61512006","Tennis","1.47","Perdu"
"61EAJ35Z","2025-06-29 21:40","Combiné","Perdu","197.11","","","0.00","35","Vainqueur","G. Diallo","","61512042","Tennis","1.22","Gagné"
"61EAJ35Z","2025-06-29 21:40","Combiné","Perdu","197.11","","","0.00","35","M. Arnaldi remporte au moins un set","Oui","","61512040","Tennis","1.09","Perdu"
"61EAJ35Z","2025-06-29 21:40","Combiné","Perdu","197.11","","","0.00","35","Vainqueur","T. Fritz","","61512044","Tennis","1.18","Gagné"
"61EAJ35Z","2025-06-29 21:40","Combiné","Perdu","197.11","","","0.00","35","Vainqueur","A. Zverev","","61512014","Tennis","1.08","Perdu"
"61EAJ35Z","2025-06-29 21:40","Combiné","Perdu","197.11","","","0.00","35","A. Michelsen remporte au moins un set","Oui","","61512052","Tennis","1.04","Gagné"
"61EAJ35Z","2025-06-29 21:40","Combiné","Perdu","197.11","","","0.00","35","Vainqueur","L. Musetti","","61512078","Tennis","1.27","Perdu"
"61EAJ35Z","2025-06-29 21:40","Combiné","Perdu","197.11","","","0.00","35","Vainqueur","A. Bublik","","61512070","Tennis","1.18","Perdu"
"61EAJ35Z","2025-06-29 21:40","Combiné","Perdu","197.11","","","0.00","35","Vainqueur","J. Sinner","","61512108","Tennis","1.01","Gagné"
"61EAJ35Z","2025-06-29 21:40","Combiné","Perdu","197.11","","","0.00","35","Vainqueur","D. Evans","","61512048","Tennis","1.20","Gagné"
"61EAJ35Z","2025-06-29 21:40","Combiné","Perdu","197.11","","","0.00","35","C. Moutet remporte au moins un set","Oui","","61512098","Tennis","1.04","Gagné"
"61EAJ35Z","2025-06-29 21:40","Combiné","Perdu","197.11","","","0.00","35","Vainqueur","Q. Halys","","61512056","Tennis","1.10","Perdu"
"61EAJ35Z","2025-06-29 21:40","Combiné","Perdu","197.11","","","0.00","35","Vainqueur","B. Shelton","","61512092","Tennis","1.26","Gagné"
"61EAJ35Z","2025-06-29 21:40","Combiné","Perdu","197.11","","","0.00","35","Vainqueur","U. Humbert","","61512086","Tennis","1.39","Perdu"
"61EAJ35Z","2025-06-29 21:40","Combiné","Perdu","197.11","","","0.00","35","Vainqueur","T.M. Etcheverry","","61512066","Tennis","1.41","Perdu"
"61EAJ35Z","2025-06-29 21:40","Combiné","Perdu","197.11","","","0.00","35","Vainqueur","B. Nakashima","","61512084","Tennis","1.11","Gagné"
"61EAJ35Z","2025-06-29 21:40","Combiné","Perdu","197.11","","","0.00","35","Vainqueur","N. Djokovic","","61512046","Tennis","1.01","Gagné"
"61994TDF","2025-06-26 9:02","Combiné","Perdu","9.08","","","0.00","7","Vainqueur","U. Humbert","","61293449","","1.24","Gagné"
"61994TDF","2025-06-26 9:02","Combiné","Perdu","9.08","","","0.00","7","Vainqueur","A. Cazaux","","61468747","","1.37","Gagné"
"61994TDF","2025-06-26 9:02","Combiné","Perdu","9.08","","","0.00","7","Vainqueur","M. Fucsovics","","61468751","","1.18","Perdu"
"61994TDF","2025-06-26 9:02","Combiné","Perdu","9.08","","","0.00","7","Vainqueur","A. Mannarino","","61468989","","1.40","Gagné"
"61994TDF","2025-06-26 9:02","Combiné","Perdu","9.08","","","0.00","7","Vainqueur","D. Parry","","61465779","","1.56","Gagné"
"61994TDF","2025-06-26 9:02","Combiné","Perdu","9.08","","","0.00","7","Vainqueur","F. Auger-Aliassime","","61295015","","1.42","Gagné"
"61994TDF","2025-06-26 9:02","Combiné","Perdu","9.08","","","0.00","7","Vainqueur","N. Jarry","","61470025","","1.46","Gagné"
"616IL18C","2025-06-24 11:04","Simple","Perdu","","","","0.00","1","","","","","Cotes boostées","","Perdu"
"616EF24V","2025-06-24 9:07","Simple","","2.00","","","9.50","1","Vainqueur","L. Boisson","","61428149","","2.00","Perdu"
"616EET2U","2025-06-24 9:07","Combiné","Perdu","18.24","","","0.00","14","Vainqueur","R. Masarova","","61428029","","1.14","Gagné"
"616EET2U","2025-06-24 9:07","Combiné","Perdu","18.24","","","0.00","14","Vainqueur","T. Gibson","","61428059","","1.19","Gagné"
"616EET2U","2025-06-24 9:07","Combiné","Perdu","18.24","","","0.00","14","Vainqueur","B. Andreescu","","61428145","","1.04","Gagné"
"616EET2U","2025-06-24 9:07","Combiné","Perdu","18.24","","","0.00","14","Vainqueur","L. Boisson","","61428149","","2.00","Perdu"
"616EET2U","2025-06-24 9:07","Combiné","Perdu","18.24","","","0.00","14","Vainqueur","D. Parry","","61428077","","1.12","Gagné"
"616EET2U","2025-06-24 9:07","Combiné","Perdu","18.24","","","0.00","14","Vainqueur","Xiy. Wang","","61428143","","1.37","Gagné"
"616EET2U","2025-06-24 9:07","Combiné","Perdu","18.24","","","0.00","14","Vainqueur","D. Snigur","","61428035","","1.07","Gagné"
"616EET2U","2025-06-24 9:07","Combiné","Perdu","18.24","","","0.00","14","Vainqueur","J. Ponchet","","61428005","","1.21","Perdu"
"616EET2U","2025-06-24 9:07","Combiné","Perdu","18.24","","","0.00","14","Vainqueur","T. Townsend","","61428093","","1.35","Gagné"
"616EET2U","2025-06-24 9:07","Combiné","Perdu","18.24","","","0.00","14","Vainqueur","A. Sasnovich","","61428049","","1.06","Gagné"
"616EET2U","2025-06-24 9:07","Combiné","Perdu","18.24","","","0.00","14","Vainqueur","L. Jeanjean","","61428111","","1.22","Perdu"
"616EET2U","2025-06-24 9:07","Combiné","Perdu","18.24","","","0.00","14","Vainqueur","R. Marino","","61428075","","1.18","Perdu"
"616EET2U","2025-06-24 9:07","Combiné","Perdu","18.24","","","0.00","14","Vainqueur","E. Jacquemot","","61428021","","1.06","Gagné"
"616EET2U","2025-06-24 9:07","Combiné","Perdu","18.24","","","0.00","14","Vainqueur","A. Cornet","","61428015","","1.49","Gagné"
"615ELLM7","2025-06-23 16:24","Combiné","Perdu","19.22","","","0.00","5","Vainqueur","A. Cazaux","","61402483","","1.36","Gagné"
"615ELLM7","2025-06-23 16:24","Combiné","Perdu","19.22","","","0.00","5","Mi-temps avec le plus de buts","2de mi-temps","Mi-temps avec le plus de buts2de mi-temps1,86Seattle Sounders0 - 2Paris SG","56189323","","1.86","Perdu"
"615ELLM7","2025-06-23 16:24","Combiné","Perdu","19.22","","","0.00","5","Mi-temps avec le plus de buts","2de mi-temps","Mi-temps avec le plus de buts2de mi-temps2,00Atletico Madrid1 - 0Botafogo","56189329","","2.00","Gagné"
"615ELLM7","2025-06-23 16:24","Combiné","Perdu","19.22","","","0.00","5","Mi-temps avec le plus de buts","2de mi-temps","Mi-temps avec le plus de buts2de mi-temps1,90FC Porto4 - 4Al-Ahly Cairo","56189295","","1.90","Gagné"
"615ELLM7","2025-06-23 16:24","Combiné","Perdu","19.22","","","0.00","5","Mi-temps avec le plus de buts","2de mi-temps","Mi-temps avec le plus de buts2de mi-temps2,00Benfica1 - 0Bayern Munich","56189351","","2.00","Perdu"
"615EGF7X","2025-06-23 16:20","Combiné","Perdu","158.04","","","0.00","6","Mi-temps avec le plus de buts","2de mi-temps","Mi-temps avec le plus de buts2de mi-temps1,86Seattle Sounders0 - 2Paris SG","56189323","","1.86","Perdu"
"615EGF7X","2025-06-23 16:20","Combiné","Perdu","158.04","","","0.00","6","Mi-temps avec le plus de buts","2de mi-temps","Mi-temps avec le plus de buts2de mi-temps2,00Atletico Madrid1 - 0Botafogo","56189329","","2.00","Gagné"
"615EGF7X","2025-06-23 16:20","Combiné","Perdu","158.04","","","0.00","6","RésultatInter Miami CF","Résultat","RésultatInter Miami CFMi-temps avec le plus de buts2de mi-tempsInter Miami CF2 - 2Palmeiras","56189293","","6.50","Perdu"
"615EGF7X","2025-06-23 16:20","Combiné","Perdu","158.04","","","0.00","6","Mi-temps avec le plus de buts","2de mi-temps","Mi-temps avec le plus de buts2de mi-temps1,90FC Porto4 - 4Al-Ahly Cairo","56189295","","1.90","Gagné"
"615EGF7X","2025-06-23 16:20","Combiné","Perdu","158.04","","","0.00","6","Mi-temps avec le plus de buts","2de mi-temps","Mi-temps avec le plus de buts2de mi-temps2,00Benfica1 - 0Bayern Munich","56189351","","2.00","Perdu"
"615EGF7X","2025-06-23 16:20","Combiné","Perdu","158.04","","","0.00","6","Mi-temps avec le plus de buts","2de mi-temps","Mi-temps avec le plus de buts2de mi-temps1,72Auckland City1 - 1Boca Juniors","56189353","","1.72","Perdu"
"6116JBEZ","2025-06-20 17:27","Simple","Perdu","2.15","","","0.00","1","Nombre de passes décisives","Angel Di Maria 2+","Nombre de passes décisivesAngel Di Maria 2+2,15Benfica6 - 0Auckland City","56189347","","2.15","Perdu"
"6116ISVS","2025-06-20 17:27","Simple","Perdu","","","","0.00","1","Résultat","Auckland City","RésultatAuckland City200Benfica6 - 0Auckland City","56189347","","","Perdu"
"60VALGYP","2025-06-16 14:34","Combiné","Perdu","5.17","","","0.00","6","Vainqueur","H. Rune","","61263987","","1.20","Gagné"
"60VALGYP","2025-06-16 14:34","Combiné","Perdu","5.17","","","0.00","6","Vainqueur","M. Andreeva","","61211823","","1.15","Perdu"
"60VALGYP","2025-06-16 14:34","Combiné","Perdu","5.17","","","0.00","6","Vainqueur","S. Tsitsipas","","61213687","","1.25","Gagné"
"60VALGYP","2025-06-16 14:34","Combiné","Perdu","5.17","","","0.00","6","Vainqueur","Q. Halys","","61232043","","1.64","Gagné"
"60VALGYP","2025-06-16 14:34","Combiné","Perdu","5.17","","","0.00","6","Vainqueur","P. Badosa","","61211817","","1.26","Gagné"
"60VALGYP","2025-06-16 14:34","Combiné","Perdu","5.17","","","0.00","6","Vainqueur","J. Fearnley","","61232497","","1.45","Gagné"
"60SAPTIC","2025-06-14 12:15","Combiné","Perdu","3.00","","","0.00","2","Vainqueur","Q. Zheng","","61025327","","2.00","Perdu"
"60SAPTIC","2025-06-14 12:15","Combiné","Perdu","3.00","","","0.00","2","Vainqueur","U. Humbert","","61006549","","1.50","Perdu"
"60QSSXIK","2025-06-13 11:05","Combiné","Perdu","4.51","","","0.00","5","Vainqueur","U. Humbert","","61006553","","1.37","Gagné"
"60QSSXIK","2025-06-13 11:05","Combiné","Perdu","4.51","","","0.00","5","Vainqueur","K. Khachanov","","61006543","","1.58","Perdu"
"60QSSXIK","2025-06-13 11:05","Combiné","Perdu","4.51","","","0.00","5","Vainqueur","T. Fritz","","61006783","","1.39","Gagné"
"60QSSXIK","2025-06-13 11:05","Combiné","Perdu","4.51","","","0.00","5","Vainqueur","E. Mertens","","61025607","","1.17","Gagné"
"60QSSXIK","2025-06-13 11:05","Combiné","Perdu","4.51","","","0.00","5","Vainqueur","A. Zverev","","61006777","","1.28","Gagné"
"60OA80ZO","2025-06-11 16:50","Simple","Perdu","4.70","","","0.00","1","Score exact","1 - 2","","61025635","","4.70","Perdu"
"60MSUYIO","2025-06-10 15:56","Combiné","Perdu","4.11","","","0.00","3","Score exact","0 - 2","","61076705","","1.80","Perdu"
"60MSUYIO","2025-06-10 15:56","Combiné","Perdu","4.11","","","0.00","3","Vainqueur","A. Mannarino","","61106439","","1.68","Gagné"
"60MSUYIO","2025-06-10 15:56","Combiné","Perdu","4.11","","","0.00","3","Vainqueur","H. Hurkacz","","61076725","","1.36","Gagné"
"60MKJV8L","2025-06-10 12:03","Combiné","Perdu","17.45","","","0.00","7","Vainqueur","Q. Halys","","61076689","","1.58","Gagné"
"60MKJV8L","2025-06-10 12:03","Combiné","Perdu","17.45","","","0.00","7","Vainqueur","J. Duckworth","","61093149","","1.28","Perdu"
"60MKJV8L","2025-06-10 12:03","Combiné","Perdu","17.45","","","0.00","7","Vainqueur","L. Tien","","61076703","","1.46",""
"60MKJV8L","2025-06-10 12:03","Combiné","Perdu","17.45","","","0.00","7","Vainqueur","C. Moutet","","61076705","","1.31","Gagné"
"60MKJV8L","2025-06-10 12:03","Combiné","Perdu","17.45","","","0.00","7","Vainqueur","G. Monfils","","61076695","","1.96","Perdu"
"60MKJV8L","2025-06-10 12:03","Combiné","Perdu","17.45","","","0.00","7","Vainqueur","A. Mannarino","","61106439","","1.68","Gagné"
"60MKJV8L","2025-06-10 12:03","Combiné","Perdu","17.45","","","0.00","7","Vainqueur","H. Hurkacz","","61076725","","1.37","Gagné"
"60JV2UVC","2025-06-08 14:35","Simple","Gagné","","","","20.00","1","","","","","Cotes boostées","","Gagné"
"60IY5T7E","2025-06-07 23:13","Simple","Perdu","1.92","","","0.00","1","Vainqueur","J. Sinner","","60690683","Tennis","1.92","Perdu"
"60IGCETF","2025-06-07 14:54","Simple","Gagné","","","","20.00","1","","","","","Cotes boostées","","Gagné"
"60FU6KXC","2025-06-05 18:58","Combiné","Perdu","","","","0.00","2","2e set - Vainqueur","L. Boisson","","60690825","","","Perdu"
"60FU6KXC","2025-06-05 18:58","Combiné","Perdu","","","","0.00","2","Résultat","France","RésultatFrance3,05Espagne5 - 4France","55809539","","3.05","Perdu"
"60FR7PER","2025-06-05 17:35","Simple","Perdu","4.75","","","0.00","1","Vainqueur","L. Boisson","","60690825","","4.75","Perdu"
"60E9RNTN","2025-06-04 16:39","Simple","Perdu","4.40","","","0.00","1","Vainqueur","L. Boisson","","60690825","","4.40","Perdu"
"60E8JHFZ","2025-06-04 16:05","Simple","Perdu","","","","0.00","1","Vainqueur","A. Bublik","","60690679","","","Perdu"
"60DTVF0I","2025-06-04 9:14","Simple","Perdu","","","","0.00","1","Vainqueur","A. Bublik","","60690679","","","Perdu"
"60CWIGJB","2025-06-03 17:40","Simple","Gagné","7.00","","","140.00","1","Vainqueur","L. Boisson","","60690819","","7.00","Gagné"
"60CWI4YP","2025-06-03 17:40","Combiné","Gagné","20.22","","","101.56","3","Vainqueur","C. Gauff","","60690829","","1.52","Gagné"
"60CWI4YP","2025-06-03 17:40","Combiné","Gagné","20.22","","","101.56","3","Vainqueur","L. Boisson","","60690819","","7.00","Gagné"
"60CWI4YP","2025-06-03 17:40","Combiné","Gagné","20.22","","","101.56","3","Vainqueur","A. Sabalenka","","60690831","","1.90","Gagné"
"60BM130O","2025-06-02 19:59","Simple","Perdu","","","","0.00","1","Vainqueur","Lois Boisson","","1000057603","Tennis","","Perdu"
"608KF6CK","2025-05-31 16:51","Combiné","Perdu","","","","0.00","2","Score exact","0 - 3","","60690763","","1.52","Gagné"
"608KF6CK","2025-05-31 16:51","Combiné","Perdu","","","","0.00","2","RésultatPSG","Résultat","RésultatPSGButeurOusmane DembéléButeurLautaro MartínezParis SG5 - 0Inter Milan","58265391","","","Perdu"
"608KD11H","2025-05-31 16:49","Simple","Annulé","6.75","","","","1","RésultatPSG","Résultat","RésultatPSGLes 2 équipes marquentOuiButeurOusmane DembéléParis SG5 - 0Inter Milan","58265391","","6.75","Perdu"
"608KCD18","2025-05-31 16:49","Simple","Perdu","","","","0.00","1","RésultatPSG","Résultat","RésultatPSGScore exact2 - 1ButeurOusmane DembéléButeurAchraf HakimiButeurLautaro MartínezParis SG5 - 0Inter Milan","58265391","","","Perdu"
"608KBE7U","2025-05-31 16:48","Simple","Gagné","","","","25.00","1","","","","","Cotes boostées","","Gagné"
"607682RK","2025-05-30 17:26","Combiné","Perdu","7.00","","","0.00","3","Vainqueur","J. Ostapenko","","60690905","","2.35","Perdu"
"607682RK","2025-05-30 17:26","Combiné","Perdu","7.00","","","0.00","3","Vainqueur","B. Shelton","","60690713","","1.52","Gagné"
"607682RK","2025-05-30 17:26","Combiné","Perdu","7.00","","","0.00","3","Vainqueur","F. Tiafoe","","60690705","","1.96","Gagné"
"605YD913","2025-05-29 20:58","Simple","Perdu","","","","0.00","1","Vainqueur","G. Monfils","","60690699","","","Perdu"
"605C7TUF","2025-05-29 10:38","Simple","Perdu","","","","0.00","1","Vainqueur","R. Gasquet","","60690693","","","Perdu"
"605C7F4V","2025-05-29 10:38","Combiné","Perdu","26.27","","","0.00","7","Vainqueur","A. Fils","","60690691","","1.17","Gagné"
"605C7F4V","2025-05-29 10:38","Combiné","Perdu","26.27","","","0.00","7","Vainqueur","M. Andreeva","","60690807","","1.12","Gagné"
"605C7F4V","2025-05-29 10:38","Combiné","Perdu","26.27","","","0.00","7","Vainqueur","F. Cobolli","","60690649","","1.74","Gagné"
"605C7F4V","2025-05-29 10:38","Combiné","Perdu","26.27","","","0.00","7","Vainqueur","J. Fonseca","","60690697","","1.04","Gagné"
"605C7F4V","2025-05-29 10:38","Combiné","Perdu","26.27","","","0.00","7","Vainqueur","C. Norrie","","60690655","","1.13","Gagné"
"605C7F4V","2025-05-29 10:38","Combiné","Perdu","26.27","","","0.00","7","Vainqueur","U. Humbert","","60690657","","1.72",""
"605C7F4V","2025-05-29 10:38","Combiné","Perdu","26.27","","","0.00","7","Vainqueur","G. Monfils","","60690699","","5.70","Perdu"
"602TX2O7","2025-05-27 17:22","Combiné","Perdu","2.56","","","0.00","2","Vainqueur","B. Bonzi","","60736787","","1.84","Perdu"
"602TX2O7","2025-05-27 17:22","Combiné","Perdu","2.56","","","0.00","2","Vainqueur","F. Cobolli","","60766181","","1.39","Gagné"
"601R0LVF","2025-05-26 22:21","Simple","Perdu","","","","0.00","1","Vainqueur","A. Rinderknech","","60736805","","","Perdu"
"601QTYCM","2025-05-26 22:16","Combiné","Perdu","","","","0.00","2","Vainqueur","G. Minnen","","60736201","","4.20","Perdu"
"601QTYCM","2025-05-26 22:16","Combiné","Perdu","","","","0.00","2","Vainqueur","A. Rinderknech","","60736805","","","Perdu"
"601NGWCB","2025-05-26 20:42","Combiné","Perdu","25.60","","","0.00","16","Vainqueur","V. Azarenka","","60736167","Tennis","1.04","Gagné"
"601NGWCB","2025-05-26 20:42","Combiné","Perdu","25.60","","","0.00","16","Vainqueur","M. Andreeva","","60736191","Tennis","1.08","Gagné"
"601NGWCB","2025-05-26 20:42","Combiné","Perdu","25.60","","","0.00","16","Vainqueur","D. Medvedev","","60736771","Tennis","1.22","Perdu"
"601NGWCB","2025-05-26 20:42","Combiné","Perdu","25.60","","","0.00","16","Vainqueur","A. De Minaur","","60736795","Tennis","1.25","Gagné"
"601NGWCB","2025-05-26 20:42","Combiné","Perdu","25.60","","","0.00","16","Vainqueur","A. Kovacevic","","60778687","Tennis","1.45","Perdu"
"601NGWCB","2025-05-26 20:42","Combiné","Perdu","25.60","","","0.00","16","Vainqueur","G. Dimitrov","","60766177","Tennis","1.38",""
"601NGWCB","2025-05-26 20:42","Combiné","Perdu","25.60","","","0.00","16","Vainqueur","A. Bublik","","60736793","Tennis","1.17","Gagné"
"601NGWCB","2025-05-26 20:42","Combiné","Perdu","25.60","","","0.00","16","Vainqueur","C. Gauff","","60736147","Tennis","1.02","Gagné"
"601NGWCB","2025-05-26 20:42","Combiné","Perdu","25.60","","","0.00","16","Vainqueur","B. Bonzi","","60736787","Tennis","1.58","Perdu"
"601NGWCB","2025-05-26 20:42","Combiné","Perdu","25.60","","","0.00","16","Vainqueur","N. Djokovic","","60736761","Tennis","1.01","Gagné"
"601NGWCB","2025-05-26 20:42","Combiné","Perdu","25.60","","","0.00","16","Vainqueur","N. Basilashvili","","60766183","Tennis","1.45","Perdu"
"601NGWCB","2025-05-26 20:42","Combiné","Perdu","25.60","","","0.00","16","Vainqueur","A. Rublev","","60766187","Tennis","1.06","Gagné"
"601NGWCB","2025-05-26 20:42","Combiné","Perdu","25.60","","","0.00","16","Vainqueur","F. Cobolli","","60766181","Tennis","1.50","Gagné"
"601NGWCB","2025-05-26 20:42","Combiné","Perdu","25.60","","","0.00","16","Vainqueur","C. Moutet","","60766173","Tennis","1.25","Gagné"
"601NGWCB","2025-05-26 20:42","Combiné","Perdu","25.60","","","0.00","16","Vainqueur","G. Monfils","","60736785","Tennis","1.26","Gagné"
"601NGWCB","2025-05-26 20:42","Combiné","Perdu","25.60","","","0.00","16","Vainqueur","K. Muchova","","60736179","Tennis","1.08","Perdu"
"601FK24U","2025-05-26 17:00","Combiné","Perdu","131.48","","","0.00","13","Vainqueur","S. Ofner","","60736723","","1.16","Gagné"
"601FK24U","2025-05-26 17:00","Combiné","Perdu","131.48","","","0.00","13","Nombre de sets","Plus de 3,5","","60736763","","1.52","Perdu"
"601FK24U","2025-05-26 17:00","Combiné","Perdu","131.48","","","0.00","13","Vainqueur","D. Kasatkina","","60736187","","1.11","Gagné"
"601FK24U","2025-05-26 17:00","Combiné","Perdu","131.48","","","0.00","13","Vainqueur","R. Gasquet","","60736803","","1.47","Gagné"
"601FK24U","2025-05-26 17:00","Combiné","Perdu","131.48","","","0.00","13","2e set - Vainqueur","F. Misolic","","60766175","","1.54","Gagné"
"601FK24U","2025-05-26 17:00","Combiné","Perdu","131.48","","","0.00","13","Vainqueur","U. Humbert","","60736765","","1.54","Gagné"
"601FK24U","2025-05-26 17:00","Combiné","Perdu","131.48","","","0.00","13","Vainqueur","A. Fils","","60736797","","1.14","Gagné"
"601FK24U","2025-05-26 17:00","Combiné","Perdu","131.48","","","0.00","13","Vainqueur","M.C. Osorio-Serrano","","60736233","","1.41","Perdu"
"601FK24U","2025-05-26 17:00","Combiné","Perdu","131.48","","","0.00","13","Vainqueur","T. Griekspoor","","60736773","","1.28","Gagné"
"601FK24U","2025-05-26 17:00","Combiné","Perdu","131.48","","","0.00","13","Vainqueur","M. Keys","","60762855","","1.06","Gagné"
"601FK24U","2025-05-26 17:00","Combiné","Perdu","131.48","","","0.00","13","Vainqueur","M. Linette","","60736235","","2.25","Perdu"
"601FK24U","2025-05-26 17:00","Combiné","Perdu","131.48","","","0.00","13","Vainqueur","L. Jeanjean","","60736185","","2.55",""
"601FK24U","2025-05-26 17:00","Combiné","Perdu","131.48","","","0.00","13","Vainqueur","C. Dolehide","","60736201","","1.54","Gagné"
"601B839Y","2025-05-26 14:59","Combiné","Perdu","57.55","","","0.00","13","Vainqueur","M. Joint","","60736217","","1.35","Perdu"
"601B839Y","2025-05-26 14:59","Combiné","Perdu","57.55","","","0.00","13","Vainqueur","K. Khachanov","","60736725","","1.09","Gagné"
"601B839Y","2025-05-26 14:59","Combiné","Perdu","57.55","","","0.00","13","Vainqueur","F. Cerundolo","","60736775","","1.09","Perdu"
"601B839Y","2025-05-26 14:59","Combiné","Perdu","57.55","","","0.00","13","Vainqueur","S. Ofner","","60736723","","1.37","Gagné"
"601B839Y","2025-05-26 14:59","Combiné","Perdu","57.55","","","0.00","13","Nombre de sets","Plus de 3,5","","60736763","","1.42","Perdu"
"601B839Y","2025-05-26 14:59","Combiné","Perdu","57.55","","","0.00","13","Vainqueur","D. Kasatkina","","60736187","","1.40","Gagné"
"601B839Y","2025-05-26 14:59","Combiné","Perdu","57.55","","","0.00","13","Vainqueur","R. Gasquet","","60736803","","2.45","Gagné"
"601B839Y","2025-05-26 14:59","Combiné","Perdu","57.55","","","0.00","13","2e set - Vainqueur","F. Misolic","","60766175","","1.56","Gagné"
"601B839Y","2025-05-26 14:59","Combiné","Perdu","57.55","","","0.00","13","Vainqueur","U. Humbert","","60736765","","1.46","Gagné"
"601B839Y","2025-05-26 14:59","Combiné","Perdu","57.55","","","0.00","13","Vainqueur","A. Fils","","60736797","","1.13","Gagné"
"601B839Y","2025-05-26 14:59","Combiné","Perdu","57.55","","","0.00","13","Vainqueur","T. Griekspoor","","60736773","","1.28","Gagné"
"601B839Y","2025-05-26 14:59","Combiné","Perdu","57.55","","","0.00","13","Vainqueur","M. Keys","","60762855","","1.06","Gagné"
"601B839Y","2025-05-26 14:59","Combiné","Perdu","57.55","","","0.00","13","Vainqueur","C. Dolehide","","60736201","","1.54","Gagné"
"6009XLTL","2025-05-25 21:35","Combiné","Perdu","204.42","","","0.00","22","Vainqueur","A. Cazaux","","60736729","Tennis","2.40","Perdu"
"6009XLTL","2025-05-25 21:35","Combiné","Perdu","204.42","","","0.00","22","Nombre de sets","Plus de 3,5","","60736749","Tennis","1.38","Gagné"
"6009XLTL","2025-05-25 21:35","Combiné","Perdu","204.42","","","0.00","22","Vainqueur","E. Rybakina","","60762867","Tennis","1.04","Gagné"
"6009XLTL","2025-05-25 21:35","Combiné","Perdu","204.42","","","0.00","22","Vainqueur","C. Ruud","","60766167","Tennis","1.03","Gagné"
"6009XLTL","2025-05-25 21:35","Combiné","Perdu","204.42","","","0.00","22","Vainqueur","I. Swiatek","","60736193","Tennis","1.02","Gagné"
"6009XLTL","2025-05-25 21:35","Combiné","Perdu","204.42","","","0.00","22","Vainqueur","S. Tsitsipas","","60736717","Tennis","1.21","Gagné"
"6009XLTL","2025-05-25 21:35","Combiné","Perdu","204.42","","","0.00","22","Vainqueur","A. Davidovich-Fokina","","60766189","Tennis","1.09","Gagné"
"6009XLTL","2025-05-25 21:35","Combiné","Perdu","204.42","","","0.00","22","Vainqueur","T. Fritz","","60736731","Tennis","1.29","Perdu"
"6009XLTL","2025-05-25 21:35","Combiné","Perdu","204.42","","","0.00","22","Vainqueur","H. Rune","","60736745","Tennis","1.16","Gagné"
"6009XLTL","2025-05-25 21:35","Combiné","Perdu","204.42","","","0.00","22","Vainqueur","K. Khachanov","","60736725","Tennis","1.09","Gagné"
"6009XLTL","2025-05-25 21:35","Combiné","Perdu","204.42","","","0.00","22","Vainqueur","F. Cerundolo","","60736775","Tennis","1.11","Perdu"
"6009XLTL","2025-05-25 21:35","Combiné","Perdu","204.42","","","0.00","22","Nombre de sets","Plus de 3,5","","60736803","Tennis","1.40","Gagné"
"6009XLTL","2025-05-25 21:35","Combiné","Perdu","204.42","","","0.00","22","Y. Bu remporte au moins un set","Oui","","60766175","Tennis","1.21","Gagné"
"6009XLTL","2025-05-25 21:35","Combiné","Perdu","204.42","","","0.00","22","Vainqueur","U. Humbert","","60736765","Tennis","1.45","Gagné"
"6009XLTL","2025-05-25 21:35","Combiné","Perdu","204.42","","","0.00","22","Vainqueur","A. Fils","","60736797","Tennis","1.14","Gagné"
"6009XLTL","2025-05-25 21:35","Combiné","Perdu","204.42","","","0.00","22","Nombre de sets","Plus de 3,5","","60736799","Tennis","1.39","Perdu"
"6009XLTL","2025-05-25 21:35","Combiné","Perdu","204.42","","","0.00","22","Vainqueur","T. Griekspoor","","60736773","Tennis","1.30","Gagné"
"6009XLTL","2025-05-25 21:35","Combiné","Perdu","204.42","","","0.00","22","Vainqueur","D. Medvedev","","60736771","Tennis","1.22","Perdu"
"6009XLTL","2025-05-25 21:35","Combiné","Perdu","204.42","","","0.00","22","Vainqueur","B. Bonzi","","60736787","Tennis","1.58","Perdu"
"6009XLTL","2025-05-25 21:35","Combiné","Perdu","204.42","","","0.00","22","Vainqueur","F. Cobolli","","60766181","Tennis","1.54","Gagné"
"6009XLTL","2025-05-25 21:35","Combiné","Perdu","204.42","","","0.00","22","Vainqueur","C. Moutet","","60766173","Tennis","1.25","Gagné"
"6009XLTL","2025-05-25 21:35","Combiné","Perdu","204.42","","","0.00","22","Vainqueur","G. Monfils","","60736785","Tennis","1.26","Gagné"
"6003CWN6","2025-05-25 18:31","Combiné","Perdu","214.28","","","0.00","35","Vainqueur","F. Tiafoe","","60736743","Tennis","1.07","Gagné"
"6003CWN6","2025-05-25 18:31","Combiné","Perdu","214.28","","","0.00","35","B. Van De Zandschulp remporte au moins un set","Oui","","60736747","Tennis","1.09","Perdu"
"6003CWN6","2025-05-25 18:31","Combiné","Perdu","214.28","","","0.00","35","Vainqueur","J. Paolini","","60736219","Tennis","1.03","Gagné"
"6003CWN6","2025-05-25 18:31","Combiné","Perdu","214.28","","","0.00","35","Vainqueur","M. Kostyuk","","60762865","Tennis","1.17","Perdu"
"6003CWN6","2025-05-25 18:31","Combiné","Perdu","214.28","","","0.00","35","L. Sonego remporte au moins un set","Oui","","60736719","Tennis","1.20","Gagné"
"6003CWN6","2025-05-25 18:31","Combiné","Perdu","214.28","","","0.00","35","Vainqueur","N. Borges","","60766165","Tennis","1.54","Gagné"
"6003CWN6","2025-05-25 18:31","Combiné","Perdu","214.28","","","0.00","35","L. Darderi remporte au moins un set","Oui","","60736737","Tennis","1.17","Gagné"
"6003CWN6","2025-05-25 18:31","Combiné","Perdu","214.28","","","0.00","35","M. Kecmanovic remporte au moins un set","Oui","","60736749","Tennis","1.17","Gagné"
"6003CWN6","2025-05-25 18:31","Combiné","Perdu","214.28","","","0.00","35","Vainqueur","C. Ruud","","60766167","Tennis","1.03","Gagné"
"6003CWN6","2025-05-25 18:31","Combiné","Perdu","214.28","","","0.00","35","Vainqueur","I. Swiatek","","60736193","Tennis","1.02","Gagné"
"6003CWN6","2025-05-25 18:31","Combiné","Perdu","214.28","","","0.00","35","Vainqueur","C. Alcaraz","","60766155","Tennis","1.01","Gagné"
"6003CWN6","2025-05-25 18:31","Combiné","Perdu","214.28","","","0.00","35","Vainqueur","S. Tsitsipas","","60736717","Tennis","1.21","Gagné"
"6003CWN6","2025-05-25 18:31","Combiné","Perdu","214.28","","","0.00","35","Vainqueur","A. Davidovich-Fokina","","60766189","Tennis","1.09","Gagné"
"6003CWN6","2025-05-25 18:31","Combiné","Perdu","214.28","","","0.00","35","Vainqueur","T. Fritz","","60736731","Tennis","1.27","Perdu"
"6003CWN6","2025-05-25 18:31","Combiné","Perdu","214.28","","","0.00","35","Vainqueur","H. Rune","","60736745","Tennis","1.16","Gagné"
"6003CWN6","2025-05-25 18:31","Combiné","Perdu","214.28","","","0.00","35","Vainqueur","F. Cerundolo","","60736775","Tennis","1.11","Perdu"
"6003CWN6","2025-05-25 18:31","Combiné","Perdu","214.28","","","0.00","35","R. Gasquet remporte au moins un set","Oui","","60736803","Tennis","1.20","Gagné"
"6003CWN6","2025-05-25 18:31","Combiné","Perdu","214.28","","","0.00","35","Vainqueur","U. Humbert","","60736765","Tennis","1.45","Gagné"
"6003CWN6","2025-05-25 18:31","Combiné","Perdu","214.28","","","0.00","35","Vainqueur","A. Fils","","60736797","Tennis","1.14","Gagné"
"6003CWN6","2025-05-25 18:31","Combiné","Perdu","214.28","","","0.00","35","J. Munar remporte au moins un set","Oui","","60736799","Tennis","1.07","Gagné"
"6003CWN6","2025-05-25 18:31","Combiné","Perdu","214.28","","","0.00","35","Vainqueur","T. Griekspoor","","60736773","Tennis","1.30","Gagné"
"6003CWN6","2025-05-25 18:31","Combiné","Perdu","214.28","","","0.00","35","Vainqueur","J. Sinner","","60736805","Tennis","1.01","Gagné"
"6003CWN6","2025-05-25 18:31","Combiné","Perdu","214.28","","","0.00","35","Vainqueur","M. Andreeva","","60736191","Tennis","1.08","Gagné"
"6003CWN6","2025-05-25 18:31","Combiné","Perdu","214.28","","","0.00","35","Vainqueur","D. Medvedev","","60736771","Tennis","1.22","Perdu"
"6003CWN6","2025-05-25 18:31","Combiné","Perdu","214.28","","","0.00","35","Vainqueur","A. De Minaur","","60736795","Tennis","1.25","Gagné"
"6003CWN6","2025-05-25 18:31","Combiné","Perdu","214.28","","","0.00","35","Vainqueur","A. Zverev","","60736781","Tennis","1.02","Gagné"
"6003CWN6","2025-05-25 18:31","Combiné","Perdu","214.28","","","0.00","35","Vainqueur","C. Gauff","","60736147","Tennis","1.02","Gagné"
"6003CWN6","2025-05-25 18:31","Combiné","Perdu","214.28","","","0.00","35","Vainqueur","B. Bonzi","","60736787","Tennis","1.58","Perdu"
"6003CWN6","2025-05-25 18:31","Combiné","Perdu","214.28","","","0.00","35","N. Basilashvili remporte au moins un set","Oui","","60766183","Tennis","1.05","Gagné"
"6003CWN6","2025-05-25 18:31","Combiné","Perdu","214.28","","","0.00","35","Vainqueur","A. Rublev","","60766187","Tennis","1.07","Gagné"
"6003CWN6","2025-05-25 18:31","Combiné","Perdu","214.28","","","0.00","35","F. Auger-Aliassime remporte au moins un set","Oui","","60736777","Tennis","1.09","Gagné"
"6003CWN6","2025-05-25 18:31","Combiné","Perdu","214.28","","","0.00","35","Vainqueur","F. Cobolli","","60766181","Tennis","1.56","Gagné"
"6003CWN6","2025-05-25 18:31","Combiné","Perdu","214.28","","","0.00","35","Vainqueur","C. Moutet","","60766173","Tennis","1.25","Gagné"
"6003CWN6","2025-05-25 18:31","Combiné","Perdu","214.28","","","0.00","35","H. Hurkacz remporte au moins un set","Oui","","60736789","Tennis","1.16","Perdu"
"6003CWN6","2025-05-25 18:31","Combiné","Perdu","214.28","","","0.00","35","Vainqueur","G. Monfils","","60736785","Tennis","1.26","Gagné"
"5ZZV1RIQ","2025-05-25 14:38","Simple","Gagné","","","","20.00","1","","","","","Cotes boostées","","Gagné"
"5ZZMONUH","2025-05-25 10:44","Combiné","Perdu","449.20","2.00","Freebet","0.00","38","Vainqueur","E. Svitolina","","60736207","Tennis","1.06","Gagné"
"5ZZMONUH","2025-05-25 10:44","Combiné","Perdu","449.20","2.00","Freebet","0.00","38","Vainqueur","T. Paul","","60766163","Tennis","1.12","Gagné"
"5ZZMONUH","2025-05-25 10:44","Combiné","Perdu","449.20","2.00","Freebet","0.00","38","Z. Bergs remporte au moins un set","Oui","","60736715","Tennis","1.13","Gagné"
"5ZZMONUH","2025-05-25 10:44","Combiné","Perdu","449.20","2.00","Freebet","0.00","38","T. Tirante remporte au moins un set","Oui","","60766157","Tennis","1.16","Gagné"
"5ZZMONUH","2025-05-25 10:44","Combiné","Perdu","449.20","2.00","Freebet","0.00","38","Vainqueur","L. Musetti","","60766171","Tennis","1.05","Gagné"
"5ZZMONUH","2025-05-25 10:44","Combiné","Perdu","449.20","2.00","Freebet","0.00","38","V. Royer remporte au moins un set","Oui","","60780395","Tennis","1.07","Gagné"
"5ZZMONUH","2025-05-25 10:44","Combiné","Perdu","449.20","2.00","Freebet","0.00","38","Nombre de sets","Plus de 3,5","","60766169","Tennis","1.38","Perdu"
"5ZZMONUH","2025-05-25 10:44","Combiné","Perdu","449.20","2.00","Freebet","0.00","38","F. Tiafoe remporte au moins un set","Oui","","60736743","Tennis","1.03","Gagné"
"5ZZMONUH","2025-05-25 10:44","Combiné","Perdu","449.20","2.00","Freebet","0.00","38","Vainqueur","J. Paolini","","60736219","Tennis","1.04","Gagné"
"5ZZMONUH","2025-05-25 10:44","Combiné","Perdu","449.20","2.00","Freebet","0.00","38","J. Brooksby remporte au moins un set","Oui","","60736739","Tennis","1.06","Gagné"
"5ZZMONUH","2025-05-25 10:44","Combiné","Perdu","449.20","2.00","Freebet","0.00","38","Vainqueur","B. Shelton","","60736719","Tennis","1.60","Gagné"
"5ZZMONUH","2025-05-25 10:44","Combiné","Perdu","449.20","2.00","Freebet","0.00","38","Vainqueur","N. Borges","","60766165","Tennis","1.54","Gagné"
"5ZZMONUH","2025-05-25 10:44","Combiné","Perdu","449.20","2.00","Freebet","0.00","38","L. Darderi remporte au moins un set","Oui","","60736737","Tennis","1.17","Gagné"
"5ZZMONUH","2025-05-25 10:44","Combiné","Perdu","449.20","2.00","Freebet","0.00","38","M. Kecmanovic remporte au moins un set","Oui","","60736749","Tennis","1.17","Gagné"
"5ZZMONUH","2025-05-25 10:44","Combiné","Perdu","449.20","2.00","Freebet","0.00","38","Vainqueur","C. Ruud","","60766167","Tennis","1.03","Gagné"
"5ZZMONUH","2025-05-25 10:44","Combiné","Perdu","449.20","2.00","Freebet","0.00","38","Vainqueur","I. Swiatek","","60736193","Tennis","1.03","Gagné"
"5ZZMONUH","2025-05-25 10:44","Combiné","Perdu","449.20","2.00","Freebet","0.00","38","Vainqueur","A. Davidovich-Fokina","","60766189","Tennis","1.08","Gagné"
"5ZZMONUH","2025-05-25 10:44","Combiné","Perdu","449.20","2.00","Freebet","0.00","38","Vainqueur","T. Fritz","","60736731","Tennis","1.27","Perdu"
"5ZZMONUH","2025-05-25 10:44","Combiné","Perdu","449.20","2.00","Freebet","0.00","38","Vainqueur","H. Rune","","60736745","Tennis","1.17","Gagné"
"5ZZMONUH","2025-05-25 10:44","Combiné","Perdu","449.20","2.00","Freebet","0.00","38","Vainqueur","K. Khachanov","","60736725","Tennis","1.09","Gagné"
"5ZZMONUH","2025-05-25 10:44","Combiné","Perdu","449.20","2.00","Freebet","0.00","38","Vainqueur","F. Cerundolo","","60736775","Tennis","1.11","Perdu"
"5ZZMONUH","2025-05-25 10:44","Combiné","Perdu","449.20","2.00","Freebet","0.00","38","R. Gasquet remporte au moins un set","Oui","","60736803","Tennis","1.20","Gagné"
"5ZZMONUH","2025-05-25 10:44","Combiné","Perdu","449.20","2.00","Freebet","0.00","38","Vainqueur","U. Humbert","","60736765","Tennis","1.47","Gagné"
"5ZZMONUH","2025-05-25 10:44","Combiné","Perdu","449.20","2.00","Freebet","0.00","38","J. Munar remporte au moins un set","Oui","","60736799","Tennis","1.08","Gagné"
"5ZZMONUH","2025-05-25 10:44","Combiné","Perdu","449.20","2.00","Freebet","0.00","38","Vainqueur","T. Griekspoor","","60736773","Tennis","1.30","Gagné"
"5ZZMONUH","2025-05-25 10:44","Combiné","Perdu","449.20","2.00","Freebet","0.00","38","Vainqueur","M. Andreeva","","60736191","Tennis","1.08","Gagné"
"5ZZMONUH","2025-05-25 10:44","Combiné","Perdu","449.20","2.00","Freebet","0.00","38","Vainqueur","D. Medvedev","","60736771","Tennis","1.22","Perdu"
"5ZZMONUH","2025-05-25 10:44","Combiné","Perdu","449.20","2.00","Freebet","0.00","38","Vainqueur","A. De Minaur","","60736795","Tennis","1.26","Gagné"
"5ZZMONUH","2025-05-25 10:44","Combiné","Perdu","449.20","2.00","Freebet","0.00","38","Vainqueur","A. Zverev","","60736781","Tennis","1.03","Gagné"
"5ZZMONUH","2025-05-25 10:44","Combiné","Perdu","449.20","2.00","Freebet","0.00","38","Vainqueur","C. Gauff","","60736147","Tennis","1.02","Gagné"
"5ZZMONUH","2025-05-25 10:44","Combiné","Perdu","449.20","2.00","Freebet","0.00","38","Vainqueur","B. Bonzi","","60736787","Tennis","1.58","Perdu"
"5ZZMONUH","2025-05-25 10:44","Combiné","Perdu","449.20","2.00","Freebet","0.00","38","N. Basilashvili remporte au moins un set","Oui","","60766183","Tennis","1.05","Gagné"
"5ZZMONUH","2025-05-25 10:44","Combiné","Perdu","449.20","2.00","Freebet","0.00","38","Vainqueur","A. Rublev","","60766187","Tennis","1.06","Gagné"
"5ZZMONUH","2025-05-25 10:44","Combiné","Perdu","449.20","2.00","Freebet","0.00","38","F. Auger-Aliassime remporte au moins un set","Oui","","60736777","Tennis","1.09","Gagné"
"5ZZMONUH","2025-05-25 10:44","Combiné","Perdu","449.20","2.00","Freebet","0.00","38","Vainqueur","F. Cobolli","","60766181","Tennis","1.56","Gagné"
"5ZZMONUH","2025-05-25 10:44","Combiné","Perdu","449.20","2.00","Freebet","0.00","38","Vainqueur","C. Moutet","","60766173","Tennis","1.25","Gagné"
"5ZZMONUH","2025-05-25 10:44","Combiné","Perdu","449.20","2.00","Freebet","0.00","38","H. Hurkacz remporte au moins un set","Oui","","60736789","Tennis","1.16","Perdu"
"5ZZMONUH","2025-05-25 10:44","Combiné","Perdu","449.20","2.00","Freebet","0.00","38","Vainqueur","G. Monfils","","60736785","Tennis","1.26","Gagné"
"5ZYYNMLA","2025-05-24 23:32","Combiné","Perdu","76.81","1.00","Freebet","0.00","27","Vainqueur","E. Svitolina","","60736207","","1.08","Gagné"
"5ZYYNMLA","2025-05-24 23:32","Combiné","Perdu","76.81","1.00","Freebet","0.00","27","Vainqueur","T. Paul","","60766163","","1.08","Gagné"
"5ZYYNMLA","2025-05-24 23:32","Combiné","Perdu","76.81","1.00","Freebet","0.00","27","Z. Bergs remporte au moins un set","Oui","","60736715","","1.14","Gagné"
"5ZYYNMLA","2025-05-24 23:32","Combiné","Perdu","76.81","1.00","Freebet","0.00","27","Vainqueur","D. Yastremska","","60736229","","1.12","Gagné"
"5ZYYNMLA","2025-05-24 23:32","Combiné","Perdu","76.81","1.00","Freebet","0.00","27","Vainqueur","Q. Zheng","","60736221","","1.16","Gagné"
"5ZYYNMLA","2025-05-24 23:32","Combiné","Perdu","76.81","1.00","Freebet","0.00","27","Vainqueur","D. Shnaider","","60762875","","1.05","Gagné"
"5ZYYNMLA","2025-05-24 23:32","Combiné","Perdu","76.81","1.00","Freebet","0.00","27","Vainqueur","D. Vekic","","60736213","","1.78","Gagné"
"5ZYYNMLA","2025-05-24 23:32","Combiné","Perdu","76.81","1.00","Freebet","0.00","27","Vainqueur","A. Anisimova","","60762877","","1.13",""
"5ZYYNMLA","2025-05-24 23:32","Combiné","Perdu","76.81","1.00","Freebet","0.00","27","Vainqueur","J. Paolini","","60736219","","1.04","Gagné"
"5ZYYNMLA","2025-05-24 23:32","Combiné","Perdu","76.81","1.00","Freebet","0.00","27","Vainqueur","V. Kudermetova","","60736155","","1.30","Gagné"
"5ZYYNMLA","2025-05-24 23:32","Combiné","Perdu","76.81","1.00","Freebet","0.00","27","Vainqueur","E. Navarro","","60736159","","1.23","Perdu"
"5ZYYNMLA","2025-05-24 23:32","Combiné","Perdu","76.81","1.00","Freebet","0.00","27","Vainqueur","E. Raducanu","","60736195","","1.31","Gagné"
"5ZYYNMLA","2025-05-24 23:32","Combiné","Perdu","76.81","1.00","Freebet","0.00","27","Vainqueur","E. Rybakina","","60762867","","1.05","Gagné"
"5ZYYNMLA","2025-05-24 23:32","Combiné","Perdu","76.81","1.00","Freebet","0.00","27","Vainqueur","I. Swiatek","","60736193","","1.02","Gagné"
"5ZYYNMLA","2025-05-24 23:32","Combiné","Perdu","76.81","1.00","Freebet","0.00","27","Vainqueur","D. Parry","","60736161","","1.45","Perdu"
"5ZYYNMLA","2025-05-24 23:32","Combiné","Perdu","76.81","1.00","Freebet","0.00","27","Vainqueur","D. Collins","","60736239","","1.01","Gagné"
"5ZYYNMLA","2025-05-24 23:32","Combiné","Perdu","76.81","1.00","Freebet","0.00","27","Vainqueur","D. Kasatkina","","60736187","","1.45","Gagné"
"5ZYYNMLA","2025-05-24 23:32","Combiné","Perdu","76.81","1.00","Freebet","0.00","27","Vainqueur","J. Ostapenko","","60736199","","1.16","Gagné"
"5ZYYNMLA","2025-05-24 23:32","Combiné","Perdu","76.81","1.00","Freebet","0.00","27","Vainqueur","B. Krejcikova","","60736157","","1.20","Gagné"
"5ZYYNMLA","2025-05-24 23:32","Combiné","Perdu","76.81","1.00","Freebet","0.00","27","Vainqueur","E. Alexandrova","","60736153","","1.24","Gagné"
"5ZYYNMLA","2025-05-24 23:32","Combiné","Perdu","76.81","1.00","Freebet","0.00","27","Vainqueur","M. Keys","","60762855","","1.06","Gagné"
"5ZYYNMLA","2025-05-24 23:32","Combiné","Perdu","76.81","1.00","Freebet","0.00","27","Vainqueur","V. Azarenka","","60736167","","1.04","Gagné"
"5ZYYNMLA","2025-05-24 23:32","Combiné","Perdu","76.81","1.00","Freebet","0.00","27","Vainqueur","M. Andreeva","","60736191","","1.09","Gagné"
"5ZYYNMLA","2025-05-24 23:32","Combiné","Perdu","76.81","1.00","Freebet","0.00","27","Vainqueur","C. Gauff","","60736147","","1.02","Gagné"
"5ZYYNMLA","2025-05-24 23:32","Combiné","Perdu","76.81","1.00","Freebet","0.00","27","Vainqueur","J. Pegula","","60736169","","1.15","Gagné"
"5ZYYNMLA","2025-05-24 23:32","Combiné","Perdu","76.81","1.00","Freebet","0.00","27","Vainqueur","O. Jabeur","","60736171","","1.42","Perdu"
"5ZYYNMLA","2025-05-24 23:32","Combiné","Perdu","76.81","1.00","Freebet","0.00","27","Vainqueur","E. Mertens","","60736173","","1.23","Perdu"
"5ZYYBQIL","2025-05-24 23:22","Combiné","Perdu","220.20","2.00","Freebet","0.00","26","Vainqueur","M. Fucsovics","","60736721","Tennis","1.10","Gagné"
"5ZYYBQIL","2025-05-24 23:22","Combiné","Perdu","220.20","2.00","Freebet","0.00","26","Nombre de sets","Plus de 3,5","","60736753","Tennis","1.41","Gagné"
"5ZYYBQIL","2025-05-24 23:22","Combiné","Perdu","220.20","2.00","Freebet","0.00","26","Vainqueur","T. Paul","","60766163","Tennis","1.08","Gagné"
"5ZYYBQIL","2025-05-24 23:22","Combiné","Perdu","220.20","2.00","Freebet","0.00","26","Vainqueur","G. Mpetshi Perricard","","60736715","Tennis","1.74","Gagné"
"5ZYYBQIL","2025-05-24 23:22","Combiné","Perdu","220.20","2.00","Freebet","0.00","26","Vainqueur","F. Comesana","","60736741","Tennis","1.48","Perdu"
"5ZYYBQIL","2025-05-24 23:22","Combiné","Perdu","220.20","2.00","Freebet","0.00","26","Vainqueur","L. Musetti","","60766171","Tennis","1.06","Gagné"
"5ZYYBQIL","2025-05-24 23:22","Combiné","Perdu","220.20","2.00","Freebet","0.00","26","Vainqueur","F. Marozsan","","60736713","Tennis","1.22","Gagné"
"5ZYYBQIL","2025-05-24 23:22","Combiné","Perdu","220.20","2.00","Freebet","0.00","26","Vainqueur","F. Tiafoe","","60736743","Tennis","1.43","Gagné"
"5ZYYBQIL","2025-05-24 23:22","Combiné","Perdu","220.20","2.00","Freebet","0.00","26","Vainqueur","M. Gigante","","60766159","Tennis","1.47","Gagné"
"5ZYYBQIL","2025-05-24 23:22","Combiné","Perdu","220.20","2.00","Freebet","0.00","26","Vainqueur","A. Popyrin","","60736727","Tennis","1.15",""
"5ZYYBQIL","2025-05-24 23:22","Combiné","Perdu","220.20","2.00","Freebet","0.00","26","Vainqueur","C. Ruud","","60766167","Tennis","1.03","Gagné"
"5ZYYBQIL","2025-05-24 23:22","Combiné","Perdu","220.20","2.00","Freebet","0.00","26","Vainqueur","H. Rune","","60736745","Tennis","1.17","Gagné"
"5ZYYBQIL","2025-05-24 23:22","Combiné","Perdu","220.20","2.00","Freebet","0.00","26","Vainqueur","K. Khachanov","","60736725","Tennis","1.09","Gagné"
"5ZYYBQIL","2025-05-24 23:22","Combiné","Perdu","220.20","2.00","Freebet","0.00","26","Vainqueur","J. Lehecka","","60736801","Tennis","1.16","Gagné"
"5ZYYBQIL","2025-05-24 23:22","Combiné","Perdu","220.20","2.00","Freebet","0.00","26","Vainqueur","F. Cerundolo","","60736775","Tennis","1.11","Perdu"
"5ZYYBQIL","2025-05-24 23:22","Combiné","Perdu","220.20","2.00","Freebet","0.00","26","Vainqueur","S. Ofner","","60736723","Tennis","1.37","Gagné"
"5ZYYBQIL","2025-05-24 23:22","Combiné","Perdu","220.20","2.00","Freebet","0.00","26","Vainqueur","A. Fils","","60736797","Tennis","1.14","Gagné"
"5ZYYBQIL","2025-05-24 23:22","Combiné","Perdu","220.20","2.00","Freebet","0.00","26","Vainqueur","T. Griekspoor","","60736773","Tennis","1.31","Gagné"
"5ZYYBQIL","2025-05-24 23:22","Combiné","Perdu","220.20","2.00","Freebet","0.00","26","Vainqueur","D. Medvedev","","60736771","Tennis","1.24","Perdu"
"5ZYYBQIL","2025-05-24 23:22","Combiné","Perdu","220.20","2.00","Freebet","0.00","26","Vainqueur","A. De Minaur","","60736795","Tennis","1.26","Gagné"
"5ZYYBQIL","2025-05-24 23:22","Combiné","Perdu","220.20","2.00","Freebet","0.00","26","Vainqueur","A. Bublik","","60736793","Tennis","1.17","Gagné"
"5ZYYBQIL","2025-05-24 23:22","Combiné","Perdu","220.20","2.00","Freebet","0.00","26","Vainqueur","A. Zverev","","60736781","Tennis","1.03","Gagné"
"5ZYYBQIL","2025-05-24 23:22","Combiné","Perdu","220.20","2.00","Freebet","0.00","26","Vainqueur","J. Draper","","60736783","Tennis","1.02","Gagné"
"5ZYYBQIL","2025-05-24 23:22","Combiné","Perdu","220.20","2.00","Freebet","0.00","26","Vainqueur","F. Cobolli","","60766181","Tennis","1.56","Gagné"
"5ZYYBQIL","2025-05-24 23:22","Combiné","Perdu","220.20","2.00","Freebet","0.00","26","Vainqueur","C. Moutet","","60766173","Tennis","1.25","Gagné"
"5ZYYBQIL","2025-05-24 23:22","Combiné","Perdu","220.20","2.00","Freebet","0.00","26","Vainqueur","G. Monfils","","60736785","Tennis","1.26","Gagné"
"5ZAJ5JK3","2025-05-07 21:11","Simple","Gagné","2.70","","","40.50","1","Résultat","PSG","RésultatPSGLive2,70Paris SG2 - 1Arsenal","58265387","","2.70","Gagné"
"5YSV6WB3","2025-04-25 12:28","Simple","Perdu","5.90","","","0.00","1","2e set - Score exact","4-6","Score exact4-6Live5,90Francisco ComesanaArthur Fils7664","59915144","","5.90","Perdu"
"5YBO1ZNR","2025-04-13 11:36","Simple","Perdu","4.90","","","0.00","1","VainqueurL. Musetti","Vainqueur","","59551123","Tennis","4.90","Perdu"
"5Y4GP894","2025-04-08 10:36","Combiné","Gagné","2.37","","","92.63","2","Vainqueur","G. Dimitrov","","59586545","","1.30","Gagné"
"5Y4GP894","2025-04-08 10:36","Combiné","Gagné","2.37","","","92.63","2","Score exact","2 - 0","","59586555","","1.82",""
"5Y31VCQE","2025-04-07 10:53","Combiné","Perdu","1.72","","","0.00","2","Vainqueur","F. Auger-Aliassime","","59655037","","1.40","Perdu"
"5Y31VCQE","2025-04-07 10:53","Combiné","Perdu","1.72","","","0.00","2","Vainqueur","L. Musetti","","59655047","","1.23","Gagné"
"5Y31UU5W","2025-04-07 10:53","Simple","Gagné","2.85","","","71.25","1","Vainqueur","M. Giron","","59586539","","2.85","Gagné"
"5Y31UTEB","2025-04-07 10:53","Simple","Perdu","2.15","","","0.00","1","Vainqueur","S. Wawrinka","","59586549","","2.15","Perdu"
"5Y0DIY4J","2025-04-05 13:58","Combiné","Perdu","2.34","","","0.00","3","Double chanceMetz ou match nul","Double chance","Double chanceMetz ou match nulNombre de butsPlus de 0,5Caen2 - 2Metz","50956831","","1.24","Gagné"
"5Y0DIY4J","2025-04-05 13:58","Combiné","Perdu","2.34","","","0.00","3","RésultatR. Madrid","Résultat","RésultatR. MadridNombre de butsPlus de 1,5Real Madrid1 - 2Valence","50852663","","1.34","Perdu"
"5Y0DIY4J","2025-04-05 13:58","Combiné","Perdu","2.34","","","0.00","3","Résultat","Inter","RésultatInter1,41Parme2 - 2Inter Milan","51273421","","1.41","Perdu"
"5Y06VZX1","2025-04-05 10:50","Combiné","Perdu","5.34","","","0.00","3","Vainqueur","S. Baez","","59276473","","1.72","Gagné"
"5Y06VZX1","2025-04-05 10:50","Combiné","Perdu","5.34","","","0.00","3","Vainqueur","R. Carballes Baena","","59276551","","1.94","Perdu"
"5Y06VZX1","2025-04-05 10:50","Combiné","Perdu","5.34","","","0.00","3","Vainqueur","T. Griekspoor","","59276545","","1.60","Gagné"
"5XYSXQ5E","2025-04-04 11:32","Combiné","Gagné","2.62","","","79.27","2","Vainqueur","S. Baez","","59276465","","1.49","Gagné"
"5XYSXQ5E","2025-04-04 11:32","Combiné","Gagné","2.62","","","79.27","2","Vainqueur","P. Martinez","","59276475","","1.76",""
"5XXAXEKT","2025-04-03 10:20","Simple","Gagné","2.40","","","103.20","1","Vainqueur","M. Fucsovics","","59276459","","2.40","Gagné"
"5XWILY1Z","2025-04-02 21:07","Combiné","Perdu","86.71","","","0.00","9","Résultat","FC Barcelone","RésultatFC Barcelone2,20Atletico Madrid0 - 1FC Barcelone","58016181","Hockey","2.20","Gagné"
"5XWILY1Z","2025-04-02 21:07","Combiné","Perdu","86.71","","","0.00","9","Vainqueur","Houston Astros","VainqueurHouston Astros1,56Houston Astros3 - 6San Francisco Giants","55309563","Hockey","1.56","Perdu"
"5XWILY1Z","2025-04-02 21:07","Combiné","Perdu","86.71","","","0.00","9","Vainqueur","San Diego Padres","VainqueurSan Diego Padres1,50San Diego Padres5 - 2Cleveland Guardians","55311351","Hockey","1.50","Gagné"
"5XWILY1Z","2025-04-02 21:07","Combiné","Perdu","86.71","","","0.00","9","Vainqueur","New York Mets","VainqueurNew York Mets1,44Miami Marlins4 - 4New York Mets(5-6 a.p.)","55308915","Hockey","1.44","Gagné"
"5XWILY1Z","2025-04-02 21:07","Combiné","Perdu","86.71","","","0.00","9","Vainqueur","Q. Zheng","","59279681","Hockey","1.30","Gagné"
"5XWILY1Z","2025-04-02 21:07","Combiné","Perdu","86.71","","","0.00","9","Résultat","New York Rangers","RésultatNew York Rangers1,98New York Rangers5 - 4Minnesota Wild(reg 4-4)","51248105","Hockey","1.98","Perdu"
"5XWILY1Z","2025-04-02 21:07","Combiné","Perdu","86.71","","","0.00","9","Résultat","Rochester Americans","RésultatRochester Americans1,96Rochester Americans4 - 2Springfield Thunderbirds","51573989","Hockey","1.96","Gagné"
"5XWILY1Z","2025-04-02 21:07","Combiné","Perdu","86.71","","","0.00","9","Vainqueur","New York Yankees","VainqueurNew York Yankees1,68New York Yankees3 - 4Arizona Diamondbacks","55310197","Hockey","1.68","Perdu"
"5XWILY1Z","2025-04-02 21:07","Combiné","Perdu","86.71","","","0.00","9","Vainqueur","E. Mertens","","59279687","Hockey","1.38","Gagné"
"5XVX46IZ","2025-04-02 11:06","Simple","Gagné","3.05","","","45.75","1","VainqueurF. Comesana","Vainqueur","","59276455","","3.05","Gagné"
"5XQP1S07","2025-03-29 18:21","Combiné","Perdu","35.30","5.00","Freebet","0.00","11","Résultat","Glasgow Rangers","RésultatGlasgow Rangers1,32Dundee FC3 - 4Glasgow Rangers","51115939","","1.32","Gagné"
"5XQP1S07","2025-03-29 18:21","Combiné","Perdu","35.30","5.00","Freebet","0.00","11","Vainqueur","Oldenbourg","VainqueurOldenbourg1,42Oldenbourg95 - 97Syntainics MBC","52258463","","1.42","Perdu"
"5XQP1S07","2025-03-29 18:21","Combiné","Perdu","35.30","5.00","Freebet","0.00","11","Vainqueur","Tofas Bursa","VainqueurTofas Bursa1,26Tofas Bursa98 - 106Manisa Buyuksehir Belediye","52864593","","1.26","Perdu"
"5XQP1S07","2025-03-29 18:21","Combiné","Perdu","35.30","5.00","Freebet","0.00","11","Résultat","Pafos FC","RésultatPafos FC1,52Pafos FC3 - 1Omónia Nicosie","58993849","","1.52","Gagné"
"5XQP1S07","2025-03-29 18:21","Combiné","Perdu","35.30","5.00","Freebet","0.00","11","Résultat","Étoile Rouge","RésultatÉtoile Rouge1,40Vojvodina3 - 5Étoile Rouge Belgrade","50730429","","1.40","Gagné"
"5XQP1S07","2025-03-29 18:21","Combiné","Perdu","35.30","5.00","Freebet","0.00","11","Résultat","Tampa Bay Lightning","RésultatTampa Bay Lightning1,64Tampa Bay Lightning5 - 3New York Islanders","51248041","Hockey","1.64","Gagné"
"5XQP1S07","2025-03-29 18:21","Combiné","Perdu","35.30","5.00","Freebet","0.00","11","Vainqueur","Orléans","VainqueurOrléans1,24Fos Provence Basket60 - 77Orléans","51608973","","1.24","Gagné"
"5XQP1S07","2025-03-29 18:21","Combiné","Perdu","35.30","5.00","Freebet","0.00","11","Vainqueur","Trapani","VainqueurTrapani1,39Dinamo Sassari92 - 80Trapani Shark","52047909","","1.39","Perdu"
"5XQP1S07","2025-03-29 18:21","Combiné","Perdu","35.30","5.00","Freebet","0.00","11","Vainqueur","Bonn","VainqueurBonn1,45Bonn93 - 96Towers Hamburg","52258461","","1.45","Perdu"
"5XQP1S07","2025-03-29 18:21","Combiné","Perdu","35.30","5.00","Freebet","0.00","11","Vainqueur","Bayern Munich","VainqueurBayern Munich1,36Würzburg Baskets75 - 81Bayern Munich","52258467","","1.36","Gagné"
"5XQP1S07","2025-03-29 18:21","Combiné","Perdu","35.30","5.00","Freebet","0.00","11","Vainqueur","A. Sabalenka","","58906337","","1.26","Gagné"
"5VIACPPF","2025-02-01 11:48","Combiné","Perdu","50.00","10.00","Freebet","0.00","14","Vainqueur","P. Martinez","","57688877","Tennis","2.05","Gagné"
"5VIACPPF","2025-02-01 11:48","Combiné","Perdu","50.00","10.00","Freebet","0.00","14","Vainqueur","H. Rune","","57657967","Tennis","1.52","Gagné"
"5VIACPPF","2025-02-01 11:48","Combiné","Perdu","50.00","10.00","Freebet","0.00","14","Vainqueur","J. Lehecka","","57657935","Tennis","1.05",""
"5VIACPPF","2025-02-01 11:48","Combiné","Perdu","50.00","10.00","Freebet","0.00","14","Vainqueur","Y. Hanfmann","","57659551","Tennis","1.10",""
"5VIACPPF","2025-02-01 11:48","Combiné","Perdu","50.00","10.00","Freebet","0.00","14","Vainqueur","Z. Bergs","","57688347","Tennis","1.16","Gagné"
"5VIACPPF","2025-02-01 11:48","Combiné","Perdu","50.00","10.00","Freebet","0.00","14","Vainqueur","D. Ajdukovic","","57658065","Tennis","1.26",""
"5VIACPPF","2025-02-01 11:48","Combiné","Perdu","50.00","10.00","Freebet","0.00","14","Vainqueur","H. Medjedovic","","57657973","Tennis","1.29","Perdu"
"5VIACPPF","2025-02-01 11:48","Combiné","Perdu","50.00","10.00","Freebet","0.00","14","Vainqueur","R. Carballes Baena","","57688881","Tennis","1.58","Gagné"
"5VIACPPF","2025-02-01 11:48","Combiné","Perdu","50.00","10.00","Freebet","0.00","14","Vainqueur","L. Neumayer","","57690117","Tennis","1.24",""
"5VIACPPF","2025-02-01 11:48","Combiné","Perdu","50.00","10.00","Freebet","0.00","14","Vainqueur","T. Machac","","57657937","Tennis","1.02",""
"5VIACPPF","2025-02-01 11:48","Combiné","Perdu","50.00","10.00","Freebet","0.00","14","Vainqueur","A. Fils","","57687993","Tennis","1.26","Gagné"
"5VIACPPF","2025-02-01 11:48","Combiné","Perdu","50.00","10.00","Freebet","0.00","14","Vainqueur","M. Marterer","","57659553","Tennis","1.13",""
"5VIACPPF","2025-02-01 11:48","Combiné","Perdu","50.00","10.00","Freebet","0.00","14","Vainqueur","A. Vukic","","57660311","Tennis","1.56",""
"5VIACPPF","2025-02-01 11:48","Combiné","Perdu","50.00","10.00","Freebet","0.00","14","Vainqueur","F. Marozsan","","57694137","Tennis","1.66","Gagné"
"5VE0XR02","2025-01-29 12:13","Combiné","Perdu","1108.34","5.00","Freebet","0.00","11","Résultat","Étoile Rouge","RésultatÉtoile Rouge2,55Young Boys Berne0 - 1Étoile Rouge Belgrade","53152303","","2.55","Gagné"
"5VE0XR02","2025-01-29 12:13","Combiné","Perdu","1108.34","5.00","Freebet","0.00","11","Résultat","FC Barcelone","RésultatFC Barcelone1,66FC Barcelone2 - 2Atalanta Bergame","53152305","","1.66","Perdu"
"5VE0XR02","2025-01-29 12:13","Combiné","Perdu","1108.34","5.00","Freebet","0.00","11","Résultat","Inter","RésultatInter1,62Inter Milan3 - 0Monaco","53152383","","1.62","Gagné"
"5VE0XR02","2025-01-29 12:13","Combiné","Perdu","1108.34","5.00","Freebet","0.00","11","Résultat","Atl. Madrid","RésultatAtl. Madrid1,39Red Bull Salzbourg1 - 4Atletico Madrid","53152463","","1.39","Gagné"
"5VE0XR02","2025-01-29 12:13","Combiné","Perdu","1108.34","5.00","Freebet","0.00","11","Résultat","Arsenal","RésultatArsenal1,56Gérone1 - 2Arsenal","53152523","","1.56","Gagné"
"5VE0XR02","2025-01-29 12:13","Combiné","Perdu","1108.34","5.00","Freebet","0.00","11","Résultat","Milan AC","RésultatMilan AC1,52Dinamo Zagreb2 - 1Milan AC","53152527","","1.52","Perdu"
"5VE0XR02","2025-01-29 12:13","Combiné","Perdu","1108.34","5.00","Freebet","0.00","11","Résultat","Match nul","RésultatMatch nul3,60Lille6 - 1Feyenoord","53152531","","3.60","Perdu"
"5VE0XR02","2025-01-29 12:13","Combiné","Perdu","1108.34","5.00","Freebet","0.00","11","Résultat","Manchester City","RésultatManchester City1,22Manchester City3 - 1Club Bruges","53152533","Football","1.22","Gagné"
"5VE0XR02","2025-01-29 12:13","Combiné","Perdu","1108.34","5.00","Freebet","0.00","11","Résultat","Liverpool","RésultatLiverpool3,15PSV Eindhoven3 - 2Liverpool","53152535","","3.15","Perdu"
"5VE0XR02","2025-01-29 12:13","Combiné","Perdu","1108.34","5.00","Freebet","0.00","11","Résultat","R. Madrid","RésultatR. Madrid1,39Brest0 - 3Real Madrid","53152541","","1.39","Gagné"
"5VE0XR02","2025-01-29 12:13","Combiné","Perdu","1108.34","5.00","Freebet","0.00","11","Résultat","Match nul","RésultatMatch nul2,55VfB Stuttgart1 - 4Paris SG","53152543","","2.55","Perdu"
"5USGEEVD","2025-01-14 9:55","Combiné","Perdu","10.83","","","0.00","7","Vainqueur","L. Musetti","","57022671","","1.45","Gagné"
"5USGEEVD","2025-01-14 9:55","Combiné","Perdu","10.83","","","0.00","7","Vainqueur","R. Bautista-Agut","","57022673","","1.58","Perdu"
"5USGEEVD","2025-01-14 9:55","Combiné","Perdu","10.83","","","0.00","7","Vainqueur","A. De Minaur","","57022683","","1.02","Gagné"
"5USGEEVD","2025-01-14 9:55","Combiné","Perdu","10.83","","","0.00","7","Vainqueur","T. Townsend","","57023651","","1.40","Perdu"
"5USGEEVD","2025-01-14 9:55","Combiné","Perdu","10.83","","","0.00","7","Vainqueur","O. Jabeur","","57023645","","1.66","Gagné"
"5USGEEVD","2025-01-14 9:55","Combiné","Perdu","10.83","","","0.00","7","Vainqueur","M. Sakkari","","57023643","","1.50","Perdu"
"5USGEEVD","2025-01-14 9:55","Combiné","Perdu","10.83","","","0.00","7","Vainqueur","V. Kudermetova","","57023657","","1.33","Gagné"
"5USFYSLC","2025-01-14 9:43","Combiné","Perdu","127.61","","","0.00","9","Vainqueur","L. Musetti","","57022671","","1.52","Gagné"
"5USFYSLC","2025-01-14 9:43","Combiné","Perdu","127.61","","","0.00","9","Vainqueur","C. Moutet","","57022663","","3.60","Gagné"
"5USFYSLC","2025-01-14 9:43","Combiné","Perdu","127.61","","","0.00","9","Vainqueur","R. Bautista-Agut","","57022673","","1.90","Perdu"
"5USFYSLC","2025-01-14 9:43","Combiné","Perdu","127.61","","","0.00","9","Vainqueur","A. De Minaur","","57022683","","1.02","Gagné"
"5USFYSLC","2025-01-14 9:43","Combiné","Perdu","127.61","","","0.00","9","Vainqueur","T. Townsend","","57023651","","1.76","Perdu"
"5USFYSLC","2025-01-14 9:43","Combiné","Perdu","127.61","","","0.00","9","Vainqueur","O. Jabeur","","57023645","","1.49","Gagné"
"5USFYSLC","2025-01-14 9:43","Combiné","Perdu","127.61","","","0.00","9","Vainqueur","M. Sakkari","","57023643","","1.50","Perdu"
"5USFYSLC","2025-01-14 9:43","Combiné","Perdu","127.61","","","0.00","9","Vainqueur","J. Fonseca","","57030633","","2.30","Gagné"
"5USFYSLC","2025-01-14 9:43","Combiné","Perdu","127.61","","","0.00","9","Vainqueur","V. Kudermetova","","57023657","","1.33","Gagné"
"5UPR2Z47","2025-01-12 12:31","Combiné","Perdu","12.16","","","0.00","10","Score exact","2 - 0","","57023675","","1.52","Gagné"
"5UPR2Z47","2025-01-12 12:31","Combiné","Perdu","12.16","","","0.00","10","Score exact","2 - 0","","57023701","","1.46","Gagné"
"5UPR2Z47","2025-01-12 12:31","Combiné","Perdu","12.16","","","0.00","10","Score exact","2 - 0","","57023691","","1.18","Gagné"
"5UPR2Z47","2025-01-12 12:31","Combiné","Perdu","12.16","","","0.00","10","Vainqueur","V. Azarenka","","57023631","","1.29","Perdu"
"5UPR2Z47","2025-01-12 12:31","Combiné","Perdu","12.16","","","0.00","10","Score exact","0 - 2","","57023623","","1.16","Gagné"
"5UPR2Z47","2025-01-12 12:31","Combiné","Perdu","12.16","","","0.00","10","Vainqueur","J. Thompson","","57030621","","1.33","Gagné"
"5UPR2Z47","2025-01-12 12:31","Combiné","Perdu","12.16","","","0.00","10","Vainqueur","J. Draper","","57022647","","1.07","Gagné"
"5UPR2Z47","2025-01-12 12:31","Combiné","Perdu","12.16","","","0.00","10","Vainqueur","T. Kokkinakis","","57022645","","1.58","Gagné"
"5UPR2Z47","2025-01-12 12:31","Combiné","Perdu","12.16","","","0.00","10","Vainqueur","Y. Nishioka","","57030619","","1.17","Gagné"
"5UPR2Z47","2025-01-12 12:31","Combiné","Perdu","12.16","","","0.00","10","Vainqueur","T. Paul","","57022627","","1.18","Gagné"
"5UOVMLZF","2025-01-11 21:51","Combiné","Perdu","142.87","","","0.00","24","Vainqueur","B. Pera","","57023711","","1.46","Perdu"
"5UOVMLZF","2025-01-11 21:51","Combiné","Perdu","142.87","","","0.00","24","Vainqueur","L.A. Fernandez","","57023687","","1.16","Gagné"
"5UOVMLZF","2025-01-11 21:51","Combiné","Perdu","142.87","","","0.00","24","Vainqueur","M. Andreeva","","57023703","","1.29","Gagné"
"5UOVMLZF","2025-01-11 21:51","Combiné","Perdu","142.87","","","0.00","24","Vainqueur","Q. Zheng","","57032271","","1.09","Gagné"
"5UOVMLZF","2025-01-11 21:51","Combiné","Perdu","142.87","","","0.00","24","Vainqueur","A. Sabalenka","","57023715","","1.02","Gagné"
"5UOVMLZF","2025-01-11 21:51","Combiné","Perdu","142.87","","","0.00","24","Vainqueur","L. Samsonova","","57023675","","1.23","Gagné"
"5UOVMLZF","2025-01-11 21:51","Combiné","Perdu","142.87","","","0.00","24","Vainqueur","M. Linette","","57023705","","1.42","Perdu"
"5UOVMLZF","2025-01-11 21:51","Combiné","Perdu","142.87","","","0.00","24","Vainqueur","D. Shnaider","","57023701","","1.20","Gagné"
"5UOVMLZF","2025-01-11 21:51","Combiné","Perdu","142.87","","","0.00","24","Vainqueur","A. Krueger","","57023699","","1.40","Perdu"
"5UOVMLZF","2025-01-11 21:51","Combiné","Perdu","142.87","","","0.00","24","Vainqueur","C. Gauff","","57023691","","1.05","Gagné"
"5UOVMLZF","2025-01-11 21:51","Combiné","Perdu","142.87","","","0.00","24","Vainqueur","P. Kudermetova","","57032277","","1.74","Perdu"
"5UOVMLZF","2025-01-11 21:51","Combiné","Perdu","142.87","","","0.00","24","Vainqueur","E. Svitolina","","57023653","","1.26","Gagné"
"5UOVMLZF","2025-01-11 21:51","Combiné","Perdu","142.87","","","0.00","24","Vainqueur","V. Azarenka","","57023631","","1.29","Perdu"
"5UOVMLZF","2025-01-11 21:51","Combiné","Perdu","142.87","","","0.00","24","Vainqueur","I. Swiatek","","57023623","","1.04","Gagné"
"5UOVMLZF","2025-01-11 21:51","Combiné","Perdu","142.87","","","0.00","24","Vainqueur","J. Pegula","","57023671","","1.19","Gagné"
"5UOVMLZF","2025-01-11 21:51","Combiné","Perdu","142.87","","","0.00","24","Vainqueur","D. Collins","","57032255","","1.33","Gagné"
"5UOVMLZF","2025-01-11 21:51","Combiné","Perdu","142.87","","","0.00","24","Vainqueur","B. Haddad Maia","","57032253","","1.22","Gagné"
"5UOVMLZF","2025-01-11 21:51","Combiné","Perdu","142.87","","","0.00","24","Vainqueur","A. Anisimova","","57023627","","1.24","Gagné"
"5UOVMLZF","2025-01-11 21:51","Combiné","Perdu","142.87","","","0.00","24","Vainqueur","D. Kasatkina","","57023635","","1.17","Gagné"
"5UOVMLZF","2025-01-11 21:51","Combiné","Perdu","142.87","","","0.00","24","Vainqueur","E. Rybakina","","57023669","","1.04","Gagné"
"5UOVMLZF","2025-01-11 21:51","Combiné","Perdu","142.87","","","0.00","24","Vainqueur","Y. Putintseva","","57023641","","1.38","Gagné"
"5UOVMLZF","2025-01-11 21:51","Combiné","Perdu","142.87","","","0.00","24","Vainqueur","M. Keys","","57023661","","1.14","Gagné"
"5UOVMLZF","2025-01-11 21:51","Combiné","Perdu","142.87","","","0.00","24","Vainqueur","J. Paolini","","57032249","","1.19","Gagné"
"5UOVMLZF","2025-01-11 21:51","Combiné","Perdu","142.87","","","0.00","24","Vainqueur","K. Boulter","","57023655","","1.19","Gagné"
"5UOVFWLR","2025-01-11 21:45","Combiné","Perdu","239.81","","","0.00","37","Vainqueur","A. Fils","","57022623","Tennis","1.13","Gagné"
"5UOVFWLR","2025-01-11 21:45","Combiné","Perdu","239.81","","","0.00","37","Vainqueur","K. Nishikori","","57030615","Tennis","1.21","Gagné"
"5UOVFWLR","2025-01-11 21:45","Combiné","Perdu","239.81","","","0.00","37","Vainqueur","C. Ruud","","57022637","Tennis","1.16","Gagné"
"5UOVFWLR","2025-01-11 21:45","Combiné","Perdu","239.81","","","0.00","37","Vainqueur","Y. Bu","","57030611","Tennis","1.35","Perdu"
"5UOVFWLR","2025-01-11 21:45","Combiné","Perdu","239.81","","","0.00","37","Vainqueur","J. Lehecka","","57022655","Tennis","1.10","Gagné"
"5UOVFWLR","2025-01-11 21:45","Combiné","Perdu","239.81","","","0.00","37","Vainqueur","A. Sabalenka","","57023715","Tennis","1.02","Gagné"
"5UOVFWLR","2025-01-11 21:45","Combiné","Perdu","239.81","","","0.00","37","Vainqueur","U. Humbert","","57030613","Tennis","1.08","Gagné"
"5UOVFWLR","2025-01-11 21:45","Combiné","Perdu","239.81","","","0.00","37","Vainqueur","A. Zverev","","57022615","Tennis","1.01","Gagné"
"5UOVFWLR","2025-01-11 21:45","Combiné","Perdu","239.81","","","0.00","37","Nombre de sets","Plus de 3,5","","57022693","Tennis","1.39","Gagné"
"5UOVFWLR","2025-01-11 21:45","Combiné","Perdu","239.81","","","0.00","37","F. Marozsan remporte au moins un set","Oui","","57022667","Tennis","1.04","Gagné"
"5UOVFWLR","2025-01-11 21:45","Combiné","Perdu","239.81","","","0.00","37","J. Duckworth remporte au moins un set","Oui","","57022629","Tennis","1.09","Gagné"
"5UOVFWLR","2025-01-11 21:45","Combiné","Perdu","239.81","","","0.00","37","Vainqueur","J. Sinner","","57022709","Tennis","1.01","Gagné"
"5UOVFWLR","2025-01-11 21:45","Combiné","Perdu","239.81","","","0.00","37","Vainqueur","I. Swiatek","","57023623","Tennis","1.04","Gagné"
"5UOVFWLR","2025-01-11 21:45","Combiné","Perdu","239.81","","","0.00","37","Vainqueur","J. Thompson","","57030621","Tennis","1.34","Gagné"
"5UOVFWLR","2025-01-11 21:45","Combiné","Perdu","239.81","","","0.00","37","Vainqueur","A. Vukic","","57022643","Tennis","1.30","Gagné"
"5UOVFWLR","2025-01-11 21:45","Combiné","Perdu","239.81","","","0.00","37","Vainqueur","J. Draper","","57022647","Tennis","1.07","Gagné"
"5UOVFWLR","2025-01-11 21:45","Combiné","Perdu","239.81","","","0.00","37","Vainqueur","T. Kokkinakis","","57022645","Tennis","1.58","Gagné"
"5UOVFWLR","2025-01-11 21:45","Combiné","Perdu","239.81","","","0.00","37","Vainqueur","Y. Nishioka","","57030619","Tennis","1.18","Gagné"
"5UOVFWLR","2025-01-11 21:45","Combiné","Perdu","239.81","","","0.00","37","Vainqueur","S. Korda","","57030623","Tennis","1.32","Gagné"
"5UOVFWLR","2025-01-11 21:45","Combiné","Perdu","239.81","","","0.00","37","J. Faria remporte au moins un set","Oui","","57030627","Tennis","1.21","Gagné"
"5UOVFWLR","2025-01-11 21:45","Combiné","Perdu","239.81","","","0.00","37","F. Auger-Aliassime remporte au moins un set","Oui","","57022633","Tennis","1.05","Gagné"
"5UOVFWLR","2025-01-11 21:45","Combiné","Perdu","239.81","","","0.00","37","Nombre de sets","Plus de 3,5","","57022635","Tennis","1.39",""
"5UOVFWLR","2025-01-11 21:45","Combiné","Perdu","239.81","","","0.00","37","Vainqueur","C. Alcaraz","","57022639","Tennis","1.01","Gagné"
"5UOVFWLR","2025-01-11 21:45","Combiné","Perdu","239.81","","","0.00","37","Vainqueur","G. Dimitrov","","57022649","Tennis","1.03",""
"5UOVFWLR","2025-01-11 21:45","Combiné","Perdu","239.81","","","0.00","37","M. Berrettini remporte au moins un set","Oui","","57022697","Tennis","1.04","Gagné"
"5UOVFWLR","2025-01-11 21:45","Combiné","Perdu","239.81","","","0.00","37","Vainqueur","K. Khachanov","","57022689","Tennis","1.11","Gagné"
"5UOVFWLR","2025-01-11 21:45","Combiné","Perdu","239.81","","","0.00","37","Vainqueur","H. Rune","","57022695","Tennis","1.33","Gagné"
"5UOVFWLR","2025-01-11 21:45","Combiné","Perdu","239.81","","","0.00","37","Vainqueur","T. Fritz","","57022681","Tennis","1.03","Gagné"
"5UOVFWLR","2025-01-11 21:45","Combiné","Perdu","239.81","","","0.00","37","B. Coric remporte au moins un set","Oui","","57030637","Tennis","1.08","Perdu"
"5UOVFWLR","2025-01-11 21:45","Combiné","Perdu","239.81","","","0.00","37","Nombre de sets","Plus de 3,5","","57022701","Tennis","1.40","Perdu"
"5UOVFWLR","2025-01-11 21:45","Combiné","Perdu","239.81","","","0.00","37","Vainqueur","D. Medvedev","","57022661","Tennis","1.01","Gagné"
"5UOVFWLR","2025-01-11 21:45","Combiné","Perdu","239.81","","","0.00","37","L. Musetti remporte au moins un set","Oui","","57022671","Tennis","1.07","Gagné"
"5UOVFWLR","2025-01-11 21:45","Combiné","Perdu","239.81","","","0.00","37","Vainqueur","B. Shelton","","57022675","Tennis","1.47","Gagné"
"5UOVFWLR","2025-01-11 21:45","Combiné","Perdu","239.81","","","0.00","37","Vainqueur","D. Shapovalov","","57022673","Tennis","1.41","Gagné"
"5UOVFWLR","2025-01-11 21:45","Combiné","Perdu","239.81","","","0.00","37","Vainqueur","A. De Minaur","","57022683","Tennis","1.07","Gagné"
"5UOVFWLR","2025-01-11 21:45","Combiné","Perdu","239.81","","","0.00","37","P. Carreno-Busta remporte au moins un set","Oui","","57030635","Tennis","1.06","Gagné"
"5UOVFWLR","2025-01-11 21:45","Combiné","Perdu","239.81","","","0.00","37","A. Rublev remporte au moins un set","Oui","","57030633","Tennis","1.08","Perdu"
"5UOBR3MJ","2025-01-11 12:34","Combiné","Perdu","52.77","","","0.00","24","Vainqueur","H. Gaston","","57022653","MMA","1.39","Gagné"
"5UOBR3MJ","2025-01-11 12:34","Combiné","Perdu","52.77","","","0.00","24","Vainqueur","A. Fils","","57022623","MMA","1.13","Gagné"
"5UOBR3MJ","2025-01-11 12:34","Combiné","Perdu","52.77","","","0.00","24","Vainqueur","K. Nishikori","","57030615","MMA","1.21","Gagné"
"5UOBR3MJ","2025-01-11 12:34","Combiné","Perdu","52.77","","","0.00","24","Vainqueur","C. Ruud","","57022637","MMA","1.16","Gagné"
"5UOBR3MJ","2025-01-11 12:34","Combiné","Perdu","52.77","","","0.00","24","Vainqueur","J. Lehecka","","57022655","MMA","1.10","Gagné"
"5UOBR3MJ","2025-01-11 12:34","Combiné","Perdu","52.77","","","0.00","24","Vainqueur","T. Machac","","57022657","MMA","1.07","Gagné"
"5UOBR3MJ","2025-01-11 12:34","Combiné","Perdu","52.77","","","0.00","24","Vainqueur","U. Humbert","","57030613","MMA","1.08","Gagné"
"5UOBR3MJ","2025-01-11 12:34","Combiné","Perdu","52.77","","","0.00","24","Vainqueur","R. Opelka","","57030625","MMA","1.30","Gagné"
"5UOBR3MJ","2025-01-11 12:34","Combiné","Perdu","52.77","","","0.00","24","Vainqueur","F. Tiafoe","","57022665","MMA","1.27","Gagné"
"5UOBR3MJ","2025-01-11 12:34","Combiné","Perdu","52.77","","","0.00","24","Vainqueur","J. Sinner","","57022709","MMA","1.01","Gagné"
"5UOBR3MJ","2025-01-11 12:34","Combiné","Perdu","52.77","","","0.00","24","Vainqueur","J. Thompson","","57030621","MMA","1.34","Gagné"
"5UOBR3MJ","2025-01-11 12:34","Combiné","Perdu","52.77","","","0.00","24","Vainqueur","J. Draper","","57022647","MMA","1.05","Gagné"
"5UOBR3MJ","2025-01-11 12:34","Combiné","Perdu","52.77","","","0.00","24","Vainqueur","A. Cazaux","","57022621","MMA","1.47","Gagné"
"5UOBR3MJ","2025-01-11 12:34","Combiné","Perdu","52.77","","","0.00","24","Vainqueur","Y. Nishioka","","57030619","MMA","1.17","Gagné"
"5UOBR3MJ","2025-01-11 12:34","Combiné","Perdu","52.77","","","0.00","24","Vainqueur","C. Alcaraz","","57022639","MMA","1.01","Gagné"
"5UOBR3MJ","2025-01-11 12:34","Combiné","Perdu","52.77","","","0.00","24","Vainqueur","N. Djokovic","","57022659","MMA","1.03","Gagné"
"5UOBR3MJ","2025-01-11 12:34","Combiné","Perdu","52.77","","","0.00","24","Vainqueur","T. Paul","","57022627","MMA","1.18","Gagné"
"5UOBR3MJ","2025-01-11 12:34","Combiné","Perdu","52.77","","","0.00","24","Vainqueur","M. Kecmanovic","","57022699","MMA","1.21","Gagné"
"5UOBR3MJ","2025-01-11 12:34","Combiné","Perdu","52.77","","","0.00","24","Vainqueur","T. Fritz","","57022681","MMA","1.03","Gagné"
"5UOBR3MJ","2025-01-11 12:34","Combiné","Perdu","52.77","","","0.00","24","Vainqueur","Z. Bergs","","57022685","MMA","1.44","Perdu"
"5UOBR3MJ","2025-01-11 12:34","Combiné","Perdu","52.77","","","0.00","24","Vainqueur","D. Medvedev","","57022661","MMA","1.01","Gagné"
"5UOBR3MJ","2025-01-11 12:34","Combiné","Perdu","52.77","","","0.00","24","Vainqueur","L. Sonego","","57022669","MMA","1.41","Gagné"
"5UOBR3MJ","2025-01-11 12:34","Combiné","Perdu","52.77","","","0.00","24","Vainqueur","R. Hijikata","","57030631","MMA","1.39","Perdu"
"5UOBR3MJ","2025-01-11 12:34","Combiné","Perdu","52.77","","","0.00","24","Vainqueur","A. De Minaur","","57022683","MMA","1.07","Gagné"
"5UKNNY70","2025-01-08 22:57","Combiné","Perdu","3.31","","","0.00","3","Vainqueur","Washington Capitals","VainqueurWashington Capitals1,50Washington Capitals2 - 1Vancouver Canucks(reg 1-1)","51247021","Hockey","1.50","Gagné"
"5UKNNY70","2025-01-08 22:57","Combiné","Perdu","3.31","","","0.00","3","Vainqueur","M. Inglis","","56989821","Hockey","1.52","Perdu"
"5UKNNY70","2025-01-08 22:57","Combiné","Perdu","3.31","","","0.00","3","Vainqueur","K. Birrell","","56996017","Hockey","1.45","Gagné"
"5UKN7XKY","2025-01-08 22:44","Combiné","Perdu","84.79","","","0.00","11","Vainqueur","R. Masarova","","56988781","","1.68","Perdu"
"5UKN7XKY","2025-01-08 22:44","Combiné","Perdu","84.79","","","0.00","11","Vainqueur","M. Gigante","","56989811","","1.84","Gagné"
"5UKN7XKY","2025-01-08 22:44","Combiné","Perdu","84.79","","","0.00","11","Vainqueur","T. Zidansek","","56989817","","1.47","Gagné"
"5UKN7XKY","2025-01-08 22:44","Combiné","Perdu","84.79","","","0.00","11","Vainqueur","H. Dart","","56989963","","1.56","Perdu"
"5UKN7XKY","2025-01-08 22:44","Combiné","Perdu","84.79","","","0.00","11","Vainqueur","E.G. Ruse","","56989965","","1.29","Gagné"
"5UKN7XKY","2025-01-08 22:44","Combiné","Perdu","84.79","","","0.00","11","Vainqueur","C. Eubanks","","56989967","","1.62","Perdu"
"5UKN7XKY","2025-01-08 22:44","Combiné","Perdu","84.79","","","0.00","11","Vainqueur","M. Inglis","","56989821","","1.54","Perdu"
"5UKN7XKY","2025-01-08 22:44","Combiné","Perdu","84.79","","","0.00","11","Vainqueur","M. McDonald","","56990715","","1.20","Perdu"
"5UKN7XKY","2025-01-08 22:44","Combiné","Perdu","84.79","","","0.00","11","Vainqueur","K. Birrell","","56996017","","1.45","Gagné"
"5UKN7XKY","2025-01-08 22:44","Combiné","Perdu","84.79","","","0.00","11","Vainqueur","T. Monteiro","","57001909","","1.78","Gagné"
"5UKN7XKY","2025-01-08 22:44","Combiné","Perdu","84.79","","","0.00","11","Vainqueur","B. Gojo","","57001971","","1.20","Perdu"
"5UHNKE08","2025-01-06 20:31","Combiné","Perdu","42.75","","","0.00","10","Vainqueur","R. Madrid","VainqueurR. Madrid1,44Baskonia82 - 89Real Madrid","52010929","","1.44","Gagné"
"5UHNKE08","2025-01-06 20:31","Combiné","Perdu","42.75","","","0.00","10","Double chanceNottingham Forest ou match nul","Double chance","Double chanceNottingham Forest ou match nulNombre de butsPlus de 1,5Wolverhampton0 - 3Nottingham Forest","50850365","","1.52","Gagné"
"5UHNKE08","2025-01-06 20:31","Combiné","Perdu","42.75","","","0.00","10","Vainqueur","L. Sonego","","56883473","","1.94","Gagné"
"5UHNKE08","2025-01-06 20:31","Combiné","Perdu","42.75","","","0.00","10","Vainqueur","F. Cobolli","","56906435","","1.48",""
"5UHNKE08","2025-01-06 20:31","Combiné","Perdu","42.75","","","0.00","10","Vainqueur","A. Mannarino","","56930791","","1.50","Perdu"
"5UHNKE08","2025-01-06 20:31","Combiné","Perdu","42.75","","","0.00","10","Vainqueur","A. Parks","","56909361","","1.11","Perdu"
"5UHNKE08","2025-01-06 20:31","Combiné","Perdu","42.75","","","0.00","10","Vainqueur","S. Sorribes Tormo","","56909329","","1.14","Gagné"
"5UHNKE08","2025-01-06 20:31","Combiné","Perdu","42.75","","","0.00","10","Vainqueur","J. Duckworth","","56944757","","1.66","Perdu"
"5UHNKE08","2025-01-06 20:31","Combiné","Perdu","42.75","","","0.00","10","Vainqueur","G. Monfils","","56883475","","1.27","Gagné"
"5UHNKE08","2025-01-06 20:31","Combiné","Perdu","42.75","","","0.00","10","Vainqueur","J. Struff","","56906277","","1.70","Gagné"
"5UGDLUKH","2025-01-05 23:04","Combiné","Perdu","87.99","","","0.00","17","Vainqueur","C. Garin","","56909153","","1.21","Gagné"
"5UGDLUKH","2025-01-05 23:04","Combiné","Perdu","87.99","","","0.00","17","Vainqueur","L. Stefanini","","56909271","","1.25","Perdu"
"5UGDLUKH","2025-01-05 23:04","Combiné","Perdu","87.99","","","0.00","17","Vainqueur","A.A. Todoni","","56909273","","1.31","Gagné"
"5UGDLUKH","2025-01-05 23:04","Combiné","Perdu","87.99","","","0.00","17","Vainqueur","H. Dart","","56909345","","1.23","Gagné"
"5UGDLUKH","2025-01-05 23:04","Combiné","Perdu","87.99","","","0.00","17","Vainqueur","L. Djere","","56909155","","1.18","Gagné"
"5UGDLUKH","2025-01-05 23:04","Combiné","Perdu","87.99","","","0.00","17","Vainqueur","H. Watson","","56909269","","1.28","Gagné"
"5UGDLUKH","2025-01-05 23:04","Combiné","Perdu","87.99","","","0.00","17","Vainqueur","C.H. Tseng","","56909131","","1.24","Gagné"
"5UGDLUKH","2025-01-05 23:04","Combiné","Perdu","87.99","","","0.00","17","Vainqueur","H. Mayot","","56909147","","1.41","Perdu"
"5UGDLUKH","2025-01-05 23:04","Combiné","Perdu","87.99","","","0.00","17","Vainqueur","M. Marterer","","56909149","","1.37","Perdu"
"5UGDLUKH","2025-01-05 23:04","Combiné","Perdu","87.99","","","0.00","17","Vainqueur","R. Masarova","","56909311","","1.29","Gagné"
"5UGDLUKH","2025-01-05 23:04","Combiné","Perdu","87.99","","","0.00","17","Vainqueur","E.G. Ruse","","56909249","","1.12","Gagné"
"5UGDLUKH","2025-01-05 23:04","Combiné","Perdu","87.99","","","0.00","17","Vainqueur","D. Evans","","56909113","","1.68","Perdu"
"5UGDLUKH","2025-01-05 23:04","Combiné","Perdu","87.99","","","0.00","17","Vainqueur","M. Krueger","","56909143","","1.17","Gagné"
"5UGDLUKH","2025-01-05 23:04","Combiné","Perdu","87.99","","","0.00","17","Vainqueur","D. Snigur","","56909307","","1.42","Gagné"
"5UGDLUKH","2025-01-05 23:04","Combiné","Perdu","87.99","","","0.00","17","Vainqueur","M. Gigante","","56909205","","1.41","Gagné"
"5UGDLUKH","2025-01-05 23:04","Combiné","Perdu","87.99","","","0.00","17","Vainqueur","C. Eubanks","","56909203","","1.50","Gagné"
"5UGDLUKH","2025-01-05 23:04","Combiné","Perdu","87.99","","","0.00","17","Vainqueur","A. Kovacevic","","56909179","","1.17","Gagné"
"5UEWJFHR","2025-01-04 22:18","Combiné","Perdu","3.88","","","0.00","2","Résultat","Syracuse Crunch","RésultatSyracuse Crunch2,00Syracuse Crunch2 - 3Lehigh Valley Phantoms(reg 2-2)","51573459","","2.00","Perdu"
"5UEWJFHR","2025-01-04 22:18","Combiné","Perdu","3.88","","","0.00","2","Résultat","Dallas Stars","RésultatDallas Stars1,94Dallas Stars3 - 2Utah Mammoth(reg 2-2)","51246977","","1.94","Perdu"
"5UEE90E1","2025-01-04 13:46","Combiné","Perdu","4.00","","","0.00","2","Résultat","Lahti","RésultatLahti2,30HIFK Helsinki6 - 3Pelicans Lahti","50674127","","2.30","Perdu"
"5UEE90E1","2025-01-04 13:46","Combiné","Perdu","4.00","","","0.00","2","Résultat","Lukko","RésultatLukko1,74HPK Hämeenlinna3 - 5Lukko Rauma","50674129","","1.74","Gagné"
"5UE3GVKU","2025-01-04 8:45","Combiné","Perdu","4.22","30.00","Freebet","0.00","3","Vainqueur","A. Sabalenka","","56616635","","1.35","Gagné"
"5UE3GVKU","2025-01-04 8:45","Combiné","Perdu","4.22","30.00","Freebet","0.00","3","Vainqueur","K. Nishikori","","56709645","","1.84",""
"5UE3GVKU","2025-01-04 8:45","Combiné","Perdu","4.22","30.00","Freebet","0.00","3","Vainqueur","G. Mpetshi Perricard","","56709621","","1.70","Perdu"
"5UDICQ38","2025-01-03 22:54","Combiné","Gagné","8.40","","","126.08","3","Vainqueur","A. Parks","","56728167","","2.05","Gagné"
"5UDICQ38","2025-01-03 22:54","Combiné","Gagné","8.40","","","126.08","3","Résultat","Syracuse Crunch","RésultatSyracuse Crunch2,00Syracuse Crunch3 - 2Belleville Senators","51573441","Hockey","2.00","Gagné"
"5UDICQ38","2025-01-03 22:54","Combiné","Gagné","8.40","","","126.08","3","Résultat","Rochester Americans","RésultatRochester Americans2,05Springfield Thunderbirds2 - 5Rochester Americans","51573449","","2.05","Gagné"
"5U1MD0SX","2024-12-26 15:13","Combiné","Perdu","35.04","2.00","Freebet","0.00","8","Vainqueur","Timra IK","VainqueurTimra IK1,80Leksands IF2 - 4Timra IK","50304819","Basket","1.80","Gagné"
"5U1MD0SX","2024-12-26 15:13","Combiné","Perdu","35.04","2.00","Freebet","0.00","8","Résultat","Frolunda","RésultatFrolunda1,70Frolunda HC5 - 2Linkoping HC","50304821","Basket","1.70","Gagné"
"5U1MD0SX","2024-12-26 15:13","Combiné","Perdu","35.04","2.00","Freebet","0.00","8","Résultat","Lulea","RésultatLulea2,00HV713 - 4Lulea Hockey(reg 3-3)","50304823","Basket","2.00","Perdu"
"5U1MD0SX","2024-12-26 15:13","Combiné","Perdu","35.04","2.00","Freebet","0.00","8","Vainqueur","Vaxjo","VainqueurVaxjo1,70Malmo Redhawks2 - 1Vaxjo Lakers HC","50304825","Basket","1.70","Perdu"
"5U1MD0SX","2024-12-26 15:13","Combiné","Perdu","35.04","2.00","Freebet","0.00","8","Résultat","HC Litvínov","RésultatHC Litvínov1,48HC Litvínov1 - 0HC Kladno","50594179","Basket","1.48","Gagné"
"5U1MD0SX","2024-12-26 15:13","Combiné","Perdu","35.04","2.00","Freebet","0.00","8","Double chance","Bala Town ou match nul","Double chanceBala Town ou match nul1,09Aberystwyth0 - 0Bala Town","50943081","Basket","1.09","Gagné"
"5U1MD0SX","2024-12-26 15:13","Combiné","Perdu","35.04","2.00","Freebet","0.00","8","Double chance","Connah's Quay ou match nul","Double chanceConnah's Quay ou match nul1,20Connah's Quay7 - 2Flint Town United FC","50943085","Basket","1.20","Gagné"
"5U1MD0SX","2024-12-26 15:13","Combiné","Perdu","35.04","2.00","Freebet","0.00","8","Vainqueur","Unet E-Work Busto Arsizio","","51922555","Basket","1.74","Perdu"
"5TOFVA51","2024-12-17 19:50","Combiné","Perdu","4.22","","","0.00","6","Nombre de manches","Plus de 6,5","Nombre de manchesPlus de 6,51,23Dominic Dale5 - 3Zak Surety","56486119","","1.23","Gagné"
"5TOFVA51","2024-12-17 19:50","Combiné","Perdu","4.22","","","0.00","6","Nombre de manches","Plus de 6,5","Nombre de manchesPlus de 6,51,2466.5Xu Si5 - 1Julien Leclercq","56486127","","1.24","Perdu"
"5TOFVA51","2024-12-17 19:50","Combiné","Perdu","4.22","","","0.00","6","Vainqueur","J. Brown","VainqueurJ. Brown1,43Jordan Brown4 - 5Ken Doherty","56486133","","1.43","Perdu"
"5TOFVA51","2024-12-17 19:50","Combiné","Perdu","4.22","","","0.00","6","Nombre de manches","Plus de 6,5","Nombre de manchesPlus de 6,51,2586.5Fan Zhengyi5 - 3Gong Chenzhi","56486227","","1.25","Gagné"
"5TOFVA51","2024-12-17 19:50","Combiné","Perdu","4.22","","","0.00","6","Vainqueur","L. Haotian","VainqueurL. Haotian1,28Lyu Haotian5 - 3Bulcsu Revesz","56486277","","1.28","Gagné"
"5TOFVA51","2024-12-17 19:50","Combiné","Perdu","4.22","","","0.00","6","Vainqueur","L. Hongyu","VainqueurL. Hongyu1,21Liu Hongyu5 - 3Farakh Ajaib","56486279","","1.21","Gagné"
"5THJ89K4","2024-12-12 13:49","Combiné","Perdu","1.78","","","0.00","2","Vainqueur","D. Junhui","VainqueurD. Junhui1,38Luca Brecel4 - 3Ding Junhui","56354469","","1.38","Perdu"
"5THJ89K4","2024-12-12 13:49","Combiné","Perdu","1.78","","","0.00","2","Vainqueur","C. Wakelin","VainqueurC. Wakelin1,29Chris Wakelin4 - 1Xing Zihao","56354211","","1.29","Gagné"
"5THHE8IC","2024-12-12 12:58","Combiné","Perdu","5.34","","","0.00","4","Vainqueur","S. Maguire","VainqueurS. Maguire2,00Xiao Guodong4 - 1Stephen Maguire","56354465","","2.00","Perdu"
"5THHE8IC","2024-12-12 12:58","Combiné","Perdu","5.34","","","0.00","4","Vainqueur","D. Junhui","VainqueurD. Junhui1,38Luca Brecel4 - 3Ding Junhui","56354469","","1.38","Perdu"
"5THHE8IC","2024-12-12 12:58","Combiné","Perdu","5.34","","","0.00","4","Vainqueur","C. Wakelin","VainqueurC. Wakelin1,29Chris Wakelin4 - 1Xing Zihao","56354211","","1.29","Gagné"
"5THHE8IC","2024-12-12 12:58","Combiné","Perdu","5.34","","","0.00","4","Vainqueur","B. Hawkins","VainqueurB. Hawkins1,50Wu Yize4 - 3Barry Hawkins","56358395","","1.50","Perdu"
"5TH85ZXJ","2024-12-12 8:40","Combiné","Perdu","17.83","","","0.00","7","Vainqueur","Q.Chen / Y.F.Jia","","56294487","","1.35","Gagné"
"5TH85ZXJ","2024-12-12 8:40","Combiné","Perdu","17.83","","","0.00","7","Vainqueur","G.M. Tunjung","","56294447","","1.16","Gagné"
"5TH85ZXJ","2024-12-12 8:40","Combiné","Perdu","17.83","","","0.00","7","Vainqueur","K.Astrup / A.S.Rasmussen","","56294403","","1.72","Gagné"
"5TH85ZXJ","2024-12-12 8:40","Combiné","Perdu","17.83","","","0.00","7","Vainqueur","J.T.He / X.Y.Ren","","56294409","","1.42","Perdu"
"5TH85ZXJ","2024-12-12 8:40","Combiné","Perdu","17.83","","","0.00","7","Vainqueur","S.F.Goh / N.Izzuddin","","56294401","","1.74","Gagné"
"5TH85ZXJ","2024-12-12 8:40","Combiné","Perdu","17.83","","","0.00","7","Vainqueur","A. Antonsen","","56294363","","1.54","Perdu"
"5TH85ZXJ","2024-12-12 8:40","Combiné","Perdu","17.83","","","0.00","7","Vainqueur","F.Alfian / M.R.Ardianto","","56294411","","1.74","Perdu"
"5TGO3SLA","2024-12-11 23:18","Combiné","Perdu","14.39","","","0.00","4","Résultat","Providence Bruins","RésultatProvidence Bruins1,96Bridgeport Islanders2 - 4Providence Bruins","51573317","Hockey","1.96","Gagné"
"5TGO3SLA","2024-12-11 23:18","Combiné","Perdu","14.39","","","0.00","4","Résultat","Iowa Wild","RésultatIowa Wild2,30Iowa Wild5 - 0Rockford IceHogs","51574231","","2.30","Gagné"
"5TGO3SLA","2024-12-11 23:18","Combiné","Perdu","14.39","","","0.00","4","Résultat","Calgary Wranglers","RésultatCalgary Wranglers1,68Calgary Wranglers6 - 3Manitoba Moose","51575153","","1.68","Gagné"
"5TGO3SLA","2024-12-11 23:18","Combiné","Perdu","14.39","","","0.00","4","Vainqueur","Henderson Silver Knights","VainqueurHenderson Silver Knights1,90San Diego Gulls5 - 4Henderson Silver Knights","51574713","","1.90","Perdu"
"5TGF8ZML","2024-12-11 19:10","Combiné","Gagné","1.74","","","104.54","2","Vainqueur","A. Carter","VainqueurA. Carter1,32Allister Carter4 - 3Robbie Williams","56297051","","1.32","Gagné"
"5TGF8ZML","2024-12-11 19:10","Combiné","Gagné","1.74","","","104.54","2","Vainqueur","Wu Yize","VainqueurWu Yize1,32Ishpreet Chadha2 - 4Wu Yize","56300707","","1.32","Gagné"
"5TGF8SBB","2024-12-11 19:10","Combiné","Perdu","4.08","","","0.00","5","Vainqueur","A. Carter","VainqueurA. Carter1,32Allister Carter4 - 3Robbie Williams","56297051","","1.32","Gagné"
"5TGF8SBB","2024-12-11 19:10","Combiné","Perdu","4.08","","","0.00","5","Vainqueur","J. Higgins","VainqueurJ. Higgins1,60John Higgins3 - 4Barry Hawkins","56298449","","1.60","Perdu"
"5TGF8SBB","2024-12-11 19:10","Combiné","Perdu","4.08","","","0.00","5","Vainqueur","Wu Yize","VainqueurWu Yize1,32Ishpreet Chadha2 - 4Wu Yize","56300707","","1.32","Gagné"
"5TGF8SBB","2024-12-11 19:10","Combiné","Perdu","4.08","","","0.00","5","Vainqueur","S. Bingham","VainqueurS. Bingham1,21Stuart Bingham4 - 2David Lilley","56302933","","1.21","Gagné"
"5TGF8SBB","2024-12-11 19:10","Combiné","Perdu","4.08","","","0.00","5","Vainqueur","S. Murphy","VainqueurS. Murphy1,21Lei Peifan4 - 3Shaun Murphy","56330097","","1.21","Perdu"
"5TFTNT6R","2024-12-11 9:06","Combiné","Perdu","7.46","","","0.00","7","Vainqueur","D. Junhui","VainqueurD. Junhui1,29Ding Junhui4 - 2Jackson Page","56329027","","1.29","Gagné"
"5TFTNT6R","2024-12-11 9:06","Combiné","Perdu","7.46","","","0.00","7","Vainqueur","X. Guodong","VainqueurX. Guodong1,50Xiao Guodong4 - 3Jak Jones","56302935","","1.50","Gagné"
"5TFTNT6R","2024-12-11 9:06","Combiné","Perdu","7.46","","","0.00","7","Vainqueur","K. Wilson","VainqueurK. Wilson1,23Stephen Maguire4 - 2Kyren Wilson","56329297","","1.23","Perdu"
"5TFTNT6R","2024-12-11 9:06","Combiné","Perdu","7.46","","","0.00","7","Vainqueur","X. Zihao","VainqueurX. Zihao1,31Dean Young3 - 4Xing Zihao","56329299","","1.31","Gagné"
"5TFTNT6R","2024-12-11 9:06","Combiné","Perdu","7.46","","","0.00","7","Vainqueur","M. Allen","VainqueurM. Allen1,34Ryan Day2 - 4Mark Allen","56300705","MMA","1.34","Gagné"
"5TFTNT6R","2024-12-11 9:06","Combiné","Perdu","7.46","","","0.00","7","Vainqueur","J. O'Connor","VainqueurJ. O'Connor1,54Long Zehuang4 - 3Joe O'Connor","56297049","","1.54","Perdu"
"5TFTNT6R","2024-12-11 9:06","Combiné","Perdu","7.46","","","0.00","7","Vainqueur","N. Robertson","VainqueurN. Robertson1,16Neil Robertson1 - 4Tom Ford","56330787","","1.16","Perdu"
"5TEEK5H1","2024-12-10 19:15","Combiné","Perdu","7.50","","","0.00","6","Vainqueur","D. Junhui","VainqueurD. Junhui1,22Ding Junhui4 - 0Mark Davis","55521199","","1.22","Gagné"
"5TEEK5H1","2024-12-10 19:15","Combiné","Perdu","7.50","","","0.00","6","Vainqueur","K. Wilson","VainqueurK. Wilson1,08Kyren Wilson4 - 0David Grace","55521207","","1.08","Gagné"
"5TEEK5H1","2024-12-10 19:15","Combiné","Perdu","7.50","","","0.00","6","Vainqueur","J. Lisowski","VainqueurJ. Lisowski1,24Jack Lisowski4 - 0Jordan Brown","55521225","","1.24","Gagné"
"5TEEK5H1","2024-12-10 19:15","Combiné","Perdu","7.50","","","0.00","6","Vainqueur","R. Milkins","VainqueurR. Milkins2,00Robert Milkins2 - 4Jackson Page","55521227","","2.00","Perdu"
"5TEEK5H1","2024-12-10 19:15","Combiné","Perdu","7.50","","","0.00","6","Vainqueur","L. Brecel","VainqueurL. Brecel1,40Luca Brecel4 - 3Julien Leclercq","55521243","","1.40","Gagné"
"5TEEK5H1","2024-12-10 19:15","Combiné","Perdu","7.50","","","0.00","6","Vainqueur","S. Maguire","VainqueurS. Maguire1,64Stephen Maguire4 - 0Matthew Selt","55521249","","1.64","Gagné"
"5TDVZG1Z","2024-12-10 0:35","Combiné","Perdu","7.28","","","0.00","5","Vainqueur","Detroit Red Wings","VainqueurDetroit Red Wings1,96Buffalo Sabres5 - 6Detroit Red Wings(reg 5-5 / TAB 0-1)","51246605","Hockey","1.96","Gagné"
"5TDVZG1Z","2024-12-10 0:35","Combiné","Perdu","7.28","","","0.00","5","Résultat","New York Rangers","RésultatNew York Rangers1,66New York Rangers1 - 2Chicago Blackhawks","51246607","Hockey","1.66","Perdu"
"5TDVZG1Z","2024-12-10 0:35","Combiné","Perdu","7.28","","","0.00","5","Double chance","Huracan ou match nul","Double chanceHuracan ou match nul1,18Huracan1 - 0Club Atletico Platense","46657289","Hockey","1.18","Gagné"
"5TDVZG1Z","2024-12-10 0:35","Combiné","Perdu","7.28","","","0.00","5","Vainqueur (remboursé si match nul)","Independiente","Vainqueur (remboursé si match nul)Independiente1,20Independiente2 - 1Atletico Tucuman","46657295","Hockey","1.20","Gagné"
"5TDVZG1Z","2024-12-10 0:35","Combiné","Perdu","7.28","","","0.00","5","Vainqueur","Montreal Canadiens","VainqueurMontreal Canadiens1,58Montreal Canadiens3 - 2Anaheim Ducks(reg 2-2 / TAB 1-0)","51246609","Hockey","1.58","Gagné"
"5TDV22DF","2024-12-10 0:09","Combiné","Perdu","53.48","","","0.00","5","Résultat","Match nul","RésultatMatch nul4,30Buffalo Sabres5 - 6Detroit Red Wings(reg 5-5 / TAB 0-1)","51246605","Hockey","4.30","Gagné"
"5TDV22DF","2024-12-10 0:09","Combiné","Perdu","53.48","","","0.00","5","Résultat","New York Rangers","RésultatNew York Rangers1,66New York Rangers1 - 2Chicago Blackhawks","51246607","Hockey","1.66","Perdu"
"5TDV22DF","2024-12-10 0:09","Combiné","Perdu","53.48","","","0.00","5","Résultat","Huracan","RésultatHuracan2,20Huracan1 - 0Club Atletico Platense","46657289","Hockey","2.20","Gagné"
"5TDV22DF","2024-12-10 0:09","Combiné","Perdu","53.48","","","0.00","5","Résultat","Independiente","RésultatIndependiente1,72Independiente2 - 1Atletico Tucuman","46657295","Hockey","1.72","Gagné"
"5TDV22DF","2024-12-10 0:09","Combiné","Perdu","53.48","","","0.00","5","Résultat","Montreal Canadiens","RésultatMontreal Canadiens1,98Montreal Canadiens3 - 2Anaheim Ducks(reg 2-2 / TAB 1-0)","51246609","Hockey","1.98","Perdu"
"5TDNQGAP","2024-12-09 20:44","Combiné","Perdu","7.74","15.00","Freebet","0.00","5","Double chance","Metz ou match nul","Double chanceMetz ou match nul1,16Metz2 - 0Dunkerque","55264347","","1.16","Gagné"
"5TDNQGAP","2024-12-09 20:44","Combiné","Perdu","7.74","15.00","Freebet","0.00","5","Double chance","West Ham ou match nul","Double chanceWest Ham ou match nul1,21West Ham2 - 1Wolverhampton","50850265","","1.21","Gagné"
"5TDNQGAP","2024-12-09 20:44","Combiné","Perdu","7.74","15.00","Freebet","0.00","5","Résultat","Getafe","RésultatGetafe1,74Getafe1 - 0Espanyol Barcelone","50852399","","1.74","Gagné"
"5TDNQGAP","2024-12-09 20:44","Combiné","Perdu","7.74","15.00","Freebet","0.00","5","Vainqueur","J. Jones","VainqueurJ. Jones2,20Jak Jones4 - 1Jamie Jones","55521193","","2.20","Perdu"
"5TDNQGAP","2024-12-09 20:44","Combiné","Perdu","7.74","15.00","Freebet","0.00","5","Vainqueur","S. Bingham","VainqueurS. Bingham1,44Stuart Bingham4 - 0Jimmy Robertson","55521185","","1.44","Gagné"
"5TDI1192","2024-12-09 18:05","Simple","Perdu","5.20","","","0.00","1","Vainqueur","A. Ursenbacher","VainqueurA. UrsenbacherLive5,20Barry Hawkins4 - 2Alexander Ursenbacher","55521173","","5.20","Perdu"
"5TD6PN7I","2024-12-09 12:48","Combiné","Gagné","8.12","","","4.63","5","Vainqueur","A. Carter","VainqueurA. Carter1,41Allister Carter4 - 2Graeme Dott","55521155","","1.41","Gagné"
"5TD6PN7I","2024-12-09 12:48","Combiné","Gagné","8.12","","","4.63","5","Vainqueur","J. O'Connor","VainqueurJ. O'Connor1,72Joe O'Connor4 - 1Lyu Haotian","55521165","","1.72","Gagné"
"5TD6PN7I","2024-12-09 12:48","Combiné","Gagné","8.12","","","4.63","5","Vainqueur","R. Day","VainqueurR. Day1,96Ryan Day4 - 1Anthony McGill","55521175","","1.96","Gagné"
"5TD6PN7I","2024-12-09 12:48","Combiné","Gagné","8.12","","","4.63","5","Vainqueur","C. Wakelin","VainqueurC. Wakelin1,40Chris Wakelin4 - 0Scott Donaldson","55521169","","1.40","Gagné"
"5TD6PN7I","2024-12-09 12:48","Combiné","Gagné","8.12","","","4.63","5","Vainqueur","B. Hawkins","VainqueurB. Hawkins1,22Barry Hawkins4 - 2Alexander Ursenbacher","55521173","","1.22","Gagné"
"5TBM6HC7","2024-12-08 10:25","Combiné","Perdu","26.03","","","0.00","8","Vainqueur","France","VainqueurFranceLive1,35Madagascar10 - 3France 2 (Rocher)","1000070547","","1.35","Perdu"
"5TBM6HC7","2024-12-08 10:25","Combiné","Perdu","26.03","","","0.00","8","Résultat","Argentine","RésultatArgentineLive1,45Kenya14 - 26Argentine","56230779","","1.45","Gagné"
"5TBM6HC7","2024-12-08 10:25","Combiné","Perdu","26.03","","","0.00","8","Vainqueur","Joventut Badalona","VainqueurJoventut Badalona1,58Granada87 - 77Joventut Badalona","52010835","","1.58","Perdu"
"5TBM6HC7","2024-12-08 10:25","Combiné","Perdu","26.03","","","0.00","8","Vainqueur","Movistar Estudiantes","VainqueurMovistar Estudiantes 1,18Movistar Estudiantes 88 - 81Ourense","52101923","","1.18","Gagné"
"5TBM6HC7","2024-12-08 10:25","Combiné","Perdu","26.03","","","0.00","8","Vainqueur","Italie","","1000070546","","1.30","Gagné"
"5TBM6HC7","2024-12-08 10:25","Combiné","Perdu","26.03","","","0.00","8","Résultat","HC Litvínov","RésultatHC Litvínov3,15HC Ocelari Trinec0 - 1HC Litvínov","50594321","","3.15","Gagné"
"5TBM6HC7","2024-12-08 10:25","Combiné","Perdu","26.03","","","0.00","8","Résultat","Kiel","RésultatKiel1,34Eisenach33 - 37THW Kiel","51658055","","1.34","Gagné"
"5TBM6HC7","2024-12-08 10:25","Combiné","Perdu","26.03","","","0.00","8","Vainqueur","Den Bosch","VainqueurDen Bosch1,30Den Bosch96 - 94Landstede Hammers Zwolle","55595767","","1.30","Gagné"
"5T64W6ND","2024-12-04 14:23","Combiné","Perdu","27.29","","","0.00","8","Vainqueur","A. Kowalski","VainqueurA. Kowalski2,00Jiang Jun0 - 1Antoni Kowalski","55807737","","2.00","Gagné"
"5T64W6ND","2024-12-04 14:23","Combiné","Perdu","27.29","","","0.00","8","Vainqueur","L. Haotian","VainqueurL. Haotian1,54Lyu Haotian1 - 0Tian Pengfei","55807575","","1.54","Gagné"
"5T64W6ND","2024-12-04 14:23","Combiné","Perdu","27.29","","","0.00","8","Vainqueur","L. Heathcote","VainqueurL. Heathcote1,17Louis Heathcote1 - 0Ahmed Elsayed","55807657","","1.17","Gagné"
"5T64W6ND","2024-12-04 14:23","Combiné","Perdu","27.29","","","0.00","8","Vainqueur","D. Gilbert","VainqueurD. Gilbert1,40David Gilbert1 - 0David Grace","55807573","","1.40","Gagné"
"5T64W6ND","2024-12-04 14:23","Combiné","Perdu","27.29","","","0.00","8","Vainqueur","S.Muller / C.Tillmann","","56091267","","1.36","Gagné"
"5T64W6ND","2024-12-04 14:23","Combiné","Perdu","27.29","","","0.00","8","Vainqueur","Agatha / Rebecca","","56091271","","1.70","Perdu"
"5T64W6ND","2024-12-04 14:23","Combiné","Perdu","27.29","","","0.00","8","Vainqueur","Venise","VainqueurVenise1,50Aris Salonique74 - 81Reyer Venise","51357305","","1.50","Gagné"
"5T64W6ND","2024-12-04 14:23","Combiné","Perdu","27.29","","","0.00","8","Vainqueur","Vfb Suhl (F)","","51584973","","1.56","Gagné"
"5T5ZF8FI","2024-12-04 11:50","Combiné","Perdu","11.77","","","0.00","7","Vainqueur","T.Cannon / M.Kraft","","56091263","","1.43","Gagné"
"5T5ZF8FI","2024-12-04 11:50","Combiné","Perdu","11.77","","","0.00","7","Vainqueur","T.Graudina / A.Samoilova","","56091265","","1.27","Gagné"
"5T5ZF8FI","2024-12-04 11:50","Combiné","Perdu","11.77","","","0.00","7","Résultat","Zeljeznicar","RésultatZeljeznicar1,72Sloga Doboj4 - 2Zeljeznicar","51859139","","1.72","Perdu"
"5T5ZF8FI","2024-12-04 11:50","Combiné","Perdu","11.77","","","0.00","7","Vainqueur","M. Allen","VainqueurM. Allen1,28Ross Muir0 - 1Mark Allen","55807571","MMA","1.28","Gagné"
"5T5ZF8FI","2024-12-04 11:50","Combiné","Perdu","11.77","","","0.00","7","Vainqueur","S.Boermans / Y.De Groot","","56089827","","1.43","Gagné"
"5T5ZF8FI","2024-12-04 11:50","Combiné","Perdu","11.77","","","0.00","7","Vainqueur","L. Heathcote","VainqueurL. Heathcote1,17Louis Heathcote1 - 0Ahmed Elsayed","55807657","","1.17","Gagné"
"5T5ZF8FI","2024-12-04 11:50","Combiné","Perdu","11.77","","","0.00","7","Résultat","NK Siroki Brijeg","RésultatNK Siroki Brijeg1,76Sloboda Tuzla0 - 2NK Siroki Brijeg","51859141","","1.76","Gagné"
"5T1SFXIO","2024-12-01 13:23","Combiné","Perdu","148.99","1.00","Freebet","0.00","16","Vainqueur","Besiktas","VainqueurBesiktas1,13Yalovaspor71 - 91Besiktas","52864359","Football","1.13","Gagné"
"5T1SFXIO","2024-12-01 13:23","Combiné","Perdu","148.99","1.00","Freebet","0.00","16","Résultat","Bern","RésultatBern1,64SC Bern4 - 2SC Rapperswil-Jona Lakers","50785461","Basket","1.64","Gagné"
"5T1SFXIO","2024-12-01 13:23","Combiné","Perdu","148.99","1.00","Freebet","0.00","16","Résultat","Fischtown","RésultatFischtown1,48Pinguins Bremerhaven4 - 1Augsburger Panther","51400885","Football","1.48","Gagné"
"5T1SFXIO","2024-12-01 13:23","Combiné","Perdu","148.99","1.00","Freebet","0.00","16","Vainqueur","BC Castelnuovo Scrivia","VainqueurBC Castelnuovo Scrivia1,07Alpo Villafranca Di Verona (F)44 - 75BC Castelnuovo Scrivia (F)","52260169","Football","1.07","Gagné"
"5T1SFXIO","2024-12-01 13:23","Combiné","Perdu","148.99","1.00","Freebet","0.00","16","Résultat","Haukar","RésultatHaukar1,06Kur27 - 38Haukar","55361017","Football","1.06","Gagné"
"5T1SFXIO","2024-12-01 13:23","Combiné","Perdu","148.99","1.00","Freebet","0.00","16","Vainqueur","Galatasaray HDI Sigorta","","52126605","Football","1.14","Gagné"
"5T1SFXIO","2024-12-01 13:23","Combiné","Perdu","148.99","1.00","Freebet","0.00","16","Vainqueur","ALBA Berlin","VainqueurALBA Berlin1,32ALBA Berlin60 - 74Ludwigsburg","52258203","Football","1.32","Perdu"
"5T1SFXIO","2024-12-01 13:23","Combiné","Perdu","148.99","1.00","Freebet","0.00","16","Vainqueur","Hubo Limburg United","VainqueurHubo Limburg United1,46Okapi Aalstar76 - 80Hubo Limburg United","55595745","Football","1.46","Gagné"
"5T1SFXIO","2024-12-01 13:23","Combiné","Perdu","148.99","1.00","Freebet","0.00","16","Vainqueur","Villeneuve D'Ascq","VainqueurVilleneuve D'Ascq1,50Villeneuve D'Ascq (F)67 - 65Tarbes GB","52621825","Football","1.50","Gagné"
"5T1SFXIO","2024-12-01 13:23","Combiné","Perdu","148.99","1.00","Freebet","0.00","16","Résultat","Pardubice","RésultatPardubice1,86HC Skoda Plzen5 - 2HC Dynamo Pardubice","54334555","Football","1.86","Perdu"
"5T1SFXIO","2024-12-01 13:23","Combiné","Perdu","148.99","1.00","Freebet","0.00","16","Résultat","France (F)","RésultatFrance (F)1,31Grande Bretagne (F)12 - 15France (F)","56061415","Football","1.31","Gagné"
"5T1SFXIO","2024-12-01 13:23","Combiné","Perdu","148.99","1.00","Freebet","0.00","16","Vainqueur","Fenerbahce","VainqueurFenerbahce1,11Mersin Buyuksehir Belediyesi69 - 98Fenerbahce","52864355","Football","1.11","Gagné"
"5T1SFXIO","2024-12-01 13:23","Combiné","Perdu","148.99","1.00","Freebet","0.00","16","Résultat","HC Sparta Prague","RésultatHC Sparta Prague1,84Bili Tygri Liberec3 - 1HC Sparta Prague","54334055","Football","1.84","Perdu"
"5T1SFXIO","2024-12-01 13:23","Combiné","Perdu","148.99","1.00","Freebet","0.00","16","Vainqueur","Den Bosch","VainqueurDen Bosch1,49Yoast United68 - 84Den Bosch","55595749","Football","1.49","Gagné"
"5T1SFXIO","2024-12-01 13:23","Combiné","Perdu","148.99","1.00","Freebet","0.00","16","Vainqueur","Aris Leeuwarden","VainqueurAris Leeuwarden1,40Aris Leeuwarden92 - 95ZZ Leiden","55595751","Football","1.40","Perdu"
"5T1SFXIO","2024-12-01 13:23","Combiné","Perdu","148.99","1.00","Freebet","0.00","16","Vainqueur","Landstede Hammers Zwolle","VainqueurLandstede Hammers Zwolle1,40Den Helder Suns91 - 79Landstede Hammers Zwolle","55595753","Football","1.40","Perdu"
"5SXJPMUI","2024-11-28 14:08","Simple","Perdu","1.80","","","0.00","1","Vainqueur","S. Bingham","VainqueurS. Bingham1,80Zhang Anda6 - 5Stuart Bingham","55945737","","1.80","Perdu"
"5SW3S05Q","2024-11-27 13:54","Combiné","Perdu","2.18","","","0.00","2","Écart de sets","Fenerbahce -1.5","","52114921","","1.27","Perdu"
"5SW3S05Q","2024-11-27 13:54","Combiné","Perdu","2.18","","","0.00","2","Vainqueur","B. Hawkins","VainqueurB. Hawkins1,72Barry Hawkins6 - 5David Gilbert","55838877","","1.72","Gagné"
"5SLRGGLO","2024-11-20 8:11","Combiné","Perdu","12.85","","","0.00","7","Vainqueur","Z.J. Lee","","55640275","","1.38","Perdu"
"5SLRGGLO","2024-11-20 8:11","Combiné","Perdu","12.85","","","0.00","7","Vainqueur","K. Nishimoto","","55640277","","1.56","Perdu"
"5SLRGGLO","2024-11-20 8:11","Combiné","Perdu","12.85","","","0.00","7","Vainqueur","Allemagne","","53787877","","1.70","Gagné"
"5SLRGGLO","2024-11-20 8:11","Combiné","Perdu","12.85","","","0.00","7","Vainqueur","Italie","","55734473","","1.26","Gagné"
"5SLRGGLO","2024-11-20 8:11","Combiné","Perdu","12.85","","","0.00","7","Résultat","Magdebourg","RésultatMagdebourg1,33RK Zagreb22 - 18Magdebourg","51621697","","1.33","Perdu"
"5SLRGGLO","2024-11-20 8:11","Combiné","Perdu","12.85","","","0.00","7","Résultat","Aalborg","RésultatAalborg1,19Aalborg30 - 28Kolstad","51621707","","1.19","Gagné"
"5SLRGGLO","2024-11-20 8:11","Combiné","Perdu","12.85","","","0.00","7","Vainqueur","Fenerbahce","VainqueurFenerbahce1,76Virtus Bologne82 - 86Fenerbahce","51549613","","1.76","Gagné"
"5SL7Y0LT","2024-11-19 23:05","Combiné","Perdu","72.60","","","0.00","4","Buteur","Brady Tkachuk","ButeurBrady Tkachuk2,75Ottawa Senators2 - 5Edmonton Oilers","51246307","Hockey","2.75","Perdu"
"5SL7Y0LT","2024-11-19 23:05","Combiné","Perdu","72.60","","","0.00","4","Buteur","Nikita Kucherov","ButeurNikita Kucherov2,20Pittsburgh Penguins2 - 3Tampa Bay Lightning(reg 2-2)","51246309","Hockey","2.20","Perdu"
"5SL7Y0LT","2024-11-19 23:05","Combiné","Perdu","72.60","","","0.00","4","Buteur","Marco Rossi","ButeurMarco Rossi4,00St. Louis Blues2 - 4Minnesota Wild","51246311","Hockey","4.00","Perdu"
"5SL7Y0LT","2024-11-19 23:05","Combiné","Perdu","72.60","","","0.00","4","Buteur","Elias Pettersson (1998)","ButeurElias Pettersson (1998)3,00Vancouver Canucks3 - 4New York Rangers","51246319","Hockey","3.00","Perdu"
"5QIQM90Y","2024-09-28 21:05","Combiné","Perdu","15.40","","","0.00","5","Vainqueur","M. Charriere","VainqueurM. Charriere1,10Morgan Charriere1 - 0Gabriel Miranda","53509591","","1.10","Gagné"
"5QIQM90Y","2024-09-28 21:05","Combiné","Perdu","15.40","","","0.00","5","Vainqueur","K. Jousset","VainqueurK. Jousset2,25Kevin Jousset0 - 1Bryan Battle","53133187","","2.25","Perdu"
"5QIQM90Y","2024-09-28 21:05","Combiné","Perdu","15.40","","","0.00","5","Vainqueur","W. Gomis","VainqueurW. Gomis3,25William Gomis1 - 0Joanderson Brito","52367943","","3.25","Gagné"
"5QIQM90Y","2024-09-28 21:05","Combiné","Perdu","15.40","","","0.00","5","Vainqueur","N. Imavov","VainqueurN. Imavov1,45Nassourdine Imavov1 - 0Brendan Allen","52367951","MMA","1.45","Gagné"
"5QIQM90Y","2024-09-28 21:05","Combiné","Perdu","15.40","","","0.00","5","Vainqueur","B. Saint-Denis","VainqueurB. Saint-Denis1,32Renato Moicano1 - 0Benoit Saint-Denis","52367953","","1.32","Perdu"
"5QIQLK1C","2024-09-28 21:04","Combiné","Annulé","15.40","","","","5","Vainqueur","M. Charriere","VainqueurM. Charriere1,10Morgan Charriere1 - 0Gabriel Miranda","53509591","","1.10","Gagné"
"5QIQLK1C","2024-09-28 21:04","Combiné","Annulé","15.40","","","","5","Vainqueur","K. Jousset","VainqueurK. Jousset2,25Kevin Jousset0 - 1Bryan Battle","53133187","","2.25","Perdu"
"5QIQLK1C","2024-09-28 21:04","Combiné","Annulé","15.40","","","","5","Vainqueur","W. Gomis","VainqueurW. Gomis3,25William Gomis1 - 0Joanderson Brito","52367943","","3.25","Gagné"
"5QIQLK1C","2024-09-28 21:04","Combiné","Annulé","15.40","","","","5","Vainqueur","N. Imavov","VainqueurN. Imavov1,45Nassourdine Imavov1 - 0Brendan Allen","52367951","MMA","1.45","Gagné"
"5QIQLK1C","2024-09-28 21:04","Combiné","Annulé","15.40","","","","5","Vainqueur","B. Saint-Denis","VainqueurB. Saint-Denis1,32Renato Moicano1 - 0Benoit Saint-Denis","52367953","","1.32","Perdu"
"5QIQL42P","2024-09-28 21:04","Simple","Perdu","","","","0.00","1","","","","","Cotes boostées","","Perdu"
"5QCTV7T8","2024-09-24 17:49","Combiné","Perdu","19.52","5.00","Freebet","0.00","12","Vainqueur","L. Darderi","","53863559","","1.60","Perdu"
"5QCTV7T8","2024-09-24 17:49","Combiné","Perdu","19.52","5.00","Freebet","0.00","12","Vainqueur","M. Berrettini","","53925867","","1.33","Gagné"
"5QCTV7T8","2024-09-24 17:49","Combiné","Perdu","19.52","5.00","Freebet","0.00","12","Vainqueur","N. Osaka","","53888755","","1.24","Gagné"
"5QCTV7T8","2024-09-24 17:49","Combiné","Perdu","19.52","5.00","Freebet","0.00","12","Vainqueur","H. Hurkacz","","53863539","","1.36","Gagné"
"5QCTV7T8","2024-09-24 17:49","Combiné","Perdu","19.52","5.00","Freebet","0.00","12","Vainqueur","E. Avanesyan","","53952557","","1.16","Gagné"
"5QCTV7T8","2024-09-24 17:49","Combiné","Perdu","19.52","5.00","Freebet","0.00","12","Vainqueur","T. Paul","","53863547","","1.34","Gagné"
"5QCTV7T8","2024-09-24 17:49","Combiné","Perdu","19.52","5.00","Freebet","0.00","12","Vainqueur","J. Draper","","53925861","","1.29","Gagné"
"5QCTV7T8","2024-09-24 17:49","Combiné","Perdu","19.52","5.00","Freebet","0.00","12","Vainqueur","S. Sorribes Tormo","","53952567","","1.33","Gagné"
"5QCTV7T8","2024-09-24 17:49","Combiné","Perdu","19.52","5.00","Freebet","0.00","12","Vainqueur","B. Shelton","","53863557","","1.30","Gagné"
"5QCTV7T8","2024-09-24 17:49","Combiné","Perdu","19.52","5.00","Freebet","0.00","12","Vainqueur","J. Sinner","","53944037","","1.03","Gagné"
"5QCTV7T8","2024-09-24 17:49","Combiné","Perdu","19.52","5.00","Freebet","0.00","12","Vainqueur","E.G. Ruse","","53952565","","1.12","Perdu"
"5QCTV7T8","2024-09-24 17:49","Combiné","Perdu","19.52","5.00","Freebet","0.00","12","Vainqueur","J. Shang","","53944027","","1.36","Perdu"
"5PKHG3LY","2024-09-04 21:44","Combiné","Perdu","3.05","50.00","Freebet","0.00","2","Vainqueur","Washington Nationals","VainqueurWashington Nationals1,66Miami Marlins3 - 3Washington Nationals(4-3 a.p.)","46680599","Baseball","1.66","Perdu"
"5PKHG3LY","2024-09-04 21:44","Combiné","Perdu","3.05","50.00","Freebet","0.00","2","Vainqueur","New York Mets","VainqueurNew York Mets1,84New York Mets8 - 3Boston Red Sox","46680979","Baseball","1.84","Gagné"
"5PKH5DPM","2024-09-04 21:36","Combiné","Annulé","3.87","50.00","Freebet","","3","Vainqueur","New York Mets","VainqueurNew York Mets1,84New York Mets8 - 3Boston Red Sox","46680979","Baseball","1.84","Gagné"
"5PKH5DPM","2024-09-04 21:36","Combiné","Annulé","3.87","50.00","Freebet","","3","Vainqueur","Chicago Cubs","VainqueurChicago Cubs1,45Chicago Cubs12 - 0Pittsburgh Pirates","46684233","Baseball","1.45","Gagné"
"5PKH5DPM","2024-09-04 21:36","Combiné","Annulé","3.87","50.00","Freebet","","3","Vainqueur","Los Angeles Dodgers","VainqueurLos Angeles Dodgers1,45Los Angeles Angels10 - 1Los Angeles Dodgers","46683315","Baseball","1.45","Perdu"
"5PKGTWJ7","2024-09-04 21:27","Combiné","Annulé","2.99","50.00","Freebet","","3","Vainqueur","New York Mets","VainqueurNew York Mets1,84New York Mets8 - 3Boston Red Sox","46680979","Baseball","1.84","Gagné"
"5PKGTWJ7","2024-09-04 21:27","Combiné","Annulé","2.99","50.00","Freebet","","3","Vainqueur","I. Swiatek","","52766957","","1.31","Perdu"
"5PKGTWJ7","2024-09-04 21:27","Combiné","Annulé","2.99","50.00","Freebet","","3","Vainqueur","A. Sabalenka","","52766967","","1.24","Gagné"
"5PIY8NZC","2024-09-03 19:59","Combiné","Perdu","6.02","","","0.00","4","Vainqueur","A. Zverev","","52784881","","1.44","Perdu"
"5PIY8NZC","2024-09-03 19:59","Combiné","Perdu","6.02","","","0.00","4","Vainqueur","A. Sabalenka","","52766963","","1.28","Gagné"
"5PIY8NZC","2024-09-03 19:59","Combiné","Perdu","6.02","","","0.00","4","Vainqueur","F. Tiafoe","","52784883","","2.35",""
"5PIY8NZC","2024-09-03 19:59","Combiné","Perdu","6.02","","","0.00","4","Vainqueur","K. Muchova","","52766959","","1.39","Gagné"
"5PH9EYOV","2024-09-02 15:36","Combiné","Perdu","84.50","","","0.00","10","Vainqueur","J. Paolini","","52766947","Tennis","2.40","Perdu"
"5PH9EYOV","2024-09-02 15:36","Combiné","Perdu","84.50","","","0.00","10","Vainqueur","J. Pegula","","52767005","Tennis","1.43","Gagné"
"5PH9EYOV","2024-09-02 15:36","Combiné","Perdu","84.50","","","0.00","10","Vainqueur","T. Machac","","52784927","Tennis","2.85","Perdu"
"5PH9EYOV","2024-09-02 15:36","Combiné","Perdu","84.50","","","0.00","10","Vainqueur","D. Medvedev","","52784925","Tennis","1.10","Gagné"
"5PH9EYOV","2024-09-02 15:36","Combiné","Perdu","84.50","","","0.00","10","Vainqueur","A. De Minaur","","52784867","Tennis","1.27","Gagné"
"5PH9EYOV","2024-09-02 15:36","Combiné","Perdu","84.50","","","0.00","10","Vainqueur","I. Swiatek","","52767003","Tennis","1.11","Gagné"
"5PH9EYOV","2024-09-02 15:36","Combiné","Perdu","84.50","","","0.00","10","Vainqueur","J. Sinner","","52784923","Tennis","1.14","Gagné"
"5PH9EYOV","2024-09-02 15:36","Combiné","Perdu","84.50","","","0.00","10","Vainqueur","A. Zverev","","52784881","Tennis","1.66","Perdu"
"5PH9EYOV","2024-09-02 15:36","Combiné","Perdu","84.50","","","0.00","10","Vainqueur","A. Sabalenka","","52766963","Tennis","1.28","Gagné"
"5PH9EYOV","2024-09-02 15:36","Combiné","Perdu","84.50","","","0.00","10","Vainqueur","F. Tiafoe","","52784883","Tennis","2.30",""
"5PG1VXDX","2024-09-01 19:17","Combiné","Perdu","135.84","","","0.00","7","Vainqueur","C. Gauff","","52766951","","1.48","Perdu"
"5PG1VXDX","2024-09-01 19:17","Combiné","Perdu","135.84","","","0.00","7","Vainqueur","B. Nakashima","","52784871","","4.30","Perdu"
"5PG1VXDX","2024-09-01 19:17","Combiné","Perdu","135.84","","","0.00","7","Vainqueur","A. Sabalenka","","52766955","","1.10","Gagné"
"5PG1VXDX","2024-09-01 19:17","Combiné","Perdu","135.84","","","0.00","7","Vainqueur","F. Tiafoe","","52784875","","2.00","Gagné"
"5PG1VXDX","2024-09-01 19:17","Combiné","Perdu","135.84","","","0.00","7","Vainqueur","Q. Zheng","","52766953","","1.47","Gagné"
"5PG1VXDX","2024-09-01 19:17","Combiné","Perdu","135.84","","","0.00","7","Vainqueur","J. Paolini","","52766947","","2.20","Perdu"
"5PG1VXDX","2024-09-01 19:17","Combiné","Perdu","135.84","","","0.00","7","Vainqueur","T. Machac","","52784927","","3.00","Perdu"
"5PFJHQVN","2024-09-01 10:42","Combiné","Perdu","90.19","","","0.00","11","Résultat","Monaco","RésultatMonaco1,84Monaco1 - 1Lens","50955387","","1.84","Perdu"
"5PFJHQVN","2024-09-01 10:42","Combiné","Perdu","90.19","","","0.00","11","Résultat","Le Havre","RésultatLe Havre2,70Le Havre3 - 1Auxerre","50955389","","2.70","Gagné"
"5PFJHQVN","2024-09-01 10:42","Combiné","Perdu","90.19","","","0.00","11","Vainqueur","M.Granollers / H.Zeballos","","52813399","","1.33","Gagné"
"5PFJHQVN","2024-09-01 10:42","Combiné","Perdu","90.19","","","0.00","11","Vainqueur","P. Badosa","","52766949","","1.19","Gagné"
"5PFJHQVN","2024-09-01 10:42","Combiné","Perdu","90.19","","","0.00","11","Vainqueur","T. Fritz","","52784869","","1.30","Gagné"
"5PFJHQVN","2024-09-01 10:42","Combiné","Perdu","90.19","","","0.00","11","Vainqueur","S.Bolelli / A.Vavassori","","52813411","","1.74","Perdu"
"5PFJHQVN","2024-09-01 10:42","Combiné","Perdu","90.19","","","0.00","11","Résultat","PSG","RésultatPSG1,88Lille1 - 3Paris SG","50955377","","1.88","Gagné"
"5PFJHQVN","2024-09-01 10:42","Combiné","Perdu","90.19","","","0.00","11","Vainqueur","M.Purcell / J.Thompson","","52813401","","1.26","Gagné"
"5PFJHQVN","2024-09-01 10:42","Combiné","Perdu","90.19","","","0.00","11","Vainqueur","C. Gauff","","52766951","","1.45","Perdu"
"5PFJHQVN","2024-09-01 10:42","Combiné","Perdu","90.19","","","0.00","11","Vainqueur","R.Bopanna / M.Ebden","","52813413","","1.33","Perdu"
"5PFJHQVN","2024-09-01 10:42","Combiné","Perdu","90.19","","","0.00","11","Vainqueur","A. Sabalenka","","52766955","","1.11","Gagné"
"5PECHKPB","2024-08-31 14:39","Combiné","Perdu","125.40","","","0.00","15","Vainqueur","K. Muchova","","52766983","","1.41","Gagné"
"5PECHKPB","2024-08-31 14:39","Combiné","Perdu","125.40","","","0.00","15","Vainqueur","J. Paolini","","52766985","","1.68","Gagné"
"5PECHKPB","2024-08-31 14:39","Combiné","Perdu","125.40","","","0.00","15","Vainqueur","M.Granollers / H.Zeballos","","52813429","","1.14","Gagné"
"5PECHKPB","2024-08-31 14:39","Combiné","Perdu","125.40","","","0.00","15","Vainqueur","D. Goffin","","52784901","","2.40","Perdu"
"5PECHKPB","2024-08-31 14:39","Combiné","Perdu","125.40","","","0.00","15","Vainqueur","J. Pegula","","52766977","","1.10","Gagné"
"5PECHKPB","2024-08-31 14:39","Combiné","Perdu","125.40","","","0.00","15","Vainqueur","J.Cash / R.Galloway","","52813385","","1.21","Perdu"
"5PECHKPB","2024-08-31 14:39","Combiné","Perdu","125.40","","","0.00","15","Vainqueur","I.Dodig / A.Pavlasek","","52813387","","1.56","Gagné"
"5PECHKPB","2024-08-31 14:39","Combiné","Perdu","125.40","","","0.00","15","Vainqueur","R.Ram / J.Salisbury","","52813375","","1.33","Gagné"
"5PECHKPB","2024-08-31 14:39","Combiné","Perdu","125.40","","","0.00","15","Vainqueur","D. Shnaider","","52766975","","1.08","Gagné"
"5PECHKPB","2024-08-31 14:39","Combiné","Perdu","125.40","","","0.00","15","Vainqueur","T. Paul","","52784957","","1.10","Gagné"
"5PECHKPB","2024-08-31 14:39","Combiné","Perdu","125.40","","","0.00","15","Vainqueur","L.Kichenok / J.Ostapenko","","52815835","","1.40","Gagné"
"5PECHKPB","2024-08-31 14:39","Combiné","Perdu","125.40","","","0.00","15","Vainqueur","C. Wozniacki","","52766979","","1.08","Gagné"
"5PECHKPB","2024-08-31 14:39","Combiné","Perdu","125.40","","","0.00","15","Vainqueur","C.Dolehide / D.Krawczyk","","52815829","","1.33","Perdu"
"5PECHKPB","2024-08-31 14:39","Combiné","Perdu","125.40","","","0.00","15","Vainqueur","N. Borges","","52784959","","1.56","Gagné"
"5PECHKPB","2024-08-31 14:39","Combiné","Perdu","125.40","","","0.00","15","Vainqueur","J. Thompson","","52784905","","1.88","Gagné"
"5P1CJMNO","2024-08-22 12:19","Combiné","Perdu","47.05","1.00","Freebet","0.00","10","Vainqueur","K. Rakhimova","","52832769","","1.32","Perdu"
"5P1CJMNO","2024-08-22 12:19","Combiné","Perdu","47.05","1.00","Freebet","0.00","10","Vainqueur","J. De Jong","","52838823","","1.33","Perdu"
"5P1CJMNO","2024-08-22 12:19","Combiné","Perdu","47.05","1.00","Freebet","0.00","10","Vainqueur","A. Sasnovich","","52838827","","1.56","Gagné"
"5P1CJMNO","2024-08-22 12:19","Combiné","Perdu","47.05","1.00","Freebet","0.00","10","Vainqueur","H. Grenier","","52838909","","1.50","Gagné"
"5P1CJMNO","2024-08-22 12:19","Combiné","Perdu","47.05","1.00","Freebet","0.00","10","Vainqueur","A. Karatsev","","52853525","","1.58","Perdu"
"5P1CJMNO","2024-08-22 12:19","Combiné","Perdu","47.05","1.00","Freebet","0.00","10","Vainqueur","J. Fonseca","","52846627","","1.43","Perdu"
"5P1CJMNO","2024-08-22 12:19","Combiné","Perdu","47.05","1.00","Freebet","0.00","10","Vainqueur","H. Medjedovic","","52853685","","1.58","Gagné"
"5P1CJMNO","2024-08-22 12:19","Combiné","Perdu","47.05","1.00","Freebet","0.00","10","Vainqueur","M. Bellucci","","52853719","","1.42","Gagné"
"5P1CJMNO","2024-08-22 12:19","Combiné","Perdu","47.05","1.00","Freebet","0.00","10","Vainqueur","Q. Halys","","52853609","","1.58","Gagné"
"5P1CJMNO","2024-08-22 12:19","Combiné","Perdu","47.05","1.00","Freebet","0.00","10","Vainqueur","M. Cressy","","52853665","","1.43","Perdu"
"5OTHJ97A","2024-08-17 0:17","Simple","Perdu","3.05","","","0.00","1","But sur penalty","Au moins une équipe","But sur penaltyAu moins une équipe3,05Colo Colo2 - 0Coquimbo Unido","47445437","","3.05","Perdu"
"5OK38J4G","2024-08-10 10:27","Combiné","Perdu","28.54","","","0.00","8","Vainqueur","Hiroshima Toyo Carp","VainqueurHiroshima Toyo Carp1,84Hanshin Tigers1 - 5Hiroshima Toyo Carp","47094211","","1.84","Gagné"
"5OK38J4G","2024-08-10 10:27","Combiné","Perdu","28.54","","","0.00","8","Vainqueur","Yokohama","VainqueurYokohama1,50Yokohama DeNA BayStars14 - 4Tokyo Yakult Swallows","47094213","","1.50","Gagné"
"5OK38J4G","2024-08-10 10:27","Combiné","Perdu","28.54","","","0.00","8","Vainqueur","Hanwha Eagles","VainqueurHanwha Eagles1,30Hanwha Eagles1 - 3Kiwoom Heroes","47537531","","1.30","Perdu"
"5OK38J4G","2024-08-10 10:27","Combiné","Perdu","28.54","","","0.00","8","Double chance","France (F) ou match nul","Double chanceFrance (F) ou match nul1,52Norvège (F)29 - 21France (F)","51614759","","1.52","Perdu"
"5OK38J4G","2024-08-10 10:27","Combiné","Perdu","28.54","","","0.00","8","Vainqueur","B. Nakashima","","52069565","","2.50","Perdu"
"5OK38J4G","2024-08-10 10:27","Combiné","Perdu","28.54","","","0.00","8","Vainqueur","G. Dimitrov","","52069571","","1.32","Perdu"
"5OK38J4G","2024-08-10 10:27","Combiné","Perdu","28.54","","","0.00","8","Score exact","2 - 0","","52069563","","1.22","Gagné"
"5OK38J4G","2024-08-10 10:27","Combiné","Perdu","28.54","","","0.00","8","Vainqueur","A. Zverev","","52069577","","1.30","Gagné"
"5OJ2XKY5","2024-08-09 17:30","Simple","Perdu","","","","0.00","1","","","","","Cotes boostées","","Perdu"
"5OGK0MG8","2024-08-07 23:05","Combiné","Perdu","69.77","","","0.00","16","Vainqueur","S. Korda","","52157205","Tennis","1.07",""
"5OGK0MG8","2024-08-07 23:05","Combiné","Perdu","69.77","","","0.00","16","Vainqueur","F. Auger-Aliassime","","52157209","Tennis","1.26","Perdu"
"5OGK0MG8","2024-08-07 23:05","Combiné","Perdu","69.77","","","0.00","16","Vainqueur","G. Monfils","","52311369","Tennis","2.10","Perdu"
"5OGK0MG8","2024-08-07 23:05","Combiné","Perdu","69.77","","","0.00","16","Vainqueur","J. Pegula","","52075247","Tennis","1.30","Gagné"
"5OGK0MG8","2024-08-07 23:05","Combiné","Perdu","69.77","","","0.00","16","Vainqueur","D. Medvedev","","52069601","Tennis","1.14","Perdu"
"5OGK0MG8","2024-08-07 23:05","Combiné","Perdu","69.77","","","0.00","16","Vainqueur","U. Humbert","","52069605","Tennis","1.31","Perdu"
"5OGK0MG8","2024-08-07 23:05","Combiné","Perdu","69.77","","","0.00","16","Vainqueur","S. Tsitsipas","","52069607","Tennis","1.15","Perdu"
"5OGK0MG8","2024-08-07 23:05","Combiné","Perdu","69.77","","","0.00","16","Vainqueur","E. Svitolina","","52075257","Tennis","1.52","Perdu"
"5OGK0MG8","2024-08-07 23:05","Combiné","Perdu","69.77","","","0.00","16","Vainqueur","L. Samsonova","","52075245","Tennis","1.31","Gagné"
"5OGK0MG8","2024-08-07 23:05","Combiné","Perdu","69.77","","","0.00","16","Vainqueur","A. Zverev","","52069561","Tennis","1.22","Gagné"
"5OGK0MG8","2024-08-07 23:05","Combiné","Perdu","69.77","","","0.00","16","Vainqueur","G. Dimitrov","","52069609","Tennis","1.12","Gagné"
"5OGK0MG8","2024-08-07 23:05","Combiné","Perdu","69.77","","","0.00","16","Vainqueur","J. Sinner","","52069593","Tennis","1.10","Gagné"
"5OGK0MG8","2024-08-07 23:05","Combiné","Perdu","69.77","","","0.00","16","Vainqueur","H. Rune","","52069559","Tennis","1.29","Gagné"
"5OGK0MG8","2024-08-07 23:05","Combiné","Perdu","69.77","","","0.00","16","Vainqueur","A. Tabilo","","52069595","Tennis","1.56","Gagné"
"5OGK0MG8","2024-08-07 23:05","Combiné","Perdu","69.77","","","0.00","16","Vainqueur","P. Badosa","","52075261","Tennis","1.54","Perdu"
"5OGK0MG8","2024-08-07 23:05","Combiné","Perdu","69.77","","","0.00","16","Vainqueur","V. Azarenka","","52075251","Tennis","1.19","Gagné"
"5OGIQBH6","2024-08-07 22:29","Simple","Perdu","","10.00","Cash","0.00","1","","","","","Cotes boostées","","Perdu"
"5OGIQAR4","2024-08-07 22:29","Simple","Gagné","2.10","10.00","Cash","21.00","1","Vainqueur","Erislandy Alvarez","","1000060174","","2.10","Gagné"
"5OFZ21Y4","2024-08-07 13:18","Combiné","Perdu","25.38","","","0.00","8","Vainqueur","J. Draper","","52157197","","1.35","Perdu"
"5OFZ21Y4","2024-08-07 13:18","Combiné","Perdu","25.38","","","0.00","8","Vainqueur","T. Paul","","52157227","","1.12","Gagné"
"5OFZ21Y4","2024-08-07 13:18","Combiné","Perdu","25.38","","","0.00","8","Vainqueur","P. Badosa","","52157055","","1.27","Gagné"
"5OFZ21Y4","2024-08-07 13:18","Combiné","Perdu","25.38","","","0.00","8","Vainqueur","D. Shnaider","","52278967","","1.36","Gagné"
"5OFZ21Y4","2024-08-07 13:18","Combiné","Perdu","25.38","","","0.00","8","Vainqueur","A. Fils","","52157219","","2.35","Perdu"
"5OFZ21Y4","2024-08-07 13:18","Combiné","Perdu","25.38","","","0.00","8","Vainqueur","B. Nakashima","","52311379","","1.96","Gagné"
"5OFZ21Y4","2024-08-07 13:18","Combiné","Perdu","25.38","","","0.00","8","Vainqueur","M. Giron","","52312149","","1.54","Perdu"
"5OFZ21Y4","2024-08-07 13:18","Combiné","Perdu","25.38","","","0.00","8","Vainqueur","M. Linette","","52157063","","1.37","Gagné"
"5OFYX6FH","2024-08-07 13:15","Simple","Perdu","","","","0.00","1","","","","","Cotes boostées","","Perdu"
"5O4ANMP6","2024-07-30 69:10","Combiné","Perdu","178.94","1.00","Freebet","0.00","15","Vainqueur","T. Fritz","","51860399","Tennis","1.46","Gagné"
"5O4ANMP6","2024-07-30 69:10","Combiné","Perdu","178.94","1.00","Freebet","0.00","15","Vainqueur","D. Collins","","51860553","Tennis","1.29","Gagné"
"5O4ANMP6","2024-07-30 69:10","Combiné","Perdu","178.94","1.00","Freebet","0.00","15","Vainqueur","L.A. Fernandez","","51860555","Tennis","1.40","Perdu"
"5O4ANMP6","2024-07-30 69:10","Combiné","Perdu","178.94","1.00","Freebet","0.00","15","Vainqueur","C. Gauff","","51860567","Tennis","1.15","Perdu"
"5O4ANMP6","2024-07-30 69:10","Combiné","Perdu","178.94","1.00","Freebet","0.00","15","Vainqueur","L. Musetti","","51860397","Tennis","1.41","Gagné"
"5O4ANMP6","2024-07-30 69:10","Combiné","Perdu","178.94","1.00","Freebet","0.00","15","Vainqueur","F. Auger-Aliassime","","51860405","Tennis","1.20","Gagné"
"5O4ANMP6","2024-07-30 69:10","Combiné","Perdu","178.94","1.00","Freebet","0.00","15","Score exact","2 - 0","","51860393","Tennis","1.37","Gagné"
"5O4ANMP6","2024-07-30 69:10","Combiné","Perdu","178.94","1.00","Freebet","0.00","15","Vainqueur","A. Popyrin","","51860395","Tennis","1.78","Gagné"
"5O4ANMP6","2024-07-30 69:10","Combiné","Perdu","178.94","1.00","Freebet","0.00","15","Vainqueur","J. Paolini","","51860563","Tennis","1.12","Perdu"
"5O4ANMP6","2024-07-30 69:10","Combiné","Perdu","178.94","1.00","Freebet","0.00","15","Vainqueur","E. Svitolina","","51860559","Tennis","1.96","Perdu"
"5O4ANMP6","2024-07-30 69:10","Combiné","Perdu","178.94","1.00","Freebet","0.00","15","Vainqueur","T. Paul","","51860411","Tennis","1.36","Gagné"
"5O4ANMP6","2024-07-30 69:10","Combiné","Perdu","178.94","1.00","Freebet","0.00","15","Vainqueur","M. Sakkari","","51860565","Tennis","1.54","Perdu"
"5O4ANMP6","2024-07-30 69:10","Combiné","Perdu","178.94","1.00","Freebet","0.00","15","Vainqueur","C. Moutet","","51860409","Tennis","2.80",""
"5O4ANMP6","2024-07-30 69:10","Combiné","Perdu","178.94","1.00","Freebet","0.00","15","Vainqueur","I. Swiatek","","51860551","Tennis","1.01","Gagné"
"5O4ANMP6","2024-07-30 69:10","Combiné","Perdu","178.94","1.00","Freebet","0.00","15","Vainqueur","D. Medvedev","","51860407","Tennis","1.10","Gagné"
"5O24DKKF","2024-07-28 20:39","Combiné","Perdu","42.61","1.00","Freebet","0.00","25","Vainqueur","G. Kushitashvili","","1000061104","MMA","1.52","Perdu"
"5O24DKKF","2024-07-28 20:39","Combiné","Perdu","42.61","1.00","Freebet","0.00","25","Vainqueur","A. Volpi","VainqueurA. Volpi1,25Eleanor Harvey15 - 12Alice Volpi","1000061193","MMA","1.25","Perdu"
"5O24DKKF","2024-07-28 20:39","Combiné","Perdu","42.61","1.00","Freebet","0.00","25","Vainqueur","Chen Nien-chin","","1000061113","MMA","1.18","Gagné"
"5O24DKKF","2024-07-28 20:39","Combiné","Perdu","42.61","1.00","Freebet","0.00","25","Vainqueur","Q. Dang","","51883753","MMA","1.21","Gagné"
"5O24DKKF","2024-07-28 20:39","Combiné","Perdu","42.61","1.00","Freebet","0.00","25","Vainqueur","S.Rankireddy / C.Shetty","","51945605","MMA","1.10",""
"5O24DKKF","2024-07-28 20:39","Combiné","Perdu","42.61","1.00","Freebet","0.00","25","Vainqueur","Y.Z.Feng / D.P.Huang","","51945623","MMA","1.12","Perdu"
"5O24DKKF","2024-07-28 20:39","Combiné","Perdu","42.61","1.00","Freebet","0.00","25","Vainqueur","Turquie (F)","","51105401","MMA","1.14","Gagné"
"5O24DKKF","2024-07-28 20:39","Combiné","Perdu","42.61","1.00","Freebet","0.00","25","Vainqueur","S.Cottafava / P.Nicolai","","51353057","MMA","1.15","Gagné"
"5O24DKKF","2024-07-28 20:39","Combiné","Perdu","42.61","1.00","Freebet","0.00","25","Vainqueur","C T. Wong","","51949633","MMA","1.06","Gagné"
"5O24DKKF","2024-07-28 20:39","Combiné","Perdu","42.61","1.00","Freebet","0.00","25","Vainqueur","V.Ishiy","","51883771","MMA","1.09","Gagné"
"5O24DKKF","2024-07-28 20:39","Combiné","Perdu","42.61","1.00","Freebet","0.00","25","Vainqueur","L. Bergstrom","","51949587","MMA","1.03","Gagné"
"5O24DKKF","2024-07-28 20:39","Combiné","Perdu","42.61","1.00","Freebet","0.00","25","Vainqueur","L. Sen","","51945577","MMA","1.07","Gagné"
"5O24DKKF","2024-07-28 20:39","Combiné","Perdu","42.61","1.00","Freebet","0.00","25","Vainqueur","Sin Yan Happy Lo","","51945555","MMA","1.12","Perdu"
"5O24DKKF","2024-07-28 20:39","Combiné","Perdu","42.61","1.00","Freebet","0.00","25","Vainqueur","S.Errani / J.Paolini","","51871521","MMA","1.28","Gagné"
"5O24DKKF","2024-07-28 20:39","Combiné","Perdu","42.61","1.00","Freebet","0.00","25","Vainqueur","S. Tsitsipas","","51860391","MMA","1.04","Gagné"
"5O24DKKF","2024-07-28 20:39","Combiné","Perdu","42.61","1.00","Freebet","0.00","25","Score exact","2 - 0","","51860389","MMA","1.28","Perdu"
"5O24DKKF","2024-07-28 20:39","Combiné","Perdu","42.61","1.00","Freebet","0.00","25","Vainqueur","C. Alcaraz","","51860353","MMA","1.02","Gagné"
"5O24DKKF","2024-07-28 20:39","Combiné","Perdu","42.61","1.00","Freebet","0.00","25","Vainqueur","M. Li","","51945557","MMA","1.21","Gagné"
"5O24DKKF","2024-07-28 20:39","Combiné","Perdu","42.61","1.00","Freebet","0.00","25","Vainqueur","O. Assar","","51966131","MMA","1.07","Gagné"
"5O24DKKF","2024-07-28 20:39","Combiné","Perdu","42.61","1.00","Freebet","0.00","25","Vainqueur","A. Diaz","","51951337","MMA","1.17","Gagné"
"5O24DKKF","2024-07-28 20:39","Combiné","Perdu","42.61","1.00","Freebet","0.00","25","Vainqueur","S. Togami","","51967413","MMA","1.05","Gagné"
"5O24DKKF","2024-07-28 20:39","Combiné","Perdu","42.61","1.00","Freebet","0.00","25","Vainqueur","T. Fritz","","51860399","MMA","1.50","Gagné"
"5O24DKKF","2024-07-28 20:39","Combiné","Perdu","42.61","1.00","Freebet","0.00","25","Vainqueur","L. Musetti","","51860397","MMA","1.41","Gagné"
"5O24DKKF","2024-07-28 20:39","Combiné","Perdu","42.61","1.00","Freebet","0.00","25","Vainqueur","B.Krejcikova / K.Siniakova","","51871499","MMA","1.09","Gagné"
"5O24DKKF","2024-07-28 20:39","Combiné","Perdu","42.61","1.00","Freebet","0.00","25","Vainqueur","D. Medvedev","","51860407","MMA","1.07","Gagné"
"5O2420ES","2024-07-28 20:30","Combiné","Perdu","102.06","1.00","Freebet","0.00","13","Vainqueur","T.Griekspoor / W.Koolhof","","51869715","Tennis","1.29","Gagné"
"5O2420ES","2024-07-28 20:30","Combiné","Perdu","102.06","1.00","Freebet","0.00","13","Vainqueur","G.Monfils / E.Roger-Vasselin","","51945565","Tennis","1.80","Gagné"
"5O2420ES","2024-07-28 20:30","Combiné","Perdu","102.06","1.00","Freebet","0.00","13","Vainqueur","Xin.Wang / S.Zheng","","51871509","Tennis","1.80","Perdu"
"5O2420ES","2024-07-28 20:30","Combiné","Perdu","102.06","1.00","Freebet","0.00","13","Vainqueur","C.Garcia / D.Parry","","51871519","Tennis","1.58","Gagné"
"5O2420ES","2024-07-28 20:30","Combiné","Perdu","102.06","1.00","Freebet","0.00","13","Vainqueur","S.Errani / J.Paolini","","51871521","Tennis","1.27","Gagné"
"5O2420ES","2024-07-28 20:30","Combiné","Perdu","102.06","1.00","Freebet","0.00","13","Vainqueur","T.Fritz / T.Paul","","51869725","Tennis","1.54","Gagné"
"5O2420ES","2024-07-28 20:30","Combiné","Perdu","102.06","1.00","Freebet","0.00","13","Vainqueur","M-L.Carle / N.Podoroska","","51871511","Tennis","1.60","Gagné"
"5O2420ES","2024-07-28 20:30","Combiné","Perdu","102.06","1.00","Freebet","0.00","13","Vainqueur","M.Kostyuk / D.Yastremska","","51871523","Tennis","1.15","Gagné"
"5O2420ES","2024-07-28 20:30","Combiné","Perdu","102.06","1.00","Freebet","0.00","13","Vainqueur","B.Haddad Maia / L.Stefani","","51871515","Tennis","1.28","Gagné"
"5O2420ES","2024-07-28 20:30","Combiné","Perdu","102.06","1.00","Freebet","0.00","13","Vainqueur","G.Dabrowski / L.A.Fernandez","","51871505","Tennis","1.11","Gagné"
"5O2420ES","2024-07-28 20:30","Combiné","Perdu","102.06","1.00","Freebet","0.00","13","Vainqueur","A.Fils / U.Humbert","","51869719","Tennis","2.35","Perdu"
"5O2420ES","2024-07-28 20:30","Combiné","Perdu","102.06","1.00","Freebet","0.00","13","Vainqueur","D.Collins / D.Krawczyk","","51871507","Tennis","1.18","Gagné"
"5O2420ES","2024-07-28 20:30","Combiné","Perdu","102.06","1.00","Freebet","0.00","13","Vainqueur","B.Krejcikova / K.Siniakova","","51871499","Tennis","1.09","Gagné"
"5O23RWAY","2024-07-28 20:22","Combiné","Perdu","11.17","","","0.00","12","Vainqueur","A. Zverev","","51870767","Tennis","1.09","Gagné"
"5O23RWAY","2024-07-28 20:22","Combiné","Perdu","11.17","","","0.00","12","Vainqueur","N. Jarry","","51870761","Tennis","1.68","Perdu"
"5O23RWAY","2024-07-28 20:22","Combiné","Perdu","11.17","","","0.00","12","Vainqueur","J. Paolini","","51860541","Tennis","1.22","Gagné"
"5O23RWAY","2024-07-28 20:22","Combiné","Perdu","11.17","","","0.00","12","Vainqueur","D. Shnaider","","51860585","Tennis","1.32","Perdu"
"5O23RWAY","2024-07-28 20:22","Combiné","Perdu","11.17","","","0.00","12","Vainqueur","Q. Zheng","","51860597","Tennis","1.14","Gagné"
"5O23RWAY","2024-07-28 20:22","Combiné","Perdu","11.17","","","0.00","12","Vainqueur","N. Djokovic","","51860385","Tennis","1.18","Gagné"
"5O23RWAY","2024-07-28 20:22","Combiné","Perdu","11.17","","","0.00","12","Vainqueur","M. Sakkari","","51860543","Tennis","1.17","Gagné"
"5O23RWAY","2024-07-28 20:22","Combiné","Perdu","11.17","","","0.00","12","Vainqueur","S. Baez","","51860389","Tennis","1.06","Gagné"
"5O23RWAY","2024-07-28 20:22","Combiné","Perdu","11.17","","","0.00","12","Vainqueur","C. Alcaraz","","51860353","Tennis","1.02","Gagné"
"5O23RWAY","2024-07-28 20:22","Combiné","Perdu","11.17","","","0.00","12","Vainqueur","T. Fritz","","51860399","Tennis","1.50","Gagné"
"5O23RWAY","2024-07-28 20:22","Combiné","Perdu","11.17","","","0.00","12","Vainqueur","L. Musetti","","51860397","Tennis","1.40","Gagné"
"5O23RWAY","2024-07-28 20:22","Combiné","Perdu","11.17","","","0.00","12","Vainqueur","D. Medvedev","","51860407","Tennis","1.06","Gagné"
"5O1G22PG","2024-07-28 9:18","Combiné","Perdu","184.60","","","0.00","12","Vainqueur","M.L. Carle","","51869737","","1.43","Gagné"
"5O1G22PG","2024-07-28 9:18","Combiné","Perdu","184.60","","","0.00","12","Vainqueur","B. Andreescu","","51869739","","1.76","Gagné"
"5O1G22PG","2024-07-28 9:18","Combiné","Perdu","184.60","","","0.00","12","Vainqueur","Xin. Wang","","51869761","","1.41","Gagné"
"5O1G22PG","2024-07-28 9:18","Combiné","Perdu","184.60","","","0.00","12","Vainqueur","D. Shnaider","","51869791","","1.50","Gagné"
"5O1G22PG","2024-07-28 9:18","Combiné","Perdu","184.60","","","0.00","12","Vainqueur","C. Moutet","","51870735","","1.64","Gagné"
"5O1G22PG","2024-07-28 9:18","Combiné","Perdu","184.60","","","0.00","12","Vainqueur","F. Auger-Aliassime","","51870743","","1.29","Gagné"
"5O1G22PG","2024-07-28 9:18","Combiné","Perdu","184.60","","","0.00","12","Vainqueur","D. Evans","","51870771","","1.35","Gagné"
"5O1G22PG","2024-07-28 9:18","Combiné","Perdu","184.60","","","0.00","12","Vainqueur","E. Svitolina","","51869763","","1.19","Gagné"
"5O1G22PG","2024-07-28 9:18","Combiné","Perdu","184.60","","","0.00","12","Vainqueur","S. Tsitsipas","","51870769","","1.14","Gagné"
"5O1G22PG","2024-07-28 9:18","Combiné","Perdu","184.60","","","0.00","12","Vainqueur","V. Gracheva","","51869757","","2.60","Perdu"
"5O1G22PG","2024-07-28 9:18","Combiné","Perdu","184.60","","","0.00","12","Vainqueur","F. Cerundolo","","51870747","","1.35","Gagné"
"5O1G22PG","2024-07-28 9:18","Combiné","Perdu","184.60","","","0.00","12","Vainqueur","C. Burel","","51869745","","2.55","Gagné"
"5O1FYIQV","2024-07-28 9:15","Combiné","Perdu","170.85","","","0.00","19","Vainqueur","B. Krejcikova","","51869759","","1.36","Gagné"
"5O1FYIQV","2024-07-28 9:15","Combiné","Perdu","170.85","","","0.00","19","Vainqueur","Xin. Wang","","51869761","","1.41","Gagné"
"5O1FYIQV","2024-07-28 9:15","Combiné","Perdu","170.85","","","0.00","19","Vainqueur","T.M. Etcheverry","","51870727","","1.52","Gagné"
"5O1FYIQV","2024-07-28 9:15","Combiné","Perdu","170.85","","","0.00","19","Vainqueur","C. Moutet","","51870735","","1.64","Gagné"
"5O1FYIQV","2024-07-28 9:15","Combiné","Perdu","170.85","","","0.00","19","Vainqueur","F. Auger-Aliassime","","51870743","","1.29","Gagné"
"5O1FYIQV","2024-07-28 9:15","Combiné","Perdu","170.85","","","0.00","19","Vainqueur","D. Evans","","51870771","","1.35","Gagné"
"5O1FYIQV","2024-07-28 9:15","Combiné","Perdu","170.85","","","0.00","19","Vainqueur","E. Svitolina","","51869763","","1.19","Gagné"
"5O1FYIQV","2024-07-28 9:15","Combiné","Perdu","170.85","","","0.00","19","Vainqueur","S. Ofner","","51876445","","1.07","Gagné"
"5O1FYIQV","2024-07-28 9:15","Combiné","Perdu","170.85","","","0.00","19","Vainqueur","Q. Zheng","","51940715","","1.06","Gagné"
"5O1FYIQV","2024-07-28 9:15","Combiné","Perdu","170.85","","","0.00","19","Vainqueur","S. Tsitsipas","","51870769","","1.14","Gagné"
"5O1FYIQV","2024-07-28 9:15","Combiné","Perdu","170.85","","","0.00","19","Vainqueur","J. Pegula","","51869765","","1.10","Gagné"
"5O1FYIQV","2024-07-28 9:15","Combiné","Perdu","170.85","","","0.00","19","Vainqueur","D. Parry","","51869795","","1.34","Gagné"
"5O1FYIQV","2024-07-28 9:15","Combiné","Perdu","170.85","","","0.00","19","Vainqueur","T. Paul","","51870731","","1.52","Gagné"
"5O1FYIQV","2024-07-28 9:15","Combiné","Perdu","170.85","","","0.00","19","Vainqueur","S. Baez","","51870775","","1.41","Gagné"
"5O1FYIQV","2024-07-28 9:15","Combiné","Perdu","170.85","","","0.00","19","Vainqueur","A. Tabilo","","51870729","","1.47","Perdu"
"5O1FYIQV","2024-07-28 9:15","Combiné","Perdu","170.85","","","0.00","19","Vainqueur","F. Cerundolo","","51870747","","1.35","Gagné"
"5O1FYIQV","2024-07-28 9:15","Combiné","Perdu","170.85","","","0.00","19","Vainqueur","D. Yastremska","","51869787","","1.31","Gagné"
"5O1FYIQV","2024-07-28 9:15","Combiné","Perdu","170.85","","","0.00","19","Vainqueur","A. Fils","","51870777","","1.49","Perdu"
"5O1FYIQV","2024-07-28 9:15","Combiné","Perdu","170.85","","","0.00","19","Vainqueur","A. Zverev","","51870767","","1.09","Gagné"
"5O0KLBL6","2024-07-27 18:37","Combiné","Perdu","30.58","","","0.00","12","Vainqueur","N. Osaka","","51869779","","1.26","Perdu"
"5O0KLBL6","2024-07-27 18:37","Combiné","Perdu","30.58","","","0.00","12","Vainqueur","D. Evans","","51870771","","1.35","Gagné"
"5O0KLBL6","2024-07-27 18:37","Combiné","Perdu","30.58","","","0.00","12","Vainqueur","D. Collins","","51869783","","1.21",""
"5O0KLBL6","2024-07-27 18:37","Combiné","Perdu","30.58","","","0.00","12","Vainqueur","C. Eubanks","","51870773","","2.05","Perdu"
"5O0KLBL6","2024-07-27 18:37","Combiné","Perdu","30.58","","","0.00","12","Vainqueur","S. Ofner","","51876445","","1.10","Gagné"
"5O0KLBL6","2024-07-27 18:37","Combiné","Perdu","30.58","","","0.00","12","Vainqueur","J. Ostapenko","","51869789","","1.37","Perdu"
"5O0KLBL6","2024-07-27 18:37","Combiné","Perdu","30.58","","","0.00","12","Vainqueur","S. Tsitsipas","","51870769","","1.14","Gagné"
"5O0KLBL6","2024-07-27 18:37","Combiné","Perdu","30.58","","","0.00","12","Vainqueur","D. Parry","","51869795","","1.34","Gagné"
"5O0KLBL6","2024-07-27 18:37","Combiné","Perdu","30.58","","","0.00","12","Vainqueur","T. Paul","","51870731","","1.52","Gagné"
"5O0KLBL6","2024-07-27 18:37","Combiné","Perdu","30.58","","","0.00","12","Vainqueur","P. Martic","","51869777","","1.55","Perdu"
"5O0KLBL6","2024-07-27 18:37","Combiné","Perdu","30.58","","","0.00","12","Vainqueur","D. Yastremska","","51869787","","1.31","Gagné"
"5O0KLBL6","2024-07-27 18:37","Combiné","Perdu","30.58","","","0.00","12","Vainqueur","E. Navarro","","51869773","","1.02","Gagné"
"5O0CQX5A","2024-07-27 14:57","Combiné","Perdu","61.01","","","0.00","14","Vainqueur","T. Fritz","","51870753","","1.26","Gagné"
"5O0CQX5A","2024-07-27 14:57","Combiné","Perdu","61.01","","","0.00","14","Vainqueur","C. Garcia","","51905895","","1.58","Perdu"
"5O0CQX5A","2024-07-27 14:57","Combiné","Perdu","61.01","","","0.00","14","Vainqueur","N. Osaka","","51869779","","1.26","Perdu"
"5O0CQX5A","2024-07-27 14:57","Combiné","Perdu","61.01","","","0.00","14","Vainqueur","D. Evans","","51870771","","1.35","Gagné"
"5O0CQX5A","2024-07-27 14:57","Combiné","Perdu","61.01","","","0.00","14","Vainqueur","D. Collins","","51869783","","1.23",""
"5O0CQX5A","2024-07-27 14:57","Combiné","Perdu","61.01","","","0.00","14","Vainqueur","C. Eubanks","","51870773","","2.05","Perdu"
"5O0CQX5A","2024-07-27 14:57","Combiné","Perdu","61.01","","","0.00","14","Vainqueur","S. Ofner","","51876445","","1.09","Gagné"
"5O0CQX5A","2024-07-27 14:57","Combiné","Perdu","61.01","","","0.00","14","Vainqueur","J. Ostapenko","","51869789","","1.39","Perdu"
"5O0CQX5A","2024-07-27 14:57","Combiné","Perdu","61.01","","","0.00","14","Vainqueur","S. Tsitsipas","","51870769","","1.14","Gagné"
"5O0CQX5A","2024-07-27 14:57","Combiné","Perdu","61.01","","","0.00","14","Vainqueur","D. Parry","","51869795","","1.34","Gagné"
"5O0CQX5A","2024-07-27 14:57","Combiné","Perdu","61.01","","","0.00","14","Vainqueur","T. Paul","","51870731","","1.52","Gagné"
"5O0CQX5A","2024-07-27 14:57","Combiné","Perdu","61.01","","","0.00","14","Vainqueur","P. Martic","","51869777","","1.52","Perdu"
"5O0CQX5A","2024-07-27 14:57","Combiné","Perdu","61.01","","","0.00","14","Vainqueur","D. Yastremska","","51869787","","1.31","Gagné"
"5O0CQX5A","2024-07-27 14:57","Combiné","Perdu","61.01","","","0.00","14","Vainqueur","E. Navarro","","51869773","","1.02","Gagné"
"5O0COT7I","2024-07-27 14:56","Combiné","Perdu","1780.21","","","0.00","29","Vainqueur","T. Fritz","","51870753","","1.26","Gagné"
"5O0COT7I","2024-07-27 14:56","Combiné","Perdu","1780.21","","","0.00","29","Vainqueur","C. Garcia","","51905895","","1.58","Perdu"
"5O0COT7I","2024-07-27 14:56","Combiné","Perdu","1780.21","","","0.00","29","Vainqueur","N. Osaka","","51869779","","1.26","Perdu"
"5O0COT7I","2024-07-27 14:56","Combiné","Perdu","1780.21","","","0.00","29","Vainqueur","M. Sakkari","","51869749","","1.05","Gagné"
"5O0COT7I","2024-07-27 14:56","Combiné","Perdu","1780.21","","","0.00","29","Vainqueur","B. Krejcikova","","51869759","","1.37","Gagné"
"5O0COT7I","2024-07-27 14:56","Combiné","Perdu","1780.21","","","0.00","29","Vainqueur","Xin. Wang","","51869761","","1.41","Gagné"
"5O0COT7I","2024-07-27 14:56","Combiné","Perdu","1780.21","","","0.00","29","Vainqueur","T.M. Etcheverry","","51870727","","1.52","Gagné"
"5O0COT7I","2024-07-27 14:56","Combiné","Perdu","1780.21","","","0.00","29","Vainqueur","C. Moutet","","51870735","","1.64","Gagné"
"5O0COT7I","2024-07-27 14:56","Combiné","Perdu","1780.21","","","0.00","29","Vainqueur","F. Auger-Aliassime","","51870743","","1.28","Gagné"
"5O0COT7I","2024-07-27 14:56","Combiné","Perdu","1780.21","","","0.00","29","Vainqueur","C. Ruud","","51870751","","1.08","Gagné"
"5O0COT7I","2024-07-27 14:56","Combiné","Perdu","1780.21","","","0.00","29","Vainqueur","D. Evans","","51870771","","1.35","Gagné"
"5O0COT7I","2024-07-27 14:56","Combiné","Perdu","1780.21","","","0.00","29","Vainqueur","E. Svitolina","","51869763","","1.19","Gagné"
"5O0COT7I","2024-07-27 14:56","Combiné","Perdu","1780.21","","","0.00","29","Vainqueur","D. Collins","","51869783","","1.23",""
"5O0COT7I","2024-07-27 14:56","Combiné","Perdu","1780.21","","","0.00","29","Vainqueur","S. Ofner","","51876445","","1.09","Gagné"
"5O0COT7I","2024-07-27 14:56","Combiné","Perdu","1780.21","","","0.00","29","Vainqueur","Q. Zheng","","51940715","","1.07","Gagné"
"5O0COT7I","2024-07-27 14:56","Combiné","Perdu","1780.21","","","0.00","29","Vainqueur","J. Ostapenko","","51869789","","1.39","Perdu"
"5O0COT7I","2024-07-27 14:56","Combiné","Perdu","1780.21","","","0.00","29","Vainqueur","S. Tsitsipas","","51870769","","1.14","Gagné"
"5O0COT7I","2024-07-27 14:56","Combiné","Perdu","1780.21","","","0.00","29","Vainqueur","J. Pegula","","51869765","","1.10","Gagné"
"5O0COT7I","2024-07-27 14:56","Combiné","Perdu","1780.21","","","0.00","29","Vainqueur","D. Parry","","51869795","","1.34","Gagné"
"5O0COT7I","2024-07-27 14:56","Combiné","Perdu","1780.21","","","0.00","29","Vainqueur","T. Paul","","51870731","","1.52","Gagné"
"5O0COT7I","2024-07-27 14:56","Combiné","Perdu","1780.21","","","0.00","29","Vainqueur","S. Baez","","51870775","","1.41","Gagné"
"5O0COT7I","2024-07-27 14:56","Combiné","Perdu","1780.21","","","0.00","29","Vainqueur","A. Tabilo","","51870729","","1.47","Perdu"
"5O0COT7I","2024-07-27 14:56","Combiné","Perdu","1780.21","","","0.00","29","Vainqueur","P. Martic","","51869777","","1.52","Perdu"
"5O0COT7I","2024-07-27 14:56","Combiné","Perdu","1780.21","","","0.00","29","Vainqueur","F. Cerundolo","","51870747","","1.29","Gagné"
"5O0COT7I","2024-07-27 14:56","Combiné","Perdu","1780.21","","","0.00","29","Vainqueur","D. Yastremska","","51869787","","1.31","Gagné"
"5O0COT7I","2024-07-27 14:56","Combiné","Perdu","1780.21","","","0.00","29","Vainqueur","C. Gauff","","51869735","","1.04","Gagné"
"5O0COT7I","2024-07-27 14:56","Combiné","Perdu","1780.21","","","0.00","29","Vainqueur","D. Lajovic","","51870741","","1.38","Perdu"
"5O0COT7I","2024-07-27 14:56","Combiné","Perdu","1780.21","","","0.00","29","Vainqueur","A. Fils","","51870777","","1.49","Perdu"
"5O0COT7I","2024-07-27 14:56","Combiné","Perdu","1780.21","","","0.00","29","Vainqueur","A. Zverev","","51870767","","1.09","Gagné"
"5NNVKENF","2024-07-18 21:23","Combiné","Perdu","11.52","","","0.00","9","Vainqueur","Q. Zheng","","51466879","","1.19","Gagné"
"5NNVKENF","2024-07-18 21:23","Combiné","Perdu","11.52","","","0.00","9","Vainqueur","T. Monteiro","","51463991","","1.33","Perdu"
"5NNVKENF","2024-07-18 21:23","Combiné","Perdu","11.52","","","0.00","9","Vainqueur","R. Nadal","","51463989","","1.38","Gagné"
"5NNVKENF","2024-07-18 21:23","Combiné","Perdu","11.52","","","0.00","9","Vainqueur","S. Tsitsipas","","51464045","","1.11","Gagné"
"5NNVKENF","2024-07-18 21:23","Combiné","Perdu","11.52","","","0.00","9","Vainqueur","F. Cerundolo","","51464111","","1.32","Perdu"
"5NNVKENF","2024-07-18 21:23","Combiné","Perdu","11.52","","","0.00","9","Vainqueur","D. Shnaider","","51467363","","1.14","Gagné"
"5NNVKENF","2024-07-18 21:23","Combiné","Perdu","11.52","","","0.00","9","Vainqueur","M. Berrettini","","51464047","","1.60","Gagné"
"5NNVKENF","2024-07-18 21:23","Combiné","Perdu","11.52","","","0.00","9","Vainqueur","R. Carballes Baena","","51463985","","1.39","Perdu"
"5NNVKENF","2024-07-18 21:23","Combiné","Perdu","11.52","","","0.00","9","Vainqueur","K. Muchova","","51466901","","1.42","Gagné"
"5NN6C6DI","2024-07-18 9:37","Combiné","Perdu","14.27","","","0.00","9","Vainqueur","A. Fils","","51464105","","1.50","Gagné"
"5NN6C6DI","2024-07-18 9:37","Combiné","Perdu","14.27","","","0.00","9","Vainqueur","T. Griekspoor","","51464003","","1.40","Perdu"
"5NN6C6DI","2024-07-18 9:37","Combiné","Perdu","14.27","","","0.00","9","Vainqueur","U. Humbert","","51464041","","1.30","Perdu"
"5NN6C6DI","2024-07-18 9:37","Combiné","Perdu","14.27","","","0.00","9","Vainqueur","F. Cobolli","","51464125","","1.80","Perdu"
"5NN6C6DI","2024-07-18 9:37","Combiné","Perdu","14.27","","","0.00","9","Vainqueur","M. Berrettini","","51464033","","1.15","Gagné"
"5NN6C6DI","2024-07-18 9:37","Combiné","Perdu","14.27","","","0.00","9","Vainqueur","H. Rune","","51464107","","1.15","Gagné"
"5NN6C6DI","2024-07-18 9:37","Combiné","Perdu","14.27","","","0.00","9","Vainqueur","N. Borges","","51464005","","1.52","Gagné"
"5NN6C6DI","2024-07-18 9:37","Combiné","Perdu","14.27","","","0.00","9","Vainqueur","F. Auger-Aliassime","","51464063","","1.35","Gagné"
"5NN6C6DI","2024-07-18 9:37","Combiné","Perdu","14.27","","","0.00","9","Vainqueur","A. Zverev","","51464123","","1.07","Gagné"
"5NLOD7YE","2024-07-17 8:26","Combiné","Perdu","5.92","","","0.00","8","Vainqueur","C. Ruud","","51463983","","1.14","Perdu"
"5NLOD7YE","2024-07-17 8:26","Combiné","Perdu","5.92","","","0.00","8","Vainqueur","R. Carballes Baena","","51464001","","1.17","Gagné"
"5NLOD7YE","2024-07-17 8:26","Combiné","Perdu","5.92","","","0.00","8","Vainqueur","A. Zverev","","51526235","","1.08","Gagné"
"5NLOD7YE","2024-07-17 8:26","Combiné","Perdu","5.92","","","0.00","8","Vainqueur","F. Cerundolo","","51464127","","1.24","Gagné"
"5NLOD7YE","2024-07-17 8:26","Combiné","Perdu","5.92","","","0.00","8","Vainqueur","S. Tsitsipas","","51464059","","1.34","Gagné"
"5NLOD7YE","2024-07-17 8:26","Combiné","Perdu","5.92","","","0.00","8","Vainqueur","J. Struff","","51464035","","1.29","Gagné"
"5NLOD7YE","2024-07-17 8:26","Combiné","Perdu","5.92","","","0.00","8","Vainqueur","S. Baez","","51464133","","1.39","Gagné"
"5NLOD7YE","2024-07-17 8:26","Combiné","Perdu","5.92","","","0.00","8","Vainqueur","C. Eubanks","","51465037","","1.38","Gagné"
"5NJ6FGUU","2024-07-15 14:28","Combiné","Perdu","38.92","","","0.00","12","Vainqueur","F. Cobolli","","51505761","","1.64","Gagné"
"5NJ6FGUU","2024-07-15 14:28","Combiné","Perdu","38.92","","","0.00","12","Vainqueur","S. Sorribes Tormo","","51526347","","1.05","Gagné"
"5NJ6FGUU","2024-07-15 14:28","Combiné","Perdu","38.92","","","0.00","12","Vainqueur","M. Marterer","","51505755","","1.56","Gagné"
"5NJ6FGUU","2024-07-15 14:28","Combiné","Perdu","38.92","","","0.00","12","Vainqueur","J P. Varillas","","51526183","","1.56","Gagné"
"5NJ6FGUU","2024-07-15 14:28","Combiné","Perdu","38.92","","","0.00","12","Vainqueur","A. Blinkova","","51509991","","1.56","Perdu"
"5NJ6FGUU","2024-07-15 14:28","Combiné","Perdu","38.92","","","0.00","12","Vainqueur","H. Medjedovic","","51505787","","1.46","Gagné"
"5NJ6FGUU","2024-07-15 14:28","Combiné","Perdu","38.92","","","0.00","12","Vainqueur","J. Teichmann","","51529093","","1.20","Gagné"
"5NJ6FGUU","2024-07-15 14:28","Combiné","Perdu","38.92","","","0.00","12","Vainqueur","C. Norrie","","51507285","","1.54","Gagné"
"5NJ6FGUU","2024-07-15 14:28","Combiné","Perdu","38.92","","","0.00","12","Vainqueur","K. Muchova","","51529089","","1.18",""
"5NJ6FGUU","2024-07-15 14:28","Combiné","Perdu","38.92","","","0.00","12","Vainqueur","M. Arnaldi","","51505753","","1.39","Perdu"
"5NJ6FGUU","2024-07-15 14:28","Combiné","Perdu","38.92","","","0.00","12","Vainqueur","A. Vukic","","51511635","","1.18","Gagné"
"5NJ6FGUU","2024-07-15 14:28","Combiné","Perdu","38.92","","","0.00","12","Vainqueur","I-C. Begu","","51509997","","1.14","Gagné"
"5NI98C2M","2024-07-14 22:59","Simple","Gagné","","","","20.00","1","","","","","Cotes boostées","","Gagné"
"5NI8GGNF","2024-07-14 22:37","Combiné","Perdu","59.82","","","0.00","11","Vainqueur","V. Gracheva","","51509617","","1.43","Perdu"
"5NI8GGNF","2024-07-14 22:37","Combiné","Perdu","59.82","","","0.00","11","Vainqueur","J. Struff","","51505779","","1.15","Gagné"
"5NI8GGNF","2024-07-14 22:37","Combiné","Perdu","59.82","","","0.00","11","Vainqueur","F. Cobolli","","51505761","","1.68","Gagné"
"5NI8GGNF","2024-07-14 22:37","Combiné","Perdu","59.82","","","0.00","11","Vainqueur","S. Sorribes Tormo","","51526347","","1.16","Gagné"
"5NI8GGNF","2024-07-14 22:37","Combiné","Perdu","59.82","","","0.00","11","Vainqueur","M. Marterer","","51505755","","1.58","Gagné"
"5NI8GGNF","2024-07-14 22:37","Combiné","Perdu","59.82","","","0.00","11","Vainqueur","J P. Varillas","","51526183","","1.70","Gagné"
"5NI8GGNF","2024-07-14 22:37","Combiné","Perdu","59.82","","","0.00","11","Vainqueur","A. Blinkova","","51509991","","1.62","Perdu"
"5NI8GGNF","2024-07-14 22:37","Combiné","Perdu","59.82","","","0.00","11","Vainqueur","H. Medjedovic","","51505787","","1.41","Gagné"
"5NI8GGNF","2024-07-14 22:37","Combiné","Perdu","59.82","","","0.00","11","Vainqueur","M. Arnaldi","","51505753","","1.41","Perdu"
"5NI8GGNF","2024-07-14 22:37","Combiné","Perdu","59.82","","","0.00","11","Vainqueur","S. Napolitano","","51526177","","1.86","Perdu"
"5NI8GGNF","2024-07-14 22:37","Combiné","Perdu","59.82","","","0.00","11","Vainqueur","M. Berrettini","","51505781","","1.16","Gagné"
"5NI4IH8J","2024-07-14 20:47","Simple","Gagné","","","","25.00","1","","","","","Cotes boostées","","Gagné"
"5NCA1RHJ","2024-07-10 18:35","Simple","Perdu","4.00","","","0.00","1","Vainqueur","Jasmine Paolini","","1000037117","Tennis","4.00","Perdu"
"5NC9ZW0X","2024-07-10 18:34","Combiné","Perdu","","","","0.00","2","Vainqueur","Jasmine Paolini","","1000037117","Tennis","4.00","Perdu"
"5NC9ZW0X","2024-07-10 18:34","Combiné","Perdu","","","","0.00","2","Vainqueur","Lorenzo Musetti","","1000037156","Tennis","","Perdu"
"5NB45FEQ","2024-07-09 23:02","Combiné","Perdu","56.75","","","0.00","8","Vainqueur","M.Purcell / J.Thompson","","51092439","Tennis","1.38","Gagné"
"5NB45FEQ","2024-07-09 23:02","Combiné","Perdu","56.75","","","0.00","8","Vainqueur","C.Dolehide / D.Krawczyk","","51101499","Tennis","1.43","Gagné"
"5NB45FEQ","2024-07-09 23:02","Combiné","Perdu","56.75","","","0.00","8","Vainqueur","J. Ostapenko","","51041747","Tennis","1.46","Perdu"
"5NB45FEQ","2024-07-09 23:02","Combiné","Perdu","56.75","","","0.00","8","Vainqueur","E. Rybakina","","51041749","Tennis","1.32","Gagné"
"5NB45FEQ","2024-07-09 23:02","Combiné","Perdu","56.75","","","0.00","8","Vainqueur","N.Skupski / M.Venus","","51092443","Tennis","1.35","Gagné"
"5NB45FEQ","2024-07-09 23:02","Combiné","Perdu","56.75","","","0.00","8","Vainqueur","N. Djokovic","","51041573","Tennis","1.35",""
"5NB45FEQ","2024-07-09 23:02","Combiné","Perdu","56.75","","","0.00","8","Vainqueur","L. Musetti","","51041571","Tennis","4.60","Gagné"
"5NB45FEQ","2024-07-09 23:02","Combiné","Perdu","56.75","","","0.00","8","Qualification","Angleterre","QualificationAngleterre1,78Pays-Bas1 - 2Angleterre","45843699","Tennis","1.78","Gagné"
"5NAZ3FM9","2024-07-09 20:41","Simple","Perdu","","","","0.00","1","","","","","Cotes boostées","","Perdu"
"5NAP4JEL","2024-07-09 16:02","Combiné","Perdu","105.70","","","0.00","8","Vainqueur","J. Sinner","","51041567","Tennis","1.28","Perdu"
"5NAP4JEL","2024-07-09 16:02","Combiné","Perdu","105.70","","","0.00","8","Nombre de setsPlus de 3,5","Nombre de sets","","51041569","Tennis","2.00","Gagné"
"5NAP4JEL","2024-07-09 16:02","Combiné","Perdu","105.70","","","0.00","8","Vainqueur","J. Paolini","","51041753","Tennis","2.50","Gagné"
"5NAP4JEL","2024-07-09 16:02","Combiné","Perdu","105.70","","","0.00","8","Résultat","France","RésultatFrance3,15Espagne2 - 1France","45843701","Tennis","3.15","Perdu"
"5NAP4JEL","2024-07-09 16:02","Combiné","Perdu","105.70","","","0.00","8","Vainqueur","J. Ostapenko","","51041747","Tennis","1.46","Perdu"
"5NAP4JEL","2024-07-09 16:02","Combiné","Perdu","105.70","","","0.00","8","Vainqueur","E. Rybakina","","51041749","Tennis","1.34","Gagné"
"5NAP4JEL","2024-07-09 16:02","Combiné","Perdu","105.70","","","0.00","8","Vainqueur","N. Djokovic","","51041573","Tennis","1.34",""
"5NAP4JEL","2024-07-09 16:02","Combiné","Perdu","105.70","","","0.00","8","Nombre de setsPlus de 3,5","Nombre de sets","","51041571","Tennis","2.00","Perdu"
"5NA9VBXS","2024-07-09 8:55","Combiné","Perdu","34.68","","","0.00","4","Vainqueur","L. Sun","","51041751","Tennis","3.40","Perdu"
"5NA9VBXS","2024-07-09 8:55","Combiné","Perdu","34.68","","","0.00","4","Nombre de setsPlus de 3,5","Nombre de sets","","51041567","Tennis","2.00","Perdu"
"5NA9VBXS","2024-07-09 8:55","Combiné","Perdu","34.68","","","0.00","4","Nombre de setsPlus de 3,5","Nombre de sets","","51041569","Tennis","2.00","Gagné"
"5NA9VBXS","2024-07-09 8:55","Combiné","Perdu","34.68","","","0.00","4","Vainqueur","J. Paolini","","51041753","Tennis","2.55","Gagné"
"5NA9TDGL","2024-07-09 8:53","Combiné","Perdu","535.62","","","0.00","9","Vainqueur","L. Sun","","51041751","Tennis","3.40","Perdu"
"5NA9TDGL","2024-07-09 8:53","Combiné","Perdu","535.62","","","0.00","9","Nombre de setsPlus de 3,5","Nombre de sets","","51041567","Tennis","2.00","Perdu"
"5NA9TDGL","2024-07-09 8:53","Combiné","Perdu","535.62","","","0.00","9","Nombre de setsPlus de 3,5","Nombre de sets","","51041569","Tennis","2.00","Gagné"
"5NA9TDGL","2024-07-09 8:53","Combiné","Perdu","535.62","","","0.00","9","Vainqueur","J. Paolini","","51041753","Tennis","2.55","Gagné"
"5NA9TDGL","2024-07-09 8:53","Combiné","Perdu","535.62","","","0.00","9","Résultat","France","RésultatFrance3,10Espagne2 - 1France","45843701","Tennis","3.10","Perdu"
"5NA9TDGL","2024-07-09 8:53","Combiné","Perdu","535.62","","","0.00","9","Vainqueur","J. Ostapenko","","51041747","Tennis","1.43","Perdu"
"5NA9TDGL","2024-07-09 8:53","Combiné","Perdu","535.62","","","0.00","9","Vainqueur","E. Rybakina","","51041749","Tennis","1.34","Gagné"
"5NA9TDGL","2024-07-09 8:53","Combiné","Perdu","535.62","","","0.00","9","Vainqueur","N. Djokovic","","51041573","Tennis","1.30",""
"5NA9TDGL","2024-07-09 8:53","Combiné","Perdu","535.62","","","0.00","9","Nombre de setsPlus de 3,5","Nombre de sets","","51041571","Tennis","2.00","Perdu"
"5N6KPR24","2024-07-06 18:47","Combiné","Perdu","49.06","","","0.00","11","Vainqueur","I. Swiatek","","51041825","Tennis","1.34","Perdu"
"5N6KPR24","2024-07-06 18:47","Combiné","Perdu","49.06","","","0.00","11","Vainqueur","O. Jabeur","","51041773","Tennis","2.65","Perdu"
"5N6KPR24","2024-07-06 18:47","Combiné","Perdu","49.06","","","0.00","11","Vainqueur","N. Djokovic","","51041611","Tennis","1.12","Gagné"
"5N6KPR24","2024-07-06 18:47","Combiné","Perdu","49.06","","","0.00","11","Vainqueur","E. Rybakina","","51041833","Tennis","1.28","Gagné"
"5N6KPR24","2024-07-06 18:47","Combiné","Perdu","49.06","","","0.00","11","Vainqueur","T. Fritz","","51041601","Tennis","1.16","Gagné"
"5N6KPR24","2024-07-06 18:47","Combiné","Perdu","49.06","","","0.00","11","Vainqueur","J. Paolini","","51041743","Tennis","3.05",""
"5N6KPR24","2024-07-06 18:47","Combiné","Perdu","49.06","","","0.00","11","Vainqueur","P. Badosa","","51041803","Tennis","1.62","Perdu"
"5N6KPR24","2024-07-06 18:47","Combiné","Perdu","49.06","","","0.00","11","Vainqueur","C. Alcaraz","","51041617","Tennis","1.09","Gagné"
"5N6KPR24","2024-07-06 18:47","Combiné","Perdu","49.06","","","0.00","11","Vainqueur","J. Sinner","","51041613","Tennis","1.05","Gagné"
"5N6KPR24","2024-07-06 18:47","Combiné","Perdu","49.06","","","0.00","11","Vainqueur","E. Raducanu","","51041801","Tennis","1.13","Perdu"
"5N6KPR24","2024-07-06 18:47","Combiné","Perdu","49.06","","","0.00","11","Vainqueur","C. Gauff","","51041745","Tennis","1.30","Perdu"
"5N64R5AC","2024-07-06 11:21","Combiné","Perdu","117.65","","","0.00","13","Vainqueur","G. Mpetshi Perricard","","51041599","","1.78","Gagné"
"5N64R5AC","2024-07-06 11:21","Combiné","Perdu","117.65","","","0.00","13","Vainqueur","A. Fils","","51041605","","1.74","Gagné"
"5N64R5AC","2024-07-06 11:21","Combiné","Perdu","117.65","","","0.00","13","Vainqueur","H. Dart","","51041775","","2.85","Perdu"
"5N64R5AC","2024-07-06 11:21","Combiné","Perdu","117.65","","","0.00","13","Vainqueur","B. Krejcikova","","51041831","","1.42",""
"5N64R5AC","2024-07-06 11:21","Combiné","Perdu","117.65","","","0.00","13","Vainqueur","A. Kalinskaya","","51041835","","2.10","Gagné"
"5N64R5AC","2024-07-06 11:21","Combiné","Perdu","117.65","","","0.00","13","Vainqueur","A. Zverev","","51041603","","1.13","Gagné"
"5N64R5AC","2024-07-06 11:21","Combiné","Perdu","117.65","","","0.00","13","Vainqueur","J. Ostapenko","","51041827","","1.21","Gagné"
"5N64R5AC","2024-07-06 11:21","Combiné","Perdu","117.65","","","0.00","13","Vainqueur","L. Musetti","","51041597","","1.16","Gagné"
"5N64R5AC","2024-07-06 11:21","Combiné","Perdu","117.65","","","0.00","13","Vainqueur","I. Swiatek","","51041825","","1.10","Perdu"
"5N64R5AC","2024-07-06 11:21","Combiné","Perdu","117.65","","","0.00","13","Vainqueur","O. Jabeur","","51041773","","1.49","Perdu"
"5N64R5AC","2024-07-06 11:21","Combiné","Perdu","117.65","","","0.00","13","Vainqueur","N. Djokovic","","51041611","","1.12","Gagné"
"5N64R5AC","2024-07-06 11:21","Combiné","Perdu","117.65","","","0.00","13","Vainqueur","E. Rybakina","","51041833","","1.29","Gagné"
"5N64R5AC","2024-07-06 11:21","Combiné","Perdu","117.65","","","0.00","13","Vainqueur","T. Fritz","","51041601","","1.19","Gagné"
"5N59142A","2024-07-05 20:32","Simple","Perdu","","","","0.00","1","","","","","Cotes boostées","","Perdu"
"5N4TIQT2","2024-07-05 13:18","Combiné","Perdu","109.36","","","0.00","11","Vainqueur","U. Humbert","","51041655","Tennis","1.76","Gagné"
"5N4TIQT2","2024-07-05 13:18","Combiné","Perdu","109.36","","","0.00","11","Vainqueur","T. Paul","","51041657","Tennis","1.49","Gagné"
"5N4TIQT2","2024-07-05 13:18","Combiné","Perdu","109.36","","","0.00","11","Vainqueur","L. Zhu","","51041777","Tennis","1.84","Perdu"
"5N4TIQT2","2024-07-05 13:18","Combiné","Perdu","109.36","","","0.00","11","Vainqueur","P. Badosa","","51041781","Tennis","2.00","Gagné"
"5N4TIQT2","2024-07-05 13:18","Combiné","Perdu","109.36","","","0.00","11","Vainqueur","J. Paolini","","51041785","Tennis","1.76","Gagné"
"5N4TIQT2","2024-07-05 13:18","Combiné","Perdu","109.36","","","0.00","11","Vainqueur","D. Shnaider","","51041789","Tennis","2.20","Perdu"
"5N4TIQT2","2024-07-05 13:18","Combiné","Perdu","109.36","","","0.00","11","Vainqueur","R. Bautista-Agut","","51041595","Tennis","1.43","Gagné"
"5N4TIQT2","2024-07-05 13:18","Combiné","Perdu","109.36","","","0.00","11","Vainqueur","C. Alcaraz","","51041653","Tennis","1.05","Gagné"
"5N4TIQT2","2024-07-05 13:18","Combiné","Perdu","109.36","","","0.00","11","Vainqueur","D. Medvedev","","51041651","Tennis","1.47","Gagné"
"5N4TIQT2","2024-07-05 13:18","Combiné","Perdu","109.36","","","0.00","11","Vainqueur","G. Dimitrov","","51041649","Tennis","1.30","Gagné"
"5N4TIQT2","2024-07-05 13:18","Combiné","Perdu","109.36","","","0.00","11","Vainqueur","J. Sinner","","51041645","Tennis","1.02","Gagné"
"5N3YATS5","2024-07-04 22:44","Combiné","Perdu","43.60","","","0.00","7","Vainqueur","B. Nakashima","","51041655","Tennis","2.05","Perdu"
"5N3YATS5","2024-07-04 22:44","Combiné","Perdu","43.60","","","0.00","7","Vainqueur","D. Kasatkina","","51041781","Tennis","1.62","Perdu"
"5N3YATS5","2024-07-04 22:44","Combiné","Perdu","43.60","","","0.00","7","Vainqueur","F. Fognini","","51041595","Tennis","2.70","Perdu"
"5N3YATS5","2024-07-04 22:44","Combiné","Perdu","43.60","","","0.00","7","Vainqueur","C. Alcaraz","","51041653","Tennis","1.06","Gagné"
"5N3YATS5","2024-07-04 22:44","Combiné","Perdu","43.60","","","0.00","7","Vainqueur","M. Keys","","51041787","Tennis","1.31","Gagné"
"5N3YATS5","2024-07-04 22:44","Combiné","Perdu","43.60","","","0.00","7","Vainqueur","G. Monfils","","51041649","Tennis","3.40","Perdu"
"5N3YATS5","2024-07-04 22:44","Combiné","Perdu","43.60","","","0.00","7","Vainqueur","J. Sinner","","51041645","Tennis","1.03","Gagné"
"5N3Y9J4D","2024-07-04 22:43","Combiné","Perdu","35.58","","","0.00","8","Vainqueur","B. Nakashima","","51041655","Tennis","2.05","Perdu"
"5N3Y9J4D","2024-07-04 22:43","Combiné","Perdu","35.58","","","0.00","8","Nombre de sets","Plus de 3,5","","51041657","Tennis","1.50","Perdu"
"5N3Y9J4D","2024-07-04 22:43","Combiné","Perdu","35.58","","","0.00","8","Vainqueur","D. Shnaider","","51041789","Tennis","2.25","Perdu"
"5N3Y9J4D","2024-07-04 22:43","Combiné","Perdu","35.58","","","0.00","8","Vainqueur","F. Fognini","","51041595","Tennis","2.70","Perdu"
"5N3Y9J4D","2024-07-04 22:43","Combiné","Perdu","35.58","","","0.00","8","Vainqueur","C. Alcaraz","","51041653","Tennis","1.06","Gagné"
"5N3Y9J4D","2024-07-04 22:43","Combiné","Perdu","35.58","","","0.00","8","J. Struff remporte au moins un set","Oui","","51041651","Tennis","1.22","Gagné"
"5N3Y9J4D","2024-07-04 22:43","Combiné","Perdu","35.58","","","0.00","8","Nombre de sets","Plus de 3,5","","51041647","Tennis","1.43","Gagné"
"5N3Y9J4D","2024-07-04 22:43","Combiné","Perdu","35.58","","","0.00","8","Vainqueur","J. Sinner","","51041645","Tennis","1.03","Gagné"
"5N3XIVF2","2024-07-04 22:23","Combiné","Perdu","38.24","","","0.00","7","Vainqueur","L. Sun","","51041777","","2.05","Gagné"
"5N3XIVF2","2024-07-04 22:23","Combiné","Perdu","38.24","","","0.00","7","Vainqueur","D. Kasatkina","","51041781","","1.56","Perdu"
"5N3XIVF2","2024-07-04 22:23","Combiné","Perdu","38.24","","","0.00","7","Vainqueur","J. Paolini","","51041785","","1.76","Gagné"
"5N3XIVF2","2024-07-04 22:23","Combiné","Perdu","38.24","","","0.00","7","Vainqueur","D. Shnaider","","51041789","","2.25","Perdu"
"5N3XIVF2","2024-07-04 22:23","Combiné","Perdu","38.24","","","0.00","7","Vainqueur","M. Keys","","51041787","","1.31","Gagné"
"5N3XIVF2","2024-07-04 22:23","Combiné","Perdu","38.24","","","0.00","7","Vainqueur","D. Vekic","","51041783","","1.34","Gagné"
"5N3XIVF2","2024-07-04 22:23","Combiné","Perdu","38.24","","","0.00","7","Vainqueur","E. Raducanu","","51041779","","1.72","Gagné"
"5N3X7NSV","2024-07-04 22:14","Combiné","Perdu","338.54","","","0.00","12","Vainqueur","U. Humbert","","51041655","Tennis","1.76","Gagné"
"5N3X7NSV","2024-07-04 22:14","Combiné","Perdu","338.54","","","0.00","12","Vainqueur","T. Paul","","51041657","Tennis","1.43","Gagné"
"5N3X7NSV","2024-07-04 22:14","Combiné","Perdu","338.54","","","0.00","12","Vainqueur","J. Paolini","","51041785","Tennis","1.76","Gagné"
"5N3X7NSV","2024-07-04 22:14","Combiné","Perdu","338.54","","","0.00","12","Vainqueur","E. Navarro","","51041789","Tennis","1.64","Gagné"
"5N3X7NSV","2024-07-04 22:14","Combiné","Perdu","338.54","","","0.00","12","Vainqueur","F. Fognini","","51041595","Tennis","2.70","Perdu"
"5N3X7NSV","2024-07-04 22:14","Combiné","Perdu","338.54","","","0.00","12","Vainqueur","C. Alcaraz","","51041653","Tennis","1.06","Gagné"
"5N3X7NSV","2024-07-04 22:14","Combiné","Perdu","338.54","","","0.00","12","Vainqueur","M. Keys","","51041787","Tennis","1.31","Gagné"
"5N3X7NSV","2024-07-04 22:14","Combiné","Perdu","338.54","","","0.00","12","Vainqueur","D. Medvedev","","51041651","Tennis","1.54","Gagné"
"5N3X7NSV","2024-07-04 22:14","Combiné","Perdu","338.54","","","0.00","12","Vainqueur","G. Monfils","","51041649","Tennis","3.40","Perdu"
"5N3X7NSV","2024-07-04 22:14","Combiné","Perdu","338.54","","","0.00","12","Vainqueur","D. Vekic","","51041783","Tennis","1.34","Gagné"
"5N3X7NSV","2024-07-04 22:14","Combiné","Perdu","338.54","","","0.00","12","Vainqueur","E. Raducanu","","51041779","Tennis","1.72","Gagné"
"5N3X7NSV","2024-07-04 22:14","Combiné","Perdu","338.54","","","0.00","12","Vainqueur","J. Sinner","","51041645","Tennis","1.03","Gagné"
"5N3M56Z2","2024-07-04 17:04","Combiné","Perdu","91.66","","","0.00","12","Vainqueur","H. Rune","","51041637","Tennis","1.10","Gagné"
"5N3M56Z2","2024-07-04 17:04","Combiné","Perdu","91.66","","","0.00","12","Vainqueur","T. Fritz","","51041559","Tennis","1.07","Gagné"
"5N3M56Z2","2024-07-04 17:04","Combiné","Perdu","91.66","","","0.00","12","Vainqueur","L. Pouille","","51041633","Tennis","2.65",""
"5N3M56Z2","2024-07-04 17:04","Combiné","Perdu","91.66","","","0.00","12","Vainqueur","C. Norrie","","51041563","Tennis","3.60","Gagné"
"5N3M56Z2","2024-07-04 17:04","Combiné","Perdu","91.66","","","0.00","12","Vainqueur","C. Garcia","","51041765","Tennis","1.62","Perdu"
"5N3M56Z2","2024-07-04 17:04","Combiné","Perdu","91.66","","","0.00","12","Vainqueur","E. Rybakina","","51041715","Tennis","1.04","Gagné"
"5N3M56Z2","2024-07-04 17:04","Combiné","Perdu","91.66","","","0.00","12","Vainqueur","I.Gamarra Martins / B.Haddad Maia","","51144457","Tennis","1.62","Perdu"
"5N3M56Z2","2024-07-04 17:04","Combiné","Perdu","91.66","","","0.00","12","Vainqueur","I. Swiatek","","51041761","Tennis","1.01","Gagné"
"5N3M56Z2","2024-07-04 17:04","Combiné","Perdu","91.66","","","0.00","12","Vainqueur","M.Kostyuk / E.Ruse","","51144461","Tennis","1.42","Gagné"
"5N3M56Z2","2024-07-04 17:04","Combiné","Perdu","91.66","","","0.00","12","Vainqueur","S. Tsitsipas","","51041557","Tennis","1.22","Perdu"
"5N3M56Z2","2024-07-04 17:04","Combiné","Perdu","91.66","","","0.00","12","Vainqueur","G. Mpetshi Perricard","","51041555","Tennis","1.54","Gagné"
"5N3M56Z2","2024-07-04 17:04","Combiné","Perdu","91.66","","","0.00","12","Vainqueur","A. Zverev","","51041627","Tennis","1.11","Gagné"
"5N32QE3Y","2024-07-04 8:01","Combiné","Perdu","295.45","","","0.00","21","Vainqueur","F. Comesana","","51041551","","2.70","Gagné"
"5N32QE3Y","2024-07-04 8:01","Combiné","Perdu","295.45","","","0.00","21","Vainqueur","P. Badosa","","51041741","","1.37","Gagné"
"5N32QE3Y","2024-07-04 8:01","Combiné","Perdu","295.45","","","0.00","21","Vainqueur","M. Keys","","51041815","","1.06","Gagné"
"5N32QE3Y","2024-07-04 8:01","Combiné","Perdu","295.45","","","0.00","21","Vainqueur","L. Harris","","51041587","","2.05","Perdu"
"5N32QE3Y","2024-07-04 8:01","Combiné","Perdu","295.45","","","0.00","21","Vainqueur","G. Dimitrov","","51041589","","1.14","Gagné"
"5N32QE3Y","2024-07-04 8:01","Combiné","Perdu","295.45","","","0.00","21","Vainqueur","B. Haddad Maia","","51041771","","1.40",""
"5N32QE3Y","2024-07-04 8:01","Combiné","Perdu","295.45","","","0.00","21","Vainqueur","L. Musetti","","51041553","","1.32","Gagné"
"5N32QE3Y","2024-07-04 8:01","Combiné","Perdu","295.45","","","0.00","21","Vainqueur","O. Jabeur","","51041723","","1.21","Gagné"
"5N32QE3Y","2024-07-04 8:01","Combiné","Perdu","295.45","","","0.00","21","Vainqueur","J. Ostapenko","","51041767","","1.29","Gagné"
"5N32QE3Y","2024-07-04 8:01","Combiné","Perdu","295.45","","","0.00","21","Q. Halys remporte au moins un set","Oui","","51041639","","1.26","Gagné"
"5N32QE3Y","2024-07-04 8:01","Combiné","Perdu","295.45","","","0.00","21","Vainqueur","H. Rune","","51041637","","1.11","Gagné"
"5N32QE3Y","2024-07-04 8:01","Combiné","Perdu","295.45","","","0.00","21","Vainqueur","T. Fritz","","51041559","","1.05","Gagné"
"5N32QE3Y","2024-07-04 8:01","Combiné","Perdu","295.45","","","0.00","21","Nombre de sets","Plus de 3,5","","51041633","","1.44",""
"5N32QE3Y","2024-07-04 8:01","Combiné","Perdu","295.45","","","0.00","21","Vainqueur","E. Svitolina","","51041725","","1.39","Gagné"
"5N32QE3Y","2024-07-04 8:01","Combiné","Perdu","295.45","","","0.00","21","Vainqueur","J. Draper","","51041563","","1.33","Perdu"
"5N32QE3Y","2024-07-04 8:01","Combiné","Perdu","295.45","","","0.00","21","Vainqueur","C. Garcia","","51041765","","1.50","Perdu"
"5N32QE3Y","2024-07-04 8:01","Combiné","Perdu","295.45","","","0.00","21","Vainqueur","E. Rybakina","","51041715","","1.04","Gagné"
"5N32QE3Y","2024-07-04 8:01","Combiné","Perdu","295.45","","","0.00","21","Vainqueur","I. Swiatek","","51041761","","1.02","Gagné"
"5N32QE3Y","2024-07-04 8:01","Combiné","Perdu","295.45","","","0.00","21","Vainqueur","S. Tsitsipas","","51041557","","1.14","Perdu"
"5N32QE3Y","2024-07-04 8:01","Combiné","Perdu","295.45","","","0.00","21","Nombre de sets","Plus de 3,5","","51041555","","1.42","Perdu"
"5N32QE3Y","2024-07-04 8:01","Combiné","Perdu","295.45","","","0.00","21","Vainqueur","A. Zverev","","51041627","","1.11","Gagné"
"5N2DZQC8","2024-07-03 20:28","Combiné","Perdu","89.13","","","0.00","11","Vainqueur","M. Sakkari","","51041737","Tennis","1.00","Gagné"
"5N2DZQC8","2024-07-03 20:28","Combiné","Perdu","89.13","","","0.00","11","Vainqueur","D. Vekic","","51041807","Tennis","1.01","Gagné"
"5N2DZQC8","2024-07-03 20:28","Combiné","Perdu","89.13","","","0.00","11","Vainqueur","V. Gracheva","","51041805","Tennis","1.42","Perdu"
"5N2DZQC8","2024-07-03 20:28","Combiné","Perdu","89.13","","","0.00","11","Vainqueur","L. Sun","","51041731","Tennis","3.10","Gagné"
"5N2DZQC8","2024-07-03 20:28","Combiné","Perdu","89.13","","","0.00","11","Vainqueur","J. Paolini","","51041809","Tennis","1.38","Gagné"
"5N2DZQC8","2024-07-03 20:28","Combiné","Perdu","89.13","","","0.00","11","Vainqueur","P.Tsitsipas / S.Tsitsipas","","51144275","Tennis","2.80","Perdu"
"5N2DZQC8","2024-07-03 20:28","Combiné","Perdu","89.13","","","0.00","11","Vainqueur","G. Monfils","","51041591","Tennis","1.36","Gagné"
"5N2DZQC8","2024-07-03 20:28","Combiné","Perdu","89.13","","","0.00","11","Vainqueur","Zheng Xing Wang","","51240519","Tennis","1.54","Gagné"
"5N2DZQC8","2024-07-03 20:28","Combiné","Perdu","89.13","","","0.00","11","Vainqueur","D. Kasatkina","","51041739","Tennis","1.06","Gagné"
"5N2DZQC8","2024-07-03 20:28","Combiné","Perdu","89.13","","","0.00","11","Vainqueur","L. Harris","","51041587","Tennis","2.05","Perdu"
"5N2DZQC8","2024-07-03 20:28","Combiné","Perdu","89.13","","","0.00","11","Vainqueur","G. Dimitrov","","51041589","Tennis","1.14","Gagné"
"5N29SIMF","2024-07-03 18:30","Combiné","Perdu","28.47","","","0.00","11","Vainqueur","N. Osaka","","51041819","","1.54","Perdu"
"5N29SIMF","2024-07-03 18:30","Combiné","Perdu","28.47","","","0.00","11","Vainqueur","M. Sakkari","","51041737","","1.13","Gagné"
"5N29SIMF","2024-07-03 18:30","Combiné","Perdu","28.47","","","0.00","11","Vainqueur","D. Vekic","","51041807","","1.21","Gagné"
"5N29SIMF","2024-07-03 18:30","Combiné","Perdu","28.47","","","0.00","11","Vainqueur","V. Gracheva","","51041805","","2.25","Perdu"
"5N29SIMF","2024-07-03 18:30","Combiné","Perdu","28.47","","","0.00","11","Vainqueur","L. Sun","","51041731","","1.92","Gagné"
"5N29SIMF","2024-07-03 18:30","Combiné","Perdu","28.47","","","0.00","11","Vainqueur","J. Paolini","","51041809","","1.36","Gagné"
"5N29SIMF","2024-07-03 18:30","Combiné","Perdu","28.47","","","0.00","11","Vainqueur","G. Monfils","","51041591","","1.36","Gagné"
"5N29SIMF","2024-07-03 18:30","Combiné","Perdu","28.47","","","0.00","11","Vainqueur","D. Kasatkina","","51041739","","1.06","Gagné"
"5N29SIMF","2024-07-03 18:30","Combiné","Perdu","28.47","","","0.00","11","Vainqueur","P. Badosa","","51041741","","1.25","Gagné"
"5N29SIMF","2024-07-03 18:30","Combiné","Perdu","28.47","","","0.00","11","Vainqueur","G. Dimitrov","","51041589","","1.13","Gagné"
"5N29SIMF","2024-07-03 18:30","Combiné","Perdu","28.47","","","0.00","11","Vainqueur","D. Shapovalov","","51041585","","1.13","Gagné"
"5N29HLS6","2024-07-03 18:22","Combiné","Perdu","219.41","","","0.00","14","Vainqueur","N. Osaka","","51041819","","1.64","Perdu"
"5N29HLS6","2024-07-03 18:22","Combiné","Perdu","219.41","","","0.00","14","Vainqueur","M. Sakkari","","51041737","","1.10","Gagné"
"5N29HLS6","2024-07-03 18:22","Combiné","Perdu","219.41","","","0.00","14","Vainqueur","L. Zhu","","51041733","","3.10","Gagné"
"5N29HLS6","2024-07-03 18:22","Combiné","Perdu","219.41","","","0.00","14","Vainqueur","D. Vekic","","51041807","","1.21","Gagné"
"5N29HLS6","2024-07-03 18:22","Combiné","Perdu","219.41","","","0.00","14","Vainqueur","V. Gracheva","","51041805","","2.25","Perdu"
"5N29HLS6","2024-07-03 18:22","Combiné","Perdu","219.41","","","0.00","14","Vainqueur","L. Sun","","51041731","","1.92","Gagné"
"5N29HLS6","2024-07-03 18:22","Combiné","Perdu","219.41","","","0.00","14","Vainqueur","J. Sinner","","51041581","","1.17","Gagné"
"5N29HLS6","2024-07-03 18:22","Combiné","Perdu","219.41","","","0.00","14","Vainqueur","J. Paolini","","51041809","","1.36","Gagné"
"5N29HLS6","2024-07-03 18:22","Combiné","Perdu","219.41","","","0.00","14","Vainqueur","G. Monfils","","51041591","","1.36","Gagné"
"5N29HLS6","2024-07-03 18:22","Combiné","Perdu","219.41","","","0.00","14","Vainqueur","D. Kasatkina","","51041739","","1.06","Gagné"
"5N29HLS6","2024-07-03 18:22","Combiné","Perdu","219.41","","","0.00","14","Vainqueur","P. Badosa","","51041741","","1.25","Gagné"
"5N29HLS6","2024-07-03 18:22","Combiné","Perdu","219.41","","","0.00","14","Vainqueur","L. Harris","","51041587","","2.05","Perdu"
"5N29HLS6","2024-07-03 18:22","Combiné","Perdu","219.41","","","0.00","14","Vainqueur","G. Dimitrov","","51041589","","1.13","Gagné"
"5N29HLS6","2024-07-03 18:22","Combiné","Perdu","219.41","","","0.00","14","Vainqueur","D. Shapovalov","","51041585","","1.13","Gagné"
"5N29FXI8","2024-07-03 18:21","Combiné","Annulé","96.97","","","","14","Vainqueur","N. Osaka","","51041819","","1.64","Perdu"
"5N29FXI8","2024-07-03 18:21","Combiné","Annulé","96.97","","","","14","Vainqueur","M. Sakkari","","51041737","","1.10","Gagné"
"5N29FXI8","2024-07-03 18:21","Combiné","Annulé","96.97","","","","14","Vainqueur","A. Pavlyuchenkova","","51041733","","1.37","Perdu"
"5N29FXI8","2024-07-03 18:21","Combiné","Annulé","96.97","","","","14","Vainqueur","D. Vekic","","51041807","","1.21","Gagné"
"5N29FXI8","2024-07-03 18:21","Combiné","Annulé","96.97","","","","14","Vainqueur","V. Gracheva","","51041805","","2.25","Perdu"
"5N29FXI8","2024-07-03 18:21","Combiné","Annulé","96.97","","","","14","Vainqueur","L. Sun","","51041731","","1.92","Gagné"
"5N29FXI8","2024-07-03 18:21","Combiné","Annulé","96.97","","","","14","Vainqueur","J. Sinner","","51041581","","1.17","Gagné"
"5N29FXI8","2024-07-03 18:21","Combiné","Annulé","96.97","","","","14","Vainqueur","J. Paolini","","51041809","","1.36","Gagné"
"5N29FXI8","2024-07-03 18:21","Combiné","Annulé","96.97","","","","14","Vainqueur","G. Monfils","","51041591","","1.36","Gagné"
"5N29FXI8","2024-07-03 18:21","Combiné","Annulé","96.97","","","","14","Vainqueur","D. Kasatkina","","51041739","","1.06","Gagné"
"5N29FXI8","2024-07-03 18:21","Combiné","Annulé","96.97","","","","14","Vainqueur","P. Badosa","","51041741","","1.25","Gagné"
"5N29FXI8","2024-07-03 18:21","Combiné","Annulé","96.97","","","","14","Vainqueur","L. Harris","","51041587","","2.05","Perdu"
"5N29FXI8","2024-07-03 18:21","Combiné","Annulé","96.97","","","","14","Vainqueur","G. Dimitrov","","51041589","","1.13","Gagné"
"5N29FXI8","2024-07-03 18:21","Combiné","Annulé","96.97","","","","14","Vainqueur","D. Shapovalov","","51041585","","1.13","Gagné"
"5N1OWTA1","2024-07-03 18:46","Combiné","Perdu","69.30","","","0.00","13","Vainqueur","B. Nakashima","","51041539","","1.62","Gagné"
"5N1OWTA1","2024-07-03 18:46","Combiné","Perdu","69.30","","","0.00","13","Vainqueur","Q. Halys","","51140523","","1.80","Gagné"
"5N1OWTA1","2024-07-03 18:46","Combiné","Perdu","69.30","","","0.00","13","Vainqueur","F. Tiafoe","","51041537","","1.46","Gagné"
"5N1OWTA1","2024-07-03 18:46","Combiné","Perdu","69.30","","","0.00","13","Vainqueur","C. Ruud","","51041549","","1.18","Perdu"
"5N1OWTA1","2024-07-03 18:46","Combiné","Perdu","69.30","","","0.00","13","Vainqueur","T. Paul","","51041543","","1.09","Gagné"
"5N1OWTA1","2024-07-03 18:46","Combiné","Perdu","69.30","","","0.00","13","Vainqueur","J. Struff","","51041593","","1.28","Gagné"
"5N1OWTA1","2024-07-03 18:46","Combiné","Perdu","69.30","","","0.00","13","Vainqueur","N. Osaka","","51041819","","1.62","Perdu"
"5N1OWTA1","2024-07-03 18:46","Combiné","Perdu","69.30","","","0.00","13","Vainqueur","J. Paolini","","51041809","","1.38","Gagné"
"5N1OWTA1","2024-07-03 18:46","Combiné","Perdu","69.30","","","0.00","13","Vainqueur","G. Monfils","","51041591","","1.33","Gagné"
"5N1OWTA1","2024-07-03 18:46","Combiné","Perdu","69.30","","","0.00","13","Vainqueur","D. Kasatkina","","51041739","","1.06","Gagné"
"5N1OWTA1","2024-07-03 18:46","Combiné","Perdu","69.30","","","0.00","13","Vainqueur","P. Badosa","","51041741","","1.28","Gagné"
"5N1OWTA1","2024-07-03 18:46","Combiné","Perdu","69.30","","","0.00","13","Vainqueur","L. Harris","","51041587","","2.15","Perdu"
"5N1OWTA1","2024-07-03 18:46","Combiné","Perdu","69.30","","","0.00","13","Vainqueur","G. Dimitrov","","51041589","","1.14","Gagné"
"5N12QR48","2024-07-02 22:25","Combiné","Annulé","160.27","","","","17","Vainqueur","B. Nakashima","","51041539","","1.64","Gagné"
"5N12QR48","2024-07-02 22:25","Combiné","Annulé","160.27","","","","17","Vainqueur","U. Humbert","","51041541","","1.27","Gagné"
"5N12QR48","2024-07-02 22:25","Combiné","Annulé","160.27","","","","17","Vainqueur","C. Gauff","","51041823","","1.02","Gagné"
"5N12QR48","2024-07-02 22:25","Combiné","Annulé","160.27","","","","17","Vainqueur","E. Svitolina","","51139943","","1.42","Gagné"
"5N12QR48","2024-07-02 22:25","Combiné","Annulé","160.27","","","","17","Vainqueur","K. Volynets","","51139971","","1.35","Gagné"
"5N12QR48","2024-07-02 22:25","Combiné","Annulé","160.27","","","","17","Vainqueur","B. Haddad Maia","","51139975","","1.50","Gagné"
"5N12QR48","2024-07-02 22:25","Combiné","Annulé","160.27","","","","17","Vainqueur","K. Khachanov","","51140521","","1.17",""
"5N12QR48","2024-07-02 22:25","Combiné","Annulé","160.27","","","","17","Vainqueur","F. Tiafoe","","51041537","","1.46","Gagné"
"5N12QR48","2024-07-02 22:25","Combiné","Annulé","160.27","","","","17","Vainqueur","C. Ruud","","51041549","","1.18","Perdu"
"5N12QR48","2024-07-02 22:25","Combiné","Annulé","160.27","","","","17","Vainqueur","L. Sonego","","51041547","","2.30","Perdu"
"5N12QR48","2024-07-02 22:25","Combiné","Annulé","160.27","","","","17","Vainqueur","T. Paul","","51041543","","1.11","Gagné"
"5N12QR48","2024-07-02 22:25","Combiné","Annulé","160.27","","","","17","Vainqueur","J. Struff","","51041593","","1.28","Gagné"
"5N12QR48","2024-07-02 22:25","Combiné","Annulé","160.27","","","","17","Vainqueur","N. Osaka","","51041819","","1.66","Perdu"
"5N12QR48","2024-07-02 22:25","Combiné","Annulé","160.27","","","","17","Vainqueur","J. Paolini","","51041809","","1.39","Gagné"
"5N12QR48","2024-07-02 22:25","Combiné","Annulé","160.27","","","","17","Vainqueur","G. Monfils","","51041591","","1.34","Gagné"
"5N12QR48","2024-07-02 22:25","Combiné","Annulé","160.27","","","","17","Vainqueur","G. Dimitrov","","51041589","","1.14","Gagné"
"5N12QR48","2024-07-02 22:25","Combiné","Annulé","160.27","","","","17","Vainqueur","D. Shapovalov","","51041585","","1.13","Gagné"
"5N12Q1C7","2024-07-02 22:25","Combiné","Perdu","160.27","","","0.00","17","Vainqueur","B. Nakashima","","51041539","","1.64","Gagné"
"5N12Q1C7","2024-07-02 22:25","Combiné","Perdu","160.27","","","0.00","17","Vainqueur","U. Humbert","","51041541","","1.27","Gagné"
"5N12Q1C7","2024-07-02 22:25","Combiné","Perdu","160.27","","","0.00","17","Vainqueur","C. Gauff","","51041823","","1.02","Gagné"
"5N12Q1C7","2024-07-02 22:25","Combiné","Perdu","160.27","","","0.00","17","Vainqueur","E. Svitolina","","51139943","","1.42","Gagné"
"5N12Q1C7","2024-07-02 22:25","Combiné","Perdu","160.27","","","0.00","17","Vainqueur","K. Volynets","","51139971","","1.35","Gagné"
"5N12Q1C7","2024-07-02 22:25","Combiné","Perdu","160.27","","","0.00","17","Vainqueur","B. Haddad Maia","","51139975","","1.50","Gagné"
"5N12Q1C7","2024-07-02 22:25","Combiné","Perdu","160.27","","","0.00","17","Vainqueur","K. Khachanov","","51140521","","1.17",""
"5N12Q1C7","2024-07-02 22:25","Combiné","Perdu","160.27","","","0.00","17","Vainqueur","F. Tiafoe","","51041537","","1.46","Gagné"
"5N12Q1C7","2024-07-02 22:25","Combiné","Perdu","160.27","","","0.00","17","Vainqueur","C. Ruud","","51041549","","1.18","Perdu"
"5N12Q1C7","2024-07-02 22:25","Combiné","Perdu","160.27","","","0.00","17","Vainqueur","L. Sonego","","51041547","","2.30","Perdu"
"5N12Q1C7","2024-07-02 22:25","Combiné","Perdu","160.27","","","0.00","17","Vainqueur","T. Paul","","51041543","","1.11","Gagné"
"5N12Q1C7","2024-07-02 22:25","Combiné","Perdu","160.27","","","0.00","17","Vainqueur","J. Struff","","51041593","","1.28","Gagné"
"5N12Q1C7","2024-07-02 22:25","Combiné","Perdu","160.27","","","0.00","17","Vainqueur","N. Osaka","","51041819","","1.66","Perdu"
"5N12Q1C7","2024-07-02 22:25","Combiné","Perdu","160.27","","","0.00","17","Vainqueur","J. Paolini","","51041809","","1.39","Gagné"
"5N12Q1C7","2024-07-02 22:25","Combiné","Perdu","160.27","","","0.00","17","Vainqueur","G. Monfils","","51041591","","1.34","Gagné"
"5N12Q1C7","2024-07-02 22:25","Combiné","Perdu","160.27","","","0.00","17","Vainqueur","G. Dimitrov","","51041589","","1.14","Gagné"
"5N12Q1C7","2024-07-02 22:25","Combiné","Perdu","160.27","","","0.00","17","Vainqueur","D. Shapovalov","","51041585","","1.13","Gagné"
"5N0UP7BW","2024-07-02 18:40","Combiné","Perdu","852.80","","","0.00","17","Vainqueur","A. Fils","","51140541","","1.05","Gagné"
"5N0UP7BW","2024-07-02 18:40","Combiné","Perdu","852.80","","","0.00","17","Vainqueur","S. Tsitsipas","","51140561","","1.06","Gagné"
"5N0UP7BW","2024-07-02 18:40","Combiné","Perdu","852.80","","","0.00","17","Vainqueur","I. Swiatek","","51139997","","1.02","Gagné"
"5N0UP7BW","2024-07-02 18:40","Combiné","Perdu","852.80","","","0.00","17","Vainqueur","H. Rune","","51140527","","1.03","Gagné"
"5N0UP7BW","2024-07-02 18:40","Combiné","Perdu","852.80","","","0.00","17","Vainqueur","C. Garcia","","51139989","","1.72","Gagné"
"5N0UP7BW","2024-07-02 18:40","Combiné","Perdu","852.80","","","0.00","17","Vainqueur","F. Auger-Aliassime","","51140535","","1.37","Perdu"
"5N0UP7BW","2024-07-02 18:40","Combiné","Perdu","852.80","","","0.00","17","Vainqueur","Y. Putintseva","","51139993","","1.49","Gagné"
"5N0UP7BW","2024-07-02 18:40","Combiné","Perdu","852.80","","","0.00","17","Vainqueur","F. Cerundolo","","51140537","","2.10","Perdu"
"5N0UP7BW","2024-07-02 18:40","Combiné","Perdu","852.80","","","0.00","17","Vainqueur","R. Hijikata","","51140555","","1.68","Perdu"
"5N0UP7BW","2024-07-02 18:40","Combiné","Perdu","852.80","","","0.00","17","Vainqueur","E. Ruusuvuori","","51140563","","1.62","Gagné"
"5N0UP7BW","2024-07-02 18:40","Combiné","Perdu","852.80","","","0.00","17","Vainqueur","O. Dodin","","51139985","","3.75","Perdu"
"5N0UP7BW","2024-07-02 18:40","Combiné","Perdu","852.80","","","0.00","17","Vainqueur","L. Pouille","","51140533","","1.43","Gagné"
"5N0UP7BW","2024-07-02 18:40","Combiné","Perdu","852.80","","","0.00","17","Vainqueur","A. Tabilo","","51140553","","1.38","Gagné"
"5N0UP7BW","2024-07-02 18:40","Combiné","Perdu","852.80","","","0.00","17","Vainqueur","T. Fritz","","51140559","","1.06","Gagné"
"5N0UP7BW","2024-07-02 18:40","Combiné","Perdu","852.80","","","0.00","17","Vainqueur","D. Goffin","","51228159","","2.20","Perdu"
"5N0UP7BW","2024-07-02 18:40","Combiné","Perdu","852.80","","","0.00","17","Vainqueur","K. Khachanov","","51140521","","1.17",""
"5N0UP7BW","2024-07-02 18:40","Combiné","Perdu","852.80","","","0.00","17","Vainqueur","Q. Halys","","51140523","","1.80","Gagné"
"5N0SAQ13","2024-07-02 17:33","Combiné","Perdu","3961.79","","","0.00","20","Vainqueur","J. Ostapenko","","51139983","","1.48","Gagné"
"5N0SAQ13","2024-07-02 17:33","Combiné","Perdu","3961.79","","","0.00","20","Vainqueur","A. Fils","","51140541","","1.43","Gagné"
"5N0SAQ13","2024-07-02 17:33","Combiné","Perdu","3961.79","","","0.00","20","Vainqueur","S. Tsitsipas","","51140561","","1.05","Gagné"
"5N0SAQ13","2024-07-02 17:33","Combiné","Perdu","3961.79","","","0.00","20","Vainqueur","A. Kalinina","","51139953","","1.78","Perdu"
"5N0SAQ13","2024-07-02 17:33","Combiné","Perdu","3961.79","","","0.00","20","Vainqueur","I. Swiatek","","51139997","","1.05","Gagné"
"5N0SAQ13","2024-07-02 17:33","Combiné","Perdu","3961.79","","","0.00","20","Vainqueur","H. Rune","","51140527","","1.12","Gagné"
"5N0SAQ13","2024-07-02 17:33","Combiné","Perdu","3961.79","","","0.00","20","Vainqueur","L.A. Fernandez","","51139959","","1.21","Gagné"
"5N0SAQ13","2024-07-02 17:33","Combiné","Perdu","3961.79","","","0.00","20","Vainqueur","C. Garcia","","51139989","","1.66","Gagné"
"5N0SAQ13","2024-07-02 17:33","Combiné","Perdu","3961.79","","","0.00","20","Vainqueur","F. Auger-Aliassime","","51140535","","1.37","Perdu"
"5N0SAQ13","2024-07-02 17:33","Combiné","Perdu","3961.79","","","0.00","20","Vainqueur","Y. Putintseva","","51139993","","1.49","Gagné"
"5N0SAQ13","2024-07-02 17:33","Combiné","Perdu","3961.79","","","0.00","20","Vainqueur","F. Cerundolo","","51140537","","2.10","Perdu"
"5N0SAQ13","2024-07-02 17:33","Combiné","Perdu","3961.79","","","0.00","20","Vainqueur","R. Hijikata","","51140555","","1.68","Perdu"
"5N0SAQ13","2024-07-02 17:33","Combiné","Perdu","3961.79","","","0.00","20","Vainqueur","E. Ruusuvuori","","51140563","","1.62","Gagné"
"5N0SAQ13","2024-07-02 17:33","Combiné","Perdu","3961.79","","","0.00","20","Vainqueur","O. Dodin","","51139985","","3.75","Perdu"
"5N0SAQ13","2024-07-02 17:33","Combiné","Perdu","3961.79","","","0.00","20","Vainqueur","L. Pouille","","51140533","","1.43","Gagné"
"5N0SAQ13","2024-07-02 17:33","Combiné","Perdu","3961.79","","","0.00","20","Vainqueur","A. Tabilo","","51140553","","1.38","Gagné"
"5N0SAQ13","2024-07-02 17:33","Combiné","Perdu","3961.79","","","0.00","20","Vainqueur","T. Fritz","","51140559","","1.06","Gagné"
"5N0SAQ13","2024-07-02 17:33","Combiné","Perdu","3961.79","","","0.00","20","Vainqueur","D. Goffin","","51228159","","2.20","Perdu"
"5N0SAQ13","2024-07-02 17:33","Combiné","Perdu","3961.79","","","0.00","20","Vainqueur","K. Khachanov","","51140521","","1.17",""
"5N0SAQ13","2024-07-02 17:33","Combiné","Perdu","3961.79","","","0.00","20","Vainqueur","Q. Halys","","51140523","","1.80","Gagné"
"5N0SAGPJ","2024-07-02 17:33","Combiné","Perdu","1056.48","","","0.00","19","Vainqueur","J. Ostapenko","","51139983","","1.48","Gagné"
"5N0SAGPJ","2024-07-02 17:33","Combiné","Perdu","1056.48","","","0.00","19","Vainqueur","A. Fils","","51140541","","1.43","Gagné"
"5N0SAGPJ","2024-07-02 17:33","Combiné","Perdu","1056.48","","","0.00","19","Vainqueur","S. Tsitsipas","","51140561","","1.05","Gagné"
"5N0SAGPJ","2024-07-02 17:33","Combiné","Perdu","1056.48","","","0.00","19","Vainqueur","A. Kalinina","","51139953","","1.78","Perdu"
"5N0SAGPJ","2024-07-02 17:33","Combiné","Perdu","1056.48","","","0.00","19","Vainqueur","I. Swiatek","","51139997","","1.05","Gagné"
"5N0SAGPJ","2024-07-02 17:33","Combiné","Perdu","1056.48","","","0.00","19","Vainqueur","H. Rune","","51140527","","1.12","Gagné"
"5N0SAGPJ","2024-07-02 17:33","Combiné","Perdu","1056.48","","","0.00","19","Vainqueur","L.A. Fernandez","","51139959","","1.21","Gagné"
"5N0SAGPJ","2024-07-02 17:33","Combiné","Perdu","1056.48","","","0.00","19","Vainqueur","C. Garcia","","51139989","","1.66","Gagné"
"5N0SAGPJ","2024-07-02 17:33","Combiné","Perdu","1056.48","","","0.00","19","Vainqueur","F. Auger-Aliassime","","51140535","","1.37","Perdu"
"5N0SAGPJ","2024-07-02 17:33","Combiné","Perdu","1056.48","","","0.00","19","Vainqueur","Y. Putintseva","","51139993","","1.49","Gagné"
"5N0SAGPJ","2024-07-02 17:33","Combiné","Perdu","1056.48","","","0.00","19","Vainqueur","F. Cerundolo","","51140537","","2.10","Perdu"
"5N0SAGPJ","2024-07-02 17:33","Combiné","Perdu","1056.48","","","0.00","19","Vainqueur","R. Hijikata","","51140555","","1.68","Perdu"
"5N0SAGPJ","2024-07-02 17:33","Combiné","Perdu","1056.48","","","0.00","19","Vainqueur","E. Ruusuvuori","","51140563","","1.62","Gagné"
"5N0SAGPJ","2024-07-02 17:33","Combiné","Perdu","1056.48","","","0.00","19","Vainqueur","L. Pouille","","51140533","","1.43","Gagné"
"5N0SAGPJ","2024-07-02 17:33","Combiné","Perdu","1056.48","","","0.00","19","Vainqueur","A. Tabilo","","51140553","","1.38","Gagné"
"5N0SAGPJ","2024-07-02 17:33","Combiné","Perdu","1056.48","","","0.00","19","Vainqueur","T. Fritz","","51140559","","1.06","Gagné"
"5N0SAGPJ","2024-07-02 17:33","Combiné","Perdu","1056.48","","","0.00","19","Vainqueur","D. Goffin","","51228159","","2.20","Perdu"
"5N0SAGPJ","2024-07-02 17:33","Combiné","Perdu","1056.48","","","0.00","19","Vainqueur","K. Khachanov","","51140521","","1.17",""
"5N0SAGPJ","2024-07-02 17:33","Combiné","Perdu","1056.48","","","0.00","19","Vainqueur","Q. Halys","","51140523","","1.80","Gagné"
"5MZQAQ6W","2024-07-01 23:49","Combiné","Perdu","125.56","","","0.00","20","Vainqueur","J. Pegula","","51139935","","1.17","Gagné"
"5MZQAQ6W","2024-07-01 23:49","Combiné","Perdu","125.56","","","0.00","20","Vainqueur","H. Dart","","51139939","","1.48","Gagné"
"5MZQAQ6W","2024-07-01 23:49","Combiné","Perdu","125.56","","","0.00","20","Vainqueur","L. Siegemund","","51139963","","1.26","Gagné"
"5MZQAQ6W","2024-07-01 23:49","Combiné","Perdu","125.56","","","0.00","20","Vainqueur","H. Hurkacz","","51140543","","1.05","Gagné"
"5MZQAQ6W","2024-07-01 23:49","Combiné","Perdu","125.56","","","0.00","20","Vainqueur","L. Musetti","","51140569","","1.09","Gagné"
"5MZQAQ6W","2024-07-01 23:49","Combiné","Perdu","125.56","","","0.00","20","Vainqueur","E. Rybakina","","51139965","","1.08","Gagné"
"5MZQAQ6W","2024-07-01 23:49","Combiné","Perdu","125.56","","","0.00","20","Vainqueur","M. Vondrousova","","51139967","","1.14","Perdu"
"5MZQAQ6W","2024-07-01 23:49","Combiné","Perdu","125.56","","","0.00","20","Vainqueur","L. Samsonova","","51139951","","1.18","Gagné"
"5MZQAQ6W","2024-07-01 23:49","Combiné","Perdu","125.56","","","0.00","20","Vainqueur","A. Potapova","","51139987","","1.35","Perdu"
"5MZQAQ6W","2024-07-01 23:49","Combiné","Perdu","125.56","","","0.00","20","Vainqueur","K. Boulter","","51139941","","1.21","Gagné"
"5MZQAQ6W","2024-07-01 23:49","Combiné","Perdu","125.56","","","0.00","20","Vainqueur","A. Kalinskaya","","51139957","","1.09","Gagné"
"5MZQAQ6W","2024-07-01 23:49","Combiné","Perdu","125.56","","","0.00","20","Vainqueur","M. Bouzkova","","51139955","","1.14","Gagné"
"5MZQAQ6W","2024-07-01 23:49","Combiné","Perdu","125.56","","","0.00","20","Vainqueur","S. Tsitsipas","","51140561","","1.05","Gagné"
"5MZQAQ6W","2024-07-01 23:49","Combiné","Perdu","125.56","","","0.00","20","Vainqueur","I. Swiatek","","51139997","","1.05","Gagné"
"5MZQAQ6W","2024-07-01 23:49","Combiné","Perdu","125.56","","","0.00","20","Vainqueur","H. Rune","","51140527","","1.10","Gagné"
"5MZQAQ6W","2024-07-01 23:49","Combiné","Perdu","125.56","","","0.00","20","Vainqueur","C. Garcia","","51139989","","1.64","Gagné"
"5MZQAQ6W","2024-07-01 23:49","Combiné","Perdu","125.56","","","0.00","20","Vainqueur","O. Dodin","","51139985","","4.00","Perdu"
"5MZQAQ6W","2024-07-01 23:49","Combiné","Perdu","125.56","","","0.00","20","Vainqueur","O. Jabeur","","51139949","","1.08","Gagné"
"5MZQAQ6W","2024-07-01 23:49","Combiné","Perdu","125.56","","","0.00","20","Vainqueur","D. Collins","","51139981","","1.35","Gagné"
"5MZQAQ6W","2024-07-01 23:49","Combiné","Perdu","125.56","","","0.00","20","Vainqueur","B. Haddad Maia","","51139975","","1.47","Gagné"
"5MZP9SH7","2024-07-01 23:21","Simple","Perdu","2.55","1.00","Cash","0.00","1","Issue du match","Slovénie se qualifie aux tirs au but","Issue du matchSlovénie se qualifie aux tirs au butLive2,55Portugal0 - 0Slovénie(reg 0-0 / TAB 3-0)","45843691","","2.55","Perdu"
"5MZLUVAD","2024-07-01 21:45","Combiné","Gagné","147.10","","","29.22","16","Vainqueur","A. Popyrin","","51140517","","1.33","Gagné"
"5MZLUVAD","2024-07-01 21:45","Combiné","Gagné","147.10","","","29.22","16","Vainqueur","T.M. Etcheverry","","51140519","","1.60","Gagné"
"5MZLUVAD","2024-07-01 21:45","Combiné","Gagné","147.10","","","29.22","16","Vainqueur","T. Seyboth Wild","","51140525","","2.20","Gagné"
"5MZLUVAD","2024-07-01 21:45","Combiné","Gagné","147.10","","","29.22","16","Vainqueur","Y. Nishioka","","51140565","","1.80","Gagné"
"5MZLUVAD","2024-07-01 21:45","Combiné","Gagné","147.10","","","29.22","16","Vainqueur","L. Musetti","","51140569","","1.09","Gagné"
"5MZLUVAD","2024-07-01 21:45","Combiné","Gagné","147.10","","","29.22","16","Vainqueur","L. Darderi","","51140571","","1.37","Gagné"
"5MZLUVAD","2024-07-01 21:45","Combiné","Gagné","147.10","","","29.22","16","Vainqueur","A. De Minaur","","51146725","","1.06","Gagné"
"5MZLUVAD","2024-07-01 21:45","Combiné","Gagné","147.10","","","29.22","16","Vainqueur","G. Mpetshi Perricard","","51180331","","3.85","Gagné"
"5MZLUVAD","2024-07-01 21:45","Combiné","Gagné","147.10","","","29.22","16","Vainqueur","A. Zverev","","51140545","","1.02","Gagné"
"5MZLUVAD","2024-07-01 21:45","Combiné","Gagné","147.10","","","29.22","16","Vainqueur","N. Djokovic","","51140513","","1.01","Gagné"
"5MZLUVAD","2024-07-01 21:45","Combiné","Gagné","147.10","","","29.22","16","Vainqueur","S. Tsitsipas","","51140561","","1.05","Gagné"
"5MZLUVAD","2024-07-01 21:45","Combiné","Gagné","147.10","","","29.22","16","Vainqueur","H. Rune","","51140527","","1.10","Gagné"
"5MZLUVAD","2024-07-01 21:45","Combiné","Gagné","147.10","","","29.22","16","Vainqueur","M. Giron","","51140547","","1.19","Gagné"
"5MZLUVAD","2024-07-01 21:45","Combiné","Gagné","147.10","","","29.22","16","Vainqueur","A. Rinderknech","","51140557","","1.37","Gagné"
"5MZLUVAD","2024-07-01 21:45","Combiné","Gagné","147.10","","","29.22","16","Vainqueur","L. Pouille","","51140533","","1.38","Gagné"
"5MZLUVAD","2024-07-01 21:45","Combiné","Gagné","147.10","","","29.22","16","Vainqueur","T. Fritz","","51140559","","1.07","Gagné"
"5MZDJQOY","2024-07-01 17:52","Simple","Gagné","","","","20.00","1","","","","","Cotes boostées","","Gagné"
"5MY9QYUB","2024-06-30 23:18","Combiné","Perdu","303.07","","","0.00","37","Vainqueur","C. Ruud","","51140577","Tennis","1.33","Gagné"
"5MY9QYUB","2024-06-30 23:18","Combiné","Perdu","303.07","","","0.00","37","Nombre de sets","Plus de 3,5","","51140601","Tennis","1.46","Gagné"
"5MY9QYUB","2024-06-30 23:18","Combiné","Perdu","303.07","","","0.00","37","Nombre de sets","Plus de 3,5","","51140603","Tennis","1.47","Perdu"
"5MY9QYUB","2024-06-30 23:18","Combiné","Perdu","303.07","","","0.00","37","Vainqueur","J. Struff","","51140613","Tennis","1.22","Gagné"
"5MY9QYUB","2024-06-30 23:18","Combiné","Perdu","303.07","","","0.00","37","J. Shang remporte au moins un set","Oui","","51140621","Tennis","1.15","Gagné"
"5MY9QYUB","2024-06-30 23:18","Combiné","Perdu","303.07","","","0.00","37","Vainqueur","Z. Zhang","","51140615","Tennis","1.19","Gagné"
"5MY9QYUB","2024-06-30 23:18","Combiné","Perdu","303.07","","","0.00","37","Vainqueur","M. Berrettini","","51140637","Tennis","1.16","Gagné"
"5MY9QYUB","2024-06-30 23:18","Combiné","Perdu","303.07","","","0.00","37","Vainqueur","G. Monfils","","51140617","Tennis","1.56","Gagné"
"5MY9QYUB","2024-06-30 23:18","Combiné","Perdu","303.07","","","0.00","37","D. Altmaier remporte au moins un set","Oui","","51140629","Tennis","1.17","Gagné"
"5MY9QYUB","2024-06-30 23:18","Combiné","Perdu","303.07","","","0.00","37","Vainqueur","C. Alcaraz","","51140607","Tennis","1.01","Gagné"
"5MY9QYUB","2024-06-30 23:18","Combiné","Perdu","303.07","","","0.00","37","Vainqueur","J. Paolini","","51139901","Tennis","1.15","Gagné"
"5MY9QYUB","2024-06-30 23:18","Combiné","Perdu","303.07","","","0.00","37","A. Michelsen remporte au moins un set","Oui","","51140627","Tennis","1.17","Gagné"
"5MY9QYUB","2024-06-30 23:18","Combiné","Perdu","303.07","","","0.00","37","Vainqueur","A. Sabalenka","","51139903","Tennis","1.05",""
"5MY9QYUB","2024-06-30 23:18","Combiné","Perdu","303.07","","","0.00","37","Nombre de sets","Plus de 3,5","","51140605","Tennis","1.45","Gagné"
"5MY9QYUB","2024-06-30 23:18","Combiné","Perdu","303.07","","","0.00","37","Vainqueur","T. Griekspoor","","51140633","Tennis","1.10",""
"5MY9QYUB","2024-06-30 23:18","Combiné","Perdu","303.07","","","0.00","37","L. Broady remporte au moins un set","Oui","","51140595","Tennis","1.22","Gagné"
"5MY9QYUB","2024-06-30 23:18","Combiné","Perdu","303.07","","","0.00","37","Vainqueur","L. Sonego","","51140583","Tennis","1.09","Gagné"
"5MY9QYUB","2024-06-30 23:18","Combiné","Perdu","303.07","","","0.00","37","Vainqueur","J. Sinner","","51140639","Tennis","1.01","Gagné"
"5MY9QYUB","2024-06-30 23:18","Combiné","Perdu","303.07","","","0.00","37","Vainqueur","M. Purcell","","51140589","Tennis","1.66","Perdu"
"5MY9QYUB","2024-06-30 23:18","Combiné","Perdu","303.07","","","0.00","37","Vainqueur","T. Paul","","51140591","Tennis","1.05","Gagné"
"5MY9QYUB","2024-06-30 23:18","Combiné","Perdu","303.07","","","0.00","37","Vainqueur","C. Gauff","","51139871","Tennis","1.02","Gagné"
"5MY9QYUB","2024-06-30 23:18","Combiné","Perdu","303.07","","","0.00","37","Vainqueur","H. Hurkacz","","51140543","Tennis","1.05","Gagné"
"5MY9QYUB","2024-06-30 23:18","Combiné","Perdu","303.07","","","0.00","37","Vainqueur","L. Musetti","","51140569","Tennis","1.09","Gagné"
"5MY9QYUB","2024-06-30 23:18","Combiné","Perdu","303.07","","","0.00","37","Vainqueur","A. De Minaur","","51146725","Tennis","1.06","Gagné"
"5MY9QYUB","2024-06-30 23:18","Combiné","Perdu","303.07","","","0.00","37","Vainqueur","E. Rybakina","","51139965","Tennis","1.08","Gagné"
"5MY9QYUB","2024-06-30 23:18","Combiné","Perdu","303.07","","","0.00","37","Vainqueur","A. Zverev","","51140545","Tennis","1.02","Gagné"
"5MY9QYUB","2024-06-30 23:18","Combiné","Perdu","303.07","","","0.00","37","Vainqueur","N. Djokovic","","51140513","Tennis","1.01","Gagné"
"5MY9QYUB","2024-06-30 23:18","Combiné","Perdu","303.07","","","0.00","37","Vainqueur","S. Tsitsipas","","51140561","Tennis","1.06","Gagné"
"5MY9QYUB","2024-06-30 23:18","Combiné","Perdu","303.07","","","0.00","37","Vainqueur","I. Swiatek","","51139997","Tennis","1.05","Gagné"
"5MY9QYUB","2024-06-30 23:18","Combiné","Perdu","303.07","","","0.00","37","Vainqueur","H. Rune","","51140527","Tennis","1.09","Gagné"
"5MY9QYUB","2024-06-30 23:18","Combiné","Perdu","303.07","","","0.00","37","Vainqueur","J. Draper","","51140551","Tennis","1.02","Gagné"
"5MY9QYUB","2024-06-30 23:18","Combiné","Perdu","303.07","","","0.00","37","F. Cerundolo remporte au moins un set","Oui","","51140537","Tennis","1.17","Gagné"
"5MY9QYUB","2024-06-30 23:18","Combiné","Perdu","303.07","","","0.00","37","Nombre de sets","Plus de 3,5","","51140555","Tennis","1.48","Gagné"
"5MY9QYUB","2024-06-30 23:18","Combiné","Perdu","303.07","","","0.00","37","Vainqueur","O. Jabeur","","51139949","Tennis","1.09","Gagné"
"5MY9QYUB","2024-06-30 23:18","Combiné","Perdu","303.07","","","0.00","37","Vainqueur","A. Tabilo","","51140553","Tennis","1.45","Gagné"
"5MY9QYUB","2024-06-30 23:18","Combiné","Perdu","303.07","","","0.00","37","Vainqueur","T. Fritz","","51140559","Tennis","1.07","Gagné"
"5MY9QYUB","2024-06-30 23:18","Combiné","Perdu","303.07","","","0.00","37","C. Eubanks remporte au moins un set","Oui","","51140523","Tennis","1.13","Perdu"
"5MY7UGN7","2024-06-30 22:25","Combiné","Perdu","4530.79","","","0.00","42","Vainqueur","C. Ruud","","51140577","MMA","1.33","Gagné"
"5MY7UGN7","2024-06-30 22:25","Combiné","Perdu","4530.79","","","0.00","42","Vainqueur","J. Thompson","","51140597","MMA","1.22","Gagné"
"5MY7UGN7","2024-06-30 22:25","Combiné","Perdu","4530.79","","","0.00","42","Vainqueur","J. Struff","","51140613","MMA","1.22","Gagné"
"5MY7UGN7","2024-06-30 22:25","Combiné","Perdu","4530.79","","","0.00","42","Vainqueur","G. Dimitrov","","51140623","MMA","1.03","Gagné"
"5MY7UGN7","2024-06-30 22:25","Combiné","Perdu","4530.79","","","0.00","42","Vainqueur","M. Berrettini","","51140637","MMA","1.16","Gagné"
"5MY7UGN7","2024-06-30 22:25","Combiné","Perdu","4530.79","","","0.00","42","Vainqueur","B. Nakashima","","51140599","MMA","1.15","Gagné"
"5MY7UGN7","2024-06-30 22:25","Combiné","Perdu","4530.79","","","0.00","42","Vainqueur","D. Medvedev","","51140609","MMA","1.02","Gagné"
"5MY7UGN7","2024-06-30 22:25","Combiné","Perdu","4530.79","","","0.00","42","Vainqueur","H. Gaston","","51140611","MMA","1.58","Perdu"
"5MY7UGN7","2024-06-30 22:25","Combiné","Perdu","4530.79","","","0.00","42","Vainqueur","S. Wawrinka","","51140619","MMA","1.62","Gagné"
"5MY7UGN7","2024-06-30 22:25","Combiné","Perdu","4530.79","","","0.00","42","Vainqueur","D. Altmaier","","51140629","MMA","1.94","Gagné"
"5MY7UGN7","2024-06-30 22:25","Combiné","Perdu","4530.79","","","0.00","42","Vainqueur","U. Humbert","","51140593","MMA","1.10","Gagné"
"5MY7UGN7","2024-06-30 22:25","Combiné","Perdu","4530.79","","","0.00","42","Vainqueur","A. Bublik","","51140585","MMA","1.44","Gagné"
"5MY7UGN7","2024-06-30 22:25","Combiné","Perdu","4530.79","","","0.00","42","Vainqueur","T. Griekspoor","","51140633","MMA","1.10",""
"5MY7UGN7","2024-06-30 22:25","Combiné","Perdu","4530.79","","","0.00","42","Vainqueur","L. Sonego","","51140583","MMA","1.09","Gagné"
"5MY7UGN7","2024-06-30 22:25","Combiné","Perdu","4530.79","","","0.00","42","Vainqueur","J. Sinner","","51140639","MMA","1.01","Gagné"
"5MY7UGN7","2024-06-30 22:25","Combiné","Perdu","4530.79","","","0.00","42","Vainqueur","T. Paul","","51140591","MMA","1.05","Gagné"
"5MY7UGN7","2024-06-30 22:25","Combiné","Perdu","4530.79","","","0.00","42","Vainqueur","M. Kecmanovic","","51140635","MMA","1.10","Gagné"
"5MY7UGN7","2024-06-30 22:25","Combiné","Perdu","4530.79","","","0.00","42","Vainqueur","A. Popyrin","","51140517","MMA","1.33","Gagné"
"5MY7UGN7","2024-06-30 22:25","Combiné","Perdu","4530.79","","","0.00","42","Vainqueur","T.M. Etcheverry","","51140519","MMA","1.62","Gagné"
"5MY7UGN7","2024-06-30 22:25","Combiné","Perdu","4530.79","","","0.00","42","Vainqueur","H. Hurkacz","","51140543","MMA","1.05","Gagné"
"5MY7UGN7","2024-06-30 22:25","Combiné","Perdu","4530.79","","","0.00","42","Vainqueur","L. Musetti","","51140569","MMA","1.09","Gagné"
"5MY7UGN7","2024-06-30 22:25","Combiné","Perdu","4530.79","","","0.00","42","Vainqueur","L. Darderi","","51140571","MMA","1.43","Gagné"
"5MY7UGN7","2024-06-30 22:25","Combiné","Perdu","4530.79","","","0.00","42","Vainqueur","A. De Minaur","","51146725","MMA","1.06","Gagné"
"5MY7UGN7","2024-06-30 22:25","Combiné","Perdu","4530.79","","","0.00","42","Vainqueur","A. Rublev","","51140575","MMA","1.02","Perdu"
"5MY7UGN7","2024-06-30 22:25","Combiné","Perdu","4530.79","","","0.00","42","Vainqueur","B. Shelton","","51140625","MMA","1.35","Gagné"
"5MY7UGN7","2024-06-30 22:25","Combiné","Perdu","4530.79","","","0.00","42","Vainqueur","A. Walton","","51140573","MMA","1.21","Gagné"
"5MY7UGN7","2024-06-30 22:25","Combiné","Perdu","4530.79","","","0.00","42","Vainqueur","A. Zverev","","51140545","MMA","1.02","Gagné"
"5MY7UGN7","2024-06-30 22:25","Combiné","Perdu","4530.79","","","0.00","42","Vainqueur","N. Djokovic","","51140513","MMA","1.01","Gagné"
"5MY7UGN7","2024-06-30 22:25","Combiné","Perdu","4530.79","","","0.00","42","Vainqueur","A. Fils","","51140541","MMA","1.44","Gagné"
"5MY7UGN7","2024-06-30 22:25","Combiné","Perdu","4530.79","","","0.00","42","Vainqueur","T. Machac","","51140539","MMA","1.35",""
"5MY7UGN7","2024-06-30 22:25","Combiné","Perdu","4530.79","","","0.00","42","Vainqueur","S. Tsitsipas","","51140561","MMA","1.06","Gagné"
"5MY7UGN7","2024-06-30 22:25","Combiné","Perdu","4530.79","","","0.00","42","Vainqueur","H. Rune","","51140527","MMA","1.09","Gagné"
"5MY7UGN7","2024-06-30 22:25","Combiné","Perdu","4530.79","","","0.00","42","Vainqueur","M. Giron","","51140547","MMA","1.16","Gagné"
"5MY7UGN7","2024-06-30 22:25","Combiné","Perdu","4530.79","","","0.00","42","Vainqueur","F. Auger-Aliassime","","51140535","MMA","1.38","Perdu"
"5MY7UGN7","2024-06-30 22:25","Combiné","Perdu","4530.79","","","0.00","42","Vainqueur","J. Draper","","51140551","MMA","1.02","Gagné"
"5MY7UGN7","2024-06-30 22:25","Combiné","Perdu","4530.79","","","0.00","42","Vainqueur","E. Ruusuvuori","","51140563","MMA","1.66","Gagné"
"5MY7UGN7","2024-06-30 22:25","Combiné","Perdu","4530.79","","","0.00","42","Vainqueur","C. Norrie","","51140549","MMA","1.05","Gagné"
"5MY7UGN7","2024-06-30 22:25","Combiné","Perdu","4530.79","","","0.00","42","Vainqueur","A. Rinderknech","","51140557","MMA","1.35","Gagné"
"5MY7UGN7","2024-06-30 22:25","Combiné","Perdu","4530.79","","","0.00","42","Vainqueur","L. Pouille","","51140533","MMA","1.44","Gagné"
"5MY7UGN7","2024-06-30 22:25","Combiné","Perdu","4530.79","","","0.00","42","Vainqueur","A. Tabilo","","51140553","MMA","1.45","Gagné"
"5MY7UGN7","2024-06-30 22:25","Combiné","Perdu","4530.79","","","0.00","42","Vainqueur","T. Fritz","","51140559","MMA","1.07","Gagné"
"5MY7UGN7","2024-06-30 22:25","Combiné","Perdu","4530.79","","","0.00","42","Vainqueur","K. Khachanov","","51140521","MMA","1.20",""
"5MC3I7LR","2024-06-15 10:52","Combiné","Perdu","7.96","8.90","Freebet","0.00","3","Vainqueur","L. Musetti","","50565783","","3.15","Perdu"
"5MC3I7LR","2024-06-15 10:52","Combiné","Perdu","7.96","8.90","Freebet","0.00","3","Vainqueur","O. Jabeur","","50583387","","1.33","Perdu"
"5MC3I7LR","2024-06-15 10:52","Combiné","Perdu","7.96","8.90","Freebet","0.00","3","Score exact","2 - 0","","50583357","","1.90","Gagné"
"5MAWRRK4","2024-06-14 14:56","Simple","Perdu","2.40","0.10","Freebet","0.00","1","Vainqueur","F. Tiafoe","","50565805","","2.40","Perdu"
"5M9KM6YD","2024-06-13 16:28","Simple","Perdu","7.25","1.00","Freebet","0.00","1","Vainqueur","A. Krueger","","50583383","","7.25","Perdu"
"5M9EBZRA","2024-06-13 13:32","Combiné","Perdu","7.17","15.00","Freebet","0.00","7","Vainqueur","T. Paul","","50578779","","1.26","Gagné"
"5M9EBZRA","2024-06-13 13:32","Combiné","Perdu","7.17","15.00","Freebet","0.00","7","Vainqueur","A. De Minaur","","50578707","","1.12","Gagné"
"5M9EBZRA","2024-06-13 13:32","Combiné","Perdu","7.17","15.00","Freebet","0.00","7","Vainqueur","B. Shelton","","50565801","","1.39","Perdu"
"5M9EBZRA","2024-06-13 13:32","Combiné","Perdu","7.17","15.00","Freebet","0.00","7","Vainqueur","L. Samsonova","","50583133","","1.26","Gagné"
"5M9EBZRA","2024-06-13 13:32","Combiné","Perdu","7.17","15.00","Freebet","0.00","7","Vainqueur","M. Raonic","","50578709","","1.64","Gagné"
"5M9EBZRA","2024-06-13 13:32","Combiné","Perdu","7.17","15.00","Freebet","0.00","7","Vainqueur","A. Krueger","","50583383","","1.36","Perdu"
"5M9EBZRA","2024-06-13 13:32","Combiné","Perdu","7.17","15.00","Freebet","0.00","7","Score exact","2 - 0","","50583371","","1.30","Gagné"
"5M0TWJJ4","2024-06-07 13:38","Simple","Perdu","14.50","","","0.00","1","VainqueurJ. Sinner","Vainqueur","J. Sinner1er set - VainqueurJ. SinnerRésultat après 6 jeuxJ. SinnerTie-break au cours du matchOuiScore exact1 - 3 ou 2 - 3Carlos Alcaraz Jannik Sinner2663366463","50200071","Tennis","14.50","Perdu"
"5LYBVBZV","2024-06-05 19:38","Simple","Perdu","9.50","10.00","Freebet","0.00","1","Nombre de setsPlus de 3,5","Nombre de sets","","50200063","","9.50","Perdu"
"5LWMITXV","2024-06-04 15:26","Combiné","Perdu","12.12","","","0.00","6","1er set - Vainqueur","G. Dimitrov","","50200067","Tennis","2.20","Perdu"
"5LWMITXV","2024-06-04 15:26","Combiné","Perdu","12.12","","","0.00","6","Vainqueur","C. Alcaraz","","50200065","Tennis","1.23","Gagné"
"5LWMITXV","2024-06-04 15:26","Combiné","Perdu","12.12","","","0.00","6","Vainqueur","N. Djokovic","","50200061","Tennis","2.05",""
"5LWMITXV","2024-06-04 15:26","Combiné","Perdu","12.12","","","0.00","6","Vainqueur","E. Rybakina","","50200727","Tennis","1.27","Perdu"
"5LWMITXV","2024-06-04 15:26","Combiné","Perdu","12.12","","","0.00","6","Vainqueur","A. Sabalenka","","50200729","Tennis","1.22","Perdu"
"5LWMITXV","2024-06-04 15:26","Combiné","Perdu","12.12","","","0.00","6","Vainqueur","A. Zverev","","50200063","Tennis","1.41","Gagné"
"5LWMLTFE","2024-06-04 15:03","Combiné","Perdu","2.06","","","0.00","2","Vainqueur","J. Sinner","","50200067","Tennis","1.29","Gagné"
"5LWMLTFE","2024-06-04 15:03","Combiné","Perdu","2.06","","","0.00","2","Aces - Résultat","S. Tsitsipas","","50200065","Tennis","1.60","Perdu"
"5LUYOUJ5","2024-06-03 11:06","Combiné","Perdu","25.80","","","0.00","6","Vainqueur","J. Paolini","","50200715","Tennis","1.27","Gagné"
"5LUYOUJ5","2024-06-03 11:06","Combiné","Perdu","25.80","","","0.00","6","Vainqueur","E. Rybakina","","50200717","Tennis","1.34","Gagné"
"5LUYOUJ5","2024-06-03 11:06","Combiné","Perdu","25.80","","","0.00","6","Vainqueur","A. Sabalenka","","50200721","Tennis","1.28","Gagné"
"5LUYOUJ5","2024-06-03 11:06","Combiné","Perdu","25.80","","","0.00","6","VainqueurD. Medvedev","Vainqueur","","50200049","Tennis","2.25","Perdu"
"5LUYOUJ5","2024-06-03 11:06","Combiné","Perdu","25.80","","","0.00","6","Vainqueur","C. Ruud","","50200109","Tennis","1.35","Gagné"
"5LUYOUJ5","2024-06-03 11:06","Combiné","Perdu","25.80","","","0.00","6","VainqueurH. Rune","Vainqueur","","50200047","Tennis","3.90","Perdu"
"5LRWSXTG","2024-06-01 7:49","Combiné","Perdu","7.06","","","0.00","10","Vainqueur","Q. Zheng","","50200755","Tennis","1.12","Perdu"
"5LRWSXTG","2024-06-01 7:49","Combiné","Perdu","7.06","","","0.00","10","Vainqueur","E. Rybakina","","50200761","Tennis","1.17","Gagné"
"5LRWSXTG","2024-06-01 7:49","Combiné","Perdu","7.06","","","0.00","10","Vainqueur","A. Sabalenka","","50200769","Tennis","1.20","Gagné"
"5LRWSXTG","2024-06-01 7:49","Combiné","Perdu","7.06","","","0.00","10","Vainqueur","D. Medvedev","","50200089","Tennis","1.28","Gagné"
"5LRWSXTG","2024-06-01 7:49","Combiné","Perdu","7.06","","","0.00","10","Vainqueur","A. Zverev","","50200083","Tennis","1.10","Gagné"
"5LRWSXTG","2024-06-01 7:49","Combiné","Perdu","7.06","","","0.00","10","Vainqueur","E. Svitolina","","50200759","Tennis","1.32","Gagné"
"5LRWSXTG","2024-06-01 7:49","Combiné","Perdu","7.06","","","0.00","10","Vainqueur","H. Rune","","50200085","Tennis","1.11","Gagné"
"5LRWSXTG","2024-06-01 7:49","Combiné","Perdu","7.06","","","0.00","10","Vainqueur","T. Fritz","","50200079","Tennis","1.16","Gagné"
"5LRWSXTG","2024-06-01 7:49","Combiné","Perdu","7.06","","","0.00","10","Vainqueur","M. Keys","","50200767","Tennis","1.50","Perdu"
"5LRWSXTG","2024-06-01 7:49","Combiné","Perdu","7.06","","","0.00","10","Vainqueur","C. Ruud","","50200081","Tennis","1.25","Gagné"
"5LRWNPAL","2024-06-01 7:45","Combiné","Perdu","6.38","","","0.00","7","Vainqueur","A. De Minaur","","50200087","Tennis","1.76","Gagné"
"5LRWNPAL","2024-06-01 7:45","Combiné","Perdu","6.38","","","0.00","7","Vainqueur","D. Medvedev","","50200089","Tennis","1.28","Gagné"
"5LRWNPAL","2024-06-01 7:45","Combiné","Perdu","6.38","","","0.00","7","Vainqueur","A. Zverev","","50200083","Tennis","1.10","Gagné"
"5LRWNPAL","2024-06-01 7:45","Combiné","Perdu","6.38","","","0.00","7","Vainqueur","H. Rune","","50200085","Tennis","1.11","Gagné"
"5LRWNPAL","2024-06-01 7:45","Combiné","Perdu","6.38","","","0.00","7","Vainqueur","T. Paul","","50200141","Tennis","1.60","Perdu"
"5LRWNPAL","2024-06-01 7:45","Combiné","Perdu","6.38","","","0.00","7","Vainqueur","T. Fritz","","50200079","Tennis","1.16","Gagné"
"5LRWNPAL","2024-06-01 7:45","Combiné","Perdu","6.38","","","0.00","7","Vainqueur","C. Ruud","","50200081","Tennis","1.25","Gagné"
"5LPSPGQE","2024-05-30 20:19","Simple","Perdu","2.80","","","0.00","1","Vainqueur","G. Monfils","","50200077","","2.80","Perdu"
"5LLE6Z0B","2024-05-27 18:22","Simple","Perdu","","","","0.00","1","Vainqueur","R. Nadal","","50304021","","","Perdu"
"5LK4UIR9","2024-05-26 21:13","Combiné","Perdu","313.02","","","0.00","23","Vainqueur","M. Vondrousova","","50302629","","1.14","Gagné"
"5LK4UIR9","2024-05-26 21:13","Combiné","Perdu","313.02","","","0.00","23","Vainqueur","A. Potapova","","50302641","","1.24","Gagné"
"5LK4UIR9","2024-05-26 21:13","Combiné","Perdu","313.02","","","0.00","23","Vainqueur","A. Shevchenko","","50303965","","1.58","Gagné"
"5LK4UIR9","2024-05-26 21:13","Combiné","Perdu","313.02","","","0.00","23","Vainqueur","J. Paolini","","50302591","","1.21","Gagné"
"5LK4UIR9","2024-05-26 21:13","Combiné","Perdu","313.02","","","0.00","23","Vainqueur","E. Alexandrova","","50302637","","1.39","Perdu"
"5LK4UIR9","2024-05-26 21:13","Combiné","Perdu","313.02","","","0.00","23","Vainqueur","D. Collins","","50302635","","1.06","Gagné"
"5LK4UIR9","2024-05-26 21:13","Combiné","Perdu","313.02","","","0.00","23","Vainqueur","A. Pavlyuchenkova","","50322327","","1.15","Gagné"
"5LK4UIR9","2024-05-26 21:13","Combiné","Perdu","313.02","","","0.00","23","Vainqueur","A. Kalinina","","50302609","","1.60",""
"5LK4UIR9","2024-05-26 21:13","Combiné","Perdu","313.02","","","0.00","23","Vainqueur","D. Parry","","50302587","","1.56","Gagné"
"5LK4UIR9","2024-05-26 21:13","Combiné","Perdu","313.02","","","0.00","23","Vainqueur","B. Pera","","50302573","","1.22","Gagné"
"5LK4UIR9","2024-05-26 21:13","Combiné","Perdu","313.02","","","0.00","23","Vainqueur","B. Haddad Maia","","50302621","","1.41","Perdu"
"5LK4UIR9","2024-05-26 21:13","Combiné","Perdu","313.02","","","0.00","23","Vainqueur","E. Rybakina","","50302577","","1.04","Gagné"
"5LK4UIR9","2024-05-26 21:13","Combiné","Perdu","313.02","","","0.00","23","Vainqueur","S. Cirstea","","50302599","","1.39","Perdu"
"5LK4UIR9","2024-05-26 21:13","Combiné","Perdu","313.02","","","0.00","23","Vainqueur","A. Sabalenka","","50302555","","1.04","Gagné"
"5LK4UIR9","2024-05-26 21:13","Combiné","Perdu","313.02","","","0.00","23","Vainqueur","D. Kasatkina","","50302565","","1.25","Gagné"
"5LK4UIR9","2024-05-26 21:13","Combiné","Perdu","313.02","","","0.00","23","Vainqueur","M. Keys","","50302563","","1.11","Gagné"
"5LK4UIR9","2024-05-26 21:13","Combiné","Perdu","313.02","","","0.00","23","Vainqueur","E. Navarro","","50322319","","1.10","Gagné"
"5LK4UIR9","2024-05-26 21:13","Combiné","Perdu","313.02","","","0.00","23","Vainqueur","M. Andreeva","","50302567","","1.07","Gagné"
"5LK4UIR9","2024-05-26 21:13","Combiné","Perdu","313.02","","","0.00","23","Vainqueur","M. Sherif","","50302561","","1.27","Gagné"
"5LK4UIR9","2024-05-26 21:13","Combiné","Perdu","313.02","","","0.00","23","Vainqueur","S. Stephens","","50302557","","2.10","Perdu"
"5LK4UIR9","2024-05-26 21:13","Combiné","Perdu","313.02","","","0.00","23","Vainqueur","P. Badosa","","50302559","","1.28","Gagné"
"5LK4UIR9","2024-05-26 21:13","Combiné","Perdu","313.02","","","0.00","23","Vainqueur","M. Kostyuk","","50200685","","1.45","Perdu"
"5LK4UIR9","2024-05-26 21:13","Combiné","Perdu","313.02","","","0.00","23","Vainqueur","M. Bouzkova","","50200677","","1.31","Gagné"
"5LJLHDQZ","2024-05-26 12:10","Combiné","Perdu","6.37","","","0.00","6","Vainqueur","J. Thompson","","50303971","","1.60","Perdu"
"5LJLHDQZ","2024-05-26 12:10","Combiné","Perdu","6.37","","","0.00","6","Vainqueur","J. Ostapenko","","50302619","","1.43","Gagné"
"5LJLHDQZ","2024-05-26 12:10","Combiné","Perdu","6.37","","","0.00","6","Vainqueur","C. Garcia","","50322329","","1.24","Gagné"
"5LJLHDQZ","2024-05-26 12:10","Combiné","Perdu","6.37","","","0.00","6","Vainqueur","Xiyu Wang","","50302611","","1.36","Gagné"
"5LJLHDQZ","2024-05-26 12:10","Combiné","Perdu","6.37","","","0.00","6","Vainqueur","C. Tauson","","50302617","","1.25","Gagné"
"5LJLHDQZ","2024-05-26 12:10","Combiné","Perdu","6.37","","","0.00","6","Vainqueur","T. Zidansek","","50322335","","1.32","Gagné"
"5LJHD392","2024-05-26 10:15","Combiné","Perdu","313.46","","","0.00","38","Vainqueur","A. Rublev","","50303999","MMA","1.04","Gagné"
"5LJHD392","2024-05-26 10:15","Combiné","Perdu","313.46","","","0.00","38","Nombre de sets","Plus de 3,5","","50303975","MMA","1.45","Gagné"
"5LJHD392","2024-05-26 10:15","Combiné","Perdu","313.46","","","0.00","38","Nombre de sets","Plus de 3,5","","50303991","MMA","1.47","Gagné"
"5LJHD392","2024-05-26 10:15","Combiné","Perdu","313.46","","","0.00","38","Vainqueur","P. Martinez","","50303997","MMA","1.28","Gagné"
"5LJHD392","2024-05-26 10:15","Combiné","Perdu","313.46","","","0.00","38","J. De Jong remporte au moins un set","Oui","","50322381","MMA","1.52","Gagné"
"5LJHD392","2024-05-26 10:15","Combiné","Perdu","313.46","","","0.00","38","Vainqueur","H. Hurkacz","","50322377","MMA","1.03","Gagné"
"5LJHD392","2024-05-26 10:15","Combiné","Perdu","313.46","","","0.00","38","Vainqueur","G. Dimitrov","","50303969","MMA","1.10","Gagné"
"5LJHD392","2024-05-26 10:15","Combiné","Perdu","313.46","","","0.00","38","Vainqueur","C. Alcaraz","","50322379","MMA","1.01","Gagné"
"5LJHD392","2024-05-26 10:15","Combiné","Perdu","313.46","","","0.00","38","L. Nardi remporte au moins un set","Oui","","50303995","MMA","1.26","Perdu"
"5LJHD392","2024-05-26 10:15","Combiné","Perdu","313.46","","","0.00","38","Vainqueur","A. Tabilo","","50322373","MMA","1.38","Perdu"
"5LJHD392","2024-05-26 10:15","Combiné","Perdu","313.46","","","0.00","38","N. Jarry remporte au moins un set","Oui","","50303967","MMA","1.05","Gagné"
"5LJHD392","2024-05-26 10:15","Combiné","Perdu","313.46","","","0.00","38","T. Atmane remporte au moins un set","Oui","","50303963","MMA","1.22","Gagné"
"5LJHD392","2024-05-26 10:15","Combiné","Perdu","313.46","","","0.00","38","S. Wawrinka remporte au moins un set","Oui","","50303959","MMA","1.07","Gagné"
"5LJHD392","2024-05-26 10:15","Combiné","Perdu","313.46","","","0.00","38","A. Shevchenko remporte au moins un set","Oui","","50303965","MMA","1.09","Gagné"
"5LJHD392","2024-05-26 10:15","Combiné","Perdu","313.46","","","0.00","38","Vainqueur","F. Auger-Aliassime","","50303981","MMA","1.13","Gagné"
"5LJHD392","2024-05-26 10:15","Combiné","Perdu","313.46","","","0.00","38","Vainqueur","B. Shelton","","50303983","MMA","1.36","Gagné"
"5LJHD392","2024-05-26 10:15","Combiné","Perdu","313.46","","","0.00","38","Vainqueur","S. Baez","","50322369","MMA","1.18","Gagné"
"5LJHD392","2024-05-26 10:15","Combiné","Perdu","313.46","","","0.00","38","J. Kovalik remporte au moins un set","Oui","","50322395","MMA","1.19","Gagné"
"5LJHD392","2024-05-26 10:15","Combiné","Perdu","313.46","","","0.00","38","M. Arnaldi remporte au moins un set","Oui","","50303993","MMA","1.19","Gagné"
"5LJHD392","2024-05-26 10:15","Combiné","Perdu","313.46","","","0.00","38","Vainqueur","S. Tsitsipas","","50303985","MMA","1.11","Gagné"
"5LJHD392","2024-05-26 10:15","Combiné","Perdu","313.46","","","0.00","38","Vainqueur","K. Khachanov","","50304013","MMA","1.11","Gagné"
"5LJHD392","2024-05-26 10:15","Combiné","Perdu","313.46","","","0.00","38","F. Misolic remporte au moins un set","Oui","","50322403","MMA","1.10",""
"5LJHD392","2024-05-26 10:15","Combiné","Perdu","313.46","","","0.00","38","Vainqueur","F. Cerundolo","","50304039","MMA","1.34","Gagné"
"5LJHD392","2024-05-26 10:15","Combiné","Perdu","313.46","","","0.00","38","Vainqueur","L. Musetti","","50304041","MMA","1.12","Gagné"
"5LJHD392","2024-05-26 10:15","Combiné","Perdu","313.46","","","0.00","38","D. Shapovalov remporte au moins un set","Oui","","50303973","MMA","1.10","Gagné"
"5LJHD392","2024-05-26 10:15","Combiné","Perdu","313.46","","","0.00","38","T. Monteiro remporte au moins un set","Oui","","50322387","MMA","1.18","Gagné"
"5LJHD392","2024-05-26 10:15","Combiné","Perdu","313.46","","","0.00","38","D. Lajovic remporte au moins un set","Oui","","50304031","MMA","1.08","Gagné"
"5LJHD392","2024-05-26 10:15","Combiné","Perdu","313.46","","","0.00","38","Vainqueur","D. Medvedev","","50304001","MMA","1.22","Gagné"
"5LJHD392","2024-05-26 10:15","Combiné","Perdu","313.46","","","0.00","38","Vainqueur","C. Ruud","","50322397","MMA","1.03","Gagné"
"5LJHD392","2024-05-26 10:15","Combiné","Perdu","313.46","","","0.00","38","T. Machac remporte au moins un set","Oui","","50304003","MMA","1.10","Gagné"
"5LJHD392","2024-05-26 10:15","Combiné","Perdu","313.46","","","0.00","38","Vainqueur","T. Fritz","","50304033","MMA","1.14","Gagné"
"5LJHD392","2024-05-26 10:15","Combiné","Perdu","313.46","","","0.00","38","G. Mpetshi Perricard remporte au moins un set","Oui","","50304019","MMA","1.12","Gagné"
"5LJHD392","2024-05-26 10:15","Combiné","Perdu","313.46","","","0.00","38","Vainqueur","J. Struff","","50322391","MMA","1.14","Gagné"
"5LJHD392","2024-05-26 10:15","Combiné","Perdu","313.46","","","0.00","38","Vainqueur","H. Rune","","50304011","MMA","1.09","Gagné"
"5LJHD392","2024-05-26 10:15","Combiné","Perdu","313.46","","","0.00","38","A. Popyrin remporte au moins un set","Oui","","50304029","MMA","1.16","Gagné"
"5LJHD392","2024-05-26 10:15","Combiné","Perdu","313.46","","","0.00","38","Vainqueur","T. Griekspoor","","50304015","MMA","1.15","Gagné"
"5LJHD392","2024-05-26 10:15","Combiné","Perdu","313.46","","","0.00","38","Vainqueur","N. Djokovic","","50304047","MMA","1.01","Gagné"
"5LJHD392","2024-05-26 10:15","Combiné","Perdu","313.46","","","0.00","38","A. Bublik remporte au moins un set","Oui","","50322389","MMA","1.13","Gagné"
"5L7ZX2PE","2024-05-18 9:21","Combiné","Perdu","26.36","5.00","Freebet","0.00","6","Vainqueur","V.Cali / V.Orsi Toth","","50165509","","1.66","Perdu"
"5L7ZX2PE","2024-05-18 9:21","Combiné","Perdu","26.36","5.00","Freebet","0.00","6","Vainqueur","A. Robles","","50174509","","1.40","Perdu"
"5L7ZX2PE","2024-05-18 9:21","Combiné","Perdu","26.36","5.00","Freebet","0.00","6","Résultat","Cronulla Sharks","RésultatCronulla Sharks2,25Cronulla Sharks38 - 30Sydney Roosters","45484206","","2.25","Gagné"
"5L7ZX2PE","2024-05-18 9:21","Combiné","Perdu","26.36","5.00","Freebet","0.00","6","Résultat","Incheon Utd","RésultatIncheon Utd2,35Daejeon Citizen0 - 1Incheon United","47092089","","2.35","Gagné"
"5L7ZX2PE","2024-05-18 9:21","Combiné","Perdu","26.36","5.00","Freebet","0.00","6","Vainqueur","Samsung Lions","VainqueurSamsung Lions1,43Samsung Lions9 - 8Hanwha Eagles","47536807","","1.43","Gagné"
"5L7ZX2PE","2024-05-18 9:21","Combiné","Perdu","26.36","5.00","Freebet","0.00","6","Vainqueur","LG Twins","VainqueurLG Twins1,50KT Wiz6 - 7LG Twins","47536815","Baseball","1.50","Gagné"
"5KTMZDAP","2024-05-08 8:10","Combiné","Perdu","18.12","","","0.00","7","Vainqueur","D. Parry","","49937599","","1.52","Perdu"
"5KTMZDAP","2024-05-08 8:10","Combiné","Perdu","18.12","","","0.00","7","Vainqueur","P. Kotov","","49939433","","1.44","Gagné"
"5KTMZDAP","2024-05-08 8:10","Combiné","Perdu","18.12","","","0.00","7","Vainqueur","M. Linette","","49937603","","1.23","Gagné"
"5KTMZDAP","2024-05-08 8:10","Combiné","Perdu","18.12","","","0.00","7","Vainqueur","F. Marozsan","","49939435","","1.44","Perdu"
"5KTMZDAP","2024-05-08 8:10","Combiné","Perdu","18.12","","","0.00","7","Vainqueur","A. Rinderknech","","49961629","","1.66","Perdu"
"5KTMZDAP","2024-05-08 8:10","Combiné","Perdu","18.12","","","0.00","7","Vainqueur","G. Zeppieri","","49943201","","1.76","Perdu"
"5KTMZDAP","2024-05-08 8:10","Combiné","Perdu","18.12","","","0.00","7","Vainqueur","F. Fognini","","49939425","","1.60","Gagné"
"5KSY1RD2","2024-05-07 20:32","Simple","Perdu","","","","0.00","1","","","","","Cotes boostées","","Perdu"
"5KKEUM8D","2024-05-01 21:13","Simple","Perdu","6.50","","","0.00","1","Vainqueur","Aryna Sabalenka","","1000054079","","6.50","Perdu"
"5JOYN5KX","2024-04-09 20:58","Combiné","Perdu","6.76","","","0.00","2","Résultat","Arsenal","RésultatArsenal1,65Arsenal2 - 2Bayern Munich","48613051","","1.65","Perdu"
"5JOYN5KX","2024-04-09 20:58","Combiné","Perdu","6.76","","","0.00","2","RésultatR. Madrid","Résultat","RésultatR. MadridMi-temps avec le plus de buts2de mi-tempsReal Madrid3 - 3Manchester City","48613065","","4.10","Perdu"
"5JOYFW9T","2024-04-09 20:53","Simple","Perdu","","","","0.00","1","","","","","Cotes boostées","","Perdu"
"5IHHS0QT","2024-03-10 9:52","Combiné","Perdu","19.77","","","0.00","7","Nombre de sets","Plus de 3,5","","43061035","","1.29","Perdu"
"5IHHS0QT","2024-03-10 9:52","Combiné","Perdu","19.77","","","0.00","7","Résultat","PSG","RésultatPSG1,43Paris SG2 - 2Reims","42004955","","1.43","Perdu"
"5IHHS0QT","2024-03-10 9:52","Combiné","Perdu","19.77","","","0.00","7","Résultat (hors prolongations et TAB)","Ingolstadt","Résultat (hors prolongations et TAB)Ingolstadt1,92ERC Ingolstadt1 - 5Kolner Haie","48444855","","1.92","Perdu"
"5IHHS0QT","2024-03-10 9:52","Combiné","Perdu","19.77","","","0.00","7","Résultat","Monaco","RésultatMonaco2,00Strasbourg0 - 1Monaco","42004957","","2.00","Gagné"
"5IHHS0QT","2024-03-10 9:52","Combiné","Perdu","19.77","","","0.00","7","Résultat (hors prolongations et TAB)","Herning Blue Fox","Résultat (hors prolongations et TAB)Herning Blue Fox1,42Herlev Eagles4 - 5Herning Blue Fox(reg 4-4)","48375677","","1.42","Perdu"
"5IHHS0QT","2024-03-10 9:52","Combiné","Perdu","19.77","","","0.00","7","Résultat","Magdebourg","RésultatMagdebourg1,50Magdebourg31 - 28Füchse Berlin","42307859","","1.50","Gagné"
"5IHHS0QT","2024-03-10 9:52","Combiné","Perdu","19.77","","","0.00","7","Vainqueur","S.Rankireddy / C.Shetty","","48466059","","1.31","Gagné"
"5IGO3M2B","2024-03-09 20:01","Simple","Perdu","","","","0.00","1","","","","","Cotes boostées","","Perdu"
"5HE9UXWE","2024-02-11 23:07","Simple","Perdu","3.05","10.01","Freebet","0.00","1","VainqueurKansas City Chiefs","Vainqueur","VainqueurKansas City ChiefsMarqueur de touchdownTravis KelceKansas City Chiefs25 - 22San Francisco 49ers","46791617","","3.05","Perdu"
"5HE5FAG2","2024-02-11 21:03","Simple","Gagné","2.65","","","26.50","1","Résultat","Côte d'Ivoire","RésultatCôte d'IvoireLive2,65Nigeria1 - 2Côte d'Ivoire","46726289","","2.65","Gagné"
"5GVQD1ZI","2024-01-29 23:42","Simple","Perdu","1.72","0.10","Cash","0.00","1","Qualification","Sénégal","QualificationSénégalLive1,72Sénégal1 - 1Côte d'Ivoire(reg 1-1 / TAB 4-5)","46726303","","1.72","Perdu"
"5GPYCUA2","2024-01-25 22:39","Combiné","Perdu","5.42","13.99","Freebet","0.00","3","Résultat (hors prolongations et TAB)","Tampa Bay Lightning","Résultat (hors prolongations et TAB)Tampa Bay Lightning1,66Tampa Bay Lightning6 - 3Arizona Coyotes","41972413","Hockey","1.66","Gagné"
"5GPYCUA2","2024-01-25 22:39","Combiné","Perdu","5.42","13.99","Freebet","0.00","3","Vainqueur","Carolina Hurricanes","VainqueurCarolina Hurricanes1,52Carolina Hurricanes3 - 2New Jersey Devils","41972405","Hockey","1.52","Gagné"
"5GPYCUA2","2024-01-25 22:39","Combiné","Perdu","5.42","13.99","Freebet","0.00","3","Résultat (hors prolongations et TAB)","Minnesota Wild","Résultat (hors prolongations et TAB)Minnesota Wild2,15Minnesota Wild2 - 3Nashville Predators","41972417","Hockey","2.15","Perdu"
"5GOC3OTN","2024-01-24 19:28","Simple","Perdu","5.10","","","0.00","1","Résultat","Afrique du Sud","RésultatAfrique du SudLive5,10Afrique du Sud0 - 0Tunisie","44637070","","5.10","Perdu"
"5GO66RWS","2024-01-24 16:43","Simple","Perdu","3.90","","","0.00","1","Résultat","Afrique du Sud","RésultatAfrique du Sud3,90Afrique du Sud0 - 0Tunisie","44637070","","3.90","Perdu"
"5GO66R4B","2024-01-24 16:43","Simple","Perdu","2.10","","","0.00","1","Résultat (hors prolongations et TAB)","Pelicans","Résultat (hors prolongations et TAB)Pelicans2,10Porin Ässät2 - 1Pelicans Lahti","41773893","","2.10","Perdu"
"5GO33Z8P","2024-01-24 15:16","Combiné","Perdu","46.23","","","0.00","5","Vainqueur","A. Merkle","","47227837","","2.10","Perdu"
"5GO33Z8P","2024-01-24 15:16","Combiné","Perdu","46.23","","","0.00","5","Résultat (hors prolongations et TAB)","Pelicans","Résultat (hors prolongations et TAB)Pelicans2,10Porin Ässät2 - 1Pelicans Lahti","41773893","","2.10","Perdu"
"5GO33Z8P","2024-01-24 15:16","Combiné","Perdu","46.23","","","0.00","5","Résultat","Afrique du Sud","RésultatAfrique du Sud3,90Afrique du Sud0 - 0Tunisie","44637070","","3.90","Perdu"
"5GO33Z8P","2024-01-24 15:16","Combiné","Perdu","46.23","","","0.00","5","Résultat","Mali","RésultatMali1,60Namibie0 - 0Mali","44637076","","1.60","Perdu"
"5GO33Z8P","2024-01-24 15:16","Combiné","Perdu","46.23","","","0.00","5","Résultat","France","RésultatFrance1,68France35 - 32Hongrie","46727147","","1.68","Gagné"
"5GNZH7WV","2024-01-24 13:35","Combiné","Perdu","80.10","","","0.00","6","Score exact","3 - 0","Score exact3 - 0Live1,88Alexander ZverevCarlos Alcaraz 61636764","46872503","Tennis","1.88","Perdu"
"5GNZH7WV","2024-01-24 13:35","Combiné","Perdu","80.10","","","0.00","6","Vainqueur","A. Merkle","","47227837","Tennis","2.10","Perdu"
"5GNZH7WV","2024-01-24 13:35","Combiné","Perdu","80.10","","","0.00","6","Résultat (hors prolongations et TAB)","Pelicans","Résultat (hors prolongations et TAB)Pelicans2,10Porin Ässät2 - 1Pelicans Lahti","41773893","Tennis","2.10","Perdu"
"5GNZH7WV","2024-01-24 13:35","Combiné","Perdu","80.10","","","0.00","6","Résultat","Afrique du Sud","RésultatAfrique du Sud3,55Afrique du Sud0 - 0Tunisie","44637070","Tennis","3.55","Perdu"
"5GNZH7WV","2024-01-24 13:35","Combiné","Perdu","80.10","","","0.00","6","Résultat","Mali","RésultatMali1,62Namibie0 - 0Mali","44637076","Tennis","1.62","Perdu"
"5GNZH7WV","2024-01-24 13:35","Combiné","Perdu","80.10","","","0.00","6","Résultat","France","RésultatFrance1,68France35 - 32Hongrie","46727147","Tennis","1.68","Gagné"
"5GN44UQ5","2024-01-23 22:57","Combiné","Perdu","137.33","","","0.00","9","Vainqueur","Dallas Stars","VainqueurDallas Stars1,62Detroit Red Wings4 - 5Dallas Stars","41972373","Hockey","1.62","Gagné"
"5GN44UQ5","2024-01-23 22:57","Combiné","Perdu","137.33","","","0.00","9","Vainqueur","Ottawa Senators","VainqueurOttawa Senators1,64Montreal Canadiens1 - 4Ottawa Senators","41972375","Hockey","1.64","Gagné"
"5GN44UQ5","2024-01-23 22:57","Combiné","Perdu","137.33","","","0.00","9","Vainqueur","Tampa Bay Lightning","VainqueurTampa Bay Lightning1,82Philadelphia Flyers3 - 6Tampa Bay Lightning","41972377","Hockey","1.82","Gagné"
"5GN44UQ5","2024-01-23 22:57","Combiné","Perdu","137.33","","","0.00","9","Vainqueur","Vegas Golden Knights","VainqueurVegas Golden Knights2,15New York Islanders2 - 3Vegas Golden Knights","41972379","Hockey","2.15","Gagné"
"5GN44UQ5","2024-01-23 22:57","Combiné","Perdu","137.33","","","0.00","9","Vainqueur","Washington Capitals","VainqueurWashington Capitals2,20Minnesota Wild5 - 3Washington Capitals","41972381","Hockey","2.20","Perdu"
"5GN44UQ5","2024-01-23 22:57","Combiné","Perdu","137.33","","","0.00","9","Vainqueur","Chicago Wolves","VainqueurChicago Wolves1,88Manitoba Moose1 - 2Chicago Wolves","42285385","Hockey","1.88","Gagné"
"5GN44UQ5","2024-01-23 22:57","Combiné","Perdu","137.33","","","0.00","9","Vainqueur","Edmonton Oilers","VainqueurEdmonton Oilers1,22Edmonton Oilers4 - 1Columbus Blue Jackets","41972385","Hockey","1.22","Gagné"
"5GN44UQ5","2024-01-23 22:57","Combiné","Perdu","137.33","","","0.00","9","Vainqueur","Buffalo Sabres","VainqueurBuffalo Sabres1,54Anaheim Ducks4 - 2Buffalo Sabres","41972387","Hockey","1.54","Perdu"
"5GN44UQ5","2024-01-23 22:57","Combiné","Perdu","137.33","","","0.00","9","Vainqueur","Abbotsford Canucks","VainqueurAbbotsford Canucks1,70San Diego Gulls3 - 2Abbotsford Canucks(reg 1-1 / TAB 0-0)","42286333","Hockey","1.70","Perdu"
"5GN3IHCV","2024-01-23 22:40","Combiné","Perdu","142.60","","","0.00","19","Vainqueur","Y. Zhang","","47167137","","1.12","Gagné"
"5GN3IHCV","2024-01-23 22:40","Combiné","Perdu","142.60","","","0.00","19","Vainqueur","P-H.Yang / L-F.Hu","","47199991","","1.30","Gagné"
"5GN3IHCV","2024-01-23 22:40","Combiné","Perdu","142.60","","","0.00","19","Vainqueur","K-C.Chang / C.C.Lee","","47227941","","1.52","Perdu"
"5GN3IHCV","2024-01-23 22:40","Combiné","Perdu","142.60","","","0.00","19","Vainqueur","R.Rivaldy / P.H.Mentari","","47167091","","1.18","Gagné"
"5GN3IHCV","2024-01-23 22:40","Combiné","Perdu","142.60","","","0.00","19","Vainqueur","H.Midorikawa / N.Saito","","47227943","","1.08","Gagné"
"5GN3IHCV","2024-01-23 22:40","Combiné","Perdu","142.60","","","0.00","19","Vainqueur","P.K.Wardani","","47213385","","1.09","Gagné"
"5GN3IHCV","2024-01-23 22:40","Combiné","Perdu","142.60","","","0.00","19","Vainqueur","B. Ongbumrungpan","","47167133","","2.00",""
"5GN3IHCV","2024-01-23 22:40","Combiné","Perdu","142.60","","","0.00","19","Vainqueur","Z.B.Jiang / Y.X.Wei","","47167089","","1.12","Gagné"
"5GN3IHCV","2024-01-23 22:40","Combiné","Perdu","142.60","","","0.00","19","Vainqueur","P.S.Chan / Y.S.Cheah","","47200011","","1.11","Gagné"
"5GN3IHCV","2024-01-23 22:40","Combiné","Perdu","142.60","","","0.00","19","Vainqueur","B. Zhang","","47167125","","1.20","Gagné"
"5GN3IHCV","2024-01-23 22:40","Combiné","Perdu","142.60","","","0.00","19","Vainqueur","T.K.Meng / L.P.Jing","","47167099","","1.66","Gagné"
"5GN3IHCV","2024-01-23 22:40","Combiné","Perdu","142.60","","","0.00","19","Vainqueur","M. Blichfeldt","","47199649","","1.18",""
"5GN3IHCV","2024-01-23 22:40","Combiné","Perdu","142.60","","","0.00","19","Vainqueur","A. Ohori","","47167141","","1.62","Gagné"
"5GN3IHCV","2024-01-23 22:40","Combiné","Perdu","142.60","","","0.00","19","Vainqueur","K. Nishimoto","","47227831","","1.13","Perdu"
"5GN3IHCV","2024-01-23 22:40","Combiné","Perdu","142.60","","","0.00","19","Vainqueur","Hongyang Weng","","47167021","","1.41","Perdu"
"5GN3IHCV","2024-01-23 22:40","Combiné","Perdu","142.60","","","0.00","19","Vainqueur","Zii Jia Lee","","47167007","","1.25","Gagné"
"5GN3IHCV","2024-01-23 22:40","Combiné","Perdu","142.60","","","0.00","19","Vainqueur","M. Li","","47167145","","1.36","Gagné"
"5GN3IHCV","2024-01-23 22:40","Combiné","Perdu","142.60","","","0.00","19","Vainqueur","K. Vitidsarn","","47167017","","1.19","Gagné"
"5GN3IHCV","2024-01-23 22:40","Combiné","Perdu","142.60","","","0.00","19","Vainqueur","Chun-Yi Lin","","47227835","","1.52","Perdu"
"5GN3FBKR","2024-01-23 22:37","Combiné","Perdu","53.93","","","0.00","7","Résultat (hors prolongations et TAB)","Tampa Bay Lightning","Résultat (hors prolongations et TAB)Tampa Bay Lightning2,35Philadelphia Flyers3 - 6Tampa Bay Lightning","41972377","Hockey","2.35","Gagné"
"5GN3FBKR","2024-01-23 22:37","Combiné","Perdu","53.93","","","0.00","7","Résultat (hors prolongations et TAB)","Chicago Wolves","Résultat (hors prolongations et TAB)Chicago Wolves2,45Manitoba Moose1 - 2Chicago Wolves","42285385","","2.45","Gagné"
"5GN3FBKR","2024-01-23 22:37","Combiné","Perdu","53.93","","","0.00","7","Vainqueur","Y.Kaneko / M.Matsutomo","","47167103","","1.80","Perdu"
"5GN3FBKR","2024-01-23 22:37","Combiné","Perdu","53.93","","","0.00","7","Vainqueur","Buffalo Sabres","VainqueurBuffalo Sabres1,54Anaheim Ducks4 - 2Buffalo Sabres","41972387","Hockey","1.54","Perdu"
"5GN3FBKR","2024-01-23 22:37","Combiné","Perdu","53.93","","","0.00","7","Vainqueur","S. Katethong","","47199645","","1.40","Perdu"
"5GN3FBKR","2024-01-23 22:37","Combiné","Perdu","53.93","","","0.00","7","Vainqueur","Zhiyi Wang","","47167143","","1.49","Gagné"
"5GN3FBKR","2024-01-23 22:37","Combiné","Perdu","53.93","","","0.00","7","Vainqueur","A. Ohori","","47167141","","1.62","Gagné"
"5GMY6DLC","2024-01-23 20:11","Combiné","Perdu","10.18","","","0.00","3","Résultat (hors prolongations et TAB)","Bordeaux","Résultat (hors prolongations et TAB)Bordeaux1,92Amiens1 - 2Bordeaux(reg 1-1 / TAB 0-1)","41949953","","1.92","Perdu"
"5GMY6DLC","2024-01-23 20:11","Combiné","Perdu","10.18","","","0.00","3","Résultat (hors prolongations et TAB)","Cergy-Pontoise","Résultat (hors prolongations et TAB)Cergy-Pontoise2,00Cergy-Pontoise5 - 2Marseille","41949951","","2.00","Gagné"
"5GMY6DLC","2024-01-23 20:11","Combiné","Perdu","10.18","","","0.00","3","Résultat (hors prolongations et TAB)","Anglet","Résultat (hors prolongations et TAB)Anglet2,65Anglet5 - 2Gap","41949955","","2.65","Gagné"
"5GMMJKMZ","2024-01-23 14:59","Combiné","Perdu","59.34","","","0.00","5","Score exact","3 - 0","Score exact3 - 0Live1,41Jannik SinnerAndrey Rublev647663","46872507","","1.41","Gagné"
"5GMMJKMZ","2024-01-23 14:59","Combiné","Perdu","59.34","","","0.00","5","Vainqueur","B.Y.Chen / Y.Liu","","47167067","","2.15","Perdu"
"5GMMJKMZ","2024-01-23 14:59","Combiné","Perdu","59.34","","","0.00","5","Mi-temps avec le plus de buts","1re mi-temps","Mi-temps avec le plus de buts1re mi-temps3,00Iran2 - 1Emirats Arabes Unis","41218285","","3.00","Perdu"
"5GMMJKMZ","2024-01-23 14:59","Combiné","Perdu","59.34","","","0.00","5","Mi-temps avec le plus de buts","1re mi-temps","Mi-temps avec le plus de buts1re mi-temps2,90Hong Kong0 - 3Palestine","41218287","","2.90","Perdu"
"5GMMJKMZ","2024-01-23 14:59","Combiné","Perdu","59.34","","","0.00","5","Résultat","Sénégal","RésultatSénégal2,25Guinée0 - 2Sénégal","44636962","","2.25","Gagné"
"5GMBASYG","2024-01-23 9:30","Combiné","Perdu","93.63","","","0.00","5","Mi-temps avec le plus de buts","2de mi-temps","Mi-temps avec le plus de buts2de mi-temps2,05Australie1 - 1Ouzbékistan","41218271","","2.05","Perdu"
"5GMBASYG","2024-01-23 9:30","Combiné","Perdu","93.63","","","0.00","5","Score exact","3 - 0","","46872507","","2.10","Gagné"
"5GMBASYG","2024-01-23 9:30","Combiné","Perdu","93.63","","","0.00","5","Vainqueur","M.T.Puspita Sari / R.A.Rose","","47167187","","2.50","Gagné"
"5GMBASYG","2024-01-23 9:30","Combiné","Perdu","93.63","","","0.00","5","Mi-temps avec le plus de buts","1re mi-temps","Mi-temps avec le plus de buts1re mi-temps3,00Iran2 - 1Emirats Arabes Unis","41218285","","3.00","Perdu"
"5GMBASYG","2024-01-23 9:30","Combiné","Perdu","93.63","","","0.00","5","Mi-temps avec le plus de buts","1re mi-temps","Mi-temps avec le plus de buts1re mi-temps2,90Hong Kong0 - 3Palestine","41218287","","2.90","Perdu"
"5GLP5TMA","2024-01-22 23:10","Combiné","Perdu","36.19","","","0.00","6","Résultat (hors prolongations et TAB)","Boston Bruins","Résultat (hors prolongations et TAB)Boston Bruins2,05Boston Bruins4 - 1Winnipeg Jets","41972361","Hockey","2.05","Gagné"
"5GLP5TMA","2024-01-22 23:10","Combiné","Perdu","36.19","","","0.00","6","Résultat (hors prolongations et TAB)","Vegas Golden Knights","Résultat (hors prolongations et TAB)Vegas Golden Knights2,45New Jersey Devils6 - 5Vegas Golden Knights(reg 5-5)","41972363","Hockey","2.45","Perdu"
"5GLP5TMA","2024-01-22 23:10","Combiné","Perdu","36.19","","","0.00","6","Vainqueur","Nashville Predators","VainqueurNashville Predators1,92Nashville Predators1 - 4Florida Panthers","41972365","Hockey","1.92","Perdu"
"5GLP5TMA","2024-01-22 23:10","Combiné","Perdu","36.19","","","0.00","6","Résultat (hors prolongations et TAB)","Pittsburgh Penguins","Résultat (hors prolongations et TAB)Pittsburgh Penguins2,00Arizona Coyotes5 - 2Pittsburgh Penguins","41972367","Hockey","2.00","Perdu"
"5GLP5TMA","2024-01-22 23:10","Combiné","Perdu","36.19","","","0.00","6","Résultat (hors prolongations et TAB)","Vancouver Canucks","Résultat (hors prolongations et TAB)Vancouver Canucks1,35Vancouver Canucks2 - 0Chicago Blackhawks","41972369","Hockey","1.35","Gagné"
"5GLP5TMA","2024-01-22 23:10","Combiné","Perdu","36.19","","","0.00","6","Résultat (hors prolongations et TAB)","Los Angeles Kings","Résultat (hors prolongations et TAB)Los Angeles Kings1,39Los Angeles Kings3 - 4San Jose Sharks(reg 3-3 / TAB 0-1)","41972371","Hockey","1.39","Perdu"
"5GLP1EHT","2024-01-22 23:07","Combiné","Perdu","2.66","","","0.00","2","Vainqueur","Boston Bruins","VainqueurBoston Bruins1,64Boston Bruins4 - 1Winnipeg Jets","41972361","Hockey","1.64","Gagné"
"5GLP1EHT","2024-01-22 23:07","Combiné","Perdu","2.66","","","0.00","2","Vainqueur","Pittsburgh Penguins","VainqueurPittsburgh Penguins1,62Arizona Coyotes5 - 2Pittsburgh Penguins","41972367","Hockey","1.62","Perdu"
"5GLIHZCD","2024-01-22 20:04","Combiné","Gagné","3.76","","","30.11","2","Mi-temps avec le plus de buts","2de mi-temps","Mi-temps avec le plus de buts2de mi-temps1,94Mozambique2 - 2Ghana","44636846","","1.94","Gagné"
"5GLIHZCD","2024-01-22 20:04","Combiné","Gagné","3.76","","","30.11","2","Mi-temps avec le plus de buts","2de mi-temps","Mi-temps avec le plus de buts2de mi-temps1,94Cap-Vert2 - 2Égypte","44636848","","1.94","Gagné"
"5GLBT6B5","2024-01-22 16:57","Combiné","Perdu","24.94","","","0.00","4","Mi-temps - Résultat","Match nul","Mi-temps - RésultatMatch nul2,20Guinée équatoriale4 - 0Côte d'Ivoire","44636826","","2.20","Perdu"
"5GLBT6B5","2024-01-22 16:57","Combiné","Perdu","24.94","","","0.00","4","Mi-temps avec le plus de buts","1re mi-temps","Mi-temps avec le plus de buts1re mi-temps2,85Guinée-Bissau0 - 1Nigeria","44636828","","2.85","Gagné"
"5GLBT6B5","2024-01-22 16:57","Combiné","Perdu","24.94","","","0.00","4","Mi-temps - Résultat","Ghana","Mi-temps - RésultatGhana2,05Mozambique2 - 2Ghana","44636846","","2.05","Gagné"
"5GLBT6B5","2024-01-22 16:57","Combiné","Perdu","24.94","","","0.00","4","Mi-temps avec le plus de buts","2de mi-temps","Mi-temps avec le plus de buts2de mi-temps1,94Cap-Vert2 - 2Égypte","44636848","","1.94","Gagné"
"5GL4C4W2","2024-01-22 13:27","Simple","Perdu","2.15","","","0.00","1","Résultat","Croatie","RésultatCroatie2,15Croatie30 - 35Islande","46727143","","2.15","Perdu"
"5GL4BUNO","2024-01-22 13:27","Combiné","Perdu","54.22","","","0.00","5","Résultat","Croatie","RésultatCroatie2,15Croatie30 - 35Islande","46727143","","2.15","Perdu"
"5GL4BUNO","2024-01-22 13:27","Combiné","Perdu","54.22","","","0.00","5","Mi-temps - Résultat","Match nul","Mi-temps - RésultatMatch nul2,15Guinée équatoriale4 - 0Côte d'Ivoire","44636826","","2.15","Perdu"
"5GL4BUNO","2024-01-22 13:27","Combiné","Perdu","54.22","","","0.00","5","Mi-temps avec le plus de buts","1re mi-temps","Mi-temps avec le plus de buts1re mi-temps2,85Guinée-Bissau0 - 1Nigeria","44636828","","2.85","Gagné"
"5GL4BUNO","2024-01-22 13:27","Combiné","Perdu","54.22","","","0.00","5","Mi-temps - Résultat","Ghana","Mi-temps - RésultatGhana2,10Mozambique2 - 2Ghana","44636846","","2.10","Gagné"
"5GL4BUNO","2024-01-22 13:27","Combiné","Perdu","54.22","","","0.00","5","Mi-temps avec le plus de buts","2de mi-temps","Mi-temps avec le plus de buts2de mi-temps1,96Cap-Vert2 - 2Égypte","44636848","","1.96","Gagné"
"5GKYSAN2","2024-01-22 10:52","Simple","Perdu","4.80","","","0.00","1","Vainqueur","O. Dodin","","46871605","","4.80","Perdu"
"5GK69ODB","2024-01-21 21:34","Combiné","Perdu","16.60","","","0.00","4","Vainqueur","Colorado Eagles","VainqueurColorado Eagles1,64Colorado Eagles6 - 4San Jose Barracuda","42285905","Hockey","1.64","Gagné"
"5GK69ODB","2024-01-21 21:34","Combiné","Perdu","16.60","","","0.00","4","Résultat (hors prolongations et TAB)","Tampa Bay Lightning","Résultat (hors prolongations et TAB)Tampa Bay Lightning2,20Detroit Red Wings2 - 1Tampa Bay Lightning","41972353","Hockey","2.20","Perdu"
"5GK69ODB","2024-01-21 21:34","Combiné","Perdu","16.60","","","0.00","4","Résultat (hors prolongations et TAB)","Abbotsford Canucks","Résultat (hors prolongations et TAB)Abbotsford Canucks2,00Abbotsford Canucks5 - 2San Diego Gulls","42286331","Hockey","2.00","Gagné"
"5GK69ODB","2024-01-21 21:34","Combiné","Perdu","16.60","","","0.00","4","Résultat (hors prolongations et TAB)","Dallas Stars","Résultat (hors prolongations et TAB)Dallas Stars2,30New York Islanders3 - 2Dallas Stars(reg 2-2)","41972355","Hockey","2.30","Perdu"
"5GK5ZPJG","2024-01-21 21:26","Simple","Perdu","5.00","","","0.00","1","Vainqueur","O. Dodin","","46871605","","5.00","Perdu"
"5GK5Z900","2024-01-21 21:26","Simple","Perdu","3.25","","","0.00","1","Vainqueur","A. Cazaux","","46872517","","3.25","Perdu"
"5GK3Y4NT","2024-01-21 20:29","Combiné","Perdu","8.27","","","0.00","2","Résultat","Juventus","RésultatJuventus1,76Lecce0 - 3Juventus Turin","42134517","","1.76","Gagné"
"5GK3Y4NT","2024-01-21 20:29","Combiné","Perdu","8.27","","","0.00","2","RésultatAfrique du Sud","Résultat","RésultatAfrique du SudMi-temps - RésultatMatch nulAfrique du Sud4 - 0Namibie","44637066","","4.70","Perdu"
"5GK3L1WS","2024-01-21 20:19","Simple","Perdu","6.00","","","0.00","1","RésultatAfrique du Sud","Résultat","RésultatAfrique du SudMi-temps - Score exact0 - 0Équipe qui marque le 1er butAfrique du SudÉquipe qui marque le dernier butAfrique du SudAfrique du Sud4 - 0Namibie","44637066","","6.00","Perdu"
"5GK3JNTZ","2024-01-21 20:18","Simple","Perdu","","","","0.00","1","RésultatAfrique du Sud","Résultat","RésultatAfrique du SudMi-temps - Score exact1 - 1Équipe qui marque le 1er butAfrique du SudMi-temps - RésultatMatch nulÉquipe qui marque le dernier butAfrique du SudAfriq","44637066","","","Perdu"
"5GK26V4P","2024-01-21 19:40","Simple","Gagné","1.82","1.00","Cash","1.82","1","Tirs au but - Vainqueur","Rouen","Tirs au but - VainqueurRouenLive1,82Rouen15 - 14Toulouse(reg 3-3 / TAB 12-11)","46827693","","1.82","Gagné"
"5GK1MNQ3","2024-01-21 19:24","Combiné","Perdu","13.11","","","0.00","4","Vainqueur","Niagara Purple Eagles","VainqueurNiagara Purple Eagles2,70Mount St. Mary's Mountaineers71 - 82Niagara Purple Eagles","44259026","Hockey","2.70","Gagné"
"5GK1MNQ3","2024-01-21 19:24","Combiné","Perdu","13.11","","","0.00","4","Vainqueur","Quinnipiac Bobcats","VainqueurQuinnipiac Bobcats1,72Quinnipiac Bobcats91 - 87Iona Gaels","44259028","Hockey","1.72","Gagné"
"5GK1MNQ3","2024-01-21 19:24","Combiné","Perdu","13.11","","","0.00","4","Vainqueur","South Florida Bulls","VainqueurSouth Florida Bulls1,44South Florida Bulls72 - 68Wichita State Shockers","44345818","Hockey","1.44","Gagné"
"5GK1MNQ3","2024-01-21 19:24","Combiné","Perdu","13.11","","","0.00","4","Résultat (hors prolongations et TAB)","Providence Bruins","Résultat (hors prolongations et TAB)Providence Bruins1,96Providence Bruins2 - 1Bridgeport Islanders(reg 1-1)","42287335","Hockey","1.96","Perdu"
"5GJR988X","2024-01-21 14:34","Combiné","Perdu","17.56","","","0.00","5","Résultat (hors prolongations et TAB)","Olomouc","Résultat (hors prolongations et TAB)Olomouc1,72HC Olomouc7 - 1BK Mlada Boleslav","41426111","","1.72","Gagné"
"5GJR988X","2024-01-21 14:34","Combiné","Perdu","17.56","","","0.00","5","Résultat (hors prolongations et TAB)","Kometa Brno","Résultat (hors prolongations et TAB)Kometa Brno1,88HC Kometa Brno4 - 1Bili Tygri Liberec","41426117","","1.88","Gagné"
"5GJR988X","2024-01-21 14:34","Combiné","Perdu","17.56","","","0.00","5","Résultat (hors prolongations et TAB)","Klagenfurt","Résultat (hors prolongations et TAB)Klagenfurt1,54Pioneers Vorarlberg2 - 4EC KAC Klagenfurt","42093229","","1.54","Gagné"
"5GJR988X","2024-01-21 14:34","Combiné","Perdu","17.56","","","0.00","5","Résultat (hors prolongations et TAB)","Kosice","Résultat (hors prolongations et TAB)Kosice1,64HC Kosice1 - 3HK Nitra","43119687","","1.64","Perdu"
"5GJR988X","2024-01-21 14:34","Combiné","Perdu","17.56","","","0.00","5","Résultat (hors prolongations et TAB)","HK Olimpija","Résultat (hors prolongations et TAB)HK Olimpija2,15Graz 99ers1 - 6HK Olimpija","42093231","","2.15","Gagné"
"5GJR4LF6","2024-01-21 14:30","Combiné","Perdu","97.07","","","0.00","9","Vainqueur","Geas S.S. Giovanni","VainqueurGeas S.S. Giovanni1,58Dinamo Sassari (F)61 - 81Geas Sesto San Giovanni (F)","42708645","","1.58","Gagné"
"5GJR4LF6","2024-01-21 14:30","Combiné","Perdu","97.07","","","0.00","9","Vainqueur","Ceske Budejovice","VainqueurCeske Budejovice1,72HC Kladno0 - 3HC Motor Ceske Budejovice","41426109","","1.72","Gagné"
"5GJR4LF6","2024-01-21 14:30","Combiné","Perdu","97.07","","","0.00","9","Résultat (hors prolongations et TAB)","Poprad","Résultat (hors prolongations et TAB)Poprad1,82HK Poprad2 - 1HKM Zvolen(reg 1-1)","43119695","","1.82","Perdu"
"5GJR4LF6","2024-01-21 14:30","Combiné","Perdu","97.07","","","0.00","9","Résultat","Thuringer","RésultatThuringer2,05Chambray Touraine (F)25 - 32Thuringer HC (F)","45686672","","2.05","Gagné"
"5GJR4LF6","2024-01-21 14:30","Combiné","Perdu","97.07","","","0.00","9","Résultat (hors prolongations et TAB)","Straubing","Résultat (hors prolongations et TAB)Straubing1,41Straubing Tigers4 - 1Augsburger Panther","42095597","","1.41","Gagné"
"5GJR4LF6","2024-01-21 14:30","Combiné","Perdu","97.07","","","0.00","9","Vainqueur","Spisska Nova Ves","VainqueurSpisska Nova Ves1,43HC Banska Bystrica7 - 3HK Spisska Nova Ves","43119691","","1.43","Perdu"
"5GJR4LF6","2024-01-21 14:30","Combiné","Perdu","97.07","","","0.00","9","Résultat (hors prolongations et TAB)","Kometa Brno","Résultat (hors prolongations et TAB)Kometa Brno1,88HC Kometa Brno4 - 1Bili Tygri Liberec","41426117","","1.88","Gagné"
"5GJR4LF6","2024-01-21 14:30","Combiné","Perdu","97.07","","","0.00","9","Résultat (hors prolongations et TAB)","Klagenfurt","Résultat (hors prolongations et TAB)Klagenfurt1,54Pioneers Vorarlberg2 - 4EC KAC Klagenfurt","42093229","","1.54","Gagné"
"5GJR4LF6","2024-01-21 14:30","Combiné","Perdu","97.07","","","0.00","9","Résultat (hors prolongations et TAB)","Kosice","Résultat (hors prolongations et TAB)Kosice1,64HC Kosice1 - 3HK Nitra","43119687","","1.64","Perdu"
"5GJJ6JTT","2024-01-21 10:47","Combiné","Perdu","2.86","","","0.00","2","Vainqueur","Kiekko-Espoo","VainqueurKiekko-Espoo1,70HPK Hameenlinna (F)2 - 3Kiekko-Espoo(reg 2-2)","42019553","","1.70","Gagné"
"5GJJ6JTT","2024-01-21 10:47","Combiné","Perdu","2.86","","","0.00","2","Vainqueur","Koln","VainqueurKoln1,68Nuremberg Ice Tigers4 - 3Kolner Haie(reg 3-3 / TAB 0-0)","42095589","","1.68","Perdu"
"5GJJ5OPV","2024-01-21 10:47","Combiné","Perdu","13.47","","","0.00","4","Vainqueur","A. Lebrun","","47141901","","2.05","Perdu"
"5GJJ5OPV","2024-01-21 10:47","Combiné","Perdu","13.47","","","0.00","4","Vainqueur","Kiekko-Espoo","VainqueurKiekko-Espoo1,70HPK Hameenlinna (F)2 - 3Kiekko-Espoo(reg 2-2)","42019553","","1.70","Gagné"
"5GJJ5OPV","2024-01-21 10:47","Combiné","Perdu","13.47","","","0.00","4","Vainqueur","M. Freitas","","47141903","","2.30","Perdu"
"5GJJ5OPV","2024-01-21 10:47","Combiné","Perdu","13.47","","","0.00","4","Vainqueur","Koln","VainqueurKoln1,68Nuremberg Ice Tigers4 - 3Kolner Haie(reg 3-3 / TAB 0-0)","42095589","","1.68","Perdu"
"5GIUHU9P","2024-01-20 23:16","Combiné","Perdu","156.50","","","0.00","8","Vainqueur","Vancouver Canucks","VainqueurVancouver Canucks1,68Vancouver Canucks6 - 4Toronto Maple Leafs","41972333","Hockey","1.68","Gagné"
"5GIUHU9P","2024-01-20 23:16","Combiné","Perdu","156.50","","","0.00","8","Résultat (hors prolongations et TAB)","Boston Bruins","Résultat (hors prolongations et TAB)Boston Bruins1,54Boston Bruins9 - 4Montreal Canadiens","41972335","Hockey","1.54","Gagné"
"5GIUHU9P","2024-01-20 23:16","Combiné","Perdu","156.50","","","0.00","8","Vainqueur","Cleveland Monsters","VainqueurCleveland Monsters1,66Cleveland Monsters3 - 4Lehigh Valley Phantoms","42287319","","1.66","Perdu"
"5GIUHU9P","2024-01-20 23:16","Combiné","Perdu","156.50","","","0.00","8","Vainqueur","Hershey Bears","VainqueurHershey Bears1,58Hershey Bears1 - 0Wilkes-Barre/Scranton Penguins","42287327","Hockey","1.58","Gagné"
"5GIUHU9P","2024-01-20 23:16","Combiné","Perdu","156.50","","","0.00","8","Résultat (hors prolongations et TAB)","Laval Rocket","Résultat (hors prolongations et TAB)Laval Rocket2,60Belleville Senators2 - 3Laval Rocket","42287331","","2.60","Gagné"
"5GIUHU9P","2024-01-20 23:16","Combiné","Perdu","156.50","","","0.00","8","Résultat (hors prolongations et TAB)","Milwaukee Admirals","Résultat (hors prolongations et TAB)Milwaukee Admirals2,40Milwaukee Admirals5 - 3Texas Stars","42285379","Hockey","2.40","Gagné"
"5GIUHU9P","2024-01-20 23:16","Combiné","Perdu","156.50","","","0.00","8","Résultat (hors prolongations et TAB)","Rockford IceHogs","Résultat (hors prolongations et TAB)Rockford IceHogs2,10Rockford IceHogs4 - 1Iowa Wild","42285381","Hockey","2.10","Gagné"
"5GIUHU9P","2024-01-20 23:16","Combiné","Perdu","156.50","","","0.00","8","Vainqueur","Colorado Eagles","VainqueurColorado Eagles1,76Colorado Eagles6 - 5San Jose Barracuda(reg 5-5)","42285903","","1.76","Gagné"
"5GIPDLCT","2024-01-20 20:53","Combiné","Perdu","10.31","","","0.00","5","Vainqueur","A. Sabalenka","","46871597","","1.18","Gagné"
"5GIPDLCT","2024-01-20 20:53","Combiné","Perdu","10.31","","","0.00","5","Nombre de sets","Plus de 3,5","","46872523","","1.43","Gagné"
"5GIPDLCT","2024-01-20 20:53","Combiné","Perdu","10.31","","","0.00","5","Nombre de sets","Plus de 3,5","","46872521","","2.00","Perdu"
"5GIPDLCT","2024-01-20 20:53","Combiné","Perdu","10.31","","","0.00","5","Vainqueur","M. Andreeva","","46871599","","1.49","Perdu"
"5GIPDLCT","2024-01-20 20:53","Combiné","Perdu","10.31","","","0.00","5","Vainqueur","A. De Minaur","","46872519","","2.05","Perdu"
"5GIP4ZMR","2024-01-20 20:46","Combiné","Perdu","29.92","","","0.00","5","Vainqueur","Nashville Predators","VainqueurNashville Predators1,68Arizona Coyotes3 - 2Nashville Predators","41972329","Hockey","1.68","Perdu"
"5GIP4ZMR","2024-01-20 20:46","Combiné","Perdu","29.92","","","0.00","5","Vainqueur","Winnipeg Jets","VainqueurWinnipeg Jets1,60Ottawa Senators1 - 2Winnipeg Jets(reg 1-1)","41972331","Hockey","1.60","Gagné"
"5GIP4ZMR","2024-01-20 20:46","Combiné","Perdu","29.92","","","0.00","5","Résultat","Mali","RésultatMali2,65Tunisie1 - 1Mali","44637064","Hockey","2.65","Perdu"
"5GIP4ZMR","2024-01-20 20:46","Combiné","Perdu","29.92","","","0.00","5","Résultat (hors prolongations et TAB)","Charlotte Checkers","Résultat (hors prolongations et TAB)Charlotte Checkers2,10Charlotte Checkers2 - 5Toronto Marlies","42287321","Hockey","2.10","Perdu"
"5GIP4ZMR","2024-01-20 20:46","Combiné","Perdu","29.92","","","0.00","5","Résultat (hors prolongations et TAB)","Rochester Americans","Résultat (hors prolongations et TAB)Rochester Americans2,00Rochester Americans7 - 3Springfield Thunderbirds","42287323","Hockey","2.00","Gagné"
"5GIOSJ4B","2024-01-20 20:37","Simple","Perdu","","","","0.00","1","Vainqueur","A. Mannarino","","46872525","","","Perdu"
"5GIBYQKD","2024-01-20 14:38","Combiné","Perdu","45.30","","","0.00","7","Résultat (hors prolongations et TAB)","Skelleftea","Résultat (hors prolongations et TAB)Skelleftea1,82Skelleftea AIK1 - 3Frolunda HC","41280859","","1.82","Perdu"
"5GIBYQKD","2024-01-20 14:38","Combiné","Perdu","45.30","","","0.00","7","Résultat (hors prolongations et TAB)","Farjestad BK","Résultat (hors prolongations et TAB)Farjestad BK1,80Farjestad BK3 - 0Rogle BK","41280863","","1.80","Gagné"
"5GIBYQKD","2024-01-20 14:38","Combiné","Perdu","45.30","","","0.00","7","Résultat (hors prolongations et TAB)","Lulea","Résultat (hors prolongations et TAB)Lulea1,90Malmo Redhawks0 - 4Lulea Hockey","41280865","","1.90","Gagné"
"5GIBYQKD","2024-01-20 14:38","Combiné","Perdu","45.30","","","0.00","7","Vainqueur","Ilves","VainqueurIlves1,72Ilves Tampere3 - 1HIFK Helsinki","41773873","","1.72","Gagné"
"5GIBYQKD","2024-01-20 14:38","Combiné","Perdu","45.30","","","0.00","7","Résultat (hors prolongations et TAB)","Jukurit","Résultat (hors prolongations et TAB)Jukurit1,52Jukurit Mikkeli4 - 1Vaasan Sport","41773875","","1.52","Gagné"
"5GIBYQKD","2024-01-20 14:38","Combiné","Perdu","45.30","","","0.00","7","Vainqueur","Storhamar","VainqueurStorhamar1,74Vaalerenga IF Oslo1 - 6Storhamar","41846399","","1.74","Gagné"
"5GIBYQKD","2024-01-20 14:38","Combiné","Perdu","45.30","","","0.00","7","Vainqueur","Timra IK","VainqueurTimra IK1,60IK Oskarshamn2 - 4Timra IK","41280871","","1.60","Gagné"
"5GI23HXD","2024-01-20 10:01","Combiné","Perdu","291.27","","","0.00","7","Vainqueur","N. Borges","","46872599","","1.66","Gagné"
"5GI23HXD","2024-01-20 10:01","Combiné","Perdu","291.27","","","0.00","7","Vainqueur","M.Matsumoto / W.Nagahara","","47119169","","2.10","Gagné"
"5GI23HXD","2024-01-20 10:01","Combiné","Perdu","291.27","","","0.00","7","Vainqueur","Cheuk Yiu Lee","","47118107","","2.60","Gagné"
"5GI23HXD","2024-01-20 10:01","Combiné","Perdu","291.27","","","0.00","7","Résultat","Match nul","RésultatMatch nul3,05Algérie2 - 2Burkina Faso","44637040","","3.05","Gagné"
"5GI23HXD","2024-01-20 10:01","Combiné","Perdu","291.27","","","0.00","7","Vainqueur","S.Rankireddy / C.Shetty","","47121059","","1.42","Gagné"
"5GI23HXD","2024-01-20 10:01","Combiné","Perdu","291.27","","","0.00","7","Résultat","Match nul","RésultatMatch nul2,80Mauritanie2 - 3Angola","44637042","","2.80","Perdu"
"5GI23HXD","2024-01-20 10:01","Combiné","Perdu","291.27","","","0.00","7","Résultat","Mali","RésultatMali2,65Tunisie1 - 1Mali","44637064","","2.65","Perdu"
"5GI0PAXF","2024-01-20 9:22","Combiné","Perdu","125.60","","","0.00","5","Vainqueur","N. Borges","","46872599","","5.40","Gagné"
"5GI0PAXF","2024-01-20 9:22","Combiné","Perdu","125.60","","","0.00","5","1er set - Vainqueur","F. Auger-Aliassime","","46872597","","3.00","Perdu"
"5GI0PAXF","2024-01-20 9:22","Combiné","Perdu","125.60","","","0.00","5","Vainqueur","M.Matsumoto / W.Nagahara","","47119169","","2.10","Gagné"
"5GI0PAXF","2024-01-20 9:22","Combiné","Perdu","125.60","","","0.00","5","Vainqueur","Cheuk Yiu Lee","","47118107","","2.60","Gagné"
"5GI0PAXF","2024-01-20 9:22","Combiné","Perdu","125.60","","","0.00","5","Vainqueur","S.Rankireddy / C.Shetty","","47121059","","1.42","Gagné"
"5GHV1YVI","2024-01-20 6:44","Simple","Perdu","","","","0.00","1","Vainqueur","Cazaux, Arthur","","1000028950","Tennis","","Perdu"
"5GHELOTX","2024-01-19 23:04","Simple","Gagné","2.30","","","34.50","1","Vainqueur","A. Cazaux","","46872603","","2.30","Gagné"
"5GHEKZR6","2024-01-19 23:03","Combiné","Perdu","159.97","","","0.00","8","1er set - Vainqueur","A. Kalinskaya","","46871695","","1.66","Perdu"
"5GHEKZR6","2024-01-19 23:03","Combiné","Perdu","159.97","","","0.00","8","1er set - Vainqueur","D. Yastremska","","46871699","","2.25","Gagné"
"5GHEKZR6","2024-01-19 23:03","Combiné","Perdu","159.97","","","0.00","8","1er set - Vainqueur","T. Paul","","46872529","","1.41","Perdu"
"5GHEKZR6","2024-01-19 23:03","Combiné","Perdu","159.97","","","0.00","8","1er set - Vainqueur","A. Blinkova","","46871697","","1.96","Perdu"
"5GHEKZR6","2024-01-19 23:03","Combiné","Perdu","159.97","","","0.00","8","1er set - Vainqueur","V. Azarenka","","46871701","","1.90","Gagné"
"5GHEKZR6","2024-01-19 23:03","Combiné","Perdu","159.97","","","0.00","8","1er set - Vainqueur","C. Ruud","","46872531","","1.43","Perdu"
"5GHEKZR6","2024-01-19 23:03","Combiné","Perdu","159.97","","","0.00","8","1er set - Vainqueur","F. Auger-Aliassime","","46872597","","3.10","Perdu"
"5GHEKZR6","2024-01-19 23:03","Combiné","Perdu","159.97","","","0.00","8","1er set - Vainqueur","A. De Minaur","","46872519","","1.84","Perdu"
"5GHDXDIU","2024-01-19 22:45","Combiné","Perdu","101.33","","","0.00","7","Vainqueur","Fairleigh Dickinson Knights","VainqueurFairleigh Dickinson Knights1,45Stonehill Skyhawks69 - 76Fairleigh Dickinson Knights","44345804","","1.45","Gagné"
"5GHDXDIU","2024-01-19 22:45","Combiné","Perdu","101.33","","","0.00","7","Résultat (hors prolongations et TAB)","Utica Comets","Résultat (hors prolongations et TAB)Utica Comets2,35Utica Comets1 - 2Rochester Americans","42287315","","2.35","Perdu"
"5GHDXDIU","2024-01-19 22:45","Combiné","Perdu","101.33","","","0.00","7","Résultat (hors prolongations et TAB)","Laval Rocket","Résultat (hors prolongations et TAB)Laval Rocket2,30Laval Rocket5 - 2Belleville Senators","42287317","Hockey","2.30","Gagné"
"5GHDXDIU","2024-01-19 22:45","Combiné","Perdu","101.33","","","0.00","7","Vainqueur","Philadelphia 76ers","VainqueurPhiladelphia 76ers1,48Orlando Magic109 - 124Philadelphia 76ers","43066415","Basket","1.48","Gagné"
"5GHDXDIU","2024-01-19 22:45","Combiné","Perdu","101.33","","","0.00","7","Vainqueur","Niagara Purple Eagles","VainqueurNiagara Purple Eagles2,00Rider Broncs74 - 78Niagara Purple Eagles","44259000","","2.00","Gagné"
"5GHDXDIU","2024-01-19 22:45","Combiné","Perdu","101.33","","","0.00","7","Vainqueur","Saint Peters Peacocks","VainqueurSaint Peters Peacocks2,40Fairfield Stags76 - 67Saint Peters Peacocks","44259004","","2.40","Perdu"
"5GHDXDIU","2024-01-19 22:45","Combiné","Perdu","101.33","","","0.00","7","Vainqueur","Akron Zips","VainqueurAkron Zips1,82Kent State Golden Flashes71 - 77Akron Zips","44259022","","1.82","Gagné"
"5GHBGF25","2024-01-19 21:36","Combiné","Perdu","75.97","","","0.00","5","Vainqueur","S. Stephens","","46871695","","2.10","Perdu"
"5GHBGF25","2024-01-19 21:36","Combiné","Perdu","75.97","","","0.00","5","Vainqueur","D. Yastremska","","46871699","","2.70","Gagné"
"5GHBGF25","2024-01-19 21:36","Combiné","Perdu","75.97","","","0.00","5","Vainqueur","O. Dodin","","46871691","","3.50","Gagné"
"5GHBGF25","2024-01-19 21:36","Combiné","Perdu","75.97","","","0.00","5","Vainqueur","A. Blinkova","","46871697","","2.20","Perdu"
"5GHBGF25","2024-01-19 21:36","Combiné","Perdu","75.97","","","0.00","5","Vainqueur","J. Ostapenko","","46871701","","1.74","Perdu"
"5GHB2GEO","2024-01-19 21:25","Combiné","Perdu","16.88","","","0.00","6","Nombre de sets","Plus de 3,5","","46872529","Tennis","1.52","Gagné"
"5GHB2GEO","2024-01-19 21:25","Combiné","Perdu","16.88","","","0.00","6","Nombre de sets","Plus de 3,5","","46872601","Tennis","1.45","Gagné"
"5GHB2GEO","2024-01-19 21:25","Combiné","Perdu","16.88","","","0.00","6","Nombre de sets","Plus de 3,5","","46872603","Tennis","1.46","Perdu"
"5GHB2GEO","2024-01-19 21:25","Combiné","Perdu","16.88","","","0.00","6","N. Borges remporte au moins un set","Oui","","46872599","Tennis","2.05","Gagné"
"5GHB2GEO","2024-01-19 21:25","Combiné","Perdu","16.88","","","0.00","6","F. Auger-Aliassime remporte au moins un set","Oui","","46872597","Tennis","1.62","Perdu"
"5GHB2GEO","2024-01-19 21:25","Combiné","Perdu","16.88","","","0.00","6","A. Michelsen remporte au moins un set","Oui","","46872533","Tennis","1.58","Perdu"
"5GH7F4YZ","2024-01-19 19:43","Combiné","Gagné","4.05","","","28.21","2","Résultat (hors prolongations et TAB)","Fribourg-Gottéron","Résultat (hors prolongations et TAB)Fribourg-Gottéron1,84HC Fribourg-Gottéron6 - 1Genève Servette HC","41951835","","1.84","Gagné"
"5GH7F4YZ","2024-01-19 19:43","Combiné","Gagné","4.05","","","28.21","2","Résultat (hors prolongations et TAB)","HK Olimpija","Résultat (hors prolongations et TAB)HK Olimpija2,20HC Asiago4 - 5HK Olimpija","42093219","","2.20","Gagné"
"5GGZ529K","2024-01-19 15:51","Simple","Perdu","2.55","","","0.00","1","Nombre de buts","Moins de 56,5","Nombre de butsMoins de 56,5Live2,55Slovénie30 - 33Portugal","46727237","","2.55","Perdu"
"5GGTW8P3","2024-01-19 13:24","Combiné","","2.39","","","19.79","2","Double chance","Cap-Vert ou match nul","Double chanceCap-Vert ou match nul1,23Cap-Vert3 - 0Mozambique","44636842","","1.23","Gagné"
"5GGTW8P3","2024-01-19 13:24","Combiné","","2.39","","","19.79","2","Résultat","Sénégal","RésultatSénégal1,94Sénégal3 - 1Cameroun","44636948","","1.94","Gagné"
"5GGQAU2D","2024-01-19 11:43","Simple","Gagné","2.45","","","9.80","1","Vainqueur","A. Mannarino","","46872617","","2.45","Gagné"
"5GGO3QEU","2024-01-19 10:42","Combiné","Perdu","28.45","","","0.00","6","Vainqueur","Cheuk Yiu Lee","","47096377","","2.55","Gagné"
"5GGO3QEU","2024-01-19 10:42","Combiné","Perdu","28.45","","","0.00","6","Vainqueur","S. Togami","","47100859","","2.30","Gagné"
"5GGO3QEU","2024-01-19 10:42","Combiné","Perdu","28.45","","","0.00","6","Vainqueur","T. Boll","","47096383","","1.50","Gagné"
"5GGO3QEU","2024-01-19 10:42","Combiné","Perdu","28.45","","","0.00","6","Vainqueur","S.Y.Kim / H.Y.Kong","","47093035","","1.64","Perdu"
"5GGO3QEU","2024-01-19 10:42","Combiné","Perdu","28.45","","","0.00","6","Vainqueur","H.S. Prannoy","","47098093","","1.36","Gagné"
"5GGO3QEU","2024-01-19 10:42","Combiné","Perdu","28.45","","","0.00","6","Vainqueur","M.Kang / S.Seo","","47099419","","1.45","Gagné"
"5GFYSQFX","2024-01-18 22:54","Système","Perdu","136.00","3.00","Cash","0.00","3","Vainqueur","L. van Assche","","46872613","","5.00","Perdu"
"5GFYSQFX","2024-01-18 22:54","Système","Perdu","136.00","3.00","Cash","0.00","3","Vainqueur","D. Parry","","46871619","","8.50","Perdu"
"5GFYSQFX","2024-01-18 22:54","Système","Perdu","136.00","3.00","Cash","0.00","3","Vainqueur","A. Mannarino","","46872617","","3.20","Gagné"
"5GFXE60X","2024-01-18 22:14","Combiné","Perdu","140.25","","","0.00","3","Vainqueur","L. van Assche","","46872613","","5.00","Perdu"
"5GFXE60X","2024-01-18 22:14","Combiné","Perdu","140.25","","","0.00","3","Vainqueur","D. Parry","","46871619","","8.50","Perdu"
"5GFXE60X","2024-01-18 22:14","Combiné","Perdu","140.25","","","0.00","3","Vainqueur","A. Mannarino","","46872617","","3.30","Gagné"
"5GFXCU3N","2024-01-18 22:13","Combiné","Perdu","9.61","","","0.00","4","Vainqueur","T. Machac","","46872609","","2.35","Perdu"
"5GFXCU3N","2024-01-18 22:13","Combiné","Perdu","9.61","","","0.00","4","Nombre de sets","Plus de 3,5","","46872615","","1.60","Gagné"
"5GFXCU3N","2024-01-18 22:13","Combiné","Perdu","9.61","","","0.00","4","Nombre de sets","Plus de 3,5","","46872613","","1.66","Perdu"
"5GFXCU3N","2024-01-18 22:13","Combiné","Perdu","9.61","","","0.00","4","Nombre de sets","Plus de 3,5","","46872617","","1.54","Gagné"
"5GFT5TTS","2024-01-18 20:16","Simple","Perdu","1.74","","","0.00","1","Mi-temps - Résultat","Match nul","Mi-temps - RésultatMatch nul1,74Égypte2 - 2Ghana","44636838","","1.74","Perdu"
"5GFNPCH1","2024-01-18 17:43","Simple","Gagné","1.80","","","18.00","1","Mi-temps - Résultat","Match nul","Mi-temps - RésultatMatch nul1,80Côte d'Ivoire0 - 1Nigeria","44636822","","1.80","Gagné"
"5GF60E37","2024-01-18 79:28","Simple","Perdu","2.10","","","0.00","1","Vainqueur","V. Gracheva","","46871629","","2.10","Perdu"
"5GF604N6","2024-01-18 69:27","Combiné","Perdu","45.36","","","0.00","3","Vainqueur","V. Gracheva","","46871629","","2.10","Perdu"
"5GF604N6","2024-01-18 69:27","Combiné","Perdu","45.36","","","0.00","3","Vainqueur","D. Parry","","46871619","","8.00","Perdu"
"5GF604N6","2024-01-18 69:27","Combiné","Perdu","45.36","","","0.00","3","Vainqueur","O. Dodin","","46871691","","2.70","Gagné"
"5GEI2Y8S","2024-01-17 22:18","Combiné","Perdu","22.66","","","0.00","3","Vainqueur","A. Rus","","46871623","","2.95","Perdu"
"5GEI2Y8S","2024-01-17 22:18","Combiné","Perdu","22.66","","","0.00","3","Vainqueur","O. Dodin","","46871677","","2.40","Gagné"
"5GEI2Y8S","2024-01-17 22:18","Combiné","Perdu","22.66","","","0.00","3","Vainqueur","K. Boulter","","46871681","","3.20","Perdu"
"5GEHR11R","2024-01-17 22:09","Combiné","Perdu","64.24","","","0.00","8","Vainqueur","G. Zeppieri","","46872567","","3.40","Perdu"
"5GEHR11R","2024-01-17 22:09","Combiné","Perdu","64.24","","","0.00","8","Vainqueur","J. Lehecka","","46872569","","1.26","Perdu"
"5GEHR11R","2024-01-17 22:09","Combiné","Perdu","64.24","","","0.00","8","M. Purcell remporte au moins un set","Oui","","46872565","","1.66","Gagné"
"5GEHR11R","2024-01-17 22:09","Combiné","Perdu","64.24","","","0.00","8","Vainqueur","O. Dodin","","46871677","","2.40","Gagné"
"5GEHR11R","2024-01-17 22:09","Combiné","Perdu","64.24","","","0.00","8","J. Draper remporte au moins un set","Oui","","46872627","","1.20","Gagné"
"5GEHR11R","2024-01-17 22:09","Combiné","Perdu","64.24","","","0.00","8","J. Struff remporte au moins un set","Oui","","46872625","","1.27","Gagné"
"5GEHR11R","2024-01-17 22:09","Combiné","Perdu","64.24","","","0.00","8","Nombre de sets","Plus de 3,5","","46872585","","1.47","Gagné"
"5GEHR11R","2024-01-17 22:09","Combiné","Perdu","64.24","","","0.00","8","T. Kokkinakis remporte au moins un set","Oui","","46872579","","1.68","Gagné"
"5GE74LJW","2024-01-17 17:11","Combiné","Perdu","4.14","","","0.00","2","Mi-temps - Résultat","Match nul","Mi-temps - RésultatMatch nul2,30Maroc3 - 0Tanzanie","44637080","","2.30","Perdu"
"5GE74LJW","2024-01-17 17:11","Combiné","Perdu","4.14","","","0.00","2","Mi-temps - Résultat","Match nul","Mi-temps - RésultatMatch nul1,80RD Congo1 - 1Zambie","44637082","","1.80","Gagné"
"5GE3LZ90","2024-01-17 15:33","Combiné","Perdu","24.11","","","0.00","5","Vainqueur","H.W.Ye / C.H.Lee","","46932065","","2.15","Gagné"
"5GE3LZ90","2024-01-17 15:33","Combiné","Perdu","24.11","","","0.00","5","Vainqueur","K. Nishimoto","","46930673","","1.76","Gagné"
"5GE3LZ90","2024-01-17 15:33","Combiné","Perdu","24.11","","","0.00","5","Vainqueur","S. Winter","","47051415","","1.48","Perdu"
"5GE3LZ90","2024-01-17 15:33","Combiné","Perdu","24.11","","","0.00","5","Vainqueur","F.Bergand / C.Kallberg","","47051325","","2.05","Gagné"
"5GE3LZ90","2024-01-17 15:33","Combiné","Perdu","24.11","","","0.00","5","Vainqueur","B.Lane / S.Vendy","","46930749","","2.10","Perdu"
"5GDZYBAB","2024-01-17 13:50","Combiné","Perdu","2.72","","","0.00","2","Vainqueur","D. Junhui","VainqueurD. Junhui1,43Ding Junhui4 - 3Ricky Walden","46346079","","1.43","Gagné"
"5GDZYBAB","2024-01-17 13:50","Combiné","Perdu","2.72","","","0.00","2","Vainqueur","X. Guodong","VainqueurX. Guodong1,90Noppon Saengkham4 - 1Xiao Guodong","46346085","","1.90","Perdu"
"5GDZV2CD","2024-01-17 13:48","Combiné","Perdu","41.50","","","0.00","7","Résultat","Match nul","RésultatMatch nulLive1,94Liban0 - 0Chine","41218255","","1.94","Gagné"
"5GDZV2CD","2024-01-17 13:48","Combiné","Perdu","41.50","","","0.00","7","Vainqueur","D. Junhui","VainqueurD. Junhui1,43Ding Junhui4 - 3Ricky Walden","46346079","","1.43","Gagné"
"5GDZV2CD","2024-01-17 13:48","Combiné","Perdu","41.50","","","0.00","7","Vainqueur","X. Guodong","VainqueurX. Guodong1,90Noppon Saengkham4 - 1Xiao Guodong","46346085","","1.90","Perdu"
"5GDZV2CD","2024-01-17 13:48","Combiné","Perdu","41.50","","","0.00","7","Vainqueur","Yuqi Shi","","46930681","","1.33","Gagné"
"5GDZV2CD","2024-01-17 13:48","Combiné","Perdu","41.50","","","0.00","7","Vainqueur","H.W.Ye / C.H.Lee","","46932065","","2.05","Gagné"
"5GDZV2CD","2024-01-17 13:48","Combiné","Perdu","41.50","","","0.00","7","Vainqueur","Jonghoon Lim","","47051821","","1.52","Gagné"
"5GDZV2CD","2024-01-17 13:48","Combiné","Perdu","41.50","","","0.00","7","Vainqueur","J. Oh","","47051833","","1.90","Perdu"
"5GDMWR16","2024-01-17 67:45","Combiné","Perdu","24.00","","","0.00","7","Vainqueur","P. Badosa","","46871711","","2.20","Gagné"
"5GDMWR16","2024-01-17 67:45","Combiné","Perdu","24.00","","","0.00","7","Vainqueur","F. Tiafoe","","46872537","","1.46","Perdu"
"5GDMWR16","2024-01-17 67:45","Combiné","Perdu","24.00","","","0.00","7","Vainqueur","G. Monfils","","46872555","","1.56","Perdu"
"5GDMWR16","2024-01-17 67:45","Combiné","Perdu","24.00","","","0.00","7","Vainqueur","A. Sabalenka","","46871707","","1.04","Gagné"
"5GDMWR16","2024-01-17 67:45","Combiné","Perdu","24.00","","","0.00","7","Vainqueur","R. Masarova","","46871709","","2.60","Perdu"
"5GDMWR16","2024-01-17 67:45","Combiné","Perdu","24.00","","","0.00","7","Vainqueur","E. Mertens","","46871671","","1.64","Perdu"
"5GDMWR16","2024-01-17 67:45","Combiné","Perdu","24.00","","","0.00","7","Vainqueur","M. Sakkari","","46871673","","1.08","Perdu"
"5GD4FSJY","2024-01-16 23:08","Combiné","Perdu","16.58","","","0.00","6","Nombre de sets","Plus de 3,5","","46872539","","1.56","Gagné"
"5GD4FSJY","2024-01-16 23:08","Combiné","Perdu","16.58","","","0.00","6","Nombre de sets","Plus de 3,5","","46872593","","1.54","Gagné"
"5GD4FSJY","2024-01-16 23:08","Combiné","Perdu","16.58","","","0.00","6","Nombre de sets","Plus de 3,5","","46872549","","1.88","Perdu"
"5GD4FSJY","2024-01-16 23:08","Combiné","Perdu","16.58","","","0.00","6","Nombre de sets","Plus de 3,5","","46872547","","1.54","Perdu"
"5GD4FSJY","2024-01-16 23:08","Combiné","Perdu","16.58","","","0.00","6","Nombre de sets","Plus de 3,5","","46872553","","1.60","Gagné"
"5GD4FSJY","2024-01-16 23:08","Combiné","Perdu","16.58","","","0.00","6","Nombre de sets","Plus de 3,5","","46872555","","1.49","Perdu"
"5GCY9ESL","2024-01-16 20:15","Combiné","Perdu","37.89","","","0.00","8","Résultat (hors prolongations et TAB)","Marseille","Résultat (hors prolongations et TAB)Marseille1,34Marseille4 - 0Anglet","41949939","","1.34","Gagné"
"5GCY9ESL","2024-01-16 20:15","Combiné","Perdu","37.89","","","0.00","8","Résultat","France","RésultatFrance1,72France33 - 30Allemagne","41192203","","1.72","Gagné"
"5GCY9ESL","2024-01-16 20:15","Combiné","Perdu","37.89","","","0.00","8","Résultat (hors prolongations et TAB)","Rouen","Résultat (hors prolongations et TAB)Rouen 1,42Gap1 - 4Rouen","41949945","","1.42","Gagné"
"5GCY9ESL","2024-01-16 20:15","Combiné","Perdu","37.89","","","0.00","8","Résultat","Wolverhampton","RésultatWolverhampton1,98Wolverhampton3 - 2Brentford(reg 2-2)","46790893","","1.98","Perdu"
"5GCY9ESL","2024-01-16 20:15","Combiné","Perdu","37.89","","","0.00","8","Résultat","West Ham","RésultatWest Ham1,96Bristol City1 - 0West Ham","46822605","","1.96","Perdu"
"5GCY9ESL","2024-01-16 20:15","Combiné","Perdu","37.89","","","0.00","8","Résultat","Mali","RésultatMali1,84Mali2 - 0Afrique du Sud","44637062","","1.84","Gagné"
"5GCY9ESL","2024-01-16 20:15","Combiné","Perdu","37.89","","","0.00","8","Vainqueur","B. Hawkins","VainqueurB. Hawkins1,34Barry Hawkins3 - 4Cao Yupeng","46346075","","1.34","Perdu"
"5GCY9ESL","2024-01-16 20:15","Combiné","Perdu","37.89","","","0.00","8","Vainqueur","R. O'Sullivan","VainqueurR. O'Sullivan1,21Ronnie O'Sullivan4 - 2Pang Junxu","46346019","","1.21","Gagné"
"5GCXEPZ2","2024-01-16 19:51","Combiné","Perdu","164.04","","","0.00","11","Vainqueur","T. Ford","VainqueurT. Ford1,43Tom Ford4 - 1Jordan Brown","46346015","","1.43","Gagné"
"5GCXEPZ2","2024-01-16 19:51","Combiné","Perdu","164.04","","","0.00","11","Résultat","Getafe","RésultatGetafe2,15Getafe1 - 3FC Séville","46826671","","2.15","Perdu"
"5GCXEPZ2","2024-01-16 19:51","Combiné","Perdu","164.04","","","0.00","11","Résultat (hors prolongations et TAB)","Marseille","Résultat (hors prolongations et TAB)Marseille1,41Marseille4 - 0Anglet","41949939","","1.41","Gagné"
"5GCXEPZ2","2024-01-16 19:51","Combiné","Perdu","164.04","","","0.00","11","Résultat","France","RésultatFrance1,72France33 - 30Allemagne","41192203","","1.72","Gagné"
"5GCXEPZ2","2024-01-16 19:51","Combiné","Perdu","164.04","","","0.00","11","Résultat (hors prolongations et TAB)","Rouen","Résultat (hors prolongations et TAB)Rouen 1,42Gap1 - 4Rouen","41949945","","1.42","Gagné"
"5GCXEPZ2","2024-01-16 19:51","Combiné","Perdu","164.04","","","0.00","11","Résultat","Wolverhampton","RésultatWolverhampton1,92Wolverhampton3 - 2Brentford(reg 2-2)","46790893","","1.92","Perdu"
"5GCXEPZ2","2024-01-16 19:51","Combiné","Perdu","164.04","","","0.00","11","Résultat","Juventus","RésultatJuventus1,38Juventus Turin3 - 0Sassuolo","42134497","","1.38","Gagné"
"5GCXEPZ2","2024-01-16 19:51","Combiné","Perdu","164.04","","","0.00","11","Résultat","West Ham","RésultatWest Ham1,96Bristol City1 - 0West Ham","46822605","","1.96","Perdu"
"5GCXEPZ2","2024-01-16 19:51","Combiné","Perdu","164.04","","","0.00","11","Résultat","Mali","RésultatMali1,84Mali2 - 0Afrique du Sud","44637062","","1.84","Gagné"
"5GCXEPZ2","2024-01-16 19:51","Combiné","Perdu","164.04","","","0.00","11","Vainqueur","B. Hawkins","VainqueurB. Hawkins1,34Barry Hawkins3 - 4Cao Yupeng","46346075","","1.34","Perdu"
"5GCXEPZ2","2024-01-16 19:51","Combiné","Perdu","164.04","","","0.00","11","Vainqueur","R. O'Sullivan","VainqueurR. O'Sullivan1,21Ronnie O'Sullivan4 - 2Pang Junxu","46346019","","1.21","Gagné"
"5GCVZDFY","2024-01-16 19:11","Combiné","Perdu","18.56","","","0.00","3","Vainqueur","M. Timofeeva","","46871669","","3.40","Gagné"
"5GCVZDFY","2024-01-16 19:11","Combiné","Perdu","18.56","","","0.00","3","N. Podoroska remporte au moins un set","Oui","","46871713","","1.82","Perdu"
"5GCVZDFY","2024-01-16 19:11","Combiné","Perdu","18.56","","","0.00","3","Aces - Résultat","L. van Assche","","46872545","","3.00","Gagné"
"5GCVRLW8","2024-01-16 19:05","Combiné","Perdu","18.03","","","0.00","7","Vainqueur","S. Baez","","46872539","","1.45","Gagné"
"5GCVRLW8","2024-01-16 19:05","Combiné","Perdu","18.03","","","0.00","7","Nombre de sets","Plus de 3,5","","46872593","","1.54","Gagné"
"5GCVRLW8","2024-01-16 19:05","Combiné","Perdu","18.03","","","0.00","7","Nombre de sets","Plus de 3,5","","46872535","","1.74","Gagné"
"5GCVRLW8","2024-01-16 19:05","Combiné","Perdu","18.03","","","0.00","7","Nombre de sets","Plus de 3,5","","46872547","","1.54","Perdu"
"5GCVRLW8","2024-01-16 19:05","Combiné","Perdu","18.03","","","0.00","7","Vainqueur","A. Mannarino","","46872553","","1.29","Gagné"
"5GCVRLW8","2024-01-16 19:05","Combiné","Perdu","18.03","","","0.00","7","Vainqueur","F. Tiafoe","","46872537","","1.46","Perdu"
"5GCVRLW8","2024-01-16 19:05","Combiné","Perdu","18.03","","","0.00","7","Vainqueur","G. Monfils","","46872555","","1.60","Perdu"
"5GCVIUDN","2024-01-16 18:59","Combiné","Perdu","71.41","","","0.00","6","Vainqueur","M. Timofeeva","","46871669","","3.40","Gagné"
"5GCVIUDN","2024-01-16 18:59","Combiné","Perdu","71.41","","","0.00","6","Vainqueur","B. Krejcikova","","46871715","","1.18","Gagné"
"5GCVIUDN","2024-01-16 18:59","Combiné","Perdu","71.41","","","0.00","6","Vainqueur","N. Podoroska","","46871713","","3.40","Perdu"
"5GCVIUDN","2024-01-16 18:59","Combiné","Perdu","71.41","","","0.00","6","Vainqueur","D. Parry","","46871655","","1.92","Gagné"
"5GCVIUDN","2024-01-16 18:59","Combiné","Perdu","71.41","","","0.00","6","Vainqueur","C. Garcia","","46871665","","1.33","Perdu"
"5GCVIUDN","2024-01-16 18:59","Combiné","Perdu","71.41","","","0.00","6","Vainqueur","P. Badosa","","46871711","","2.05","Gagné"
"5GCTD4OR","2024-01-16 17:58","Simple","Gagné","1.96","","","33.30","1","Mi-temps - Résultat","Match nul","Mi-temps - RésultatMatch nul1,96Tunisie0 - 1Namibie","44637056","","1.96","Gagné"
"5GCK00UM","2024-01-16 13:36","Simple","Gagné","1.92","","","28.80","1","Résultat","Burkina Faso","RésultatBurkina Faso1,92Burkina Faso1 - 0Mauritanie","44637038","","1.92","Gagné"
"5GBPXEGN","2024-01-15 23:34","Combiné","Perdu","132.12","","","0.00","12","T. Griekspoor remporte au moins un set","Oui","","46881001","","1.29","Gagné"
"5GBPXEGN","2024-01-15 23:34","Combiné","Perdu","132.12","","","0.00","12","L. Djere remporte au moins un set","Oui","","46881005","","1.14","Gagné"
"5GBPXEGN","2024-01-15 23:34","Combiné","Perdu","132.12","","","0.00","12","B. Zapata Miralles remporte au moins un set","Oui","","46880981","","2.20","Perdu"
"5GBPXEGN","2024-01-15 23:34","Combiné","Perdu","132.12","","","0.00","12","J. McCabe remporte au moins un set","Oui","","46880983","","1.62","Gagné"
"5GBPXEGN","2024-01-15 23:34","Combiné","Perdu","132.12","","","0.00","12","G. Zeppieri remporte au moins un set","Oui","","46920021","","1.18","Gagné"
"5GBPXEGN","2024-01-15 23:34","Combiné","Perdu","132.12","","","0.00","12","A. Ramos-Vinolas remporte au moins un set","Oui","","46880977","","2.80","Perdu"
"5GBPXEGN","2024-01-15 23:34","Combiné","Perdu","132.12","","","0.00","12","Vainqueur","G. Dimitrov","","46880997","","1.16","Gagné"
"5GBPXEGN","2024-01-15 23:34","Combiné","Perdu","132.12","","","0.00","12","Vainqueur","L. Klein","","46920023","","1.36","Gagné"
"5GBPXEGN","2024-01-15 23:34","Combiné","Perdu","132.12","","","0.00","12","Nombre de sets","Plus de 3,5","","46920019","","1.60","Gagné"
"5GBPXEGN","2024-01-15 23:34","Combiné","Perdu","132.12","","","0.00","12","Vainqueur","J. Draper","","46880973","","1.27","Gagné"
"5GBPXEGN","2024-01-15 23:34","Combiné","Perdu","132.12","","","0.00","12","Vainqueur","A. Bublik","","46920017","","1.19","Perdu"
"5GBPXEGN","2024-01-15 23:34","Combiné","Perdu","132.12","","","0.00","12","Nombre de sets","Plus de 3,5","","46880975","","2.00","Perdu"
"5GBOORNI","2024-01-15 22:59","Combiné","Perdu","26.68","","","0.00","13","Vainqueur","R. Safiullin","","46881001","","1.48","Perdu"
"5GBOORNI","2024-01-15 22:59","Combiné","Perdu","26.68","","","0.00","13","Vainqueur","D. Kasatkina","","46880923","","1.32","Gagné"
"5GBOORNI","2024-01-15 22:59","Combiné","Perdu","26.68","","","0.00","13","Nombre de sets","Plus de 3,5","","46920021","","1.47","Gagné"
"5GBOORNI","2024-01-15 22:59","Combiné","Perdu","26.68","","","0.00","13","Vainqueur","L. Klein","","46920023","","1.36","Gagné"
"5GBOORNI","2024-01-15 22:59","Combiné","Perdu","26.68","","","0.00","13","Vainqueur","D. Collins","","46880959","","1.39","Gagné"
"5GBOORNI","2024-01-15 22:59","Combiné","Perdu","26.68","","","0.00","13","Vainqueur","J. Draper","","46880973","","1.27","Gagné"
"5GBOORNI","2024-01-15 22:59","Combiné","Perdu","26.68","","","0.00","13","Vainqueur","H. Rune","","46881007","","1.12","Gagné"
"5GBOORNI","2024-01-15 22:59","Combiné","Perdu","26.68","","","0.00","13","Vainqueur","V. Azarenka","","46880941","","1.31","Gagné"
"5GBOORNI","2024-01-15 22:59","Combiné","Perdu","26.68","","","0.00","13","Vainqueur","A. Bublik","","46920017","","1.19","Perdu"
"5GBOORNI","2024-01-15 22:59","Combiné","Perdu","26.68","","","0.00","13","S. Ofner remporte au moins un set","Oui","","46880995","","1.14","Gagné"
"5GBOORNI","2024-01-15 22:59","Combiné","Perdu","26.68","","","0.00","13","Vainqueur","J. Ostapenko","","46880947","","1.15","Gagné"
"5GBOORNI","2024-01-15 22:59","Combiné","Perdu","26.68","","","0.00","13","Nombre de sets","Plus de 3,5","","46880965","","1.47","Gagné"
"5GBOORNI","2024-01-15 22:59","Combiné","Perdu","26.68","","","0.00","13","Vainqueur","E. Rybakina","","46880935","","1.15","Gagné"
"5GBOCAFM","2024-01-15 22:50","Combiné","Gagné","11.44","","","3.92","6","Vainqueur","D. Kasatkina","","46880923","","1.32","Gagné"
"5GBOCAFM","2024-01-15 22:50","Combiné","Gagné","11.44","","","3.92","6","Vainqueur","D. Collins","","46880959","","1.39","Gagné"
"5GBOCAFM","2024-01-15 22:50","Combiné","Gagné","11.44","","","3.92","6","Vainqueur","V. Azarenka","","46880941","","1.31","Gagné"
"5GBOCAFM","2024-01-15 22:50","Combiné","Gagné","11.44","","","3.92","6","Vainqueur","O. Dodin","","46880913","","3.60","Gagné"
"5GBOCAFM","2024-01-15 22:50","Combiné","Gagné","11.44","","","3.92","6","Vainqueur","J. Ostapenko","","46880947","","1.15","Gagné"
"5GBOCAFM","2024-01-15 22:50","Combiné","Gagné","11.44","","","3.92","6","Vainqueur","E. Rybakina","","46880935","","1.15","Gagné"
"5GBO0VFF","2024-01-15 22:41","Combiné","Perdu","27.70","","","0.00","9","Aces - Résultat","J P. Varillas","","46880979","","3.30","Perdu"
"5GBO0VFF","2024-01-15 22:41","Combiné","Perdu","27.70","","","0.00","9","Vainqueur","R. Safiullin","","46881001","","1.48","Perdu"
"5GBO0VFF","2024-01-15 22:41","Combiné","Perdu","27.70","","","0.00","9","Nombre de sets","Plus de 3,5","","46920021","","1.47","Gagné"
"5GBO0VFF","2024-01-15 22:41","Combiné","Perdu","27.70","","","0.00","9","Vainqueur","L. Klein","","46920023","","1.36","Gagné"
"5GBO0VFF","2024-01-15 22:41","Combiné","Perdu","27.70","","","0.00","9","Vainqueur","J. Draper","","46880973","","1.27","Gagné"
"5GBO0VFF","2024-01-15 22:41","Combiné","Perdu","27.70","","","0.00","9","Vainqueur","H. Rune","","46881007","","1.12","Gagné"
"5GBO0VFF","2024-01-15 22:41","Combiné","Perdu","27.70","","","0.00","9","Vainqueur","A. Bublik","","46920017","","1.19","Perdu"
"5GBO0VFF","2024-01-15 22:41","Combiné","Perdu","27.70","","","0.00","9","S. Ofner remporte au moins un set","Oui","","46880995","","1.14","Gagné"
"5GBO0VFF","2024-01-15 22:41","Combiné","Perdu","27.70","","","0.00","9","Nombre de sets","Plus de 3,5","","46880965","","1.47","Gagné"
"5GAA8KGZ","2024-01-14 23:27","Combiné","Perdu","47.81","","","0.00","20","Vainqueur","S. Korda","","46920037","Tennis","1.08","Gagné"
"5GAA8KGZ","2024-01-14 23:27","Combiné","Perdu","47.81","","","0.00","20","R. Carballes Baena remporte au moins un set","Oui","","46952351","Tennis","1.12","Gagné"
"5GAA8KGZ","2024-01-14 23:27","Combiné","Perdu","47.81","","","0.00","20","Nombre de sets","Plus de 3,5","","46881035","Tennis","1.58","Gagné"
"5GAA8KGZ","2024-01-14 23:27","Combiné","Perdu","47.81","","","0.00","20","Vainqueur","B. Shelton","","46881043","Tennis","1.38","Gagné"
"5GAA8KGZ","2024-01-14 23:27","Combiné","Perdu","47.81","","","0.00","20","Vainqueur","A. Davidovich-Fokina","","46880991","Tennis","1.16","Gagné"
"5GAA8KGZ","2024-01-14 23:27","Combiné","Perdu","47.81","","","0.00","20","Vainqueur","A. Popyrin","","46881055","Tennis","1.17","Gagné"
"5GAA8KGZ","2024-01-14 23:27","Combiné","Perdu","47.81","","","0.00","20","A. Mannarino remporte au moins un set","Oui","","46881049","Tennis","1.06","Gagné"
"5GAA8KGZ","2024-01-14 23:27","Combiné","Perdu","47.81","","","0.00","20","J. Duckworth remporte au moins un set","Oui","","46881033","Tennis","1.21","Gagné"
"5GAA8KGZ","2024-01-14 23:27","Combiné","Perdu","47.81","","","0.00","20","J. Mensik remporte au moins un set","Oui","","46920031","Tennis","1.11","Gagné"
"5GAA8KGZ","2024-01-14 23:27","Combiné","Perdu","47.81","","","0.00","20","K. Khachanov remporte au moins un set","Oui","","46881019","Tennis","1.03","Gagné"
"5GAA8KGZ","2024-01-14 23:27","Combiné","Perdu","47.81","","","0.00","20","Vainqueur","J. Thompson","","46881031","Tennis","1.37","Gagné"
"5GAA8KGZ","2024-01-14 23:27","Combiné","Perdu","47.81","","","0.00","20","A. Tabilo remporte au moins un set","Oui","","46920041","Tennis","1.11","Gagné"
"5GAA8KGZ","2024-01-14 23:27","Combiné","Perdu","47.81","","","0.00","20","Nombre de sets","Plus de 3,5","","46881051","Tennis","1.44","Perdu"
"5GAA8KGZ","2024-01-14 23:27","Combiné","Perdu","47.81","","","0.00","20","Nombre de sets","Plus de 3,5","","46881053","Tennis","1.52","Perdu"
"5GAA8KGZ","2024-01-14 23:27","Combiné","Perdu","47.81","","","0.00","20","U. Humbert remporte au moins un set","Oui","","46920033","Tennis","1.07","Gagné"
"5GAA8KGZ","2024-01-14 23:27","Combiné","Perdu","47.81","","","0.00","20","M. Marterer remporte au moins un set","Oui","","46880993","Tennis","1.14","Perdu"
"5GAA8KGZ","2024-01-14 23:27","Combiné","Perdu","47.81","","","0.00","20","Nombre de sets","Plus de 3,5","","46920027","Tennis","1.58","Gagné"
"5GAA8KGZ","2024-01-14 23:27","Combiné","Perdu","47.81","","","0.00","20","Vainqueur","A. De Minaur","","46881017","Tennis","1.11",""
"5GAA8KGZ","2024-01-14 23:27","Combiné","Perdu","47.81","","","0.00","20","M. Kecmanovic remporte au moins un set","Oui","","46880971","Tennis","1.04","Gagné"
"5GAA8KGZ","2024-01-14 23:27","Combiné","Perdu","47.81","","","0.00","20","R. Hijikata remporte au moins un set","Oui","","46880969","Tennis","1.23","Gagné"
"5G9HC9FM","2024-01-14 9:58","Combiné","Perdu","324.46","","","0.00","58","VainqueurF. Tiafoe","Vainqueur","","46881021","Tennis","1.56","Gagné"
"5G9HC9FM","2024-01-14 9:58","Combiné","Perdu","324.46","","","0.00","58","M. Bouzkova remporte au moins un set","Oui","","46880957","Tennis","1.22","Perdu"
"5G9HC9FM","2024-01-14 9:58","Combiné","Perdu","324.46","","","0.00","58","E. Svitolina remporte au moins un set","Oui","","46880955","Tennis","1.02","Gagné"
"5G9HC9FM","2024-01-14 9:58","Combiné","Perdu","324.46","","","0.00","58","E. Ruusuvuori remporte au moins un set","Oui","","46880987","Tennis","1.01","Gagné"
"5G9HC9FM","2024-01-14 9:58","Combiné","Perdu","324.46","","","0.00","58","R. Carballes Baena remporte au moins un set","Oui","","46952351","Tennis","1.13","Gagné"
"5G9HC9FM","2024-01-14 9:58","Combiné","Perdu","324.46","","","0.00","58","L. Musetti remporte au moins un set","Oui","","46881035","Tennis","1.06","Gagné"
"5G9HC9FM","2024-01-14 9:58","Combiné","Perdu","324.46","","","0.00","58","N. Jarry remporte au moins un set","Oui","","46920039","Tennis","1.03","Gagné"
"5G9HC9FM","2024-01-14 9:58","Combiné","Perdu","324.46","","","0.00","58","M. Vondrousova remporte au moins un set","Oui","","46920541","Tennis","1.05","Perdu"
"5G9HC9FM","2024-01-14 9:58","Combiné","Perdu","324.46","","","0.00","58","B. Shelton remporte au moins un set","Oui","","46881043","Tennis","1.05","Gagné"
"5G9HC9FM","2024-01-14 9:58","Combiné","Perdu","324.46","","","0.00","58","A. Potapova remporte au moins un set","Oui","","46880893","Tennis","1.12","Perdu"
"5G9HC9FM","2024-01-14 9:58","Combiné","Perdu","324.46","","","0.00","58","A. Popyrin remporte au moins un set","Oui","","46881055","Tennis","1.02","Gagné"
"5G9HC9FM","2024-01-14 9:58","Combiné","Perdu","324.46","","","0.00","58","E. Alexandrova remporte au moins un set","Oui","","46880883","Tennis","1.15","Gagné"
"5G9HC9FM","2024-01-14 9:58","Combiné","Perdu","324.46","","","0.00","58","A. Mannarino remporte au moins un set","Oui","","46881049","Tennis","1.06","Gagné"
"5G9HC9FM","2024-01-14 9:58","Combiné","Perdu","324.46","","","0.00","58","J. Duckworth remporte au moins un set","Oui","","46881033","Tennis","1.23","Gagné"
"5G9HC9FM","2024-01-14 9:58","Combiné","Perdu","324.46","","","0.00","58","J. Mensik remporte au moins un set","Oui","","46920031","Tennis","1.10","Gagné"
"5G9HC9FM","2024-01-14 9:58","Combiné","Perdu","324.46","","","0.00","58","M. Kostyuk remporte au moins un set","Oui","","46880905","Tennis","1.15","Gagné"
"5G9HC9FM","2024-01-14 9:58","Combiné","Perdu","324.46","","","0.00","58","J. Paolini remporte au moins un set","Oui","","46880929","Tennis","1.18","Gagné"
"5G9HC9FM","2024-01-14 9:58","Combiné","Perdu","324.46","","","0.00","58","K. Khachanov remporte au moins un set","Oui","","46881019","Tennis","1.03","Gagné"
"5G9HC9FM","2024-01-14 9:58","Combiné","Perdu","324.46","","","0.00","58","E. Mertens remporte au moins un set","Oui","","46880903","Tennis","1.05","Gagné"
"5G9HC9FM","2024-01-14 9:58","Combiné","Perdu","324.46","","","0.00","58","J. Thompson remporte au moins un setOui","J. Thompson remporte au moins un set","","46881031","Tennis","1.39","Gagné"
"5G9HC9FM","2024-01-14 9:58","Combiné","Perdu","324.46","","","0.00","58","K. Siniakova remporte au moins un set","Oui","","46880951","Tennis","1.13","Gagné"
"5G9HC9FM","2024-01-14 9:58","Combiné","Perdu","324.46","","","0.00","58","A. Tabilo remporte au moins un set","Oui","","46920041","Tennis","1.12","Gagné"
"5G9HC9FM","2024-01-14 9:58","Combiné","Perdu","324.46","","","0.00","58","T. Daniel remporte au moins un set","Oui","","46881011","Tennis","1.12","Perdu"
"5G9HC9FM","2024-01-14 9:58","Combiné","Perdu","324.46","","","0.00","58","A. Murray remporte au moins un set","Oui","","46881051","Tennis","1.13","Perdu"
"5G9HC9FM","2024-01-14 9:58","Combiné","Perdu","324.46","","","0.00","58","U. Humbert remporte au moins un set","Oui","","46920033","Tennis","1.06","Gagné"
"5G9HC9FM","2024-01-14 9:58","Combiné","Perdu","324.46","","","0.00","58","M. Marterer remporte au moins un set","Oui","","46880993","Tennis","1.15","Perdu"
"5G9HC9FM","2024-01-14 9:58","Combiné","Perdu","324.46","","","0.00","58","Y. Putintseva remporte au moins un set","Oui","","46920529","Tennis","1.09","Gagné"
"5G9HC9FM","2024-01-14 9:58","Combiné","Perdu","324.46","","","0.00","58","A. Muller remporte au moins un set","Oui","","46920027","Tennis","1.06","Gagné"
"5G9HC9FM","2024-01-14 9:58","Combiné","Perdu","324.46","","","0.00","58","V. Kudermetova remporte au moins un set","Oui","","46880949","Tennis","1.11","Gagné"
"5G9HC9FM","2024-01-14 9:58","Combiné","Perdu","324.46","","","0.00","58","O. Jabeur remporte au moins un set","Oui","","46920521","Tennis","1.04","Gagné"
"5G9HC9FM","2024-01-14 9:58","Combiné","Perdu","324.46","","","0.00","58","M. Kecmanovic remporte au moins un set","Oui","","46880971","Tennis","1.05","Gagné"
"5G9HC9FM","2024-01-14 9:58","Combiné","Perdu","324.46","","","0.00","58","B. Haddad Maia remporte au moins un set","Oui","","46880899","Tennis","1.06","Gagné"
"5G9HC9FM","2024-01-14 9:58","Combiné","Perdu","324.46","","","0.00","58","M. Andreeva remporte au moins un set","Oui","","46880889","Tennis","1.05","Gagné"
"5G9HC9FM","2024-01-14 9:58","Combiné","Perdu","324.46","","","0.00","58","A. Kalinina remporte au moins un set","Oui","","46880927","Tennis","1.21","Perdu"
"5G9HC9FM","2024-01-14 9:58","Combiné","Perdu","324.46","","","0.00","58","F. Auger-Aliassime remporte au moins un set","Oui","","46880989","Tennis","1.09","Gagné"
"5G9HC9FM","2024-01-14 9:58","Combiné","Perdu","324.46","","","0.00","58","R. Hijikata remporte au moins un set","Oui","","46880969","Tennis","1.23","Gagné"
"5G9HC9FM","2024-01-14 9:58","Combiné","Perdu","324.46","","","0.00","58","R. Safiullin remporte au moins un set","Oui","","46881001","Tennis","1.07","Gagné"
"5G9HC9FM","2024-01-14 9:58","Combiné","Perdu","324.46","","","0.00","58","L. Djere remporte au moins un set","Oui","","46881005","Tennis","1.13","Gagné"
"5G9HC9FM","2024-01-14 9:58","Combiné","Perdu","324.46","","","0.00","58","D. Kasatkina remporte au moins un set","Oui","","46880923","Tennis","1.13","Gagné"
"5G9HC9FM","2024-01-14 9:58","Combiné","Perdu","324.46","","","0.00","58","A. Michelsen remporte au moins un set","Oui","","46880983","Tennis","1.03","Gagné"
"5G9HC9FM","2024-01-14 9:58","Combiné","Perdu","324.46","","","0.00","58","D. Lajovic remporte au moins un set","Oui","","46920021","Tennis","1.14","Gagné"
"5G9HC9FM","2024-01-14 9:58","Combiné","Perdu","324.46","","","0.00","58","G. Dimitrov remporte au moins un set","Oui","","46880997","Tennis","1.02","Gagné"
"5G9HC9FM","2024-01-14 9:58","Combiné","Perdu","324.46","","","0.00","58","L. Klein remporte au moins un set","Oui","","46920023","Tennis","1.05","Gagné"
"5G9HC9FM","2024-01-14 9:58","Combiné","Perdu","324.46","","","0.00","58","M. Purcell remporte au moins un set","Oui","","46920019","Tennis","1.04","Gagné"
"5G9HC9FM","2024-01-14 9:58","Combiné","Perdu","324.46","","","0.00","58","D. Collins remporte au moins un set","Oui","","46880959","Tennis","1.15","Gagné"
"5G9HC9FM","2024-01-14 9:58","Combiné","Perdu","324.46","","","0.00","58","J. Draper remporte au moins un set","Oui","","46880973","Tennis","1.05","Gagné"
"5G9HC9FM","2024-01-14 9:58","Combiné","Perdu","324.46","","","0.00","58","V. Azarenka remporte au moins un set","Oui","","46880941","Tennis","1.13","Gagné"
"5G9HC9FM","2024-01-14 9:58","Combiné","Perdu","324.46","","","0.00","58","C. Tauson remporte au moins un set","Oui","","46880943","Tennis","1.16","Gagné"
"5G9HC9FM","2024-01-14 9:58","Combiné","Perdu","324.46","","","0.00","58","A. Bublik remporte au moins un set","Oui","","46920017","Tennis","1.03","Perdu"
"5G9HC9FM","2024-01-14 9:58","Combiné","Perdu","324.46","","","0.00","58","L. Zhu remporte au moins un set","Oui","","46880913","Tennis","1.11","Perdu"
"5G9HC9FM","2024-01-14 9:58","Combiné","Perdu","324.46","","","0.00","58","J. Shang remporte au moins un set","Oui","","46880967","Tennis","1.12","Gagné"
"5G9HC9FM","2024-01-14 9:58","Combiné","Perdu","324.46","","","0.00","58","S. Ofner remporte au moins un set","Oui","","46880995","Tennis","1.12","Gagné"
"5G9HC9FM","2024-01-14 9:58","Combiné","Perdu","324.46","","","0.00","58","S. Cirstea remporte au moins un set","Oui","","46880915","Tennis","1.14","Gagné"
"5G9HC9FM","2024-01-14 9:58","Combiné","Perdu","324.46","","","0.00","58","J. Ostapenko remporte au moins un set","Oui","","46880947","Tennis","1.04","Gagné"
"5G9HC9FM","2024-01-14 9:58","Combiné","Perdu","324.46","","","0.00","58","Q. Zheng remporte au moins un set","Oui","","46880921","Tennis","1.05","Gagné"
"5G9HC9FM","2024-01-14 9:58","Combiné","Perdu","324.46","","","0.00","58","L. Sonego remporte au moins un set","Oui","","46880965","Tennis","1.12","Gagné"
"5G9HC9FM","2024-01-14 9:58","Combiné","Perdu","324.46","","","0.00","58","E. Rybakina remporte au moins un set","Oui","","46880935","Tennis","1.04","Gagné"
"5G9HC9FM","2024-01-14 9:58","Combiné","Perdu","324.46","","","0.00","58","E. Raducanu remporte au moins un set","Oui","","46880917","Tennis","1.09","Gagné"
"5G9GX8L9","2024-01-14 99:47","Combiné","Perdu","70.93","","","0.00","17","Vainqueur","F. Tiafoe","","46881021","Tennis","1.56","Gagné"
"5G9GX8L9","2024-01-14 99:47","Combiné","Perdu","70.93","","","0.00","17","Vainqueur","S. Korda","","46920037","Tennis","1.09","Gagné"
"5G9GX8L9","2024-01-14 99:47","Combiné","Perdu","70.93","","","0.00","17","R. Carballes Baena remporte au moins un set","Oui","","46952351","Tennis","1.13","Gagné"
"5G9GX8L9","2024-01-14 99:47","Combiné","Perdu","70.93","","","0.00","17","Vainqueur","B. Shelton","","46881043","Tennis","1.34","Gagné"
"5G9GX8L9","2024-01-14 99:47","Combiné","Perdu","70.93","","","0.00","17","Vainqueur","A. Popyrin","","46881055","Tennis","1.17","Gagné"
"5G9GX8L9","2024-01-14 99:47","Combiné","Perdu","70.93","","","0.00","17","Nombre de sets","Plus de 3,5","","46881049","Tennis","1.54","Gagné"
"5G9GX8L9","2024-01-14 99:47","Combiné","Perdu","70.93","","","0.00","17","J. Duckworth remporte au moins un set","Oui","","46881033","Tennis","1.23","Gagné"
"5G9GX8L9","2024-01-14 99:47","Combiné","Perdu","70.93","","","0.00","17","Vainqueur","J. Thompson","","46881031","Tennis","1.39","Gagné"
"5G9GX8L9","2024-01-14 99:47","Combiné","Perdu","70.93","","","0.00","17","Nombre de sets","Plus de 3,5","","46920041","Tennis","1.42","Gagné"
"5G9GX8L9","2024-01-14 99:47","Combiné","Perdu","70.93","","","0.00","17","T.M. Etcheverry remporte au moins un set","Oui","","46881051","Tennis","1.20","Gagné"
"5G9GX8L9","2024-01-14 99:47","Combiné","Perdu","70.93","","","0.00","17","M. Marterer remporte au moins un set","Oui","","46880993","Tennis","1.15","Perdu"
"5G9GX8L9","2024-01-14 99:47","Combiné","Perdu","70.93","","","0.00","17","Nombre de sets","Plus de 3,5","","46880989","Tennis","1.47","Gagné"
"5G9GX8L9","2024-01-14 99:47","Combiné","Perdu","70.93","","","0.00","17","Nombre de sets","Plus de 3,5","","46880969","Tennis","1.50","Gagné"
"5G9GX8L9","2024-01-14 99:47","Combiné","Perdu","70.93","","","0.00","17","Vainqueur","G. Dimitrov","","46880997","Tennis","1.16","Gagné"
"5G9GX8L9","2024-01-14 99:47","Combiné","Perdu","70.93","","","0.00","17","Vainqueur","J. Draper","","46880973","Tennis","1.35","Gagné"
"5G9GX8L9","2024-01-14 99:47","Combiné","Perdu","70.93","","","0.00","17","Vainqueur","A. Bublik","","46920017","Tennis","1.18","Perdu"
"5G9GX8L9","2024-01-14 99:47","Combiné","Perdu","70.93","","","0.00","17","J. Shang remporte au moins un set","Oui","","46880967","Tennis","1.12","Gagné"
"5G8VDBAA","2024-01-13 23:43","Combiné","Perdu","116.04","","","0.00","23","Vainqueur","L. Tsurenko","","46880869","","1.50","Gagné"
"5G8VDBAA","2024-01-13 23:43","Combiné","Perdu","116.04","","","0.00","23","Vainqueur","L.A. Fernandez","","46920527","","1.29","Gagné"
"5G8VDBAA","2024-01-13 23:43","Combiné","Perdu","116.04","","","0.00","23","Vainqueur","B. Krejcikova","","46880879","","1.18","Gagné"
"5G8VDBAA","2024-01-13 23:43","Combiné","Perdu","116.04","","","0.00","23","Vainqueur","M. Sakkari","","46880909","","1.07","Gagné"
"5G8VDBAA","2024-01-13 23:43","Combiné","Perdu","116.04","","","0.00","23","Vainqueur","A. Sabalenka","","46920515","","1.02","Gagné"
"5G8VDBAA","2024-01-13 23:43","Combiné","Perdu","116.04","","","0.00","23","Vainqueur","E. Svitolina","","46880955","","1.06","Gagné"
"5G8VDBAA","2024-01-13 23:43","Combiné","Perdu","116.04","","","0.00","23","Vainqueur","M. Vondrousova","","46920541","","1.18","Perdu"
"5G8VDBAA","2024-01-13 23:43","Combiné","Perdu","116.04","","","0.00","23","Vainqueur","C. Gauff","","46880891","","1.02","Gagné"
"5G8VDBAA","2024-01-13 23:43","Combiné","Perdu","116.04","","","0.00","23","Vainqueur","E. Alexandrova","","46880883","","1.42","Perdu"
"5G8VDBAA","2024-01-13 23:43","Combiné","Perdu","116.04","","","0.00","23","Vainqueur","F. Ferro","","46920545","","1.68","Perdu"
"5G8VDBAA","2024-01-13 23:43","Combiné","Perdu","116.04","","","0.00","23","Vainqueur","E. Mertens","","46880903","","1.16",""
"5G8VDBAA","2024-01-13 23:43","Combiné","Perdu","116.04","","","0.00","23","Vainqueur","K. Siniakova","","46880951","","1.35","Gagné"
"5G8VDBAA","2024-01-13 23:43","Combiné","Perdu","116.04","","","0.00","23","Vainqueur","O. Jabeur","","46920521","","1.13","Gagné"
"5G8VDBAA","2024-01-13 23:43","Combiné","Perdu","116.04","","","0.00","23","Vainqueur","B. Haddad Maia","","46880899","","1.20","Gagné"
"5G8VDBAA","2024-01-13 23:43","Combiné","Perdu","116.04","","","0.00","23","Vainqueur","P. Badosa","","46880873","","1.47","Gagné"
"5G8VDBAA","2024-01-13 23:43","Combiné","Perdu","116.04","","","0.00","23","Vainqueur","A. Kalinskaya","","46920539","","1.44","Gagné"
"5G8VDBAA","2024-01-13 23:43","Combiné","Perdu","116.04","","","0.00","23","Vainqueur","D. Kasatkina","","46880923","","1.40","Gagné"
"5G8VDBAA","2024-01-13 23:43","Combiné","Perdu","116.04","","","0.00","23","Vainqueur","V. Azarenka","","46880941","","1.36","Gagné"
"5G8VDBAA","2024-01-13 23:43","Combiné","Perdu","116.04","","","0.00","23","Vainqueur","C. Burel","","46880911","","1.08","Gagné"
"5G8VDBAA","2024-01-13 23:43","Combiné","Perdu","116.04","","","0.00","23","Vainqueur","J. Ostapenko","","46880947","","1.14","Gagné"
"5G8VDBAA","2024-01-13 23:43","Combiné","Perdu","116.04","","","0.00","23","Vainqueur","Q. Zheng","","46880921","","1.18","Gagné"
"5G8VDBAA","2024-01-13 23:43","Combiné","Perdu","116.04","","","0.00","23","Vainqueur","E. Rybakina","","46880935","","1.15","Gagné"
"5G8VDBAA","2024-01-13 23:43","Combiné","Perdu","116.04","","","0.00","23","Vainqueur","J. Pegula","","46920535","","1.07","Gagné"
"5G8V6IHL","2024-01-13 23:38","Combiné","Perdu","4926.58","","","0.00","37","Vainqueur","A. Shevchenko","","46881047","Tennis","1.34","Perdu"
"5G8V6IHL","2024-01-13 23:38","Combiné","Perdu","4926.58","","","0.00","37","Vainqueur","M. Arnaldi","","46881015","Tennis","1.20","Gagné"
"5G8V6IHL","2024-01-13 23:38","Combiné","Perdu","4926.58","","","0.00","37","Vainqueur","J. Sinner","","46881027","Tennis","1.04","Gagné"
"5G8V6IHL","2024-01-13 23:38","Combiné","Perdu","4926.58","","","0.00","37","P. Kotov remporte au moins un set","Oui","","46881013","Tennis","1.12","Gagné"
"5G8V6IHL","2024-01-13 23:38","Combiné","Perdu","4926.58","","","0.00","37","Nombre de sets","Plus de 3,5","","46920047","Tennis","1.58","Gagné"
"5G8V6IHL","2024-01-13 23:38","Combiné","Perdu","4926.58","","","0.00","37","Nombre de sets","Plus de 3,5","","46881037","Tennis","1.48","Gagné"
"5G8V6IHL","2024-01-13 23:38","Combiné","Perdu","4926.58","","","0.00","37","Nombre de sets","Plus de 3,5","","46920043","Tennis","1.68","Perdu"
"5G8V6IHL","2024-01-13 23:38","Combiné","Perdu","4926.58","","","0.00","37","Nombre de sets","Plus de 3,5","","46881045","Tennis","1.54","Gagné"
"5G8V6IHL","2024-01-13 23:38","Combiné","Perdu","4926.58","","","0.00","37","Vainqueur","J. De Jong","","46920045","Tennis","1.43","Gagné"
"5G8V6IHL","2024-01-13 23:38","Combiné","Perdu","4926.58","","","0.00","37","J.J. Wolf remporte au moins un set","Oui","","46881023","Tennis","1.11","Gagné"
"5G8V6IHL","2024-01-13 23:38","Combiné","Perdu","4926.58","","","0.00","37","J. Kubler remporte au moins un set","Oui","","46881025","Tennis","1.09","Gagné"
"5G8V6IHL","2024-01-13 23:38","Combiné","Perdu","4926.58","","","0.00","37","Vainqueur","L. Harris","","46920035","Tennis","1.40","Perdu"
"5G8V6IHL","2024-01-13 23:38","Combiné","Perdu","4926.58","","","0.00","37","Vainqueur","F. Tiafoe","","46881021","Tennis","1.54","Gagné"
"5G8V6IHL","2024-01-13 23:38","Combiné","Perdu","4926.58","","","0.00","37","Vainqueur","S. Korda","","46920037","Tennis","1.09","Gagné"
"5G8V6IHL","2024-01-13 23:38","Combiné","Perdu","4926.58","","","0.00","37","R. Carballes Baena remporte au moins un set","Oui","","46952351","Tennis","1.13","Gagné"
"5G8V6IHL","2024-01-13 23:38","Combiné","Perdu","4926.58","","","0.00","37","Vainqueur","B. Shelton","","46881043","Tennis","1.34","Gagné"
"5G8V6IHL","2024-01-13 23:38","Combiné","Perdu","4926.58","","","0.00","37","Vainqueur","A. Davidovich-Fokina","","46880991","Tennis","1.19","Gagné"
"5G8V6IHL","2024-01-13 23:38","Combiné","Perdu","4926.58","","","0.00","37","Vainqueur","A. Popyrin","","46881055","Tennis","1.17","Gagné"
"5G8V6IHL","2024-01-13 23:38","Combiné","Perdu","4926.58","","","0.00","37","Nombre de sets","Plus de 3,5","","46881049","Tennis","1.54","Gagné"
"5G8V6IHL","2024-01-13 23:38","Combiné","Perdu","4926.58","","","0.00","37","J. Duckworth remporte au moins un set","Oui","","46881033","Tennis","1.23","Gagné"
"5G8V6IHL","2024-01-13 23:38","Combiné","Perdu","4926.58","","","0.00","37","J. Mensik remporte au moins un set","Oui","","46920031","Tennis","1.10","Gagné"
"5G8V6IHL","2024-01-13 23:38","Combiné","Perdu","4926.58","","","0.00","37","Vainqueur","J. Thompson","","46881031","Tennis","1.41","Gagné"
"5G8V6IHL","2024-01-13 23:38","Combiné","Perdu","4926.58","","","0.00","37","Nombre de sets","Plus de 3,5","","46920041","Tennis","1.42","Gagné"
"5G8V6IHL","2024-01-13 23:38","Combiné","Perdu","4926.58","","","0.00","37","T. Daniel remporte au moins un set","Oui","","46881011","Tennis","1.12","Perdu"
"5G8V6IHL","2024-01-13 23:38","Combiné","Perdu","4926.58","","","0.00","37","T.M. Etcheverry remporte au moins un set","Oui","","46881051","Tennis","1.20","Gagné"
"5G8V6IHL","2024-01-13 23:38","Combiné","Perdu","4926.58","","","0.00","37","G. Monfils remporte au moins un set","Oui","","46881053","Tennis","1.09","Gagné"
"5G8V6IHL","2024-01-13 23:38","Combiné","Perdu","4926.58","","","0.00","37","M. Marterer remporte au moins un set","Oui","","46880993","Tennis","1.15","Perdu"
"5G8V6IHL","2024-01-13 23:38","Combiné","Perdu","4926.58","","","0.00","37","Vainqueur","A. De Minaur","","46881017","Tennis","1.12",""
"5G8V6IHL","2024-01-13 23:38","Combiné","Perdu","4926.58","","","0.00","37","Nombre de sets","Plus de 3,5","","46880989","Tennis","1.47","Gagné"
"5G8V6IHL","2024-01-13 23:38","Combiné","Perdu","4926.58","","","0.00","37","Nombre de sets","Plus de 3,5","","46880969","Tennis","1.50","Gagné"
"5G8V6IHL","2024-01-13 23:38","Combiné","Perdu","4926.58","","","0.00","37","L. Djere remporte au moins un set","Oui","","46881005","Tennis","1.13","Gagné"
"5G8V6IHL","2024-01-13 23:38","Combiné","Perdu","4926.58","","","0.00","37","Vainqueur","G. Dimitrov","","46880997","Tennis","1.16","Gagné"
"5G8V6IHL","2024-01-13 23:38","Combiné","Perdu","4926.58","","","0.00","37","Vainqueur","J. Draper","","46880973","Tennis","1.35","Gagné"
"5G8V6IHL","2024-01-13 23:38","Combiné","Perdu","4926.58","","","0.00","37","Vainqueur","A. Bublik","","46920017","Tennis","1.18","Perdu"
"5G8V6IHL","2024-01-13 23:38","Combiné","Perdu","4926.58","","","0.00","37","J. Shang remporte au moins un set","Oui","","46880967","Tennis","1.12","Gagné"
"5G8V6IHL","2024-01-13 23:38","Combiné","Perdu","4926.58","","","0.00","37","T. Kokkinakis remporte au moins un set","Oui","","46880995","Tennis","1.19","Gagné"
"5G8V6IHL","2024-01-13 23:38","Combiné","Perdu","4926.58","","","0.00","37","Vainqueur","A. Zverev","","46880985","Tennis","1.05","Gagné"
"5FQB119D","2023-12-31 23:54","Simple","Perdu","2.40","","","0.00","1","Aces - Résultat","M. Arnaldi","","46550009","","2.40","Perdu"
"5DNCCTE0","2023-11-09 12:48","Simple","Perdu","2.50","","","0.00","1","Aces - Résultat","A. Mannarino","","44991570","","2.50","Perdu"
"5DLXUNEX","2023-11-08 13:15","Simple","Annulé","3.25","","","","1","Aces - Résultat","S. Baez","","44991544","","3.25","Annulé"
"5DLXTBHK","2023-11-08 13:14","Simple","Annulé","3.25","","","","1","Aces - Résultat","S. Baez","","44991544","","3.25","Annulé"
"5DKY1831","2023-11-07 20:32","Simple","Perdu","","","","0.00","1","","","","","Cotes boostées","","Perdu"
"5DKK2CH0","2023-11-07 14:01","Simple","Perdu","3.00","","","0.00","1","Aces - Résultat","H. Gaston","","45155414","","3.00","Perdu"
"5DKK21JE","2023-11-07 14:01","Simple","Gagné","2.00","","","20.00","1","Aces - Résultat","G. Barrere","","45039374","","2.00","Gagné"
"5DJOW2N9","2023-11-06 23:28","Simple","Perdu","","","","0.00","1","Score exact","2 - 1","Score exact2 - 1Live60Jessica PegulaIga Swiatek1606","45163068","","","Perdu"
"5DJOW1UO","2023-11-06 23:28","Simple","Perdu","","","","0.00","1","Score exact","1 - 2","Score exact1 - 2Live44Jessica PegulaIga Swiatek1606","45163068","","","Perdu"
"5DJH849O","2023-11-06 19:54","Combiné","Perdu","4.96","","","0.00","2","Vainqueur","J. Pegula","","45163068","","3.10","Perdu"
"5DJH849O","2023-11-06 19:54","Combiné","Perdu","4.96","","","0.00","2","Aces - Résultat","R. Carballes Baena","","45132138","","1.60","Perdu"
"5DJ368V3","2023-11-06 13:20","Simple","Gagné","7.00","","","35.00","1","Aces - Résultat","C. Lestienne","","45155404","","7.00","Gagné"
"5DI5A54M","2023-11-05 21:31","Combiné","Perdu","41.90","","","0.00","10","Vainqueur","Z. Anda","VainqueurZ. Anda2,60Mark Williams3 - 6Zhang Anda","44721834","","2.60","Gagné"
"5DI5A54M","2023-11-05 21:31","Combiné","Perdu","41.90","","","0.00","10","Vainqueur","J. Robertson","VainqueurJ. Robertson1,90Jimmy Robertson3 - 6Xiao Guodong","44721838","","1.90","Perdu"
"5DI5A54M","2023-11-05 21:31","Combiné","Perdu","41.90","","","0.00","10","Vainqueur","N. Saengkham","VainqueurN. Saengkham1,05Noppon Saengkham5 - 6Liam Pullen","44721844","","1.05","Perdu"
"5DI5A54M","2023-11-05 21:31","Combiné","Perdu","41.90","","","0.00","10","Vainqueur","L. Brecel","VainqueurL. Brecel1,15Mark Davis6 - 3Luca Brecel","45147066","","1.15","Perdu"
"5DI5A54M","2023-11-05 21:31","Combiné","Perdu","41.90","","","0.00","10","Vainqueur","N. Robertson","VainqueurN. Robertson1,19Daniel Wells6 - 1Neil Robertson","44721846","","1.19","Perdu"
"5DI5A54M","2023-11-05 21:31","Combiné","Perdu","41.90","","","0.00","10","Vainqueur","P. Junxu","VainqueurP. Junxu1,58Pang Junxu6 - 5Fan Zhengyi","44721848","","1.58","Gagné"
"5DI5A54M","2023-11-05 21:31","Combiné","Perdu","41.90","","","0.00","10","Vainqueur","S. Murphy","VainqueurS. Murphy1,15Shaun Murphy3 - 6Dominic Dale","44721850","","1.15","Perdu"
"5DI5A54M","2023-11-05 21:31","Combiné","Perdu","41.90","","","0.00","10","Vainqueur","R. Williams","VainqueurR. Williams1,88Robbie Williams4 - 6Gary Wilson","44721852","","1.88","Perdu"
"5DI5A54M","2023-11-05 21:31","Combiné","Perdu","41.90","","","0.00","10","Vainqueur","A. McGill","VainqueurA. McGill1,60Anthony McGill6 - 3Sam Craigie","44721854","","1.60","Gagné"
"5DI5A54M","2023-11-05 21:31","Combiné","Perdu","41.90","","","0.00","10","Vainqueur","J. Trump","VainqueurJ. Trump1,08Judd Trump6 - 0Michael White","45155108","","1.08","Gagné"
"5DHKE06K","2023-11-05 11:47","Simple","Gagné","2.50","","","37.50","1","Aces - Résultat","G. Barrere","","45105712","","2.50","Gagné"
"5DHKCPNY","2023-11-05 11:46","Combiné","Perdu","204.15","","","0.00","8","Résultat","FK Liepaja","RésultatFK Liepaja1,90BFC Daugavpils2 - 1FK Liepaja","39461951","","1.90","Perdu"
"5DHKCPNY","2023-11-05 11:46","Combiné","Perdu","204.15","","","0.00","8","Résultat","Vorskla Poltava","RésultatVorskla Poltava1,84FC Minaj0 - 0Vorskla Poltava","42149877","","1.84","Perdu"
"5DHKCPNY","2023-11-05 11:46","Combiné","Perdu","204.15","","","0.00","8","Résultat","Lyon","RésultatLyon1,55Lyon1 - 1Metz","42004713","","1.55","Perdu"
"5DHKCPNY","2023-11-05 11:46","Combiné","Perdu","204.15","","","0.00","8","Résultat","Aston Villa","RésultatAston Villa1,84Nottingham Forest2 - 0Aston Villa","41763055","","1.84","Perdu"
"5DHKCPNY","2023-11-05 11:46","Combiné","Perdu","204.15","","","0.00","8","Score exact","2 - 1","","44813992","","3.25","Perdu"
"5DHKCPNY","2023-11-05 11:46","Combiné","Perdu","204.15","","","0.00","8","Aces - Résultat","G. Barrere","","45105712","","2.50","Gagné"
"5DHKCPNY","2023-11-05 11:46","Combiné","Perdu","204.15","","","0.00","8","Résultat","Monaco","RésultatMonaco1,68Monaco2 - 0Brest","42004711","","1.68","Gagné"
"5DHKCPNY","2023-11-05 11:46","Combiné","Perdu","204.15","","","0.00","8","Résultat","AS Rome","RésultatAS Rome1,50AS Rome2 - 1Lecce","42134309","","1.50","Gagné"
"5D6WYDW5","2023-10-29 51:53","Combiné","Perdu","474.94","","","0.00","12","Vainqueur","Toronto Raptors","VainqueurToronto RaptorsLive1,72Toronto Raptors107 - 114Philadelphia 76ers","43065423","Basket","1.72","Perdu"
"5D6WYDW5","2023-10-29 51:53","Combiné","Perdu","474.94","","","0.00","12","Résultat","Los Angeles FC","RésultatLos Angeles FC1,44Los Angeles FC5 - 2Vancouver","44757040","","1.44","Gagné"
"5D6WYDW5","2023-10-29 51:53","Combiné","Perdu","474.94","","","0.00","12","Résultat (hors prolongations et TAB)","Coachella Valley Firebirds","Résultat (hors prolongations et TAB)Coachella Valley Firebirds2,15San Jose Barracuda2 - 8Coachella Valley Firebirds","42286047","","2.15","Gagné"
"5D6WYDW5","2023-10-29 51:53","Combiné","Perdu","474.94","","","0.00","12","Vainqueur","Phoenix Suns","VainqueurPhoenix Suns1,41Phoenix Suns126 - 104Utah Jazz","43065427","","1.41","Gagné"
"5D6WYDW5","2023-10-29 51:53","Combiné","Perdu","474.94","","","0.00","12","Vainqueur","B. Haddad Maia","","44912332","","2.00","Gagné"
"5D6WYDW5","2023-10-29 51:53","Combiné","Perdu","474.94","","","0.00","12","Vainqueur","B. Van De Zandschulp","","44913542","","1.40","Gagné"
"5D6WYDW5","2023-10-29 51:53","Combiné","Perdu","474.94","","","0.00","12","Vainqueur","J. Thompson","","44913888","","2.00","Perdu"
"5D6WYDW5","2023-10-29 51:53","Combiné","Perdu","474.94","","","0.00","12","Résultat","PSG","RésultatPSG1,46Brest2 - 3Paris SG","42004699","","1.46","Gagné"
"5D6WYDW5","2023-10-29 51:53","Combiné","Perdu","474.94","","","0.00","12","Vainqueur","Y. Nishioka","","44920096","","1.82","Gagné"
"5D6WYDW5","2023-10-29 51:53","Combiné","Perdu","474.94","","","0.00","12","Résultat","Manchester City","RésultatManchester City1,62Manchester United0 - 3Manchester City","41763035","","1.62","Gagné"
"5D6WYDW5","2023-10-29 51:53","Combiné","Perdu","474.94","","","0.00","12","Vainqueur","Denver Nuggets","VainqueurDenver Nuggets1,64Oklahoma City Thunder95 - 128Denver Nuggets","43065429","Basket","1.64","Gagné"
"5D6WYDW5","2023-10-29 51:53","Combiné","Perdu","474.94","","","0.00","12","Résultat","Marseille","","42004685","","1.60",""
"5D21O2SJ","2023-10-25 16:06","Combiné","Perdu","898.63","","","0.00","11","Vainqueur","Q. Zheng","","44743856","","1.46","Gagné"
"5D21O2SJ","2023-10-25 16:06","Combiné","Perdu","898.63","","","0.00","11","Vainqueur","H. Hurkacz","","44601230","","1.38","Gagné"
"5D21O2SJ","2023-10-25 16:06","Combiné","Perdu","898.63","","","0.00","11","Vainqueur","F. Auger-Aliassime","","44693648","","1.40","Gagné"
"5D21O2SJ","2023-10-25 16:06","Combiné","Perdu","898.63","","","0.00","11","Lazio gagne une des mi-temps","Oui","Lazio gagne une des mi-tempsOui2,20Feyenoord3 - 1Lazio Rome","43458733","Football","2.20","Perdu"
"5D21O2SJ","2023-10-25 16:06","Combiné","Perdu","898.63","","","0.00","11","Mi-temps avec le plus de buts","2de mi-temps","Mi-temps avec le plus de buts2de mi-temps1,82FC Barcelone2 - 1Shakhtar Donetsk","43459077","","1.82","Perdu"
"5D21O2SJ","2023-10-25 16:06","Combiné","Perdu","898.63","","","0.00","11","Vainqueur","T.M. Etcheverry","","44601238","","2.60","Gagné"
"5D21O2SJ","2023-10-25 16:06","Combiné","Perdu","898.63","","","0.00","11","Double chancePSG ou match nul","Double chance","Double chancePSG ou match nulLes 2 équipes marquentOuiButeurKylian MbappéParis SG3 - 0Milan AC","43458585","","3.05","Perdu"
"5D21O2SJ","2023-10-25 16:06","Combiné","Perdu","898.63","","","0.00","11","Mi-temps avec le plus de buts","2de mi-temps","Mi-temps avec le plus de buts2de mi-temps1,84Newcastle0 - 1Borussia Dortmund","43458587","Football","1.84","Perdu"
"5D21O2SJ","2023-10-25 16:06","Combiné","Perdu","898.63","","","0.00","11","Résultat","Atl. Madrid","RésultatAtl. Madrid1,75Celtic Glasgow2 - 2Atletico Madrid","43458739","","1.75","Perdu"
"5D21O2SJ","2023-10-25 16:06","Combiné","Perdu","898.63","","","0.00","11","RésultatManchester City","Résultat","RésultatManchester CityNombre de butsPlus de 1,5Mi-temps - RésultatManchester CityYoung Boys Berne1 - 3Manchester City","43458945","","1.64","Perdu"
"5D21O2SJ","2023-10-25 16:06","Combiné","Perdu","898.63","","","0.00","11","Mi-temps avec le plus de buts","2de mi-temps","Mi-temps avec le plus de buts2de mi-temps1,90Royal Antwerp FC1 - 4FC Porto","43459171","Football","1.90","Gagné"
"5CO6S61W","2023-10-15 23:20","Simple","Perdu","2.40","","","0.00","1","Aces - Résultat","S. Sorribes Tormo","","44513032","","2.40","Perdu"
"5CO6POQT","2023-10-15 23:18","Combiné","Perdu","8.40","","","0.00","2","Aces - Résultat","A. Vukic","","44487132","","3.50","Perdu"
"5CO6POQT","2023-10-15 23:18","Combiné","Perdu","8.40","","","0.00","2","Aces - Résultat","S. Sorribes Tormo","","44513032","","2.40","Perdu"
"5CO6N0ES","2023-10-15 23:16","Combiné","Perdu","154.20","","","0.00","7","Vainqueur","S. Ofner","","44487130","","1.90","Gagné"
"5CO6N0ES","2023-10-15 23:16","Combiné","Perdu","154.20","","","0.00","7","Vainqueur","M. McDonald","","44487136","","1.47","Gagné"
"5CO6N0ES","2023-10-15 23:16","Combiné","Perdu","154.20","","","0.00","7","Aces - Résultat","A. Vukic","","44487132","","3.50","Perdu"
"5CO6N0ES","2023-10-15 23:16","Combiné","Perdu","154.20","","","0.00","7","Aces - Résultat","S. Sorribes Tormo","","44513032","","2.40","Perdu"
"5CO6N0ES","2023-10-15 23:16","Combiné","Perdu","154.20","","","0.00","7","Résultat","Algérie","RésultatAlgérie2,35Égypte1 - 1Algérie","43899202","","2.35","Perdu"
"5CO6N0ES","2023-10-15 23:16","Combiné","Perdu","154.20","","","0.00","7","Résultat","Sénégal","RésultatSénégal1,84Sénégal1 - 0Cameroun","44140628","","1.84","Gagné"
"5CO6N0ES","2023-10-15 23:16","Combiné","Perdu","154.20","","","0.00","7","Résultat","Portugal","RésultatPortugal1,52Bosnie-Herzégovine0 - 5Portugal","36604835","","1.52","Gagné"
"5BNJIAF5","2023-09-20 57:49","Simple","Perdu","2.80","","","0.00","1","Aces - Résultat","D. Saville","","43701865","","2.80","Perdu"
"5BNJI9F0","2023-09-20 07:49","Simple","Perdu","2.25","","","0.00","1","Aces - Résultat","R. Safiullin","","43845489","","2.25","Perdu"
"5BMZKA1G","2023-09-19 22:31","Simple","Gagné","1.90","","","19.95","1","Aces - Résultat","C. Dolehide","","43701753","","1.90","Gagné"
"5BMZK9AZ","2023-09-19 22:31","Simple","Perdu","3.25","","","0.00","1","Aces - Résultat","V. Azarenka","","43701743","","3.25","Perdu"
"5BMVF5YM","2023-09-19 20:35","Simple","Gagné","","","","22.50","1","","","","","Cotes boostées","","Gagné"
"5BH5KRCD","2023-09-15 20:33","Simple","Perdu","","","","0.00","1","","","","","Cotes boostées","","Perdu"
"5BFQP4JR","2023-09-14 20:48","Simple","Perdu","","","","0.00","1","","","","","Cotes boostées","","Perdu"
"5B2Y4MCA","2023-09-05 21:55","Combiné","Perdu","43.17","","","0.00","3","Vainqueur","T. Fritz","","43216853","","9.50","Perdu"
"5B2Y4MCA","2023-09-05 21:55","Combiné","Perdu","43.17","","","0.00","3","Vainqueur","K. Muchova","","43216389","","1.49","Gagné"
"5B2Y4MCA","2023-09-05 21:55","Combiné","Perdu","43.17","","","0.00","3","Vainqueur","B. Shelton","","43216859","","3.05","Gagné"
"5AYT0MDL","2023-09-03 0:21","Simple","Perdu","6.00","","","0.00","1","Aces - Résultat","P. Stearns","","43216357","","6.00","Perdu"
"5AG25DHM","2023-08-20 21:29","Combiné","Perdu","29.55","","","0.00","4","Vainqueur","B. Bonzi","","43081569","Tennis","2.20","Gagné"
"5AG25DHM","2023-08-20 21:29","Combiné","Perdu","29.55","","","0.00","4","Aces - Résultat","L. Noskova","","43085295","Tennis","1.65","Perdu"
"5AG25DHM","2023-08-20 21:29","Combiné","Perdu","29.55","","","0.00","4","Score exact","2 - 1","","42850091","Tennis","4.40","Perdu"
"5AG25DHM","2023-08-20 21:29","Combiné","Perdu","29.55","","","0.00","4","Premier joueur à réaliser un break","R. Albot","","43081577","Tennis","1.85","Perdu"
"5AFTP0AT","2023-08-20 17:32","Combiné","Perdu","14.07","","","0.00","4","Premier joueur à réaliser un break","M-A. Huesler","","43081573","Tennis","2.15","Gagné"
"5AFTP0AT","2023-08-20 17:32","Combiné","Perdu","14.07","","","0.00","4","Premier joueur à réaliser un break","Z. Zhang","","43081571","Tennis","1.75","Perdu"
"5AFTP0AT","2023-08-20 17:32","Combiné","Perdu","14.07","","","0.00","4","Premier joueur à réaliser un break","B. Bonzi","","43081569","Tennis","2.20","Perdu"
"5AFTP0AT","2023-08-20 17:32","Combiné","Perdu","14.07","","","0.00","4","Premier joueur à réaliser un break","N. Djokovic","","42850091","Tennis","1.70","Gagné"
"5AFSU69A","2023-08-20 17:08","Combiné","Perdu","132.68","","","0.00","4","Résultat","Vardar Skopje","RésultatVardar SkopjeLive3,60Voska Sport3 - 2Vardar Skopje","42620417","","3.60","Perdu"
"5AFSU69A","2023-08-20 17:08","Combiné","Perdu","132.68","","","0.00","4","Résultat","Farul Constanta","RésultatFarul Constanta3,25Rapid Bucarest3 - 1Farul Constanta","41978221","","3.25","Perdu"
"5AFSU69A","2023-08-20 17:08","Combiné","Perdu","132.68","","","0.00","4","Résultat","Novi Pazar","RésultatNovi Pazar3,60Radnik Surdulica0 - 0Novi Pazar","42548343","","3.60","Perdu"
"5AFSU69A","2023-08-20 17:08","Combiné","Perdu","132.68","","","0.00","4","Résultat","Match nul","RésultatMatch nul3,15Kalmar0 - 0Hammarby IF","37844291","","3.15","Gagné"
"5AFF3PLT","2023-08-20 10:44","Simple","Perdu","2.00","50.00","Cash","0.00","1","Quelle équipe gagnera la finale ?","Angleterre (F)","Quelle équipe gagnera la finale ?Angleterre (F)2,00Espagne (F)1 - 0Angleterre (F)","36887591","","2.00","Perdu"
"5AFF3P10","2023-08-20 10:44","Simple","Gagné","1.85","50.00","Cash","92.50","1","Quelle équipe gagnera la finale ?","Espagne (F)","Quelle équipe gagnera la finale ?Espagne (F)1,85Espagne (F)1 - 0Angleterre (F)","36887591","","1.85","Gagné"
"5AEU2K9R","2023-08-20 0:55","Simple","Perdu","4.40","","","0.00","1","Score exact","0 - 2","Score exact0 - 2Live4,40Carlos Alcaraz Hubert Hurkacz267663","42850093","Tennis","4.40","Perdu"
"5AESUGNE","2023-08-20 0:21","Combiné","Perdu","45.84","","","0.00","3","Méthode de victoire","M. Vera gagne par KO, KO technique ou disqualification","Méthode de victoireM. Vera gagne par KO, KO technique ou disqualification5,20Marlon Vera1 - 0Pedro Munhoz","42244423","MMA","5.20","Perdu"
"5AESUGNE","2023-08-20 0:21","Combiné","Perdu","45.84","","","0.00","3","Méthode de victoire","I. Garry gagne par KO, KO technique ou disqualification","Méthode de victoireI. Garry gagne par KO, KO technique ou disqualification2,15Neil Magny0 - 1Ian Machado Garry","42938317","MMA","2.15","Perdu"
"5AESUGNE","2023-08-20 0:21","Combiné","Perdu","45.84","","","0.00","3","Méthode de victoire","S. O'Malley gagne par KO, KO technique ou disqualification","Méthode de victoireS. O'Malley gagne par KO, KO technique ou disqualification4,10Aljamain Sterling0 - 1Sean O'Malley","41331465","MMA","4.10","Gagné"
"5AERQADL","2023-08-19 23:50","Simple","Perdu","1.31","","","0.00","1","1er set - 8e jeu - 2e point - Vainqueur","C. Alcaraz","","42850093","Tennis","1.31","Perdu"
"5AEPBHVA","2023-08-19 22:42","Simple","Gagné","2.40","","","24.00","1","Premier joueur à réaliser un break","H. Hurkacz","","42850093","Tennis","2.40","Gagné"
"5AEKP7PU","2023-08-19 20:33","Simple","Gagné","","","","20.00","1","","","","","Cotes boostées","","Gagné"
"5A74SXVB","2023-08-14 15:34","Combiné","Perdu","258.59","","","0.00","10","Vainqueur","M. Berrettini","","42907363","MMA","1.50","Perdu"
"5A74SXVB","2023-08-14 15:34","Combiné","Perdu","258.59","","","0.00","10","Vainqueur","C. Moutet","","42963691","MMA","2.95","Perdu"
"5A74SXVB","2023-08-14 15:34","Combiné","Perdu","258.59","","","0.00","10","Vainqueur","A. Potapova","","42909001","MMA","1.26","Gagné"
"5A74SXVB","2023-08-14 15:34","Combiné","Perdu","258.59","","","0.00","10","Vainqueur","D. Lajovic","","42963689","MMA","2.70","Gagné"
"5A74SXVB","2023-08-14 15:34","Combiné","Perdu","258.59","","","0.00","10","Vainqueur","J. Thompson","","42963699","MMA","1.66","Gagné"
"5A74SXVB","2023-08-14 15:34","Combiné","Perdu","258.59","","","0.00","10","Vainqueur","L. Zhu","","42908985","MMA","1.82","Perdu"
"5A74SXVB","2023-08-14 15:34","Combiné","Perdu","258.59","","","0.00","10","Vainqueur","Q. Zheng","","42963757","MMA","1.44","Gagné"
"5A74SXVB","2023-08-14 15:34","Combiné","Perdu","258.59","","","0.00","10","Vainqueur","S. Korda","","42907373","MMA","1.58","Perdu"
"5A74SXVB","2023-08-14 15:34","Combiné","Perdu","258.59","","","0.00","10","Vainqueur","B. Nakashima","","42907377","MMA","1.70","Perdu"
"5A74SXVB","2023-08-14 15:34","Combiné","Perdu","258.59","","","0.00","10","A. Shevchenko remporte au moins un set","Oui","","42963687","MMA","1.47","Gagné"
"59UPE8KB","2023-08-05 22:49","Simple","Perdu","4.20","","","0.00","1","Score exact","0 - 2","Score exact0 - 2Live4,20Cori GauffLudmilla Samsonova6363","42574097","","4.20","Perdu"
"59KO1Q8S","2023-07-29 22:14","Simple","Perdu","","","","0.00","1","","","","","Cotes boostées","","Perdu"
"597PI7S6","2023-07-20 20:33","Simple","Perdu","","","","0.00","1","VainqueurK. Anderson","Vainqueur","VainqueurK. AndersonScore exact2 - 0Nombre exact de sets2Résultat après 2 jeuxK. AndersonTie-break au cours du matchNonKevin AndersonUgo Humbert2646","42263757","","","Perdu"
"58YPEO7V","2023-07-14 13:21","Simple","Gagné","","","","20.00","1","","","","","Cotes boostées","","Gagné"
"58QV7TTQ","2023-07-09 1:41","Combiné","Perdu","1.98","","","0.00","3","Vainqueur","J. Turner","VainqueurJ. Turner1,28Jalin Turner0 - 1Daniel Hooker","41229485","","1.28","Perdu"
"58QV7TTQ","2023-07-09 1:41","Combiné","Perdu","1.98","","","0.00","3","Vainqueur","R. Whittaker","VainqueurR. Whittaker1,25Robert Whittaker0 - 1Dricus Du Plessis","41229487","MMA","1.25","Perdu"
"58QV7TTQ","2023-07-09 1:41","Combiné","Perdu","1.98","","","0.00","3","Vainqueur","A. Volkanovski","VainqueurA. Volkanovski1,24Alex Volkanovski1 - 0Yair Rodriguez","41229495","","1.24","Gagné"
"58QV65M6","2023-07-09 61:40","Combiné","Perdu","","","","0.00","2","Méthode de victoire","J. Turner gagne par KO, KO technique ou disqualification","Méthode de victoireJ. Turner gagne par KO, KO technique ou disqualification2,85Jalin Turner0 - 1Daniel Hooker","41229485","MMA","2.85","Perdu"
"58QV65M6","2023-07-09 61:40","Combiné","Perdu","","","","0.00","2","Vainqueur et nombre exact de rounds","D. Du Plessis et 3 (avant décision)","Vainqueur et nombre exact de roundsD. Du Plessis et 3 (avant décision)18Robert Whittaker0 - 1Dricus Du Plessis","41229487","MMA","","Perdu"
"58QV4SZK","2023-07-09 1:39","Combiné","Perdu","61.95","","","0.00","3","Méthode de victoire","J. Turner gagne par soumission","Méthode de victoireJ. Turner gagne par soumission 2,95Jalin Turner0 - 1Daniel Hooker","41229485","MMA","2.95","Perdu"
"58QV4SZK","2023-07-09 1:39","Combiné","Perdu","61.95","","","0.00","3","Vainqueur et nombre exact de rounds","R. Whittaker et 3 (avant décision)","Vainqueur et nombre exact de roundsR. Whittaker et 3 (avant décision)7,00Robert Whittaker0 - 1Dricus Du Plessis","41229487","MMA","7.00","Perdu"
"58QV4SZK","2023-07-09 1:39","Combiné","Perdu","61.95","","","0.00","3","Méthode de victoire","A. Volkanovski gagne par KO, KO technique ou disqualification","Méthode de victoireA. Volkanovski gagne par KO, KO technique ou disqualification3,00Alex Volkanovski1 - 0Yair Rodriguez","41229495","MMA","3.00","Gagné"
"58QUWX9U","2023-07-09 1:33","Combiné","Perdu","113.00","","","0.00","7","Résultat","Columbus Crew","RésultatColumbus Crew1,62Columbus Crew1 - 1New York City FC","38186073","","1.62","Perdu"
"58QUWX9U","2023-07-09 1:33","Combiné","Perdu","113.00","","","0.00","7","Résultat","Saint Louis City SC","RésultatSaint Louis City SC2,00Toronto FC0 - 1St. Louis City","38186081","","2.00","Gagné"
"58QUWX9U","2023-07-09 1:33","Combiné","Perdu","113.00","","","0.00","7","Résultat","Guadalajara","RésultatGuadalajara 1,88Guadalajara 3 - 1Atletico San Luis","41678839","","1.88","Gagné"
"58QUWX9U","2023-07-09 1:33","Combiné","Perdu","113.00","","","0.00","7","Méthode de victoire","J. Turner gagne par soumission","Méthode de victoireJ. Turner gagne par soumission 2,95Jalin Turner0 - 1Daniel Hooker","41229485","","2.95","Perdu"
"58QUWX9U","2023-07-09 1:33","Combiné","Perdu","113.00","","","0.00","7","Vainqueur","D. Du Plessis","VainqueurD. Du Plessis3,45Robert Whittaker0 - 1Dricus Du Plessis","41229487","MMA","3.45","Gagné"
"58QUWX9U","2023-07-09 1:33","Combiné","Perdu","113.00","","","0.00","7","Vainqueur","B. Moreno","VainqueurB. Moreno1,47Brandon Moreno0 - 1Alexandre Pantoja","41229489","MMA","1.47","Perdu"
"58QUWX9U","2023-07-09 1:33","Combiné","Perdu","113.00","","","0.00","7","Vainqueur","A. Volkanovski","VainqueurA. Volkanovski1,24Alex Volkanovski1 - 0Yair Rodriguez","41229495","","1.24","Gagné"
"58QGRSYP","2023-07-08 18:57","Simple","Perdu","1.76","","","0.00","1","Vainqueur","A. Zverev","","42001131","","1.76","Perdu"
"58N0JELP","2023-07-06 8:59","Combiné","Perdu","26.18","","","0.00","8","Vainqueur","L. Noskova","","42023377","","1.35","Perdu"
"58N0JELP","2023-07-06 8:59","Combiné","Perdu","26.18","","","0.00","8","Vainqueur","Q. Halys","","42001099","","1.68","Gagné"
"58N0JELP","2023-07-06 8:59","Combiné","Perdu","26.18","","","0.00","8","Vainqueur","S. Kenin","","42003973","","1.52","Gagné"
"58N0JELP","2023-07-06 8:59","Combiné","Perdu","26.18","","","0.00","8","Vainqueur","S. Wawrinka","","42001133","","1.50","Gagné"
"58N0JELP","2023-07-06 8:59","Combiné","Perdu","26.18","","","0.00","8","Vainqueur","A. Bublik","","42001141","","1.50","Gagné"
"58N0JELP","2023-07-06 8:59","Combiné","Perdu","26.18","","","0.00","8","Vainqueur","V. Kudermetova","","42003959","","1.64","Perdu"
"58N0JELP","2023-07-06 8:59","Combiné","Perdu","26.18","","","0.00","8","Vainqueur","O. Otte","","42001163","","1.47","Perdu"
"58N0JELP","2023-07-06 8:59","Combiné","Perdu","26.18","","","0.00","8","Vainqueur","D. Goffin","","42001153","","1.40","Gagné"
"58M94TDV","2023-07-05 20:12","Combiné","Perdu","46.23","","","0.00","9","Score exact","0 - 2","","42023413","","1.26","Perdu"
"58M94TDV","2023-07-05 20:12","Combiné","Perdu","46.23","","","0.00","9","Score exact","0 - 2","","42023423","","1.66","Gagné"
"58M94TDV","2023-07-05 20:12","Combiné","Perdu","46.23","","","0.00","9","Score exact","2 - 0","","42003971","","2.15","Perdu"
"58M94TDV","2023-07-05 20:12","Combiné","Perdu","46.23","","","0.00","9","Score exact","0 - 2","","42023425","","1.49","Perdu"
"58M94TDV","2023-07-05 20:12","Combiné","Perdu","46.23","","","0.00","9","Premier joueur à réaliser un break","I-C. Begu","","42023371","","1.45","Gagné"
"58M94TDV","2023-07-05 20:12","Combiné","Perdu","46.23","","","0.00","9","Score exact","3 - 0","","42024057","","1.52","Gagné"
"58M94TDV","2023-07-05 20:12","Combiné","Perdu","46.23","","","0.00","9","Score exact","2 - 0","","42023417","","1.72","Gagné"
"58M94TDV","2023-07-05 20:12","Combiné","Perdu","46.23","","","0.00","9","Score exact","0 - 3","","42024059","","1.40","Perdu"
"58M94TDV","2023-07-05 20:12","Combiné","Perdu","46.23","","","0.00","9","Premier joueur à réaliser un break","V. Golubic","","42023391","","1.30","Gagné"
"58LNGXT5","2023-07-05 10:05","Combiné","Perdu","579.59","","","0.00","26","Vainqueur","D. Stricker","","42024045","","1.66","Gagné"
"58LNGXT5","2023-07-05 10:05","Combiné","Perdu","579.59","","","0.00","26","Vainqueur","F. Cerundolo","","42024023","","1.27","Gagné"
"58LNGXT5","2023-07-05 10:05","Combiné","Perdu","579.59","","","0.00","26","Vainqueur","G. Dimitrov","","42024041","","1.06","Gagné"
"58LNGXT5","2023-07-05 10:05","Combiné","Perdu","579.59","","","0.00","26","Vainqueur","F. Tiafoe","","42024049","","1.19","Gagné"
"58LNGXT5","2023-07-05 10:05","Combiné","Perdu","579.59","","","0.00","26","Vainqueur","M. Cressy","","42024005","","1.64","Perdu"
"58LNGXT5","2023-07-05 10:05","Combiné","Perdu","579.59","","","0.00","26","Vainqueur","T. Paul","","42024017","","1.14","Gagné"
"58LNGXT5","2023-07-05 10:05","Combiné","Perdu","579.59","","","0.00","26","Vainqueur","N. Djokovic","","42001135","","1.01","Gagné"
"58LNGXT5","2023-07-05 10:05","Combiné","Perdu","579.59","","","0.00","26","Vainqueur","S. Korda","","42024009","","1.10","Perdu"
"58LNGXT5","2023-07-05 10:05","Combiné","Perdu","579.59","","","0.00","26","Vainqueur","C. Eubanks","","42024013","","1.30","Gagné"
"58LNGXT5","2023-07-05 10:05","Combiné","Perdu","579.59","","","0.00","26","Vainqueur","I. Ivashka","","42024043","","1.10","Gagné"
"58LNGXT5","2023-07-05 10:05","Combiné","Perdu","579.59","","","0.00","26","Vainqueur","A. Mannarino","","42024029","","1.26","Gagné"
"58LNGXT5","2023-07-05 10:05","Combiné","Perdu","579.59","","","0.00","26","Vainqueur","J. Sinner","","42001097","","1.06","Gagné"
"58LNGXT5","2023-07-05 10:05","Combiné","Perdu","579.59","","","0.00","26","Vainqueur","A. Davidovich-Fokina","","42024039","","1.66","Gagné"
"58LNGXT5","2023-07-05 10:05","Combiné","Perdu","579.59","","","0.00","26","Vainqueur","Q. Halys","","42001099","","1.60","Gagné"
"58LNGXT5","2023-07-05 10:05","Combiné","Perdu","579.59","","","0.00","26","Vainqueur","H. Hurkacz","","42001139","","1.05","Gagné"
"58LNGXT5","2023-07-05 10:05","Combiné","Perdu","579.59","","","0.00","26","Vainqueur","L. Musetti","","42001137","","1.14","Gagné"
"58LNGXT5","2023-07-05 10:05","Combiné","Perdu","579.59","","","0.00","26","Vainqueur","S. Wawrinka","","42001133","","1.48","Gagné"
"58LNGXT5","2023-07-05 10:05","Combiné","Perdu","579.59","","","0.00","26","Vainqueur","B. Van De Zandschulp","","42024037","","1.72","Gagné"
"58LNGXT5","2023-07-05 10:05","Combiné","Perdu","579.59","","","0.00","26","Vainqueur","A. Bublik","","42001141","","1.48","Gagné"
"58LNGXT5","2023-07-05 10:05","Combiné","Perdu","579.59","","","0.00","26","Vainqueur","M. Arnaldi","","42024035","","1.38","Perdu"
"58LNGXT5","2023-07-05 10:05","Combiné","Perdu","579.59","","","0.00","26","Vainqueur","A. Rublev","","42001151","","1.18","Gagné"
"58LNGXT5","2023-07-05 10:05","Combiné","Perdu","579.59","","","0.00","26","Vainqueur","A. Zverev","","42024057","","1.07","Gagné"
"58LNGXT5","2023-07-05 10:05","Combiné","Perdu","579.59","","","0.00","26","Vainqueur","Y. Watanuki","","42027563","","1.76","Gagné"
"58LNGXT5","2023-07-05 10:05","Combiné","Perdu","579.59","","","0.00","26","Vainqueur","A. De Minaur","","42024051","","1.02","Gagné"
"58LNGXT5","2023-07-05 10:05","Combiné","Perdu","579.59","","","0.00","26","Vainqueur","N. Jarry","","42024059","","1.04","Gagné"
"58LNGXT5","2023-07-05 10:05","Combiné","Perdu","579.59","","","0.00","26","Vainqueur","D. Goffin","","42001153","","1.41","Gagné"
"58JJBDR0","2023-07-03 22:34","Simple","Perdu","2.15","","","0.00","1","Nombre de sets","Plus de 3,5","","42024057","","2.15","Perdu"
"58JJ88M1","2023-07-03 22:31","Simple","Gagné","1.60","","","1.60","1","Nombre de sets","Plus de 3,5","","42024007","","1.60","Gagné"
"58JJ6SIG","2023-07-03 22:30","Simple","Perdu","1.90","","","0.00","1","Nombre de sets","Plus de 3,5","","42024029","","1.90","Perdu"
"58JJ60JJ","2023-07-03 22:29","Simple","Perdu","4.60","","","0.00","1","Vainqueur","A. Shevchenko","","42024029","","4.60","Perdu"
"58JJ5ASL","2023-07-03 22:29","Simple","Perdu","3.55","","","0.00","1","Vainqueur","T. Monteiro","","42024013","","3.55","Perdu"
"58JJ4YO7","2023-07-03 22:29","Simple","Gagné","2.15","","","2.15","1","Vainqueur","L. Djere","","42024005","","2.15","Gagné"
"58JJ4LZG","2023-07-03 22:28","Simple","Perdu","2.05","","","0.00","1","Vainqueur","D. Novak","","42024019","","2.05","Perdu"
"58JITZ3P","2023-07-03 22:20","Combiné","Perdu","51.21","","","0.00","14","Vainqueur","C. Norrie","","42024015","","1.16","Gagné"
"58JITZ3P","2023-07-03 22:20","Combiné","Perdu","51.21","","","0.00","14","Vainqueur","M. Sakkari","","42023395","","1.33","Perdu"
"58JITZ3P","2023-07-03 22:20","Combiné","Perdu","51.21","","","0.00","14","Vainqueur","F. Cerundolo","","42024023","","1.26","Gagné"
"58JITZ3P","2023-07-03 22:20","Combiné","Perdu","51.21","","","0.00","14","Vainqueur","F. Tiafoe","","42024049","","1.20","Gagné"
"58JITZ3P","2023-07-03 22:20","Combiné","Perdu","51.21","","","0.00","14","Vainqueur","A. Rinderknech","","42024063","","1.24","Perdu"
"58JITZ3P","2023-07-03 22:20","Combiné","Perdu","51.21","","","0.00","14","Vainqueur","B. Krejcikova","","42023381","","1.22","Gagné"
"58JITZ3P","2023-07-03 22:20","Combiné","Perdu","51.21","","","0.00","14","Vainqueur","S. Korda","","42024009","","1.12","Perdu"
"58JITZ3P","2023-07-03 22:20","Combiné","Perdu","51.21","","","0.00","14","Vainqueur","P. Badosa","","42023393","","1.28","Gagné"
"58JITZ3P","2023-07-03 22:20","Combiné","Perdu","51.21","","","0.00","14","Vainqueur","B. Shelton","","42024007","","1.44","Gagné"
"58JITZ3P","2023-07-03 22:20","Combiné","Perdu","51.21","","","0.00","14","Nombre de sets","Plus de 3,5","","42024025","","1.45","Perdu"
"58JITZ3P","2023-07-03 22:20","Combiné","Perdu","51.21","","","0.00","14","Nombre de sets","Plus de 3,5","","42024039","","1.55","Perdu"
"58JITZ3P","2023-07-03 22:20","Combiné","Perdu","51.21","","","0.00","14","Nombre de sets","Plus de 3,5","","42027563","","1.50","Gagné"
"58JITZ3P","2023-07-03 22:20","Combiné","Perdu","51.21","","","0.00","14","Nombre de sets","Plus de 3,5","","42024011","","1.50","Gagné"
"58JITZ3P","2023-07-03 22:20","Combiné","Perdu","51.21","","","0.00","14","Vainqueur","A. Sasnovich","","42023417","","1.39","Gagné"
"58J6E9FU","2023-07-03 16:32","Combiné","Perdu","104.28","","","0.00","11","Premier joueur à réaliser un break","D. Lajovic","","42023945","","1.55","Gagné"
"58J6E9FU","2023-07-03 16:32","Combiné","Perdu","104.28","","","0.00","11","Premier joueur à réaliser un break","O. Otte","","42023989","","1.70","Perdu"
"58J6E9FU","2023-07-03 16:32","Combiné","Perdu","104.28","","","0.00","11","Premier joueur à réaliser un break","A. Bublik","","42023957","","1.50","Gagné"
"58J6E9FU","2023-07-03 16:32","Combiné","Perdu","104.28","","","0.00","11","Premier joueur à réaliser un break","E. Ruusuvuori","","42023939","","1.60","Gagné"
"58J6E9FU","2023-07-03 16:32","Combiné","Perdu","104.28","","","0.00","11","Premier joueur à réaliser un break","Y. Nishioka","","42023991","","1.65","Gagné"
"58J6E9FU","2023-07-03 16:32","Combiné","Perdu","104.28","","","0.00","11","Premier joueur à réaliser un break","L. Harris","","42023971","","1.70","Gagné"
"58J6E9FU","2023-07-03 16:32","Combiné","Perdu","104.28","","","0.00","11","Premier joueur à réaliser un break","B. Coric","","42023983","","1.40","Perdu"
"58J6E9FU","2023-07-03 16:32","Combiné","Perdu","104.28","","","0.00","11","Premier joueur à réaliser un break","H. Mayot","","42023981","","1.65","Gagné"
"58J6E9FU","2023-07-03 16:32","Combiné","Perdu","104.28","","","0.00","11","Premier joueur à réaliser un break","R. Bautista-Agut","","42023975","","1.45","Gagné"
"58J6E9FU","2023-07-03 16:32","Combiné","Perdu","104.28","","","0.00","11","Premier joueur à réaliser un break","T. Fritz","","42023985","","1.35","Perdu"
"58J6E9FU","2023-07-03 16:32","Combiné","Perdu","104.28","","","0.00","11","Premier joueur à réaliser un break","D. Shapovalov","","42023973","","1.30","Perdu"
"58J6CSS6","2023-07-03 16:31","Combiné","Perdu","29.92","","","0.00","10","Nombre de sets","Plus de 3,5","","42023945","","1.45","Gagné"
"58J6CSS6","2023-07-03 16:31","Combiné","Perdu","29.92","","","0.00","10","Nombre de sets","Plus de 3,5","","42023989","","1.40","Perdu"
"58J6CSS6","2023-07-03 16:31","Combiné","Perdu","29.92","","","0.00","10","Nombre de sets","Plus de 3,5","","42023957","","1.45","Gagné"
"58J6CSS6","2023-07-03 16:31","Combiné","Perdu","29.92","","","0.00","10","Nombre de sets","Plus de 3,5","","42023995","","1.40","Gagné"
"58J6CSS6","2023-07-03 16:31","Combiné","Perdu","29.92","","","0.00","10","Nombre de sets","Plus de 3,5","","42023997","","1.40","Perdu"
"58J6CSS6","2023-07-03 16:31","Combiné","Perdu","29.92","","","0.00","10","Nombre de sets","Plus de 3,5","","42023991","","1.40","Perdu"
"58J6CSS6","2023-07-03 16:31","Combiné","Perdu","29.92","","","0.00","10","Nombre de sets","Plus de 3,5","","42023993","","1.40","Gagné"
"58J6CSS6","2023-07-03 16:31","Combiné","Perdu","29.92","","","0.00","10","Nombre de sets","Plus de 3,5","","42023941","","1.40","Gagné"
"58J6CSS6","2023-07-03 16:31","Combiné","Perdu","29.92","","","0.00","10","Nombre de sets","Plus de 3,5","","42023971","","1.40","Gagné"
"58J6CSS6","2023-07-03 16:31","Combiné","Perdu","29.92","","","0.00","10","Nombre de sets","Plus de 3,5","","42023981","","1.35","Perdu"
"58CEHEGC","2023-06-28 22:44","Combiné","Perdu","197.47","","","0.00","13","Vainqueur","V. Gracheva","","41874867","","1.60","Perdu"
"58CEHEGC","2023-06-28 22:44","Combiné","Perdu","197.47","","","0.00","13","Vainqueur","L. Harris","","41868935","","1.42","Gagné"
"58CEHEGC","2023-06-28 22:44","Combiné","Perdu","197.47","","","0.00","13","Vainqueur","H. Mayot","","41988265","","1.50","Gagné"
"58CEHEGC","2023-06-28 22:44","Combiné","Perdu","197.47","","","0.00","13","Vainqueur","H. Medjedovic","","41988681","","1.46","Gagné"
"58CEHEGC","2023-06-28 22:44","Combiné","Perdu","197.47","","","0.00","13","Vainqueur","Y. Watanuki","","41988263","","1.52","Perdu"
"58CEHEGC","2023-06-28 22:44","Combiné","Perdu","197.47","","","0.00","13","Vainqueur","O. Otte","","41988345","","1.40","Gagné"
"58CEHEGC","2023-06-28 22:44","Combiné","Perdu","197.47","","","0.00","13","Vainqueur","F. Marozsan","","41988273","","1.68","Perdu"
"58CEHEGC","2023-06-28 22:44","Combiné","Perdu","197.47","","","0.00","13","Vainqueur","M. Arnaldi","","41988275","","1.35","Gagné"
"58CEHEGC","2023-06-28 22:44","Combiné","Perdu","197.47","","","0.00","13","Vainqueur","F. Cerundolo","","41869297","","1.56","Gagné"
"58CEHEGC","2023-06-28 22:44","Combiné","Perdu","197.47","","","0.00","13","Vainqueur","A. Rinderknech","","41868941","","1.76","Perdu"
"58CEHEGC","2023-06-28 22:44","Combiné","Perdu","197.47","","","0.00","13","Vainqueur","C. Vandeweghe","","41988971","","1.36","Perdu"
"58CEHEGC","2023-06-28 22:44","Combiné","Perdu","197.47","","","0.00","13","Vainqueur","C. Tauson","","41989073","","1.43","Perdu"
"58CEHEGC","2023-06-28 22:44","Combiné","Perdu","197.47","","","0.00","13","Vainqueur","D. Yastremska","","41989173","","1.54","Perdu"
"58CEF96I","2023-06-28 22:42","Combiné","Perdu","22.04","","","0.00","8","Vainqueur","H. Mayot","","41988265","","1.50","Gagné"
"58CEF96I","2023-06-28 22:42","Combiné","Perdu","22.04","","","0.00","8","Vainqueur","H. Medjedovic","","41988681","","1.46","Gagné"
"58CEF96I","2023-06-28 22:42","Combiné","Perdu","22.04","","","0.00","8","Vainqueur","O. Virtanen","","41988259","","1.60","Perdu"
"58CEF96I","2023-06-28 22:42","Combiné","Perdu","22.04","","","0.00","8","Vainqueur","Y. Watanuki","","41988263","","1.52","Perdu"
"58CEF96I","2023-06-28 22:42","Combiné","Perdu","22.04","","","0.00","8","Vainqueur","O. Otte","","41988345","","1.40","Gagné"
"58CEF96I","2023-06-28 22:42","Combiné","Perdu","22.04","","","0.00","8","Vainqueur","T. Seyboth Wild","","41988367","","1.66","Perdu"
"58CEF96I","2023-06-28 22:42","Combiné","Perdu","22.04","","","0.00","8","Vainqueur","M. Arnaldi","","41988275","","1.37","Gagné"
"58CEF96I","2023-06-28 22:42","Combiné","Perdu","22.04","","","0.00","8","Vainqueur","D. Stricker","","41988261","","1.30","Gagné"
"58C9C3A3","2023-06-28 20:20","Simple","Gagné","","","","20.00","1","","","","","Cotes boostées","","Gagné"
"5896WGN2","2023-06-26 16:48","Combiné","Perdu","4.29","","","0.00","3","Vainqueur","T. Seyboth Wild","","41929277","","1.49","Gagné"
"5896WGN2","2023-06-26 16:48","Combiné","Perdu","4.29","","","0.00","3","Vainqueur","F. Cobolli","","41929273","","1.50","Perdu"
"5896WGN2","2023-06-26 16:48","Combiné","Perdu","4.29","","","0.00","3","Vainqueur","R. Peniston","","41929585","","1.92","Perdu"
"58842Z9Z","2023-06-25 22:42","Combiné","Perdu","41.56","","","0.00","5","Vainqueur","L. Tu","","41930479","","2.10","Perdu"
"58842Z9Z","2023-06-25 22:42","Combiné","Perdu","41.56","","","0.00","5","Vainqueur","A. Shelbayh","","41930481","","2.80","Perdu"
"58842Z9Z","2023-06-25 22:42","Combiné","Perdu","41.56","","","0.00","5","Vainqueur","T.M. Etcheverry","","41918453","","2.00","Perdu"
"58842Z9Z","2023-06-25 22:42","Combiné","Perdu","41.56","","","0.00","5","Vainqueur","M. Sherif","","41909073","","1.86","Gagné"
"58842Z9Z","2023-06-25 22:42","Combiné","Perdu","41.56","","","0.00","5","Vainqueur","Y. Wu","","41918457","","1.90","Perdu"
"588417ZI","2023-06-25 22:40","Combiné","Perdu","5.31","","","0.00","4","Vainqueur","V. Gracheva","","41909069","","1.46","Gagné"
"588417ZI","2023-06-25 22:40","Combiné","Perdu","5.31","","","0.00","4","Vainqueur","D. Vekic","","41909061","","1.32",""
"588417ZI","2023-06-25 22:40","Combiné","Perdu","5.31","","","0.00","4","Vainqueur","Y. Wu","","41918457","","1.90","Perdu"
"588417ZI","2023-06-25 22:40","Combiné","Perdu","5.31","","","0.00","4","Vainqueur","B. Nakashima","","41929581","","1.45","Perdu"
"5883XOOK","2023-06-25 22:38","Combiné","Perdu","27.75","","","0.00","5","Vainqueur","V. Gracheva","","41909069","","1.46","Gagné"
"5883XOOK","2023-06-25 22:38","Combiné","Perdu","27.75","","","0.00","5","Vainqueur","T.M. Etcheverry","","41918453","","2.00","Perdu"
"5883XOOK","2023-06-25 22:38","Combiné","Perdu","27.75","","","0.00","5","Vainqueur","G. Loffthagen","","41929579","","2.85","Perdu"
"5883XOOK","2023-06-25 22:38","Combiné","Perdu","27.75","","","0.00","5","Vainqueur","B. Nakashima","","41929581","","1.45","Perdu"
"5883XOOK","2023-06-25 22:38","Combiné","Perdu","27.75","","","0.00","5","Vainqueur","R. Peniston","","41929585","","2.30","Perdu"
"587Z1QLG","2023-06-25 20:21","Simple","Gagné","","","","20.00","1","","","","","Cotes boostées","","Gagné"
"57VR3IJS","2023-06-17 7:05","Simple","Perdu","3.00","","","0.00","1","Vainqueur","A. Sasnovich","","41646041","","3.00","Perdu"
"57V9FB60","2023-06-16 22:50","Simple","Perdu","","","","0.00","1","","","","","Cotes boostées","","Perdu"
"57V6M84S","2023-06-16 21:32","Simple","Perdu","9.50","","","0.00","1","Résultat","Match nul","RésultatMatch nulLive9,50Saint-Marin0 - 3Kazakhstan","36603709","","9.50","Perdu"
"57V5OQBD","2023-06-16 21:06","Simple","Perdu","","","","0.00","1","Résultat","Match nul","RésultatMatch nulLive110Gibraltar0 - 3France","36601433","","","Perdu"
"57V4D4LA","2023-06-16 20:29","Simple","Perdu","","","","0.00","1","","","","","Cotes boostées","","Perdu"
"57UZWSPK","2023-06-16 18:24","Combiné","Perdu","9.23","","","0.00","8","Résultat","Grèce","RésultatGrèce2,20Grèce2 - 1République d'Irlande","36601431","","2.20","Gagné"
"57UZWSPK","2023-06-16 18:24","Combiné","Perdu","9.23","","","0.00","8","Résultat","France","RésultatFrance1,01Gibraltar0 - 3France","36601433","","1.01","Gagné"
"57UZWSPK","2023-06-16 18:24","Combiné","Perdu","9.23","","","0.00","8","Résultat","Angleterre","RésultatAngleterre1,03Malte0 - 4Angleterre","36601933","","1.03","Gagné"
"57UZWSPK","2023-06-16 18:24","Combiné","Perdu","9.23","","","0.00","8","Résultat","Ukraine","RésultatUkraine2,00Macédoine du Nord2 - 3Ukraine","36601935","","2.00","Gagné"
"57UZWSPK","2023-06-16 18:24","Combiné","Perdu","9.23","","","0.00","8","Résultat","Pays de Galles","RésultatPays de Galles1,41Pays de Galles2 - 4Arménie","36602323","","1.41","Perdu"
"57UZWSPK","2023-06-16 18:24","Combiné","Perdu","9.23","","","0.00","8","Résultat","Danemark","RésultatDanemark1,25Danemark1 - 0Irlande du Nord","36603629","","1.25","Gagné"
"57UZWSPK","2023-06-16 18:24","Combiné","Perdu","9.23","","","0.00","8","Résultat","Kazakhstan","RésultatKazakhstan1,09Saint-Marin0 - 3Kazakhstan","36603709","","1.09","Gagné"
"57UZWSPK","2023-06-16 18:24","Combiné","Perdu","9.23","","","0.00","8","Résultat","Suisse","RésultatSuisse1,05Andorre1 - 2Suisse","36604345","","1.05","Gagné"
"57UZS3UX","2023-06-16 18:20","Simple","Perdu","","","","0.00","1","Résultat","Match nul","RésultatMatch nul13Andorre1 - 2Suisse","36604345","","","Perdu"
"57UZRN1J","2023-06-16 18:20","Simple","Perdu","","","","0.00","1","Résultat","Gibraltar","RésultatGibraltar100Gibraltar0 - 3France","36601433","","","Perdu"
"57UZP59J","2023-06-16 18:18","Simple","Perdu","","","","0.00","1","Résultat","Match nul","RésultatMatch nul35Gibraltar0 - 3France","36601433","","","Perdu"
"57UZP4GP","2023-06-16 18:18","Simple","Perdu","","","","0.00","1","Résultat","Andorre","RésultatAndorre50Andorre1 - 2Suisse","36604345","","","Perdu"
"57UZP3QY","2023-06-16 18:18","Simple","Perdu","","","","0.00","1","Résultat","Match nul","RésultatMatch nul17Malte0 - 4Angleterre","36601933","","","Perdu"
"57UZP2XW","2023-06-16 18:18","Simple","Perdu","","","","0.00","1","Résultat","Malte","RésultatMalte60Malte0 - 4Angleterre","36601933","","","Perdu"
"57UZP26S","2023-06-16 18:18","Simple","Gagné","8.00","","","16.00","1","Résultat","Arménie","RésultatArménie8,00Pays de Galles2 - 4Arménie","36602323","","8.00","Gagné"
"57UZP1EO","2023-06-16 18:18","Simple","Perdu","","","","0.00","1","Résultat","Irlande du Nord","RésultatIrlande du Nord14Danemark1 - 0Irlande du Nord","36603629","","","Perdu"
"57UW4XWS","2023-06-16 16:38","Simple","Perdu","2.70","","","0.00","1","Vainqueur","R. Gasquet","","41645579","","2.70","Perdu"
"57UPGK7V","2023-06-16 13:31","Combiné","Perdu","26.14","","","0.00","3","Vainqueur","A. Mannarino","","41645493","","1.66","Perdu"
"57UPGK7V","2023-06-16 13:31","Combiné","Perdu","26.14","","","0.00","3","VainqueurC. O'Connell","Vainqueur","","41645581","","3.75","Perdu"
"57UPGK7V","2023-06-16 13:31","Combiné","Perdu","26.14","","","0.00","3","VainqueurR. Gasquet","Vainqueur","","41645579","","4.20","Perdu"
"57TSDOCL","2023-06-15 22:05","Combiné","Perdu","13.19","","","0.00","7","Premier joueur à réaliser un break","F. Tiafoe","","41645605","","1.45","Gagné"
"57TSDOCL","2023-06-15 22:05","Combiné","Perdu","13.19","","","0.00","7","Premier joueur à réaliser un break","M. McDonald","","41645495","","1.45","Gagné"
"57TSDOCL","2023-06-15 22:05","Combiné","Perdu","13.19","","","0.00","7","Premier joueur à réaliser un break","E. Alexandrova","","41646051","","1.25","Gagné"
"57TSDOCL","2023-06-15 22:05","Combiné","Perdu","13.19","","","0.00","7","Premier joueur à réaliser un break","T. Fritz","","41645607","","1.30","Perdu"
"57TSDOCL","2023-06-15 22:05","Combiné","Perdu","13.19","","","0.00","7","Premier joueur à réaliser un break","H. Dart","","41646121","","1.80","Perdu"
"57TSDOCL","2023-06-15 22:05","Combiné","Perdu","13.19","","","0.00","7","Premier joueur à réaliser un break","J. Sinner","","41645491","","1.30","Perdu"
"57TSDOCL","2023-06-15 22:05","Combiné","Perdu","13.19","","","0.00","7","Premier joueur à réaliser un break","A. Cornet","","41646131","","1.65","Gagné"
"57TRD9FV","2023-06-15 21:37","Simple","Annulé","2.80","","","","1","Vainqueur","A. Sasnovich","","41646045","","2.80","Annulé"
"57TRCWYE","2023-06-15 21:37","Combiné","Perdu","3.36","","","0.00","2","Vainqueur","M. McDonald","","41645495","","1.43","Perdu"
"57TRCWYE","2023-06-15 21:37","Combiné","Perdu","3.36","","","0.00","2","Vainqueur","T. Griekspoor","","41645489","","2.35","Gagné"
"57TR9V36","2023-06-15 21:34","Combiné","Perdu","11.47","","","0.00","3","Premier joueur à réaliser un break","A. Sasnovich","","41646045","","2.45","Perdu"
"57TR9V36","2023-06-15 21:34","Combiné","Perdu","11.47","","","0.00","3","Premier joueur à réaliser un break","H. Dart","","41646121","","1.80","Perdu"
"57TR9V36","2023-06-15 21:34","Combiné","Perdu","11.47","","","0.00","3","Premier joueur à réaliser un break","C. O'Connell","","41645581","","2.60","Perdu"
"57TR5WUS","2023-06-15 21:31","Combiné","Perdu","20.36","","","0.00","5","Vainqueur","A. Sasnovich","","41646045","","2.80",""
"57TR5WUS","2023-06-15 21:31","Combiné","Perdu","20.36","","","0.00","5","Vainqueur","F. Tiafoe","","41645605","","1.46","Gagné"
"57TR5WUS","2023-06-15 21:31","Combiné","Perdu","20.36","","","0.00","5","Vainqueur","M. McDonald","","41645495","","1.43","Perdu"
"57TR5WUS","2023-06-15 21:31","Combiné","Perdu","20.36","","","0.00","5","Vainqueur","H. Dart","","41646121","","2.15","Perdu"
"57TR5WUS","2023-06-15 21:31","Combiné","Perdu","20.36","","","0.00","5","Vainqueur","V. Golubic","","41646127","","1.62","Perdu"
"57TQM7HU","2023-06-15 21:16","Simple","Perdu","1.88","","","0.00","1","3e quart-temps - Première équipe à marquer 10 points","Etoile Rouge Belgrade","Première équipe à marquer 10 pointsEtoile Rouge BelgradeLive1,88Partizan Belgrade87 - 78Étoile Rouge Belgrade","41651971","","1.88","Perdu"
"57TOJY6V","2023-06-15 20:18","Simple","Gagné","","","","20.00","1","","","","","Cotes boostées","","Gagné"
"57TNYDG7","2023-06-15 20:01","Combiné","Perdu","4.75","","","0.00","2","Vainqueur","Etoile Rouge Belgrade","VainqueurEtoile Rouge BelgradeLive2,40Partizan Belgrade87 - 78Étoile Rouge Belgrade","41651971","","2.40","Perdu"
"57TNYDG7","2023-06-15 20:01","Combiné","Perdu","4.75","","","0.00","2","Vainqueur","H. Goda","","41756501","","1.98","Gagné"
"57TF17EY","2023-06-15 15:52","Simple","Gagné","","","","10.00","1","","","","","Cotes boostées","","Gagné"
"57TAC9AG","2023-06-15 13:40","Simple","Perdu","2.40","","","0.00","1","2e set - 6e jeu - 5e point - Vainqueur","A. Mannarino","","41645509","","2.40","Perdu"
"57T9YCYM","2023-06-15 13:30","Simple","Gagné","1.34","","","1.23","1","2e set - 4e jeu - 2e point - Vainqueur","D. Medvedev","","41645509","Tennis","1.34","Gagné"
"57T9X0O9","2023-06-15 13:28","Simple","Gagné","3.60","","","18.00","1","Vainqueur","R. Gasquet","","41645595","","3.60","Gagné"
"57T9QM3H","2023-06-15 13:23","Combiné","Perdu","2.31","","","0.00","4","Vainqueur","E. Mandlik","","41646109","Tennis","1.32","Gagné"
"57T9QM3H","2023-06-15 13:23","Combiné","Perdu","2.31","","","0.00","4","Vainqueur","D. Snigur","","41646129","Tennis","1.60","Perdu"
"57T9QM3H","2023-06-15 13:23","Combiné","Perdu","2.31","","","0.00","4","Vainqueur","D. Medvedev","","41645509","Tennis","1.05","Perdu"
"57T9QM3H","2023-06-15 13:23","Combiné","Perdu","2.31","","","0.00","4","Vainqueur","E. Alexandrova","","41646027","Tennis","1.04","Gagné"
"57T9MBY4","2023-06-15 13:20","Combiné","Perdu","8.82","","","0.00","3","Premier joueur à réaliser un break","H. Dart","","41646103","","2.10","Gagné"
"57T9MBY4","2023-06-15 13:20","Combiné","Perdu","8.82","","","0.00","3","Premier joueur à réaliser un break","J. Struff","","41645597","","2.00","Perdu"
"57T9MBY4","2023-06-15 13:20","Combiné","Perdu","8.82","","","0.00","3","Premier joueur à réaliser un break","J.A. Burrage","","41646113","","2.10","Perdu"
"57T05O23","2023-06-15 38:55","Simple","Perdu","2.00","","","0.00","1","M. Fucsovics réalise un break dans chaque set","Non","","41645583","","2.00","Perdu"
"57T05D7H","2023-06-15 8:55","Combiné","Gagné","4.64","","","13.92","2","Premier joueur à réaliser un break","E. Bektas","","41646033","","1.82","Gagné"
"57T05D7H","2023-06-15 8:55","Combiné","Gagné","4.64","","","13.92","2","Premier joueur à réaliser un break","Y. Wu","","41645583","","2.55","Gagné"
"57T00OOO","2023-06-15 8:51","Combiné","Perdu","8.11","","","0.00","3","Vainqueur","E. Bektas","","41646033","","1.72","Gagné"
"57T00OOO","2023-06-15 8:51","Combiné","Perdu","8.11","","","0.00","3","Vainqueur","Y. Wu","","41645583","","2.65","Perdu"
"57T00OOO","2023-06-15 8:51","Combiné","Perdu","8.11","","","0.00","3","Vainqueur","T. Griekspoor","","41645501","","1.78","Gagné"
"57S96TYU","2023-06-14 20:20","Simple","Gagné","","","","20.00","1","","","","","Cotes boostées","","Gagné"
"57S6OCPC","2023-06-14 19:10","Simple","Perdu","","","","0.00","1","","","","","Cotes boostées","","Perdu"
"57S2NOG6","2023-06-14 17:17","Simple","Gagné","3.30","","","33.00","1","Vainqueur","A. Cornet","","41646115","","3.30","Gagné"
"57RUAEJB","2023-06-14 13:23","Simple","Perdu","1.31","","","0.00","1","1er set - 2e jeu - 3e point - Vainqueur","Y. Watanuki","","41645591","","1.31","Perdu"
"57RU9IFM","2023-06-14 13:23","Simple","Perdu","4.00","1.00","Cash","0.00","1","Vainqueur","Juan Ayuso","","1000035251","","4.00","Perdu"
"57RU6S8R","2023-06-14 13:20","Combiné","Perdu","46.54","","","0.00","5","Vainqueur","G. Barrere","","41645587","","2.05","Perdu"
"57RU6S8R","2023-06-14 13:20","Combiné","Perdu","46.54","","","0.00","5","Vainqueur","T. Maria","","41646107","","1.56","Perdu"
"57RU6S8R","2023-06-14 13:20","Combiné","Perdu","46.54","","","0.00","5","Vainqueur","A. Sasnovich","","41646029","","1.96","Gagné"
"57RU6S8R","2023-06-14 13:20","Combiné","Perdu","46.54","","","0.00","5","Vainqueur","M. McDonald","","41645505","","2.25","Gagné"
"57RU6S8R","2023-06-14 13:20","Combiné","Perdu","46.54","","","0.00","5","Vainqueur","A. Cornet","","41646115","","3.30","Gagné"
"57QY3Y9T","2023-06-13 22:22","Simple","Gagné","1.52","","","0.40","1","Nombre de points","Moins de 168,5","Nombre de pointsMoins de 168,5Live1,52Unicaja Malaga75 - 87FC Barcelone162 points","41690253","","1.52","Gagné"
"57QX1WKM","2023-06-13 21:53","Combiné","Gagné","1.99","","","0.26","2","Écart de points","Etoile Rouge Belgrade +9.5","Écart de pointsEtoile Rouge Belgrade +9.5Live1,29Partizan Belgrade88 - 80Étoile Rouge Belgrade","41651969","","1.29","Gagné"
"57QX1WKM","2023-06-13 21:53","Combiné","Gagné","1.99","","","0.26","2","Nombre de points","Moins de 172,5","Nombre de pointsMoins de 172,5Live1,54Oostende80 - 91ZZ Leiden171 points","41704639","","1.54","Gagné"
"57QX0S97","2023-06-13 21:52","Combiné","Perdu","5.94","","","0.00","3","Premier joueur à réaliser un break","L. Sonego","","41645593","","1.50","Perdu"
"57QX0S97","2023-06-13 21:52","Combiné","Perdu","5.94","","","0.00","3","Premier joueur à réaliser un break","G. Barrere","","41645587","","2.20","Perdu"
"57QX0S97","2023-06-13 21:52","Combiné","Perdu","5.94","","","0.00","3","Premier joueur à réaliser un break","A. Sasnovich","","41646029","","1.80","Perdu"
"57QWGW6H","2023-06-13 21:36","Combiné","Perdu","78.64","","","0.00","10","Vainqueur","U. Humbert","","41645497","","1.72","Perdu"
"57QWGW6H","2023-06-13 21:36","Combiné","Perdu","78.64","","","0.00","10","Vainqueur","L. Sonego","","41645593","","1.46","Perdu"
"57QWGW6H","2023-06-13 21:36","Combiné","Perdu","78.64","","","0.00","10","Vainqueur","D. Vekic","","41646101","","1.36","Perdu"
"57QWGW6H","2023-06-13 21:36","Combiné","Perdu","78.64","","","0.00","10","Vainqueur","M. Frech","","41646105","","1.60","Gagné"
"57QWGW6H","2023-06-13 21:36","Combiné","Perdu","78.64","","","0.00","10","Vainqueur","M-A. Huesler","","41645507","","1.72","Perdu"
"57QWGW6H","2023-06-13 21:36","Combiné","Perdu","78.64","","","0.00","10","G. Barrere remporte au moins un set","Oui","","41645587","","1.38","Perdu"
"57QWGW6H","2023-06-13 21:36","Combiné","Perdu","78.64","","","0.00","10","Vainqueur","T. Maria","","41646107","","1.62","Perdu"
"57QWGW6H","2023-06-13 21:36","Combiné","Perdu","78.64","","","0.00","10","Vainqueur","A. Sasnovich","","41646029","","1.90","Gagné"
"57QWGW6H","2023-06-13 21:36","Combiné","Perdu","78.64","","","0.00","10","M. McDonald remporte au moins un set","Oui","","41645505","","1.47","Gagné"
"57QWGW6H","2023-06-13 21:36","Combiné","Perdu","78.64","","","0.00","10","Vainqueur","F. Tiafoe","","41645589","","1.34","Gagné"
"57QW1Y55","2023-06-13 21:25","Simple","Perdu","2.55","","","0.00","1","2e quart-temps - Première équipe à marquer 15 points","FC Barcelone","Première équipe à marquer 15 pointsFC BarceloneLive2,55Unicaja Malaga75 - 87FC Barcelone","41690253","","2.55","Perdu"
"57QVIMZU","2023-06-13 21:10","Simple","Perdu","2.80","","","0.00","1","3e quart-temps - Première équipe à marquer 15 points","Partizan Belgrade","Première équipe à marquer 15 pointsPartizan BelgradeLive2,80Partizan Belgrade88 - 80Étoile Rouge Belgrade","41651969","","2.80","Perdu"
"57QV539Q","2023-06-13 20:59","Simple","Gagné","1.39","","","5.48","1","2e quart-temps - Nombre de points","Plus de 44,5","Nombre de pointsPlus de 44,5Live1,39Oostende80 - 91ZZ Leiden","41704639","","1.39","Gagné"
"57QUQXN8","2023-06-13 20:48","Simple","Gagné","","","","15.00","1","","","","","Cotes boostées","","Gagné"
"57QUC3Z6","2023-06-13 20:37","Simple","Perdu","8.00","","","0.00","1","Résultat","Match nul","RésultatMatch nulLive8,00Anadolu Efes82 - 78Pinar Karsiyaka","41695345","","8.00","Perdu"
"57QTKVHZ","2023-06-13 20:16","Simple","Perdu","2.50","","","0.00","1","3e quart-temps - Première équipe à marquer 15 points","Anadolu Efes","Première équipe à marquer 15 pointsAnadolu EfesLive2,50Anadolu Efes82 - 78Pinar Karsiyaka","41695345","","2.50","Perdu"
"57QT5ZTZ","2023-06-13 20:04","Simple","Perdu","5.00","","","0.00","1","1er quart-temps - Première équipe à marquer 15 points","Etoile Rouge Belgrade","Première équipe à marquer 15 pointsEtoile Rouge BelgradeLive5,00Partizan Belgrade88 - 80Étoile Rouge Belgrade","41651969","","5.00","Perdu"
"57QT31IC","2023-06-13 20:02","Simple","Gagné","1.72","","","0.64","1","3e quart-temps - Première équipe à marquer 5 points","Anadolu Efes","Première équipe à marquer 5 pointsAnadolu EfesLive1,72Anadolu Efes82 - 78Pinar Karsiyaka","41695345","","1.72","Gagné"
"57QT1O8E","2023-06-13 20:01","Simple","Perdu","2.05","","","0.00","1","1er quart-temps - Première équipe à marquer 5 points","Etoile Rouge Belgrade","Première équipe à marquer 5 pointsEtoile Rouge BelgradeLive2,05Partizan Belgrade88 - 80Étoile Rouge Belgrade","41651969","","2.05","Perdu"
"57QRU6MB","2023-06-13 19:27","Simple","Gagné","1.22","","","10.37","1","2e quart-temps - Première équipe à marquer 15 points","Anadolu Efes","Première équipe à marquer 15 pointsAnadolu EfesLive1,22Anadolu Efes82 - 78Pinar Karsiyaka","41695345","","1.22","Gagné"
"57QRJEYL","2023-06-13 19:18","Simple","Perdu","2.00","","","0.00","1","2e quart-temps - Première équipe à marquer 5 points","Pinar Karsiyaka","Première équipe à marquer 5 pointsPinar KarsiyakaLive2,00Anadolu Efes82 - 78Pinar Karsiyaka","41695345","","2.00","Perdu"
"57QNESDV","2023-06-13 17:23","Simple","Perdu","3.75","","","0.00","1","Vainqueur","A. Fils","","41705301","","3.75","Perdu"
"57QMEQY5","2023-06-13 16:55","Combiné","Perdu","5.98","","","0.00","4","Vainqueur","L. Djere","","41705295","","2.15","Gagné"
"57QMEQY5","2023-06-13 16:55","Combiné","Perdu","5.98","","","0.00","4","Vainqueur","N. Kyrgios","","41692399","","1.32","Perdu"
"57QMEQY5","2023-06-13 16:55","Combiné","Perdu","5.98","","","0.00","4","Vainqueur","S. Vickery","","41741545","","1.56","Gagné"
"57QMEQY5","2023-06-13 16:55","Combiné","Perdu","5.98","","","0.00","4","Vainqueur","T. Paul","","41692409","","1.35","Gagné"
"57QE5XZA","2023-06-13 13:04","Combiné","Perdu","48.98","","","0.00","8","Vainqueur","T. Griekspoor","","41693417","","1.55","Gagné"
"57QE5XZA","2023-06-13 13:04","Combiné","Perdu","48.98","","","0.00","8","Vainqueur","V. Golubic","","41693603","","1.60","Gagné"
"57QE5XZA","2023-06-13 13:04","Combiné","Perdu","48.98","","","0.00","8","Premier joueur à réaliser un break","J. Struff","","41692411","","1.45","Perdu"
"57QE5XZA","2023-06-13 13:04","Combiné","Perdu","48.98","","","0.00","8","Premier joueur à réaliser un break","I. Ivashka","","41693421","","1.65","Perdu"
"57QE5XZA","2023-06-13 13:04","Combiné","Perdu","48.98","","","0.00","8","Premier joueur à réaliser un break","M. Fucsovics","","41704265","","2.10","Perdu"
"57QE5XZA","2023-06-13 13:04","Combiné","Perdu","48.98","","","0.00","8","Vainqueur","A. Kalinina","","41693599","","1.30","Gagné"
"57QE5XZA","2023-06-13 13:04","Combiné","Perdu","48.98","","","0.00","8","Vainqueur","C. McNally","","41693379","","1.44","Gagné"
"57QE5XZA","2023-06-13 13:04","Combiné","Perdu","48.98","","","0.00","8","Vainqueur","A. Cornet","","41693613","","2.10","Gagné"
"57QE2FK5","2023-06-13 13:01","Simple","Perdu","2.30","","","0.00","1","1er set - Tiebreak - 1er point - Vainqueur","C. Moutet","","41692397","","2.30","Perdu"
"57PL38B3","2023-06-12 23:30","Combiné","Perdu","490.22","","","0.00","17","E. Rodina réalise un break dans chaque set","Non","","41693371","MMA","1.35","Gagné"
"57PL38B3","2023-06-12 23:30","Combiné","Perdu","490.22","","","0.00","17","A. Bublik réalise un break dans chaque set","Non","","41705293","MMA","1.60","Perdu"
"57PL38B3","2023-06-12 23:30","Combiné","Perdu","490.22","","","0.00","17","O. Otte réalise un break dans chaque set","Non","","41692403","MMA","1.35","Gagné"
"57PL38B3","2023-06-12 23:30","Combiné","Perdu","490.22","","","0.00","17","J. Thompson réalise un break dans chaque set","Non","","41705299","MMA","1.55","Gagné"
"57PL38B3","2023-06-12 23:30","Combiné","Perdu","490.22","","","0.00","17","Olivia Gadecki réalise un break dans chaque set","Non","","41704851","MMA","1.55","Gagné"
"57PL38B3","2023-06-12 23:30","Combiné","Perdu","490.22","","","0.00","17","A. Karatsev réalise un break dans chaque set","Non","","41692397","MMA","1.65","Perdu"
"57PL38B3","2023-06-12 23:30","Combiné","Perdu","490.22","","","0.00","17","C. O'Connell réalise un break dans chaque set","Non","","41692407","MMA","1.35","Perdu"
"57PL38B3","2023-06-12 23:30","Combiné","Perdu","490.22","","","0.00","17","Z. Sonmez réalise un break dans chaque set","Non","","41704899","MMA","1.35","Perdu"
"57PL38B3","2023-06-12 23:30","Combiné","Perdu","490.22","","","0.00","17","E. Ruusuvuori réalise un break dans chaque set","Non","","41693411","MMA","1.35","Gagné"
"57PL38B3","2023-06-12 23:30","Combiné","Perdu","490.22","","","0.00","17","T. Griekspoor réalise un break dans chaque set","Non","","41693417","MMA","1.75","Gagné"
"57PL38B3","2023-06-12 23:30","Combiné","Perdu","490.22","","","0.00","17","E. Appleton réalise un break dans chaque set","Non","","41704843","MMA","1.30","Perdu"
"57PL38B3","2023-06-12 23:30","Combiné","Perdu","490.22","","","0.00","17","J. Struff réalise un break dans chaque set","Non","","41692411","MMA","1.40","Perdu"
"57PL38B3","2023-06-12 23:30","Combiné","Perdu","490.22","","","0.00","17","M. McDonald réalise un break dans chaque set","Non","","41693421","MMA","1.45","Perdu"
"57PL38B3","2023-06-12 23:30","Combiné","Perdu","490.22","","","0.00","17","M. Fucsovics réalise un break dans chaque set","Non","","41704265","MMA","1.30","Gagné"
"57PL38B3","2023-06-12 23:30","Combiné","Perdu","490.22","","","0.00","17","N. Parrizas-Diaz réalise un break dans chaque set","Non","","41693599","MMA","1.65","Perdu"
"57PL38B3","2023-06-12 23:30","Combiné","Perdu","490.22","","","0.00","17","R. Berankis réalise un break dans chaque set","Non","","41705295","MMA","1.45","Gagné"
"57PL38B3","2023-06-12 23:30","Combiné","Perdu","490.22","","","0.00","17","B. Bonzi réalise un break dans chaque set","Non","","41692409","MMA","1.20","Gagné"
"57PKY4CX","2023-06-12 23:26","Combiné","Perdu","518.88","","","0.00","7","Tie-break au cours du match","Oui","","41693365","","3.00","Perdu"
"57PKY4CX","2023-06-12 23:26","Combiné","Perdu","518.88","","","0.00","7","Tie-break au cours du match","Oui","","41704845","","2.85","Perdu"
"57PKY4CX","2023-06-12 23:26","Combiné","Perdu","518.88","","","0.00","7","Tie-break au cours du match","Oui","","41693609","","2.85","Gagné"
"57PKY4CX","2023-06-12 23:26","Combiné","Perdu","518.88","","","0.00","7","Tie-break au cours du match","Oui","","41693369","","3.25","Perdu"
"57PKY4CX","2023-06-12 23:26","Combiné","Perdu","518.88","","","0.00","7","Tie-break au cours du match","Oui","","41693417","","1.80","Perdu"
"57PKY4CX","2023-06-12 23:26","Combiné","Perdu","518.88","","","0.00","7","Tie-break au cours du match","Oui","","41705301","","2.00","Gagné"
"57PKY4CX","2023-06-12 23:26","Combiné","Perdu","518.88","","","0.00","7","Tie-break au cours du match","Oui","","41692409","","1.82","Perdu"
"57PKVD2X","2023-06-12 23:24","Combiné","Perdu","351.85","","","0.00","8","Nombre exact de sets","","","41705293","","2.05","Perdu"
"57PKVD2X","2023-06-12 23:24","Combiné","Perdu","351.85","","","0.00","8","Nombre exact de sets","","","41692403","","2.05","Perdu"
"57PKVD2X","2023-06-12 23:24","Combiné","Perdu","351.85","","","0.00","8","Nombre exact de sets","","","41692397","","2.10","Gagné"
"57PKVD2X","2023-06-12 23:24","Combiné","Perdu","351.85","","","0.00","8","Nombre exact de sets","","","41692407","","2.05","Perdu"
"57PKVD2X","2023-06-12 23:24","Combiné","Perdu","351.85","","","0.00","8","Nombre exact de sets","","","41693411","","2.10","Gagné"
"57PKVD2X","2023-06-12 23:24","Combiné","Perdu","351.85","","","0.00","8","Nombre exact de sets","","","41693417","","2.10","Gagné"
"57PKVD2X","2023-06-12 23:24","Combiné","Perdu","351.85","","","0.00","8","Nombre exact de sets","","","41704265","","2.10","Gagné"
"57PKVD2X","2023-06-12 23:24","Combiné","Perdu","351.85","","","0.00","8","Nombre exact de sets","","","41705301","","2.10","Perdu"
"57PKQ02C","2023-06-12 23:20","Combiné","Perdu","114.42","","","0.00","7","Premier joueur à réaliser un break","A. Bublik","","41705293","","1.70","Perdu"
"57PKQ02C","2023-06-12 23:20","Combiné","Perdu","114.42","","","0.00","7","Premier joueur à réaliser un break","M. Linette","","41704851","","1.50","Gagné"
"57PKQ02C","2023-06-12 23:20","Combiné","Perdu","114.42","","","0.00","7","Premier joueur à réaliser un break","M. Ymer","","41693417","","2.20","Perdu"
"57PKQ02C","2023-06-12 23:20","Combiné","Perdu","114.42","","","0.00","7","Premier joueur à réaliser un break","A. Rinderknech","","41693415","","2.10","Perdu"
"57PKQ02C","2023-06-12 23:20","Combiné","Perdu","114.42","","","0.00","7","Premier joueur à réaliser un break","V. Williams","","41693381","","2.50","Gagné"
"57PKQ02C","2023-06-12 23:20","Combiné","Perdu","114.42","","","0.00","7","Premier joueur à réaliser un break","M. Fucsovics","","41704265","","2.10","Perdu"
"57PKQ02C","2023-06-12 23:20","Combiné","Perdu","114.42","","","0.00","7","Premier joueur à réaliser un break","A. Mannarino","","41705301","","1.85","Gagné"
"57PIPFK3","2023-06-12 22:23","Simple","Perdu","3.20","","","0.00","1","Résultat","Match nul","RésultatMatch nul3,20Independiente Medellin0 - 1America De Cali","41326449","","3.20","Perdu"
"57PIPESN","2023-06-12 22:23","Simple","Gagné","2.95","","","0.89","1","Résultat","Match nul","RésultatMatch nul2,95Instituto AC Cordoba1 - 1Racing Club","38546137","","2.95","Gagné"
"57PIPH6B","2023-06-12 22:23","Simple","Gagné","2.40","","","0.72","1","Résultat","Match nul","RésultatMatch nulLive2,40San Lorenzo0 - 0Central Cordoba","38546131","","2.40","Gagné"
"57PIPD8S","2023-06-12 22:23","Simple","Perdu","3.45","","","0.00","1","Résultat","Match nul","RésultatMatch nul3,45Banfield1 - 4River Plate","38546139","","3.45","Perdu"
"57PIPCG3","2023-06-12 22:23","Simple","Gagné","3.10","","","0.93","1","Résultat","Match nul","RésultatMatch nul3,10Petrolera0 - 0Atletico Nacional","41326451","","3.10","Gagné"
"57PIPBOP","2023-06-12 22:23","Simple","Gagné","4.80","","","1.44","1","Résultat","Match nul","RésultatMatch nul4,80Emelec0 - 0Gualaceo SC","39049593","","4.80","Gagné"
"57PIC74R","2023-06-12 22:13","Simple","Perdu","8.00","","","0.00","1","4e quart-temps - Première équipe à marquer 15 points","Metropolitans 92","Première équipe à marquer 15 pointsMetropolitans 92Live8,00Monaco95 - 88Metropolitans 92","41585599","","8.00","Perdu"
"57PIA8F5","2023-06-12 22:12","Simple","Perdu","4.80","","","0.00","1","4e quart-temps - Première équipe à marquer 10 points","Metropolitans 92","Première équipe à marquer 10 pointsMetropolitans 92Live4,80Monaco95 - 88Metropolitans 92","41585599","","4.80","Perdu"
"57PI4Y3S","2023-06-12 22:08","Simple","Perdu","2.30","","","0.00","1","4e quart-temps - Première équipe à marquer 5 points","Metropolitans 92","Première équipe à marquer 5 pointsMetropolitans 92Live2,30Monaco95 - 88Metropolitans 92","41585599","","2.30","Perdu"
"57PHXFVG","2023-06-12 22:02","Simple","Gagné","2.05","","","0.21","1","3e quart-temps - Première équipe à marquer 5 points","Joventut Badalona","Première équipe à marquer 5 pointsJoventut BadalonaLive2,05Joventut Badalona73 - 94Real Madrid","41690251","","2.05","Gagné"
"57PHK7HF","2023-06-12 21:51","Simple","Perdu","3.35","","","0.00","1","3e quart-temps - Première équipe à marquer 15 points","Reale MutuaTorino","Première équipe à marquer 15 pointsReale MutuaTorinoLive3,35Estra Pistoia69 - 62Reale MutuaTorino","41651707","","3.35","Perdu"
"57PH4YLN","2023-06-12 21:40","Simple","Perdu","2.50","","","0.00","1","3e quart-temps - Première équipe à marquer 10 points","Monaco","Première équipe à marquer 10 pointsMonacoLive2,50Monaco95 - 88Metropolitans 92","41585599","","2.50","Perdu"
"57PGQE5H","2023-06-12 21:28","Simple","Perdu","2.50","","","0.00","1","3e quart-temps - Première équipe à marquer 15 points","Metropolitans 92","Première équipe à marquer 15 pointsMetropolitans 92Live2,50Monaco95 - 88Metropolitans 92","41585599","","2.50","Perdu"
"57PGPV05","2023-06-12 21:28","Simple","Gagné","1.98","","","0.40","1","3e quart-temps - Première équipe à marquer 5 points","Metropolitans 92","Première équipe à marquer 5 pointsMetropolitans 92Live1,98Monaco95 - 88Metropolitans 92","41585599","","1.98","Gagné"
"57PGIL55","2023-06-12 21:22","Simple","Gagné","1.78","","","0.36","1","Nombre de points","Plus de 161,5","Nombre de pointsPlus de 161,5Live1,78Joventut Badalona73 - 94Real Madrid167 points","41690251","","1.78","Gagné"
"57PGGVAI","2023-06-12 21:21","Simple","Perdu","2.35","","","0.00","1","2e quart-temps - Première équipe à marquer 15 points","Joventut Badalona","Première équipe à marquer 15 pointsJoventut BadalonaLive2,35Joventut Badalona73 - 94Real Madrid","41690251","","2.35","Perdu"
"57PGFL34","2023-06-12 21:20","Simple","Gagné","2.20","","","0.44","1","2e quart-temps - Première équipe à marquer 5 points","Joventut Badalona","Première équipe à marquer 5 pointsJoventut BadalonaLive2,20Joventut Badalona73 - 94Real Madrid","41690251","","2.20","Gagné"
"57PGC199","2023-06-12 21:17","Simple","Perdu","2.00","","","0.00","1","2e quart-temps - Nombre de points","Plus de 41,5","Nombre de pointsPlus de 41,5Live2,00Joventut Badalona73 - 94Real Madrid","41690251","","2.00","Perdu"
"57PG82SN","2023-06-12 21:14","Simple","Perdu","6.00","","","0.00","1","2e quart-temps - Résultat","Reale MutuaTorino","RésultatReale MutuaTorinoLive6,00Estra Pistoia69 - 62Reale MutuaTorino","41651707","","6.00","Perdu"
"57PFYM88","2023-06-12 21:07","Simple","Gagné","2.75","","","0.83","1","1er quart-temps - Première équipe à marquer 15 points","Joventut Badalona","Première équipe à marquer 15 pointsJoventut BadalonaLive2,75Joventut Badalona73 - 94Real Madrid","41690251","","2.75","Gagné"
"57PFW8LM","2023-06-12 21:05","Simple","Perdu","1.78","","","0.00","1","1er quart-temps - Première équipe à marquer 10 points","R. Madrid","Première équipe à marquer 10 pointsR. MadridLive1,78Joventut Badalona73 - 94Real Madrid","41690251","","1.78","Perdu"
"57PFQPM8","2023-06-12 21:00","Simple","Perdu","6.50","","","0.00","1","2e quart-temps - Première équipe à marquer 15 points","Metropolitans 92","Première équipe à marquer 15 pointsMetropolitans 92Live6,50Monaco95 - 88Metropolitans 92","41585599","","6.50","Perdu"
"57PDVWG2","2023-06-12 20:08","Simple","Gagné","1.43","","","1.87","1","2e set - 12e jeu - 1er point - Vainqueur","D.Galfi","","41704897","","1.43","Gagné"
"57PDPEFK","2023-06-12 20:03","Simple","Gagné","1.50","","","1.50","1","2e set - 10e jeu - 2e point - Vainqueur","D.Galfi","","41704897","","1.50","Gagné"
"57PDOISR","2023-06-12 20:03","Simple","Gagné","1.50","","","0.81","1","2e set - 10e jeu - 1er point - Vainqueur","D.Galfi","","41704897","","1.50","Gagné"
"57PDG0XQ","2023-06-12 19:56","Simple","Gagné","1.54","","","1.54","1","2e set - 8e jeu - 2e point - Vainqueur","D.Galfi","","41704897","","1.54","Gagné"
"57PD2E0R","2023-06-12 19:46","Simple","Gagné","1.52","","","5.00","1","2e set - 6e jeu - 1er point - Vainqueur","D.Galfi","","41704897","","1.52","Gagné"
"57PCP860","2023-06-12 19:35","Simple","Perdu","1.43","","","0.00","1","2e set - 3e jeu - 4e point - Vainqueur","E. Bektas","","41704897","","1.43","Perdu"
"57PCNWE6","2023-06-12 19:34","Simple","Gagné","1.43","","","4.29","1","2e set - 3e jeu - 2e point - Vainqueur","E. Bektas","","41704897","","1.43","Gagné"
"57OZMWIV","2023-06-12 13:30","Simple","Perdu","1.27","","","0.00","1","1er set - 8e jeu - 3e point - Vainqueur","U. Humbert","","41693413","","1.27","Perdu"
"57OZJA6S","2023-06-12 13:27","Simple","Gagné","1.39","","","0.75","1","1er set - 7e jeu - 3e point - Vainqueur","J. Kubler","","41693413","","1.39","Gagné"
"57OZFD85","2023-06-12 13:24","Simple","Gagné","1.29","","","2.54","1","1er set - 6e jeu - 3e point - Vainqueur","U. Humbert","","41693413","","1.29","Gagné"
"57OZCRK7","2023-06-12 13:22","Simple","Perdu","1.36","","","0.00","1","1er set - 5e jeu - 6e point - Vainqueur","J. Kubler","","41693413","","1.36","Perdu"
"57OZAQMA","2023-06-12 13:20","Simple","Gagné","1.35","","","0.41","1","1er set - 5e jeu - 3e point - Vainqueur","J. Kubler","","41693413","","1.35","Gagné"
"57OZ7IZW","2023-06-12 13:18","Simple","Gagné","1.30","","","1.30","1","1er set - 4e jeu - 5e point - Vainqueur","U. Humbert","","41693413","","1.30","Gagné"
"57OZ3DCP","2023-06-12 13:14","Simple","Perdu","2.60","","","0.00","1","1er set - 2e jeu - 4e point - Vainqueur","B. Gojo","","41704267","","2.60","Perdu"
"57OYZG78","2023-06-12 13:11","Simple","Perdu","1.48","","","0.00","1","3e set - 6e jeu - 4e point - Vainqueur","G. Minnen","","41693367","","1.48","Perdu"
"57OYVZZR","2023-06-12 13:09","Simple","Gagné","1.48","","","0.30","1","3e set - 6e jeu - 2e point - Vainqueur","G. Minnen","","41693367","","1.48","Gagné"
"57OYNPGB","2023-06-12 13:02","Simple","Gagné","1.49","","","14.90","1","3e set - 4e jeu - 4e point - Vainqueur","G. Minnen","","41693367","","1.49","Gagné"
"57O1PCB2","2023-06-11 21:40","Combiné","Perdu","8.38","","","0.00","5","Premier joueur à réaliser un break","M. Cressy","","41693419","","1.50","Perdu"
"57O1PCB2","2023-06-11 21:40","Combiné","Perdu","8.38","","","0.00","5","Premier joueur à réaliser un break","M. Giron","","41692401","","1.55","Gagné"
"57O1PCB2","2023-06-11 21:40","Combiné","Perdu","8.38","","","0.00","5","Premier joueur à réaliser un break","U. Humbert","","41693413","","1.55","Gagné"
"57O1PCB2","2023-06-11 21:40","Combiné","Perdu","8.38","","","0.00","5","Premier joueur à réaliser un break","M. Kecmanovic","","41693423","","1.50","Perdu"
"57O1PCB2","2023-06-11 21:40","Combiné","Perdu","8.38","","","0.00","5","Premier joueur à réaliser un break","M. Berrettini","","41692405","","1.55","Perdu"
"57O14L6K","2023-06-11 21:24","Combiné","Perdu","8.78","","","0.00","5","Vainqueur","M. Cressy","","41693419","","1.45","Perdu"
"57O14L6K","2023-06-11 21:24","Combiné","Perdu","8.78","","","0.00","5","Vainqueur","M. Giron","","41692401","","1.66","Perdu"
"57O14L6K","2023-06-11 21:24","Combiné","Perdu","8.78","","","0.00","5","Vainqueur","U. Humbert","","41693413","","1.48","Gagné"
"57O14L6K","2023-06-11 21:24","Combiné","Perdu","8.78","","","0.00","5","Vainqueur","M. Kecmanovic","","41693423","","1.54","Perdu"
"57O14L6K","2023-06-11 21:24","Combiné","Perdu","8.78","","","0.00","5","Vainqueur","M. Berrettini","","41692405","","1.60","Perdu"
"57NWNE22","2023-06-11 19:18","Simple","Perdu","2.05","","","0.00","1","3e quart-temps - Première équipe à marquer 5 points","Unicaja Malaga","Première équipe à marquer 5 pointsUnicaja MalagaLive2,05Unicaja Malaga79 - 90FC Barcelone","41559791","","2.05","Perdu"
"57NV42VH","2023-06-11 18:35","Combiné","Perdu","33.09","","","0.00","8","Vainqueur","Houston Astros","VainqueurHouston Astros1,90Cleveland Guardians5 - 0Houston Astros","38062931","Baseball","1.90","Perdu"
"57NV42VH","2023-06-11 18:35","Combiné","Perdu","33.09","","","0.00","8","Vainqueur","Baltimore Orioles","VainqueurBaltimore Orioles1,52Baltimore Orioles11 - 3Kansas City Royals","38062431","Baseball","1.52","Gagné"
"57NV42VH","2023-06-11 18:35","Combiné","Perdu","33.09","","","0.00","8","Vainqueur","Atlanta Braves","VainqueurAtlanta Braves1,28Atlanta Braves2 - 6Washington Nationals","38063095","Baseball","1.28","Perdu"
"57NV42VH","2023-06-11 18:35","Combiné","Perdu","33.09","","","0.00","8","Vainqueur","Pittsburgh Pirates","VainqueurPittsburgh Pirates1,64Pittsburgh Pirates2 - 1New York Mets","38065817","Baseball","1.64","Gagné"
"57NV42VH","2023-06-11 18:35","Combiné","Perdu","33.09","","","0.00","8","Vainqueur","Philadelphia Phillies","VainqueurPhiladelphia Phillies1,92Philadelphia Phillies7 - 3Los Angeles Dodgers","38067245","Baseball","1.92","Gagné"
"57NV42VH","2023-06-11 18:35","Combiné","Perdu","33.09","","","0.00","8","Vainqueur","Toronto Blue Jays","VainqueurToronto Blue Jays1,41Toronto Blue Jays7 - 6Minnesota Twins","38066965","Baseball","1.41","Gagné"
"57NV42VH","2023-06-11 18:35","Combiné","Perdu","33.09","","","0.00","8","Vainqueur","Tampa Bay Rays","VainqueurTampa Bay Rays1,44Tampa Bay Rays7 - 3Texas Rangers","38067875","","1.44","Gagné"
"57NV42VH","2023-06-11 18:35","Combiné","Perdu","33.09","","","0.00","8","Vainqueur","Milwaukee Brewers","VainqueurMilwaukee Brewers1,40Milwaukee Brewers6 - 8Athletics","38064071","","1.40","Perdu"
"57JLKKJ8","2023-06-11 14:15","Combiné","Perdu","225.42","","","0.00","3","Vainqueur","Yannik Paul","","1000034902","","5.10","Perdu"
"57JLKKJ8","2023-06-11 14:15","Combiné","Perdu","225.42","","","0.00","3","Vainqueur","Corey Conners","","1000034903","","8.50","Perdu"
"57JLKKJ8","2023-06-11 14:15","Combiné","Perdu","225.42","","","0.00","3","Vainqueur","C. Ruud","","41408957","","5.20","Perdu"
"57NLE7AU","2023-06-11 14:03","Simple","Perdu","5.00","","","0.00","1","Vainqueur","C. Ruud","","41408957","","5.00","Perdu"
"57NLE6JG","2023-06-11 14:03","Simple","Gagné","","","","20.00","1","","","","","Cotes boostées","","Gagné"
"57KTKOFA","2023-06-09 15:29","Simple","Perdu","1.46","","","0.00","1","1er set - 7e jeu - 1er point - Vainqueur","N. Djokovic","","41408959","Tennis","1.46","Perdu"
"57KTEOS8","2023-06-09 15:24","Simple","Perdu","1.46","","","0.00","1","1er set - 6e jeu - 1er point - Vainqueur","C. Alcaraz","","41408959","Tennis","1.46","Perdu"
"57KT3M05","2023-06-09 15:16","Simple","Perdu","1.40","","","0.00","1","1er set - 4e jeu - 4e point - Vainqueur","C. Alcaraz","","41408959","Tennis","1.40","Perdu"
"57KO95EG","2023-06-09 13:00","Combiné","Perdu","2.88","","","0.00","2","Vainqueur","C. Alcaraz","","41408959","Tennis","1.50","Perdu"
"57KO95EG","2023-06-09 13:00","Combiné","Perdu","2.88","","","0.00","2","Vainqueur","A. Zverev","","41408961","Tennis","1.92","Perdu"
"57KO8WGV","2023-06-09 13:00","Combiné","Perdu","2.82","","","0.00","2","Premier joueur à réaliser un break","C. Alcaraz","","41408959","Tennis","1.50","Perdu"
"57KO8WGV","2023-06-09 13:00","Combiné","Perdu","2.82","","","0.00","2","Premier joueur à réaliser un break","C. Ruud","","41408961","Tennis","1.88","Gagné"
"57KO2YT0","2023-06-09 12:55","Simple","Perdu","9.00","","","0.00","1","Vainqueur","Zverev, Alexander","","1000021527","Tennis","9.00","Perdu"
"57JM7RZE","2023-06-08 19:15","Simple","Perdu","2.80","","","0.00","1","1er set - 6e jeu - Vainqueur","B. Haddad Maia","","41408587","","2.80","Perdu"
"57JI07J8","2023-06-08 17:17","Simple","Perdu","3.10","","","0.00","1","Nombre de sets","Moins de 2,5","","41408581","","3.10","Perdu"
"57JASJ8U","2023-06-08 13:55","Simple","Perdu","","","","0.00","1","Vainqueur","B. Haddad Maia","","41408587","","","Perdu"
"57JASBS0","2023-06-08 13:55","Combiné","Gagné","5.40","","","16.20","2","Premier joueur à réaliser un break","K. Muchova","","41408581","","2.00","Gagné"
"57JASBS0","2023-06-08 13:55","Combiné","Gagné","5.40","","","16.20","2","Premier joueur à réaliser un break","B. Haddad Maia","","41408587","","2.70","Gagné"
"57I5VS0G","2023-06-07 18:50","Simple","Perdu","4.20","","","0.00","1","Vainqueur","T.M. Etcheverry","","41408965","","4.20","Perdu"
"57GJRSOE","2023-06-06 15:43","Simple","Perdu","3.25","","","0.00","1","Vainqueur","K. Khachanov","","41408907","","3.25","Perdu"
"57FJRKZU","2023-06-05 22:55","Simple","Perdu","","","","0.00","1","Score exact","3 - 1","Score exact3 - 1Live100Tomas Martin EtcheverryYoshihito Nishioka766061","41408911","","","Perdu"
"57FJK6AM","2023-06-05 22:50","Simple","Perdu","","","","0.00","1","Nombre de sets","Plus de 3,5","","41408911","","","Perdu"
"57FIHAT9","2023-06-05 22:19","Simple","Perdu","","","","0.00","1","Score exact","2 - 3","Score exact2 - 3Live22Tomas Martin EtcheverryYoshihito Nishioka766061","41408911","","","Perdu"
"57FI40FU","2023-06-05 22:09","Combiné","Perdu","2.08","","","0.00","2","Nombre de points","Moins de 176,5","Nombre de pointsMoins de 176,5Live1,52Hubo Limburg United87 - 86Oostende173 points","41582491","","1.52","Gagné"
"57FI40FU","2023-06-05 22:09","Combiné","Perdu","2.08","","","0.00","2","Nombre de points","Moins de 151,5","Nombre de pointsMoins de 151,5Live1,37Spirou Basket67 - 86ZZ Leiden153 points","41582493","","1.37","Perdu"
"57FGGT69","2023-06-05 21:23","Combiné","Perdu","5.75","","","0.00","2","2e set - Vainqueur","G. Dimitrov","","41408909","","2.50","Perdu"
"57FGGT69","2023-06-05 21:23","Combiné","Perdu","5.75","","","0.00","2","1er set - Vainqueur","Y. Nishioka","","41408911","","2.30","Perdu"
"57FFPBGC","2023-06-05 21:02","Simple","Perdu","5.30","","","0.00","1","Vainqueur","Y. Nishioka","","41408911","","5.30","Perdu"
"57FDQJY5","2023-06-05 20:07","Simple","Annulé","4.20","","","","1","1er set - Score exact","6-0","Score exact6-0Live4,201,00Iga SwiatekLesya Tsurenko51Abandon ou disqualification","41408675","","4.20","Annulé"
"57FCW0BB","2023-06-05 19:43","Simple","Annulé","1.00","","","","1","Vainqueur","L. Tsurenko","","41408675","","1.00","Annulé"
"57FBSMOG","2023-06-05 19:12","Simple","Annulé","2.60","","","","1","VainqueurI. Swiatek","Vainqueur","VainqueurI. Swiatek2e set - VainqueurI. Swiatek1er set - VainqueurI. SwiatekScore exact2 - 0Résultat après 2 jeuxI. SwiatekRésultat après 4 jeuxI. SwiatekRésultat après 6 jeuxI. SwiatekTie-break au co","41408675","","2.60","Annulé"
"57FBARGX","2023-06-05 18:58","Simple","Perdu","","","","0.00","1","VainqueurY. Nishioka","Vainqueur","","41408911","","","Perdu"
"57F4M1SD","2023-06-05 15:51","Combiné","","1.97","","","11.03","2","Vainqueur","A. Zverev","","41408909","","1.50","Gagné"
"57F4M1SD","2023-06-05 15:51","Combiné","","1.97","","","11.03","2","1er set - Vainqueur","T.M. Etcheverry","","41408911","","1.31","Gagné"
"57EPQJJX","2023-06-05 8:55","Combiné","Perdu","10.39","","","0.00","2","Nombre de sets","Plus de 4,5","","41408915","","3.15","Perdu"
"57EPQJJX","2023-06-05 8:55","Combiné","Perdu","10.39","","","0.00","2","Vainqueur","F. Cerundolo","","41408913","","3.30","Perdu"
"57EOE91H","2023-06-05 8:17","Combiné","Perdu","1.91","","","0.00","2","Nombre de sets","Plus de 3,5","","41408915","","1.45","Perdu"
"57EOE91H","2023-06-05 8:17","Combiné","Perdu","1.91","","","0.00","2","1er set - Vainqueur","T.M. Etcheverry","","41408911","","1.32","Gagné"
"57EOC5OT","2023-06-05 8:16","Combiné","Perdu","43.28","","","0.00","5","Vainqueur","S. Sorribes Tormo","","41408671","","2.30","Perdu"
"57EOC5OT","2023-06-05 8:16","Combiné","Perdu","43.28","","","0.00","5","VainqueurN. Jarry","Vainqueur","","41408915","","3.20","Perdu"
"57EOC5OT","2023-06-05 8:16","Combiné","Perdu","43.28","","","0.00","5","Vainqueur","H. Rune","","41408913","","1.35","Gagné"
"57EOC5OT","2023-06-05 8:16","Combiné","Perdu","43.28","","","0.00","5","VainqueurG. Dimitrov","Vainqueur","","41408909","","3.30","Perdu"
"57EOC5OT","2023-06-05 8:16","Combiné","Perdu","43.28","","","0.00","5","1er set - Vainqueur","T.M. Etcheverry","","41408911","","1.32","Gagné"
"57E2ABOL","2023-06-04 21:58","Simple","Perdu","","","","0.00","1","Vainqueur","S. Stephens","","41408593","","","Perdu"
"57E1CY3A","2023-06-04 21:32","Simple","Perdu","","","","0.00","1","","","","","Cotes boostées","","Perdu"
"57DYZGLX","2023-06-04 20:26","Simple","Perdu","","","","0.00","1","","","","","Cotes boostées","","Perdu"
"57DU8UPE","2023-06-04 18:13","Combiné","Perdu","19.15","","","0.00","8","Premier joueur à réaliser un break","S. Tsitsipas","","41408923","","1.20","Perdu"
"57DU8UPE","2023-06-04 18:13","Combiné","Perdu","19.15","","","0.00","8","Vainqueur","A. Sabalenka","","41408593","","1.24","Gagné"
"57DU8UPE","2023-06-04 18:13","Combiné","Perdu","19.15","","","0.00","8","Vainqueur","B. Haddad Maia","","41408671","","1.66","Gagné"
"57DU8UPE","2023-06-04 18:13","Combiné","Perdu","19.15","","","0.00","8","Premier joueur à réaliser un break","N. Jarry","","41408915","","2.00","Perdu"
"57DU8UPE","2023-06-04 18:13","Combiné","Perdu","19.15","","","0.00","8","Premier joueur à réaliser un break","H. Rune","","41408913","","1.55","Gagné"
"57DU8UPE","2023-06-04 18:13","Combiné","Perdu","19.15","","","0.00","8","Vainqueur","C. Gauff","","41408669","","1.15","Gagné"
"57DU8UPE","2023-06-04 18:13","Combiné","Perdu","19.15","","","0.00","8","Nombre de sets","Plus de 3,5","","41408909","","1.45","Perdu"
"57DU8UPE","2023-06-04 18:13","Combiné","Perdu","19.15","","","0.00","8","Premier joueur à réaliser un break","T.M. Etcheverry","","41408911","","1.50","Gagné"
"57DU3BYD","2023-06-04 18:09","Simple","Gagné","","","","24.00","1","","","","","Cotes boostées","","Gagné"
"57DRTX43","2023-06-04 17:06","Combiné","Perdu","4.65","","","0.00","2","Score exact","3 - 1","","41408921","Tennis","3.25","Perdu"
"57DRTX43","2023-06-04 17:06","Combiné","Perdu","4.65","","","0.00","2","Score exact","0 - 3","","41408923","Tennis","1.43","Gagné"
"57DMKF8J","2023-06-04 14:38","Simple","Gagné","","","","25.00","1","","","","","Cotes boostées","","Gagné"
"57DF3FF6","2023-06-04 11:09","Combiné","Perdu","5.10","","","0.00","3","Nombre de sets","Plus de 3,5","","41408919","Tennis","1.44","Gagné"
"57DF3FF6","2023-06-04 11:09","Combiné","Perdu","5.10","","","0.00","3","Nombre de sets","Plus de 3,5","","41408917","Tennis","3.00","Perdu"
"57DF3FF6","2023-06-04 11:09","Combiné","Perdu","5.10","","","0.00","3","Vainqueur","C. Alcaraz","","41408921","Tennis","1.18","Gagné"
"57DEV55O","2023-06-04 11:03","Combiné","Gagné","2.04","","","0.21","5","Top 10","Verstappen, Max","","1000034485","","1.10","Gagné"
"57DEV55O","2023-06-04 11:03","Combiné","Gagné","2.04","","","0.21","5","Top 10","Sainz Jr, Carlos","","1000034485","","1.12","Gagné"
"57DEV55O","2023-06-04 11:03","Combiné","Gagné","2.04","","","0.21","5","Top 10","Ocon, Esteban","","1000034485","","1.25","Gagné"
"57DEV55O","2023-06-04 11:03","Combiné","Gagné","2.04","","","0.21","5","Top 10","Perez, Sergio","","1000034485","","1.15","Gagné"
"57DEV55O","2023-06-04 11:03","Combiné","Gagné","2.04","","","0.21","5","Top 10","Alonso, Fernando","","1000034485","","1.15","Gagné"
"57CJ228S","2023-06-03 20:12","Simple","Gagné","2.10","","","84.00","1","VainqueurA. Zverev","Vainqueur","","41408931","","2.10","Gagné"
"57CEX62B","2023-06-03 18:16","Simple","Perdu","1.85","","","0.00","1","Premier joueur à réaliser un break","B. Andreescu","","41408637","","1.85","Perdu"
"57C84VQM","2023-06-03 15:07","Simple","Perdu","2.70","","","0.00","1","Score exact","2 - 0","","41408629","","2.70","Perdu"
"57C52G16","2023-06-03 13:41","Simple","Gagné","1.98","","","9.90","1","4e set - Vainqueur","Y. Nishioka","","41408927","","1.98","Gagné"
"57C4HMSH","2023-06-03 13:24","Combiné","Perdu","2.80","","","0.00","2","Premier joueur à réaliser un break","F. Cerundolo","","41408875","","1.75","Perdu"
"57C4HMSH","2023-06-03 13:24","Combiné","Perdu","2.80","","","0.00","2","Premier joueur à réaliser un break","G. Dimitrov","","41408929","","1.60","Gagné"
"57BZ91GH","2023-06-03 10:58","Simple","Perdu","1.54","","","0.00","1","Vainqueur","T. Seyboth Wild","","41408927","","1.54","Perdu"
"57BABNGA","2023-06-02 23:20","Combiné","Perdu","3.52","","","0.00","4","Premier joueur à réaliser un break","C. Ruud","","41408935","","1.35","Perdu"
"57BABNGA","2023-06-02 23:20","Combiné","Perdu","3.52","","","0.00","4","Premier joueur à réaliser un break","E. Rybakina","","41408635","","1.45",""
"57BABNGA","2023-06-02 23:20","Combiné","Perdu","3.52","","","0.00","4","Premier joueur à réaliser un break","H. Rune","","41408873","","1.20","Perdu"
"57BABNGA","2023-06-02 23:20","Combiné","Perdu","3.52","","","0.00","4","Premier joueur à réaliser un break","N. Jarry","","41408933","","1.50","Gagné"
"57BA616C","2023-06-02 23:16","Combiné","Perdu","15.37","","","0.00","6","Premier joueur à réaliser un break","T. Seyboth Wild","","41408927","","1.75","Gagné"
"57BA616C","2023-06-02 23:16","Combiné","Perdu","15.37","","","0.00","6","Premier joueur à réaliser un break","E. Rybakina","","41408635","","1.45",""
"57BA616C","2023-06-02 23:16","Combiné","Perdu","15.37","","","0.00","6","Premier joueur à réaliser un break","T.M. Etcheverry","","41408925","","1.70","Gagné"
"57BA616C","2023-06-02 23:16","Combiné","Perdu","15.37","","","0.00","6","Vainqueur","N. Jarry","","41408933","","1.35","Gagné"
"57BA616C","2023-06-02 23:16","Combiné","Perdu","15.37","","","0.00","6","Nombre de sets","Plus de 3,5","","41408875","","1.60","Gagné"
"57BA616C","2023-06-02 23:16","Combiné","Perdu","15.37","","","0.00","6","Nombre de sets","Plus de 3,5","","41408929","","1.65","Perdu"
"57AFEPJW","2023-06-02 8:55","Combiné","Perdu","52.86","","","0.00","10","Premier joueur à réaliser un break","D. Kasatkina","","41408677","","1.35","Gagné"
"57AFEPJW","2023-06-02 8:55","Combiné","Perdu","52.86","","","0.00","10","Premier joueur à réaliser un break","J. Pegula","","41408681","","1.70","Perdu"
"57AFEPJW","2023-06-02 8:55","Combiné","Perdu","52.86","","","0.00","10","Premier joueur à réaliser un break","A. Rublev","","41408879","","1.40","Gagné"
"57AFEPJW","2023-06-02 8:55","Combiné","Perdu","52.86","","","0.00","10","Premier joueur à réaliser un break","A. Potapova","","41408687","","1.80","Perdu"
"57AFEPJW","2023-06-02 8:55","Combiné","Perdu","52.86","","","0.00","10","Premier joueur à réaliser un break","A. Sabalenka","","41408673","","1.20","Gagné"
"57AFEPJW","2023-06-02 8:55","Combiné","Perdu","52.86","","","0.00","10","Premier joueur à réaliser un break","N. Djokovic","","41408881","","1.40","Perdu"
"57AFEPJW","2023-06-02 8:55","Combiné","Perdu","52.86","","","0.00","10","Premier joueur à réaliser un break","E. Svitolina","","41408683","","1.70","Perdu"
"57AFEPJW","2023-06-02 8:55","Combiné","Perdu","52.86","","","0.00","10","Premier joueur à réaliser un break","S. Stephens","","41408679","","1.60","Gagné"
"57AFEPJW","2023-06-02 8:55","Combiné","Perdu","52.86","","","0.00","10","C. Norrie réalise un break dans chaque set","Non","","41408891","","1.25","Gagné"
"57AFEPJW","2023-06-02 8:55","Combiné","Perdu","52.86","","","0.00","10","Premier joueur à réaliser un break","H. Hurkacz","","41408883","","1.60","Gagné"
"57AF1945","2023-06-02 58:44","Combiné","Perdu","4.91","","","0.00","4","Vainqueur","K. Khachanov","","41408877","","1.29","Gagné"
"57AF1945","2023-06-02 58:44","Combiné","Perdu","4.91","","","0.00","4","Nombre de sets","Plus de 3,5","","41408885","","1.60","Gagné"
"57AF1945","2023-06-02 58:44","Combiné","Perdu","4.91","","","0.00","4","Premier joueur à réaliser un break","L. Musetti","","41408891","","1.70","Gagné"
"57AF1945","2023-06-02 58:44","Combiné","Perdu","4.91","","","0.00","4","Vainqueur","H. Hurkacz","","41408883","","1.40","Perdu"
"579U2WK7","2023-06-01 22:58","Simple","Perdu","","","","0.00","1","4e set - Vainqueur","A. Rinderknech","","41408981","","","Perdu"
"579TTR4H","2023-06-01 22:50","Simple","Perdu","","","","0.00","1","Vainqueur","A. Rinderknech","","41408981","","","Perdu"
"579SRQAT","2023-06-01 22:21","Combiné","","2.92","","","6.53","2","Nombre de points","Moins de 160,5","Nombre de pointsMoins de 160,5Live1,80Dinamo Sassari61 - 93EA7 Emporio Milano154 points","41368961","","1.80","Gagné"
"579SRQAT","2023-06-01 22:21","Combiné","","2.92","","","6.53","2","Vainqueur","Arizona Diamondbacks","VainqueurArizona DiamondbacksLive1,62Arizona Diamondbacks5 - 4Colorado Rockies","38066551","Baseball","1.62","Gagné"
"579RSGQL","2023-06-01 21:58","Combiné","Gagné","3.08","","","12.33","3","Nombre de points","Moins de 158,5","Nombre de pointsMoins de 158,5Live1,41Hubo Limburg United87 - 67Donar Groningue154 points","41534057","","1.41","Gagné"
"579RSGQL","2023-06-01 21:58","Combiné","Gagné","3.08","","","12.33","3","Nombre de points","Moins de 150,5","Nombre de pointsMoins de 150,5Live1,54Estra Pistoia73 - 69Pallacanestro Cantù142 points","41434851","","1.54","Gagné"
"579RSGQL","2023-06-01 21:58","Combiné","Gagné","3.08","","","12.33","3","Vainqueur","Arizona Diamondbacks","VainqueurArizona DiamondbacksLive1,42Arizona Diamondbacks5 - 4Colorado Rockies","38066551","Baseball","1.42","Gagné"
"57999L48","2023-06-01 13:15","Combiné","Perdu","82.97","","","0.00","11","Vainqueur","G. Dimitrov","","41408969","","1.43","Gagné"
"57999L48","2023-06-01 13:15","Combiné","Perdu","82.97","","","0.00","11","Vainqueur","D. Vekic","","41408613","","1.72","Perdu"
"57999L48","2023-06-01 13:15","Combiné","Perdu","82.97","","","0.00","11","Vainqueur","T. Seyboth Wild","","41408895","","1.41","Gagné"
"57999L48","2023-06-01 13:15","Combiné","Perdu","82.97","","","0.00","11","Vainqueur","Z. Zhang","","41408971","","1.58","Gagné"
"57999L48","2023-06-01 13:15","Combiné","Perdu","82.97","","","0.00","11","Vainqueur","E. Alexandrova","","41408623","","1.33","Gagné"
"57999L48","2023-06-01 13:15","Combiné","Perdu","82.97","","","0.00","11","Vainqueur","O. Danilovic","","41408615","","1.70","Gagné"
"57999L48","2023-06-01 13:15","Combiné","Perdu","82.97","","","0.00","11","Vainqueur","J. Lehecka","","41408977","","1.45","Perdu"
"57999L48","2023-06-01 13:15","Combiné","Perdu","82.97","","","0.00","11","Vainqueur","F. Cerundolo","","41408979","","1.49","Gagné"
"57999L48","2023-06-01 13:15","Combiné","Perdu","82.97","","","0.00","11","Vainqueur","L. Tsurenko","","41408571","","1.50",""
"57999L48","2023-06-01 13:15","Combiné","Perdu","82.97","","","0.00","11","Vainqueur","B. Andreescu","","41408577","","1.68","Gagné"
"57999L48","2023-06-01 13:15","Combiné","Perdu","82.97","","","0.00","11","Vainqueur","A. Zverev","","41408901","","1.23","Gagné"
"57997WKI","2023-06-01 13:14","Combiné","Perdu","10.13","","","0.00","5","Premier joueur à réaliser un break","G. Dimitrov","","41408969","","1.50","Gagné"
"57997WKI","2023-06-01 13:14","Combiné","Perdu","10.13","","","0.00","5","Premier joueur à réaliser un break","T. Seyboth Wild","","41408895","","1.55","Perdu"
"57997WKI","2023-06-01 13:14","Combiné","Perdu","10.13","","","0.00","5","Premier joueur à réaliser un break","Z. Zhang","","41408971","","1.60","Gagné"
"57997WKI","2023-06-01 13:14","Combiné","Perdu","10.13","","","0.00","5","Premier joueur à réaliser un break","J. Lehecka","","41408977","","1.65","Perdu"
"57997WKI","2023-06-01 13:14","Combiné","Perdu","10.13","","","0.00","5","Premier joueur à réaliser un break","F. Cerundolo","","41408979","","1.65","Gagné"
"578A26NI","2023-05-31 20:49","Combiné","Perdu","60.09","","","0.00","9","Premier joueur à réaliser un break","B. Coric","","41408897","","1.45","Gagné"
"578A26NI","2023-05-31 20:49","Combiné","Perdu","60.09","","","0.00","9","Premier joueur à réaliser un break","A. De Minaur","","41408899","","1.65","Perdu"
"578A26NI","2023-05-31 20:49","Combiné","Perdu","60.09","","","0.00","9","Premier joueur à réaliser un break","Y. Nishioka","","41408893","","1.55","Perdu"
"578A26NI","2023-05-31 20:49","Combiné","Perdu","60.09","","","0.00","9","Premier joueur à réaliser un break","G. Dimitrov","","41408969","","1.50","Gagné"
"578A26NI","2023-05-31 20:49","Combiné","Perdu","60.09","","","0.00","9","Premier joueur à réaliser un break","T. Seyboth Wild","","41408895","","1.55","Perdu"
"578A26NI","2023-05-31 20:49","Combiné","Perdu","60.09","","","0.00","9","Premier joueur à réaliser un break","Z. Zhang","","41408971","","1.60","Gagné"
"578A26NI","2023-05-31 20:49","Combiné","Perdu","60.09","","","0.00","9","Premier joueur à réaliser un break","A. Vavassori","","41408985","","1.60","Perdu"
"578A26NI","2023-05-31 20:49","Combiné","Perdu","60.09","","","0.00","9","Premier joueur à réaliser un break","J. Lehecka","","41408977","","1.65","Perdu"
"578A26NI","2023-05-31 20:49","Combiné","Perdu","60.09","","","0.00","9","Premier joueur à réaliser un break","F. Cerundolo","","41408979","","1.65","Gagné"
"577WHNCP","2023-05-31 14:29","Combiné","Gagné","5.01","","","0.50","4","Premier joueur à réaliser un break","R. Bautista-Agut","","41408995","","1.60","Gagné"
"577WHNCP","2023-05-31 14:29","Combiné","Gagné","5.01","","","0.50","4","Premier joueur à réaliser un break","K. Khachanov","","41408991","","1.35","Gagné"
"577WHNCP","2023-05-31 14:29","Combiné","Gagné","5.01","","","0.50","4","Premier joueur à réaliser un break","H. Hurkacz","","41408997","","1.60","Gagné"
"577WHNCP","2023-05-31 14:29","Combiné","Gagné","5.01","","","0.50","4","Premier joueur à réaliser un break","L. Musetti","","41408949","","1.45","Gagné"
"577KOEL3","2023-05-31 38:59","Combiné","Perdu","5.81","","","0.00","4","J. Kubler réalise un break dans chaque set","Non","","41408945","","1.55","Gagné"
"577KOEL3","2023-05-31 38:59","Combiné","Perdu","5.81","","","0.00","4","Nombre de sets","Plus de 3,5","","41408941","","1.45","Perdu"
"577KOEL3","2023-05-31 38:59","Combiné","Perdu","5.81","","","0.00","4","M. Arnaldi réalise un break dans chaque set","Non","","41408955","","1.52","Gagné"
"577KOEL3","2023-05-31 38:59","Combiné","Perdu","5.81","","","0.00","4","R. Bautista-Agut réalise un break dans chaque set","Non","","41408995","","1.70","Gagné"
"577KI45U","2023-05-31 8:54","Combiné","Perdu","22.62","","","0.00","9","Nombre de sets","Plus de 3,5","","41408947","","1.50","Perdu"
"577KI45U","2023-05-31 8:54","Combiné","Perdu","22.62","","","0.00","9","Vainqueur","F. Fognini","","41408945","","1.49","Gagné"
"577KI45U","2023-05-31 8:54","Combiné","Perdu","22.62","","","0.00","9","Nombre de sets","Plus de 3,5","","41408987","","1.45","Perdu"
"577KI45U","2023-05-31 8:54","Combiné","Perdu","22.62","","","0.00","9","Nombre de sets","Plus de 3,5","","41408993","","1.45","Gagné"
"577KI45U","2023-05-31 8:54","Combiné","Perdu","22.62","","","0.00","9","Nombre de sets","Plus de 3,5","","41408941","","1.45","Perdu"
"577KI45U","2023-05-31 8:54","Combiné","Perdu","22.62","","","0.00","9","Nombre de sets","Plus de 3,5","","41408955","","1.45","Gagné"
"577KI45U","2023-05-31 8:54","Combiné","Perdu","22.62","","","0.00","9","Vainqueur","R. Bautista-Agut","","41408995","","1.40","Perdu"
"577KI45U","2023-05-31 8:54","Combiné","Perdu","22.62","","","0.00","9","Vainqueur","K. Khachanov","","41408991","","1.16","Gagné"
"577KI45U","2023-05-31 8:54","Combiné","Perdu","22.62","","","0.00","9","Vainqueur","H. Hurkacz","","41408997","","1.41","Gagné"
"576TGRGZ","2023-05-30 20:17","Combiné","Perdu","59.43","","","0.00","8","S. Baez réalise un break dans chaque set","Non","","41438307","Tennis","2.50","Perdu"
"576TGRGZ","2023-05-30 20:17","Combiné","Perdu","59.43","","","0.00","8","S. Korda réalise un break dans chaque set","Non","","41408947","Tennis","1.52","Gagné"
"576TGRGZ","2023-05-30 20:17","Combiné","Perdu","59.43","","","0.00","8","L. Sonego réalise un break dans chaque set","Non","","41408987","Tennis","1.25","Perdu"
"576TGRGZ","2023-05-30 20:17","Combiné","Perdu","59.43","","","0.00","8","N. Borges réalise un break dans chaque set","Non","","41408941","Tennis","1.78","Gagné"
"576TGRGZ","2023-05-30 20:17","Combiné","Perdu","59.43","","","0.00","8","M. Arnaldi réalise un break dans chaque set","Non","","41408955","Tennis","1.52","Gagné"
"576TGRGZ","2023-05-30 20:17","Combiné","Perdu","59.43","","","0.00","8","R. Bautista-Agut réalise un break dans chaque set","Non","","41408995","Tennis","1.70","Gagné"
"576TGRGZ","2023-05-30 20:17","Combiné","Perdu","59.43","","","0.00","8","H. Hurkacz réalise un break dans chaque set","Non","","41408997","Tennis","1.36","Gagné"
"576TGRGZ","2023-05-30 20:17","Combiné","Perdu","59.43","","","0.00","8","C. Norrie réalise un break dans chaque set","Non","","41408951","Tennis","2.00","Perdu"
"576O3AT4","2023-05-30 17:47","Combiné","Perdu","15.04","","","0.00","2","Vainqueur","J. Munar","","41438305","","1.88","Perdu"
"576O3AT4","2023-05-30 17:47","Combiné","Perdu","15.04","","","0.00","2","Vainqueur","C. Eubanks","","41438309","","8.00","Perdu"
"576NO29V","2023-05-30 17:35","Combiné","Perdu","6.62","","","0.00","2","Vainqueur","T. Seyboth Wild","","41454015","","2.45","Gagné"
"576NO29V","2023-05-30 17:35","Combiné","Perdu","6.62","","","0.00","2","Vainqueur","J. Munar","","41438305","","2.70","Perdu"
"575HYGQM","2023-05-29 22:07","Combiné","Perdu","8.35","","","0.00","5","Nombre de sets","Plus de 3,5","","41438271","","1.60","Gagné"
"575HYGQM","2023-05-29 22:07","Combiné","Perdu","8.35","","","0.00","5","G. Mpetshi Perricard réalise un break dans chaque set","Non","","41454033","","1.50","Gagné"
"575HYGQM","2023-05-29 22:07","Combiné","Perdu","8.35","","","0.00","5","H. Gaston réalise un break dans chaque set","Non","","41438283","","1.45","Gagné"
"575HYGQM","2023-05-29 22:07","Combiné","Perdu","8.35","","","0.00","5","Nombre de sets","Plus de 3,5","","41438287","","1.60","Gagné"
"575HYGQM","2023-05-29 22:07","Combiné","Perdu","8.35","","","0.00","5","R. Gasquet réalise un break dans chaque set","Non","","41438301","","1.50","Perdu"
"575HPET2","2023-05-29 22:00","Combiné","Perdu","36.72","","","0.00","8","Y. Nishioka réalise un break dans chaque set","Non","","41438271","","1.65","Gagné"
"575HPET2","2023-05-29 22:00","Combiné","Perdu","36.72","","","0.00","8","M. Purcell réalise un break dans chaque set","Non","","41438269","","1.60","Gagné"
"575HPET2","2023-05-29 22:00","Combiné","Perdu","36.72","","","0.00","8","M. Kecmanovic réalise un break dans chaque set","Non","","41454031","","1.52","Perdu"
"575HPET2","2023-05-29 22:00","Combiné","Perdu","36.72","","","0.00","8","G.A. Olivieri réalise un break dans chaque set","Non","","41454033","","1.65","Gagné"
"575HPET2","2023-05-29 22:00","Combiné","Perdu","36.72","","","0.00","8","H. Gaston réalise un break dans chaque set","Non","","41438283","","1.45","Gagné"
"575HPET2","2023-05-29 22:00","Combiné","Perdu","36.72","","","0.00","8","G. Zeppieri réalise un break dans chaque set","Non","","41454023","","1.50","Gagné"
"575HPET2","2023-05-29 22:00","Combiné","Perdu","36.72","","","0.00","8","E. Ruusuvuori réalise un break dans chaque set","Non","","41438287","","1.70","Perdu"
"575HPET2","2023-05-29 22:00","Combiné","Perdu","36.72","","","0.00","8","R. Gasquet réalise un break dans chaque set","Non","","41438301","","1.50","Perdu"
"575HG1V9","2023-05-29 21:53","Combiné","Perdu","26.15","","","0.00","10","Vainqueur","N. Jarry","","41438297","","1.27","Gagné"
"575HG1V9","2023-05-29 21:53","Combiné","Perdu","26.15","","","0.00","10","Nombre de sets","Plus de 3,5","","41438271","","1.60","Gagné"
"575HG1V9","2023-05-29 21:53","Combiné","Perdu","26.15","","","0.00","10","Vainqueur","C. Ruud","","41454021","","1.05","Gagné"
"575HG1V9","2023-05-29 21:53","Combiné","Perdu","26.15","","","0.00","10","Vainqueur","T. Paul","","41454029","","1.35","Gagné"
"575HG1V9","2023-05-29 21:53","Combiné","Perdu","26.15","","","0.00","10","Nombre de sets","Plus de 3,5","","41454033","","1.50","Gagné"
"575HG1V9","2023-05-29 21:53","Combiné","Perdu","26.15","","","0.00","10","Nombre de sets","Plus de 3,5","","41438283","","1.60","Perdu"
"575HG1V9","2023-05-29 21:53","Combiné","Perdu","26.15","","","0.00","10","Vainqueur","F. Cerundolo","","41438305","","1.31","Gagné"
"575HG1V9","2023-05-29 21:53","Combiné","Perdu","26.15","","","0.00","10","Vainqueur","Q. Halys","","41438267","","1.35","Perdu"
"575HG1V9","2023-05-29 21:53","Combiné","Perdu","26.15","","","0.00","10","Nombre de sets","Plus de 3,5","","41438301","","1.55","Gagné"
"575HG1V9","2023-05-29 21:53","Combiné","Perdu","26.15","","","0.00","10","Vainqueur","Y. Hanfmann","","41473447","","1.38","Gagné"
"575HAQPP","2023-05-29 21:49","Combiné","Perdu","32.02","","","0.00","11","Vainqueur","J.J. Wolf","","41438271","","1.80","Perdu"
"575HAQPP","2023-05-29 21:49","Combiné","Perdu","32.02","","","0.00","11","Vainqueur","M. Kecmanovic","","41454031","","1.44","Perdu"
"575HAQPP","2023-05-29 21:49","Combiné","Perdu","32.02","","","0.00","11","Vainqueur","G. Dimitrov","","41454019","","1.09","Gagné"
"575HAQPP","2023-05-29 21:49","Combiné","Perdu","32.02","","","0.00","11","Vainqueur","Y. Hanfmann","","41473447","","1.38","Gagné"
"575HAQPP","2023-05-29 21:49","Combiné","Perdu","32.02","","","0.00","11","Vainqueur","S. Tsitsipas","","41408943","","1.07","Gagné"
"575HAQPP","2023-05-29 21:49","Combiné","Perdu","32.02","","","0.00","11","Vainqueur","F. Fognini","","41408945","","1.52","Gagné"
"575HAQPP","2023-05-29 21:49","Combiné","Perdu","32.02","","","0.00","11","Vainqueur","R. Bautista-Agut","","41408995","","1.45","Perdu"
"575HAQPP","2023-05-29 21:49","Combiné","Perdu","32.02","","","0.00","11","Vainqueur","K. Khachanov","","41408991","","1.16","Gagné"
"575HAQPP","2023-05-29 21:49","Combiné","Perdu","32.02","","","0.00","11","Vainqueur","H. Hurkacz","","41408997","","1.43","Gagné"
"575HAQPP","2023-05-29 21:49","Combiné","Perdu","32.02","","","0.00","11","Vainqueur","L. Musetti","","41408949","","1.28","Gagné"
"575HAQPP","2023-05-29 21:49","Combiné","Perdu","32.02","","","0.00","11","Vainqueur","A. De Minaur","","41408899","","1.64","Perdu"
"575H6K2E","2023-05-29 21:45","Combiné","Perdu","14.28","","","0.00","6","Nombre de sets","Plus de 3,5","","41438271","","1.60","Gagné"
"575H6K2E","2023-05-29 21:45","Combiné","Perdu","14.28","","","0.00","6","Nombre de sets","Plus de 3,5","","41454033","","1.50","Gagné"
"575H6K2E","2023-05-29 21:45","Combiné","Perdu","14.28","","","0.00","6","Nombre de sets","Plus de 3,5","","41438283","","1.60","Perdu"
"575H6K2E","2023-05-29 21:45","Combiné","Perdu","14.28","","","0.00","6","Nombre de sets","Plus de 3,5","","41454023","","1.50","Gagné"
"575H6K2E","2023-05-29 21:45","Combiné","Perdu","14.28","","","0.00","6","Nombre de sets","Plus de 3,5","","41438287","","1.60","Gagné"
"575H6K2E","2023-05-29 21:45","Combiné","Perdu","14.28","","","0.00","6","Nombre de sets","Plus de 3,5","","41438301","","1.55","Gagné"
"575GXYGX","2023-05-29 21:39","Combiné","Perdu","53.96","","","0.00","15","Vainqueur","N. Jarry","","41438297","Tennis","1.27","Gagné"
"575GXYGX","2023-05-29 21:39","Combiné","Perdu","53.96","","","0.00","15","Vainqueur","J.J. Wolf","","41438271","Tennis","1.80","Perdu"
"575GXYGX","2023-05-29 21:39","Combiné","Perdu","53.96","","","0.00","15","Vainqueur","C. Ruud","","41454021","Tennis","1.05","Gagné"
"575GXYGX","2023-05-29 21:39","Combiné","Perdu","53.96","","","0.00","15","Vainqueur","T. Paul","","41454029","Tennis","1.35","Gagné"
"575GXYGX","2023-05-29 21:39","Combiné","Perdu","53.96","","","0.00","15","Vainqueur","J. Thompson","","41438269","Tennis","1.76","Perdu"
"575GXYGX","2023-05-29 21:39","Combiné","Perdu","53.96","","","0.00","15","Vainqueur","M. Kecmanovic","","41454031","Tennis","1.43","Perdu"
"575GXYGX","2023-05-29 21:39","Combiné","Perdu","53.96","","","0.00","15","Vainqueur","A. Molcan","","41438283","Tennis","1.54","Gagné"
"575GXYGX","2023-05-29 21:39","Combiné","Perdu","53.96","","","0.00","15","Vainqueur","A. Zverev","","41438285","Tennis","1.04","Gagné"
"575GXYGX","2023-05-29 21:39","Combiné","Perdu","53.96","","","0.00","15","Vainqueur","D. Medvedev","","41454015","Tennis","1.05","Perdu"
"575GXYGX","2023-05-29 21:39","Combiné","Perdu","53.96","","","0.00","15","Vainqueur","E. Ruusuvuori","","41438287","Tennis","1.45","Gagné"
"575GXYGX","2023-05-29 21:39","Combiné","Perdu","53.96","","","0.00","15","Vainqueur","F. Cerundolo","","41438305","Tennis","1.31","Gagné"
"575GXYGX","2023-05-29 21:39","Combiné","Perdu","53.96","","","0.00","15","Vainqueur","Q. Halys","","41438267","Tennis","1.35","Perdu"
"575GXYGX","2023-05-29 21:39","Combiné","Perdu","53.96","","","0.00","15","Vainqueur","T. Fritz","","41438299","Tennis","1.02","Gagné"
"575GXYGX","2023-05-29 21:39","Combiné","Perdu","53.96","","","0.00","15","Vainqueur","G. Dimitrov","","41454019","Tennis","1.09","Gagné"
"575GXYGX","2023-05-29 21:39","Combiné","Perdu","53.96","","","0.00","15","Vainqueur","Y. Hanfmann","","41473447","Tennis","1.38","Gagné"
"575FFMT7","2023-05-29 20:56","Combiné","Perdu","138.12","","","0.00","18","Vainqueur","N. Jarry","","41438297","Tennis","1.27","Gagné"
"575FFMT7","2023-05-29 20:56","Combiné","Perdu","138.12","","","0.00","18","Vainqueur","C. Ruud","","41454021","Tennis","1.05","Gagné"
"575FFMT7","2023-05-29 20:56","Combiné","Perdu","138.12","","","0.00","18","Vainqueur","T. Paul","","41454029","Tennis","1.37","Gagné"
"575FFMT7","2023-05-29 20:56","Combiné","Perdu","138.12","","","0.00","18","Nombre de sets","Plus de 3,5","","41438269","Tennis","1.50","Gagné"
"575FFMT7","2023-05-29 20:56","Combiné","Perdu","138.12","","","0.00","18","Nombre de sets","Plus de 3,5","","41454031","Tennis","1.55","Gagné"
"575FFMT7","2023-05-29 20:56","Combiné","Perdu","138.12","","","0.00","18","Nombre de sets","Plus de 3,5","","41454033","Tennis","1.50","Gagné"
"575FFMT7","2023-05-29 20:56","Combiné","Perdu","138.12","","","0.00","18","Vainqueur","A. Zverev","","41438285","Tennis","1.04","Gagné"
"575FFMT7","2023-05-29 20:56","Combiné","Perdu","138.12","","","0.00","18","Nombre de sets","Plus de 3,5","","41454023","Tennis","1.50","Gagné"
"575FFMT7","2023-05-29 20:56","Combiné","Perdu","138.12","","","0.00","18","Vainqueur","D. Medvedev","","41454015","Tennis","1.05","Perdu"
"575FFMT7","2023-05-29 20:56","Combiné","Perdu","138.12","","","0.00","18","Nombre de sets","Plus de 3,5","","41438287","Tennis","1.60","Gagné"
"575FFMT7","2023-05-29 20:56","Combiné","Perdu","138.12","","","0.00","18","Vainqueur","B. Krejcikova","","41437573","Tennis","1.32","Perdu"
"575FFMT7","2023-05-29 20:56","Combiné","Perdu","138.12","","","0.00","18","Vainqueur","F. Cerundolo","","41438305","Tennis","1.31","Gagné"
"575FFMT7","2023-05-29 20:56","Combiné","Perdu","138.12","","","0.00","18","Vainqueur","Q. Halys","","41438267","Tennis","1.35","Perdu"
"575FFMT7","2023-05-29 20:56","Combiné","Perdu","138.12","","","0.00","18","Nombre de sets","Plus de 3,5","","41438301","Tennis","1.55","Gagné"
"575FFMT7","2023-05-29 20:56","Combiné","Perdu","138.12","","","0.00","18","Vainqueur","T. Fritz","","41438299","Tennis","1.02","Gagné"
"575FFMT7","2023-05-29 20:56","Combiné","Perdu","138.12","","","0.00","18","Vainqueur","G. Dimitrov","","41454019","Tennis","1.09","Gagné"
"575FFMT7","2023-05-29 20:56","Combiné","Perdu","138.12","","","0.00","18","Vainqueur","Y. Hanfmann","","41473447","Tennis","1.38","Gagné"
"575FFMT7","2023-05-29 20:56","Combiné","Perdu","138.12","","","0.00","18","Vainqueur","V. Azarenka","","41437579","Tennis","1.49","Perdu"
"575CWWHA","2023-05-29 19:46","Simple","Perdu","1.92","","","0.00","1","Vainqueur","M. Cecchinato","","41438331","","1.92","Perdu"
"57502K14","2023-05-29 13:46","Simple","Perdu","3.50","","","0.00","1","Vainqueur","A. Fils","","41438329","","3.50","Perdu"
"5743AC5A","2023-05-28 22:29","Combiné","Gagné","5.23","","","24.41","4","Nombre de sets","Plus de 3,5","","41454039","","1.55","Gagné"
"5743AC5A","2023-05-28 22:29","Combiné","Gagné","5.23","","","24.41","4","Nombre de sets","Plus de 3,5","","41438353","","1.50","Gagné"
"5743AC5A","2023-05-28 22:29","Combiné","Gagné","5.23","","","24.41","4","Nombre de sets","Plus de 3,5","","41438275","","1.50",""
"5743AC5A","2023-05-28 22:29","Combiné","Gagné","5.23","","","24.41","4","Nombre de sets","Plus de 3,5","","41454017","","1.50","Gagné"
"57432AK6","2023-05-28 22:22","Combiné","Perdu","460.81","","","0.00","19","Nombre de sets","Plus de 3,5","","41438347","","1.82","Gagné"
"57432AK6","2023-05-28 22:22","Combiné","Perdu","460.81","","","0.00","19","Vainqueur","K. Day","","41453923","","1.21","Gagné"
"57432AK6","2023-05-28 22:22","Combiné","Perdu","460.81","","","0.00","19","Nombre de sets","Plus de 3,5","","41454039","","1.55","Gagné"
"57432AK6","2023-05-28 22:22","Combiné","Perdu","460.81","","","0.00","19","Vainqueur","A. De Minaur","","41438273","","1.28","Gagné"
"57432AK6","2023-05-28 22:22","Combiné","Perdu","460.81","","","0.00","19","Vainqueur","B. Zapata Miralles","","41438341","","1.64","Perdu"
"57432AK6","2023-05-28 22:22","Combiné","Perdu","460.81","","","0.00","19","Nombre de sets","Plus de 3,5","","41438353","","1.50","Gagné"
"57432AK6","2023-05-28 22:22","Combiné","Perdu","460.81","","","0.00","19","Nombre de sets","Plus de 3,5","","41438275","","1.50",""
"57432AK6","2023-05-28 22:22","Combiné","Perdu","460.81","","","0.00","19","Vainqueur","S. Wawrinka","","41438321","","1.35","Gagné"
"57432AK6","2023-05-28 22:22","Combiné","Perdu","460.81","","","0.00","19","Vainqueur","C. O'Connell","","41438357","","1.58","Perdu"
"57432AK6","2023-05-28 22:22","Combiné","Perdu","460.81","","","0.00","19","Vainqueur","B. Bencic","","41453905","","1.11","Perdu"
"57432AK6","2023-05-28 22:22","Combiné","Perdu","460.81","","","0.00","19","Vainqueur","V. Gracheva","","41437499","","1.31","Gagné"
"57432AK6","2023-05-28 22:22","Combiné","Perdu","460.81","","","0.00","19","Vainqueur","B. Coric","","41438279","","1.12","Gagné"
"57432AK6","2023-05-28 22:22","Combiné","Perdu","460.81","","","0.00","19","Nombre de sets","Plus de 3,5","","41438277","","1.48","Gagné"
"57432AK6","2023-05-28 22:22","Combiné","Perdu","460.81","","","0.00","19","Vainqueur","J. Struff","","41438295","","1.58","Perdu"
"57432AK6","2023-05-28 22:22","Combiné","Perdu","460.81","","","0.00","19","Vainqueur","D. Altmaier","","41438289","","1.42","Gagné"
"57432AK6","2023-05-28 22:22","Combiné","Perdu","460.81","","","0.00","19","Vainqueur","D. Lajovic","","41438293","","1.52",""
"57432AK6","2023-05-28 22:22","Combiné","Perdu","460.81","","","0.00","19","Vainqueur","V. Kudermetova","","41437571","","1.10","Perdu"
"57432AK6","2023-05-28 22:22","Combiné","Perdu","460.81","","","0.00","19","Vainqueur","E. Alexandrova","","41437557","","1.30","Gagné"
"57432AK6","2023-05-28 22:22","Combiné","Perdu","460.81","","","0.00","19","Vainqueur","J. Ostapenko","","41437509","","1.14","Gagné"
"5742Q1B6","2023-05-28 22:13","Combiné","Perdu","90.86","","","0.00","13","Nombre de sets","Plus de 3,5","","41454039","Tennis","1.55","Gagné"
"5742Q1B6","2023-05-28 22:13","Combiné","Perdu","90.86","","","0.00","13","Nombre de sets","Plus de 3,5","","41438341","Tennis","1.60","Gagné"
"5742Q1B6","2023-05-28 22:13","Combiné","Perdu","90.86","","","0.00","13","Nombre de sets","Plus de 3,5","","41438353","Tennis","1.50","Gagné"
"5742Q1B6","2023-05-28 22:13","Combiné","Perdu","90.86","","","0.00","13","Nombre de sets","Plus de 3,5","","41438275","Tennis","1.50",""
"5742Q1B6","2023-05-28 22:13","Combiné","Perdu","90.86","","","0.00","13","Nombre de sets","Plus de 3,5","","41454017","Tennis","1.50","Gagné"
"5742Q1B6","2023-05-28 22:13","Combiné","Perdu","90.86","","","0.00","13","Nombre de sets","Plus de 3,5","","41438345","Tennis","1.50","Perdu"
"5742Q1B6","2023-05-28 22:13","Combiné","Perdu","90.86","","","0.00","13","Vainqueur","S. Wawrinka","","41438321","Tennis","1.35","Gagné"
"5742Q1B6","2023-05-28 22:13","Combiné","Perdu","90.86","","","0.00","13","Vainqueur","C. O'Connell","","41438357","Tennis","1.58","Perdu"
"5742Q1B6","2023-05-28 22:13","Combiné","Perdu","90.86","","","0.00","13","P. Cachin remporte au moins un set","Oui","","41438277","Tennis","1.17","Gagné"
"5742Q1B6","2023-05-28 22:13","Combiné","Perdu","90.86","","","0.00","13","Nombre de sets","Plus de 3,5","","41438295","Tennis","1.50","Gagné"
"5742Q1B6","2023-05-28 22:13","Combiné","Perdu","90.86","","","0.00","13","Nombre de sets","Plus de 3,5","","41438329","Tennis","1.62","Gagné"
"5742Q1B6","2023-05-28 22:13","Combiné","Perdu","90.86","","","0.00","13","Vainqueur","C. Alcaraz","","41454049","Tennis","1.02","Gagné"
"5742Q1B6","2023-05-28 22:13","Combiné","Perdu","90.86","","","0.00","13","M. Cecchinato remporte au moins un set","Oui","","41438331","Tennis","1.17","Perdu"
"573SQ4CB","2023-05-28 17:33","Simple","Perdu","","","","0.00","1","Vainqueur","J. Isner","","41438339","","","Perdu"
"573MN0Z2","2023-05-28 14:43","Simple","Gagné","","","","20.00","1","","","","","Cotes boostées","","Gagné"
"5727LZ3V","2023-05-27 14:54","Combiné","Gagné","61.82","","","54.73","18","Vainqueur","S. Ofner","","41454043","MMA","1.37","Gagné"
"5727LZ3V","2023-05-27 14:54","Combiné","Gagné","61.82","","","54.73","18","P. Martinez remporte au moins un set","Oui","","41454037","MMA","1.15","Gagné"
"5727LZ3V","2023-05-27 14:54","Combiné","Gagné","61.82","","","54.73","18","Vainqueur","K. Khachanov","","41438323","MMA","1.01","Gagné"
"5727LZ3V","2023-05-27 14:54","Combiné","Gagné","61.82","","","54.73","18","Vainqueur","R. Albot","","41454035","MMA","1.37","Gagné"
"5727LZ3V","2023-05-27 14:54","Combiné","Gagné","61.82","","","54.73","18","Vainqueur","M. Fucsovics","","41438333","MMA","1.20","Gagné"
"5727LZ3V","2023-05-27 14:54","Combiné","Gagné","61.82","","","54.73","18","Vainqueur","S. Tsitsipas","","41438337","MMA","1.01","Gagné"
"5727LZ3V","2023-05-27 14:54","Combiné","Gagné","61.82","","","54.73","18","J. Kubler remporte au moins un set","Oui","","41454045","MMA","1.23","Gagné"
"5727LZ3V","2023-05-27 14:54","Combiné","Gagné","61.82","","","54.73","18","Vainqueur","N. Borges","","41438339","MMA","1.43","Gagné"
"5727LZ3V","2023-05-27 14:54","Combiné","Gagné","61.82","","","54.73","18","S. Korda remporte au moins un set","Oui","","41438343","MMA","1.07","Gagné"
"5727LZ3V","2023-05-27 14:54","Combiné","Gagné","61.82","","","54.73","18","Vainqueur","M. Arnaldi","","41438355","MMA","1.52","Gagné"
"5727LZ3V","2023-05-27 14:54","Combiné","Gagné","61.82","","","54.73","18","Vainqueur","R. Carballes Baena","","41454041","MMA","1.22","Gagné"
"5727LZ3V","2023-05-27 14:54","Combiné","Gagné","61.82","","","54.73","18","Vainqueur","L. Musetti","","41438351","MMA","1.20","Gagné"
"5727LZ3V","2023-05-27 14:54","Combiné","Gagné","61.82","","","54.73","18","Vainqueur","A. Rublev","","41438311","MMA","1.24","Gagné"
"5727LZ3V","2023-05-27 14:54","Combiné","Gagné","61.82","","","54.73","18","C. Moutet remporte au moins un set","Oui","","41438313","MMA","1.14","Gagné"
"5727LZ3V","2023-05-27 14:54","Combiné","Gagné","61.82","","","54.73","18","Vainqueur","L. Sonego","","41438317","MMA","1.43","Gagné"
"5727LZ3V","2023-05-27 14:54","Combiné","Gagné","61.82","","","54.73","18","Vainqueur","A. Shevchenko","","41438349","MMA","1.37","Gagné"
"5727LZ3V","2023-05-27 14:54","Combiné","Gagné","61.82","","","54.73","18","Vainqueur","U. Humbert","","41438315","MMA","1.23","Gagné"
"5727LZ3V","2023-05-27 14:54","Combiné","Gagné","61.82","","","54.73","18","Vainqueur","L. Pouille","","41454047","MMA","1.64","Gagné"
"5716L2L7","2023-05-27 14:03","Combiné","Perdu","4.74","","","0.00","13","Vainqueur","S. Tsitsipas","","41438337","Tennis","1.01","Gagné"
"5716L2L7","2023-05-27 14:03","Combiné","Perdu","4.74","","","0.00","13","Vainqueur","L. Musetti","","41438351","Tennis","1.20","Gagné"
"5716L2L7","2023-05-27 14:03","Combiné","Perdu","4.74","","","0.00","13","Vainqueur","A. Rublev","","41438311","Tennis","1.24","Gagné"
"5716L2L7","2023-05-27 14:03","Combiné","Perdu","4.74","","","0.00","13","Vainqueur","U. Humbert","","41438315","Tennis","1.23","Gagné"
"5716L2L7","2023-05-27 14:03","Combiné","Perdu","4.74","","","0.00","13","Vainqueur","N. Djokovic","","41438335","Tennis","1.01","Gagné"
"5716L2L7","2023-05-27 14:03","Combiné","Perdu","4.74","","","0.00","13","Vainqueur","F. Tiafoe","","41438281","Tennis","1.27","Gagné"
"5716L2L7","2023-05-27 14:03","Combiné","Perdu","4.74","","","0.00","13","Vainqueur","J. Sinner","","41438291","Tennis","1.02","Gagné"
"5716L2L7","2023-05-27 14:03","Combiné","Perdu","4.74","","","0.00","13","Vainqueur","N. Jarry","","41438297","Tennis","1.29","Gagné"
"5716L2L7","2023-05-27 14:03","Combiné","Perdu","4.74","","","0.00","13","Vainqueur","A. Zverev","","41438285","Tennis","1.04","Gagné"
"5716L2L7","2023-05-27 14:03","Combiné","Perdu","4.74","","","0.00","13","Vainqueur","D. Medvedev","","41454015","Tennis","1.04","Perdu"
"5716L2L7","2023-05-27 14:03","Combiné","Perdu","4.74","","","0.00","13","Vainqueur","F. Cerundolo","","41438305","Tennis","1.35","Gagné"
"5716L2L7","2023-05-27 14:03","Combiné","Perdu","4.74","","","0.00","13","Vainqueur","H. Rune","","41438309","Tennis","1.02","Gagné"
"5716L2L7","2023-05-27 14:03","Combiné","Perdu","4.74","","","0.00","13","Vainqueur","T. Fritz","","41438299","Tennis","1.02","Gagné"
"5718DJT5","2023-05-26 22:28","Combiné","Perdu","11257.85","","","0.00","50","Vainqueur","A. Sabalenka","","41437493","MMA","1.15","Gagné"
"5718DJT5","2023-05-26 22:28","Combiné","Perdu","11257.85","","","0.00","50","Vainqueur","S. Tsitsipas","","41438337","MMA","1.01","Gagné"
"5718DJT5","2023-05-26 22:28","Combiné","Perdu","11257.85","","","0.00","50","J. Kubler remporte au moins un set","Oui","","41454045","MMA","1.25","Gagné"
"5718DJT5","2023-05-26 22:28","Combiné","Perdu","11257.85","","","0.00","50","Vainqueur","N. Borges","","41438339","MMA","1.44","Gagné"
"5718DJT5","2023-05-26 22:28","Combiné","Perdu","11257.85","","","0.00","50","Vainqueur","E. Mertens","","41453901","MMA","1.09","Gagné"
"5718DJT5","2023-05-26 22:28","Combiné","Perdu","11257.85","","","0.00","50","Vainqueur","M. Sakkari","","41437539","MMA","1.90","Perdu"
"5718DJT5","2023-05-26 22:28","Combiné","Perdu","11257.85","","","0.00","50","Vainqueur","Q. Zheng","","41453897","MMA","1.18","Gagné"
"5718DJT5","2023-05-26 22:28","Combiné","Perdu","11257.85","","","0.00","50","Vainqueur","L. Musetti","","41438351","MMA","1.20","Gagné"
"5718DJT5","2023-05-26 22:28","Combiné","Perdu","11257.85","","","0.00","50","Vainqueur","A. Rublev","","41438311","MMA","1.24","Gagné"
"5718DJT5","2023-05-26 22:28","Combiné","Perdu","11257.85","","","0.00","50","C. Moutet remporte au moins un set","Oui","","41438313","MMA","1.14","Gagné"
"5718DJT5","2023-05-26 22:28","Combiné","Perdu","11257.85","","","0.00","50","B. Shelton remporte au moins un set","Oui","","41438317","MMA","1.31","Gagné"
"5718DJT5","2023-05-26 22:28","Combiné","Perdu","11257.85","","","0.00","50","Vainqueur","A. Shevchenko","","41438349","MMA","1.40","Gagné"
"5718DJT5","2023-05-26 22:28","Combiné","Perdu","11257.85","","","0.00","50","Vainqueur","L. Pouille","","41454047","MMA","1.58","Gagné"
"5718DJT5","2023-05-26 22:28","Combiné","Perdu","11257.85","","","0.00","50","Vainqueur","J. Pegula","","41437517","MMA","1.22","Gagné"
"5718DJT5","2023-05-26 22:28","Combiné","Perdu","11257.85","","","0.00","50","Vainqueur","D. Kasatkina","","41437503","MMA","1.29","Gagné"
"5718DJT5","2023-05-26 22:28","Combiné","Perdu","11257.85","","","0.00","50","Vainqueur","C. Norrie","","41438347","MMA","1.15","Gagné"
"5718DJT5","2023-05-26 22:28","Combiné","Perdu","11257.85","","","0.00","50","B. Zapata Miralles remporte au moins un set","Oui","","41438341","MMA","1.11","Gagné"
"5718DJT5","2023-05-26 22:28","Combiné","Perdu","11257.85","","","0.00","50","B. Nakashima remporte au moins un set","Oui","","41438353","MMA","1.13","Gagné"
"5718DJT5","2023-05-26 22:28","Combiné","Perdu","11257.85","","","0.00","50","J. Draper remporte au moins un set","Oui","","41438275","MMA","1.18",""
"5718DJT5","2023-05-26 22:28","Combiné","Perdu","11257.85","","","0.00","50","F. Fognini remporte au moins un set","Oui","","41438345","MMA","1.36","Gagné"
"5718DJT5","2023-05-26 22:28","Combiné","Perdu","11257.85","","","0.00","50","S. Wawrinka remporte au moins un set","Oui","","41438321","MMA","1.04","Gagné"
"5718DJT5","2023-05-26 22:28","Combiné","Perdu","11257.85","","","0.00","50","T. Daniel remporte au moins un set","Oui","","41438357","MMA","1.23","Gagné"
"5718DJT5","2023-05-26 22:28","Combiné","Perdu","11257.85","","","0.00","50","Vainqueur","N. Djokovic","","41438335","MMA","1.01","Gagné"
"5718DJT5","2023-05-26 22:28","Combiné","Perdu","11257.85","","","0.00","50","Vainqueur","B. Bencic","","41453905","MMA","1.07","Perdu"
"5718DJT5","2023-05-26 22:28","Combiné","Perdu","11257.85","","","0.00","50","Vainqueur","C. Garcia","","41437515","MMA","1.35","Gagné"
"5718DJT5","2023-05-26 22:28","Combiné","Perdu","11257.85","","","0.00","50","J. Struff remporte au moins un set","Oui","","41438295","MMA","1.09","Gagné"
"5718DJT5","2023-05-26 22:28","Combiné","Perdu","11257.85","","","0.00","50","Vainqueur","D. Altmaier","","41438289","MMA","1.39","Gagné"
"5718DJT5","2023-05-26 22:28","Combiné","Perdu","11257.85","","","0.00","50","Vainqueur","C. Alcaraz","","41454049","MMA","1.02","Gagné"
"5718DJT5","2023-05-26 22:28","Combiné","Perdu","11257.85","","","0.00","50","Vainqueur","F. Tiafoe","","41438281","MMA","1.27","Gagné"
"5718DJT5","2023-05-26 22:28","Combiné","Perdu","11257.85","","","0.00","50","Vainqueur","D. Lajovic","","41438293","MMA","1.52",""
"5718DJT5","2023-05-26 22:28","Combiné","Perdu","11257.85","","","0.00","50","M. Cecchinato remporte au moins un set","Oui","","41438331","MMA","1.17","Perdu"
"5718DJT5","2023-05-26 22:28","Combiné","Perdu","11257.85","","","0.00","50","Vainqueur","V. Kudermetova","","41437571","MMA","1.10","Perdu"
"5718DJT5","2023-05-26 22:28","Combiné","Perdu","11257.85","","","0.00","50","Vainqueur","J. Ostapenko","","41437509","MMA","1.14","Gagné"
"5718DJT5","2023-05-26 22:28","Combiné","Perdu","11257.85","","","0.00","50","Vainqueur","J. Sinner","","41438291","MMA","1.02","Gagné"
"5718DJT5","2023-05-26 22:28","Combiné","Perdu","11257.85","","","0.00","50","Vainqueur","M. Andreeva","","41453921","MMA","1.11","Gagné"
"5718DJT5","2023-05-26 22:28","Combiné","Perdu","11257.85","","","0.00","50","Vainqueur","A. Kalinina","","41437567","MMA","1.27","Perdu"
"5718DJT5","2023-05-26 22:28","Combiné","Perdu","11257.85","","","0.00","50","Vainqueur","N. Jarry","","41438297","MMA","1.29","Gagné"
"5718DJT5","2023-05-26 22:28","Combiné","Perdu","11257.85","","","0.00","50","J.J. Wolf remporte au moins un set","Oui","","41438271","MMA","1.14","Gagné"
"5718DJT5","2023-05-26 22:28","Combiné","Perdu","11257.85","","","0.00","50","Vainqueur","A. Zverev","","41438285","MMA","1.04","Gagné"
"5718DJT5","2023-05-26 22:28","Combiné","Perdu","11257.85","","","0.00","50","Vainqueur","C. Gauff","","41437565","MMA","1.21","Gagné"
"5718DJT5","2023-05-26 22:28","Combiné","Perdu","11257.85","","","0.00","50","G. Barrere remporte au moins un set","Oui","","41438287","MMA","1.31","Gagné"
"5718DJT5","2023-05-26 22:28","Combiné","Perdu","11257.85","","","0.00","50","Vainqueur","B. Krejcikova","","41437573","MMA","1.32","Perdu"
"5718DJT5","2023-05-26 22:28","Combiné","Perdu","11257.85","","","0.00","50","Vainqueur","E. Rybakina","","41453917","MMA","1.05","Gagné"
"5718DJT5","2023-05-26 22:28","Combiné","Perdu","11257.85","","","0.00","50","Vainqueur","F. Cerundolo","","41438305","MMA","1.35","Gagné"
"5718DJT5","2023-05-26 22:28","Combiné","Perdu","11257.85","","","0.00","50","Vainqueur","H. Rune","","41438309","MMA","1.02","Gagné"
"5718DJT5","2023-05-26 22:28","Combiné","Perdu","11257.85","","","0.00","50","Vainqueur","Q. Halys","","41438267","MMA","1.32","Perdu"
"5718DJT5","2023-05-26 22:28","Combiné","Perdu","11257.85","","","0.00","50","R. Gasquet remporte au moins un set","Oui","","41438301","MMA","1.11","Gagné"
"5718DJT5","2023-05-26 22:28","Combiné","Perdu","11257.85","","","0.00","50","Vainqueur","T. Fritz","","41438299","MMA","1.02","Gagné"
"5718DJT5","2023-05-26 22:28","Combiné","Perdu","11257.85","","","0.00","50","Vainqueur","I. Swiatek","","41437583","MMA","1.01","Gagné"
"5718DJT5","2023-05-26 22:28","Combiné","Perdu","11257.85","","","0.00","50","Vainqueur","V. Azarenka","","41437579","MMA","1.50","Perdu"
"5717KJ6A","2023-05-26 22:05","Combiné","Perdu","699.81","","","0.00","35","D. Goffin remporte au moins un set","Oui","","41438325","Tennis","1.28","Gagné"
"5717KJ6A","2023-05-26 22:05","Combiné","Perdu","699.81","","","0.00","35","T. Kokkinakis remporte au moins un set","Oui","","41438319","Tennis","1.17","Gagné"
"5717KJ6A","2023-05-26 22:05","Combiné","Perdu","699.81","","","0.00","35","Vainqueur","S. Tsitsipas","","41438337","Tennis","1.01","Gagné"
"5717KJ6A","2023-05-26 22:05","Combiné","Perdu","699.81","","","0.00","35","Vainqueur","N. Borges","","41438339","Tennis","1.44","Gagné"
"5717KJ6A","2023-05-26 22:05","Combiné","Perdu","699.81","","","0.00","35","S. Korda remporte au moins un set","Oui","","41438343","Tennis","1.07","Gagné"
"5717KJ6A","2023-05-26 22:05","Combiné","Perdu","699.81","","","0.00","35","D. Galan remporte au moins un set","Oui","","41438355","Tennis","1.26","Gagné"
"5717KJ6A","2023-05-26 22:05","Combiné","Perdu","699.81","","","0.00","35","Vainqueur","L. Musetti","","41438351","Tennis","1.20","Gagné"
"5717KJ6A","2023-05-26 22:05","Combiné","Perdu","699.81","","","0.00","35","Vainqueur","A. Rublev","","41438311","Tennis","1.24","Gagné"
"5717KJ6A","2023-05-26 22:05","Combiné","Perdu","699.81","","","0.00","35","A. Cazaux remporte au moins un set","Oui","","41438313","Tennis","1.16","Gagné"
"5717KJ6A","2023-05-26 22:05","Combiné","Perdu","699.81","","","0.00","35","B. Shelton remporte au moins un set","Oui","","41438317","Tennis","1.31","Gagné"
"5717KJ6A","2023-05-26 22:05","Combiné","Perdu","699.81","","","0.00","35","Vainqueur","A. Shevchenko","","41438349","Tennis","1.40","Gagné"
"5717KJ6A","2023-05-26 22:05","Combiné","Perdu","699.81","","","0.00","35","Vainqueur","C. Norrie","","41438347","Tennis","1.15","Gagné"
"5717KJ6A","2023-05-26 22:05","Combiné","Perdu","699.81","","","0.00","35","B. Zapata Miralles remporte au moins un set","Oui","","41438341","Tennis","1.11","Gagné"
"5717KJ6A","2023-05-26 22:05","Combiné","Perdu","699.81","","","0.00","35","B. Nakashima remporte au moins un set","Oui","","41438353","Tennis","1.13","Gagné"
"5717KJ6A","2023-05-26 22:05","Combiné","Perdu","699.81","","","0.00","35","J. Draper remporte au moins un set","Oui","","41438275","Tennis","1.18",""
"5717KJ6A","2023-05-26 22:05","Combiné","Perdu","699.81","","","0.00","35","F. Fognini remporte au moins un set","Oui","","41438345","Tennis","1.36","Gagné"
"5717KJ6A","2023-05-26 22:05","Combiné","Perdu","699.81","","","0.00","35","A. Ramos-Vinolas remporte au moins un set","Oui","","41438321","Tennis","1.36","Gagné"
"5717KJ6A","2023-05-26 22:05","Combiné","Perdu","699.81","","","0.00","35","T. Daniel remporte au moins un set","Oui","","41438357","Tennis","1.23","Gagné"
"5717KJ6A","2023-05-26 22:05","Combiné","Perdu","699.81","","","0.00","35","Vainqueur","N. Djokovic","","41438335","Tennis","1.01","Gagné"
"5717KJ6A","2023-05-26 22:05","Combiné","Perdu","699.81","","","0.00","35","P. Cachin remporte au moins un set","Oui","","41438277","Tennis","1.18","Gagné"
"5717KJ6A","2023-05-26 22:05","Combiné","Perdu","699.81","","","0.00","35","J. Lehecka remporte au moins un set","Oui","","41438295","Tennis","1.23","Gagné"
"5717KJ6A","2023-05-26 22:05","Combiné","Perdu","699.81","","","0.00","35","A. Fils remporte au moins un set","Oui","","41438329","Tennis","1.52","Gagné"
"5717KJ6A","2023-05-26 22:05","Combiné","Perdu","699.81","","","0.00","35","Vainqueur","D. Altmaier","","41438289","Tennis","1.39","Gagné"
"5717KJ6A","2023-05-26 22:05","Combiné","Perdu","699.81","","","0.00","35","M. Cecchinato remporte au moins un set","Oui","","41438331","Tennis","1.17","Perdu"
"5717KJ6A","2023-05-26 22:05","Combiné","Perdu","699.81","","","0.00","35","Vainqueur","J. Sinner","","41438291","Tennis","1.02","Gagné"
"5717KJ6A","2023-05-26 22:05","Combiné","Perdu","699.81","","","0.00","35","Vainqueur","N. Jarry","","41438297","Tennis","1.29","Gagné"
"5717KJ6A","2023-05-26 22:05","Combiné","Perdu","699.81","","","0.00","35","J.J. Wolf remporte au moins un set","Oui","","41438271","Tennis","1.14","Gagné"
"5717KJ6A","2023-05-26 22:05","Combiné","Perdu","699.81","","","0.00","35","Vainqueur","A. Zverev","","41438285","Tennis","1.04","Gagné"
"5717KJ6A","2023-05-26 22:05","Combiné","Perdu","699.81","","","0.00","35","G. Barrere remporte au moins un set","Oui","","41438287","Tennis","1.31","Gagné"
"5717KJ6A","2023-05-26 22:05","Combiné","Perdu","699.81","","","0.00","35","Vainqueur","F. Cerundolo","","41438305","Tennis","1.35","Gagné"
"5717KJ6A","2023-05-26 22:05","Combiné","Perdu","699.81","","","0.00","35","Vainqueur","H. Rune","","41438309","Tennis","1.02","Gagné"
"5717KJ6A","2023-05-26 22:05","Combiné","Perdu","699.81","","","0.00","35","Vainqueur","Q. Halys","","41438267","Tennis","1.32","Perdu"
"5717KJ6A","2023-05-26 22:05","Combiné","Perdu","699.81","","","0.00","35","A. Rinderknech remporte au moins un set","Oui","","41438301","Tennis","1.20","Gagné"
"5717KJ6A","2023-05-26 22:05","Combiné","Perdu","699.81","","","0.00","35","Vainqueur","T. Fritz","","41438299","Tennis","1.02","Gagné"
"5717KJ6A","2023-05-26 22:05","Combiné","Perdu","699.81","","","0.00","35","Vainqueur","S. Baez","","41438307","Tennis","1.18","Perdu"
"57169T0G","2023-05-26 21:29","Combiné","Perdu","115.75","","","0.00","32","Vainqueur","A. Sabalenka","","41437493","","1.15","Gagné"
"57169T0G","2023-05-26 21:29","Combiné","Perdu","115.75","","","0.00","32","Vainqueur","K. Khachanov","","41438323","","1.01","Gagné"
"57169T0G","2023-05-26 21:29","Combiné","Perdu","115.75","","","0.00","32","Vainqueur","S. Tsitsipas","","41438337","","1.01","Gagné"
"57169T0G","2023-05-26 21:29","Combiné","Perdu","115.75","","","0.00","32","Vainqueur","E. Mertens","","41453901","","1.09","Gagné"
"57169T0G","2023-05-26 21:29","Combiné","Perdu","115.75","","","0.00","32","Vainqueur","Q. Zheng","","41453897","","1.18","Gagné"
"57169T0G","2023-05-26 21:29","Combiné","Perdu","115.75","","","0.00","32","Vainqueur","A. Rublev","","41438311","","1.24","Gagné"
"57169T0G","2023-05-26 21:29","Combiné","Perdu","115.75","","","0.00","32","Vainqueur","J. Teichmann","","41437535","","1.35","Perdu"
"57169T0G","2023-05-26 21:29","Combiné","Perdu","115.75","","","0.00","32","Vainqueur","A. Shevchenko","","41438349","","1.40","Gagné"
"57169T0G","2023-05-26 21:29","Combiné","Perdu","115.75","","","0.00","32","Vainqueur","U. Humbert","","41438315","","1.22","Gagné"
"57169T0G","2023-05-26 21:29","Combiné","Perdu","115.75","","","0.00","32","Vainqueur","J. Pegula","","41437517","","1.22","Gagné"
"57169T0G","2023-05-26 21:29","Combiné","Perdu","115.75","","","0.00","32","Vainqueur","D. Vekic","","41453911","","1.36","Gagné"
"57169T0G","2023-05-26 21:29","Combiné","Perdu","115.75","","","0.00","32","Vainqueur","M. Keys","","41437569","","1.20","Gagné"
"57169T0G","2023-05-26 21:29","Combiné","Perdu","115.75","","","0.00","32","Vainqueur","N. Djokovic","","41438335","","1.01","Gagné"
"57169T0G","2023-05-26 21:29","Combiné","Perdu","115.75","","","0.00","32","Vainqueur","M. Vondrousova","","41437505","","1.07","Gagné"
"57169T0G","2023-05-26 21:29","Combiné","Perdu","115.75","","","0.00","32","Vainqueur","B. Bencic","","41453905","","1.07","Perdu"
"57169T0G","2023-05-26 21:29","Combiné","Perdu","115.75","","","0.00","32","Vainqueur","F. Tiafoe","","41438281","","1.27","Gagné"
"57169T0G","2023-05-26 21:29","Combiné","Perdu","115.75","","","0.00","32","Vainqueur","V. Kudermetova","","41437571","","1.10","Perdu"
"57169T0G","2023-05-26 21:29","Combiné","Perdu","115.75","","","0.00","32","Vainqueur","E. Alexandrova","","41437557","","1.30","Gagné"
"57169T0G","2023-05-26 21:29","Combiné","Perdu","115.75","","","0.00","32","Vainqueur","J. Ostapenko","","41437509","","1.14","Gagné"
"57169T0G","2023-05-26 21:29","Combiné","Perdu","115.75","","","0.00","32","Vainqueur","J. Sinner","","41438291","","1.02","Gagné"
"57169T0G","2023-05-26 21:29","Combiné","Perdu","115.75","","","0.00","32","Vainqueur","M. Andreeva","","41453921","","1.11","Gagné"
"57169T0G","2023-05-26 21:29","Combiné","Perdu","115.75","","","0.00","32","Vainqueur","N. Jarry","","41438297","","1.29","Gagné"
"57169T0G","2023-05-26 21:29","Combiné","Perdu","115.75","","","0.00","32","Vainqueur","O. Jabeur","","41437541","","1.18","Gagné"
"57169T0G","2023-05-26 21:29","Combiné","Perdu","115.75","","","0.00","32","Vainqueur","A. Zverev","","41438285","","1.04","Gagné"
"57169T0G","2023-05-26 21:29","Combiné","Perdu","115.75","","","0.00","32","Vainqueur","C. Gauff","","41437565","","1.21","Gagné"
"57169T0G","2023-05-26 21:29","Combiné","Perdu","115.75","","","0.00","32","Vainqueur","B. Krejcikova","","41437573","","1.32","Perdu"
"57169T0G","2023-05-26 21:29","Combiné","Perdu","115.75","","","0.00","32","Vainqueur","E. Rybakina","","41453917","","1.05","Gagné"
"57169T0G","2023-05-26 21:29","Combiné","Perdu","115.75","","","0.00","32","Vainqueur","F. Cerundolo","","41438305","","1.35","Gagné"
"57169T0G","2023-05-26 21:29","Combiné","Perdu","115.75","","","0.00","32","Vainqueur","H. Rune","","41438309","","1.02","Gagné"
"57169T0G","2023-05-26 21:29","Combiné","Perdu","115.75","","","0.00","32","Vainqueur","Q. Halys","","41438267","","1.32","Perdu"
"57169T0G","2023-05-26 21:29","Combiné","Perdu","115.75","","","0.00","32","Vainqueur","T. Fritz","","41438299","","1.02","Gagné"
"57169T0G","2023-05-26 21:29","Combiné","Perdu","115.75","","","0.00","32","Vainqueur","I. Swiatek","","41437583","","1.01","Gagné"
"56WZQ4O9","2023-05-23 23:15","Combiné","Perdu","96.71","","","0.00","13","Vainqueur","L. Pigossi","","41393053","","1.96","Gagné"
"56WZQ4O9","2023-05-23 23:15","Combiné","Perdu","96.71","","","0.00","13","Vainqueur","M. Andreeva","","41389101","","1.12","Gagné"
"56WZQ4O9","2023-05-23 23:15","Combiné","Perdu","96.71","","","0.00","13","Vainqueur","K. Day","","41395821","","1.29","Gagné"
"56WZQ4O9","2023-05-23 23:15","Combiné","Perdu","96.71","","","0.00","13","Vainqueur","E. Mandlik","","41396673","","1.38","Gagné"
"56WZQ4O9","2023-05-23 23:15","Combiné","Perdu","96.71","","","0.00","13","Vainqueur","N. Hibino","","41395795","","1.32","Gagné"
"56WZQ4O9","2023-05-23 23:15","Combiné","Perdu","96.71","","","0.00","13","Vainqueur","A. Rus","","41393051","","1.20","Gagné"
"56WZQ4O9","2023-05-23 23:15","Combiné","Perdu","96.71","","","0.00","13","Vainqueur","D. Yastremska","","41397191","","1.34","Gagné"
"56WZQ4O9","2023-05-23 23:15","Combiné","Perdu","96.71","","","0.00","13","Vainqueur","E. Jacquemot","","41410261","","1.48","Gagné"
"56WZQ4O9","2023-05-23 23:15","Combiné","Perdu","96.71","","","0.00","13","Vainqueur","M. Uchijima","","41408027","","1.29","Gagné"
"56WZQ4O9","2023-05-23 23:15","Combiné","Perdu","96.71","","","0.00","13","Vainqueur","E.G. Ruse","","41395827","","1.70","Perdu"
"56WZQ4O9","2023-05-23 23:15","Combiné","Perdu","96.71","","","0.00","13","Vainqueur","M.L. Carle","","41412539","","1.47","Perdu"
"56WZQ4O9","2023-05-23 23:15","Combiné","Perdu","96.71","","","0.00","13","Vainqueur","M. Bjorklund","","41413151","","1.49","Gagné"
"56WZQ4O9","2023-05-23 23:15","Combiné","Perdu","96.71","","","0.00","13","Vainqueur","O. Danilovic","","41413203","","1.64","Gagné"
"56WZAWDW","2023-05-23 23:14","Combiné","Perdu","196.77","","","0.00","13","Vainqueur","D. Stricker","","41389817","MMA","1.46","Gagné"
"56WZAWDW","2023-05-23 23:14","Combiné","Perdu","196.77","","","0.00","13","Vainqueur","F. Bagnis","","41393049","MMA","1.52","Gagné"
"56WZAWDW","2023-05-23 23:14","Combiné","Perdu","196.77","","","0.00","13","Score exact","0 - 2","","41395781","MMA","1.80","Perdu"
"56WZAWDW","2023-05-23 23:14","Combiné","Perdu","196.77","","","0.00","13","Vainqueur","A. Collarini","","41394045","MMA","1.42","Perdu"
"56WZAWDW","2023-05-23 23:14","Combiné","Perdu","196.77","","","0.00","13","Vainqueur","R. Albot","","41396519","MMA","1.29","Gagné"
"56WZAWDW","2023-05-23 23:14","Combiné","Perdu","196.77","","","0.00","13","Vainqueur","F. Marozsan","","41393047","MMA","1.25","Perdu"
"56WZAWDW","2023-05-23 23:14","Combiné","Perdu","196.77","","","0.00","13","Vainqueur","F. Diaz Acosta","","41408735","MMA","1.31","Gagné"
"56WZAWDW","2023-05-23 23:14","Combiné","Perdu","196.77","","","0.00","13","Vainqueur","L. Klein","","41407951","MMA","2.10","Perdu"
"56WZAWDW","2023-05-23 23:14","Combiné","Perdu","196.77","","","0.00","13","Vainqueur","L. Pouille","","41399005","MMA","1.82","Gagné"
"56WZAWDW","2023-05-23 23:14","Combiné","Perdu","196.77","","","0.00","13","Vainqueur","S. Ofner","","41407803","MMA","1.46","Gagné"
"56WZAWDW","2023-05-23 23:14","Combiné","Perdu","196.77","","","0.00","13","Vainqueur","M.L. Carle","","41412539","MMA","1.47","Perdu"
"56WZAWDW","2023-05-23 23:14","Combiné","Perdu","196.77","","","0.00","13","Score exact","2 - 0","","41411525","MMA","1.40","Gagné"
"56WZAWDW","2023-05-23 23:14","Combiné","Perdu","196.77","","","0.00","13","Vainqueur","D. Koepfer","","41412861","MMA","1.43","Gagné"
"56WZITXX","2023-05-23 23:09","Combiné","Perdu","7.62","","","0.00","6","Vainqueur","D. Stricker","","41389817","","1.46","Gagné"
"56WZITXX","2023-05-23 23:09","Combiné","Perdu","7.62","","","0.00","6","Vainqueur","F. Bagnis","","41393049","","1.50","Gagné"
"56WZITXX","2023-05-23 23:09","Combiné","Perdu","7.62","","","0.00","6","Vainqueur","Z. Bergs","","41395781","","1.32","Perdu"
"56WZITXX","2023-05-23 23:09","Combiné","Perdu","7.62","","","0.00","6","Vainqueur","R. Albot","","41396519","","1.29","Gagné"
"56WZITXX","2023-05-23 23:09","Combiné","Perdu","7.62","","","0.00","6","Vainqueur","S. Ofner","","41407803","","1.46","Gagné"
"56WZITXX","2023-05-23 23:09","Combiné","Perdu","7.62","","","0.00","6","Vainqueur","D. Koepfer","","41412861","","1.40","Gagné"
"56WRED2U","2023-05-23 19:21","Combiné","Perdu","117.17","","","0.00","11","Vainqueur","G. Zeppieri","","41396513","MMA","1.31","Gagné"
"56WRED2U","2023-05-23 19:21","Combiné","Perdu","117.17","","","0.00","11","Vainqueur","F. Bagnis","","41393049","MMA","1.56","Gagné"
"56WRED2U","2023-05-23 19:21","Combiné","Perdu","117.17","","","0.00","11","Vainqueur","Z. Bergs","","41395781","MMA","1.32","Perdu"
"56WRED2U","2023-05-23 19:21","Combiné","Perdu","117.17","","","0.00","11","Vainqueur","T. Tirante","","41389819","MMA","1.78","Gagné"
"56WRED2U","2023-05-23 19:21","Combiné","Perdu","117.17","","","0.00","11","Vainqueur","A. Collarini","","41394045","MMA","1.43","Perdu"
"56WRED2U","2023-05-23 19:21","Combiné","Perdu","117.17","","","0.00","11","Vainqueur","J.M. Cerundolo","","41396765","MMA","1.92","Perdu"
"56WRED2U","2023-05-23 19:21","Combiné","Perdu","117.17","","","0.00","11","Vainqueur","J. De Jong","","41396777","MMA","1.56","Gagné"
"56WRED2U","2023-05-23 19:21","Combiné","Perdu","117.17","","","0.00","11","Vainqueur","F. Diaz Acosta","","41408735","MMA","1.37","Gagné"
"56WRED2U","2023-05-23 19:21","Combiné","Perdu","117.17","","","0.00","11","Vainqueur","S. Ofner","","41407803","MMA","1.44","Gagné"
"56WRED2U","2023-05-23 19:21","Combiné","Perdu","117.17","","","0.00","11","Vainqueur","G.A. Olivieri","","41410317","MMA","1.52","Gagné"
"56WRED2U","2023-05-23 19:21","Combiné","Perdu","117.17","","","0.00","11","Vainqueur","A. Vukic","","41408165","MMA","1.90","Perdu"
"56WOE8R8","2023-05-23 17:57","Combiné","Perdu","5.88","","","0.00","2","Vainqueur","A. Escoffier","","41366573","","2.35","Perdu"
"56WOE8R8","2023-05-23 17:57","Combiné","Perdu","5.88","","","0.00","2","Vainqueur","G. Diallo","","41366571","","2.50","Perdu"
"56WF8T6N","2023-05-23 13:41","Simple","Perdu","1.84","","","0.00","1","Vainqueur","G. Debru","","41366651","","1.84","Perdu"
"56WDWM58","2023-05-23 13:04","Combiné","Perdu","17.25","","","0.00","7","Vainqueur","D. Kuzmanov","","41366617","","1.62","Perdu"
"56WDWM58","2023-05-23 13:04","Combiné","Perdu","17.25","","","0.00","7","Vainqueur","H. Laaksonen","","41366611","","1.60","Perdu"
"56WDWM58","2023-05-23 13:04","Combiné","Perdu","17.25","","","0.00","7","Vainqueur","D. Koepfer","","41366557","","1.56","Gagné"
"56WDWM58","2023-05-23 13:04","Combiné","Perdu","17.25","","","0.00","7","Vainqueur","R. Bonadio","","41366621","","1.41","Gagné"
"56WDWM58","2023-05-23 13:04","Combiné","Perdu","17.25","","","0.00","7","Vainqueur","R. Brancaccio","","41366551","","1.54","Perdu"
"56WDWM58","2023-05-23 13:04","Combiné","Perdu","17.25","","","0.00","7","Vainqueur","F. Alves","","41366569","","1.31","Gagné"
"56WDWM58","2023-05-23 13:04","Combiné","Perdu","17.25","","","0.00","7","Vainqueur","T. Skatov","","41366571","","1.50","Gagné"
"56VAXMHP","2023-05-22 18:53","Combiné","Perdu","8.94","","","0.00","7","Score exact","0 - 2","","41366601","MMA","1.31","Perdu"
"56VAXMHP","2023-05-22 18:53","Combiné","Perdu","8.94","","","0.00","7","Score exact","2 - 0","","41366549","MMA","1.20","Gagné"
"56VAXMHP","2023-05-22 18:53","Combiné","Perdu","8.94","","","0.00","7","Score exact","2 - 0","","41366645","MMA","1.25","Gagné"
"56VAXMHP","2023-05-22 18:53","Combiné","Perdu","8.94","","","0.00","7","Score exact","0 - 2","","41366649","MMA","1.45","Perdu"
"56VAXMHP","2023-05-22 18:53","Combiné","Perdu","8.94","","","0.00","7","Score exact","0 - 2","","41366545","MMA","1.29","Perdu"
"56VAXMHP","2023-05-22 18:53","Combiné","Perdu","8.94","","","0.00","7","Score exact","2 - 0","","41366553","MMA","1.43","Gagné"
"56VAXMHP","2023-05-22 18:53","Combiné","Perdu","8.94","","","0.00","7","Score exact","2 - 0","","41366619","MMA","1.70","Gagné"
"56VA8CG7","2023-05-22 18:33","Combiné","Perdu","126.79","","","0.00","11","Vainqueur","H. Mayot","","41366641","MMA","1.62","Perdu"
"56VA8CG7","2023-05-22 18:33","Combiné","Perdu","126.79","","","0.00","11","Vainqueur","Z. Kolar","","41366643","MMA","1.49","Gagné"
"56VA8CG7","2023-05-22 18:33","Combiné","Perdu","126.79","","","0.00","11","Vainqueur","F. Diaz Acosta","","41366543","MMA","1.37","Gagné"
"56VA8CG7","2023-05-22 18:33","Combiné","Perdu","126.79","","","0.00","11","Vainqueur","H. Laaksonen","","41366611","MMA","1.70","Perdu"
"56VA8CG7","2023-05-22 18:33","Combiné","Perdu","126.79","","","0.00","11","Vainqueur","R. Brancaccio","","41366551","MMA","1.54","Perdu"
"56VA8CG7","2023-05-22 18:33","Combiné","Perdu","126.79","","","0.00","11","Vainqueur","F. Alves","","41366569","MMA","1.37","Gagné"
"56VA8CG7","2023-05-22 18:33","Combiné","Perdu","126.79","","","0.00","11","Vainqueur","Z. Bergs","","41395781","MMA","1.44","Perdu"
"56VA8CG7","2023-05-22 18:33","Combiné","Perdu","126.79","","","0.00","11","Vainqueur","T. Tirante","","41389819","MMA","1.64","Gagné"
"56VA8CG7","2023-05-22 18:33","Combiné","Perdu","126.79","","","0.00","11","Vainqueur","A. Collarini","","41394045","MMA","1.50","Perdu"
"56VA8CG7","2023-05-22 18:33","Combiné","Perdu","126.79","","","0.00","11","Vainqueur","A. Vavassori","","41395761","MMA","1.64","Gagné"
"56VA8CG7","2023-05-22 18:33","Combiné","Perdu","126.79","","","0.00","11","Vainqueur","D. Novak","","41395783","MMA","1.84","Perdu"
"56U40OME","2023-05-21 22:51","Combiné","Perdu","4.05","","","0.00","3","Score exact","2 - 0","","41366469","","1.39","Gagné"
"56U40OME","2023-05-21 22:51","Combiné","Perdu","4.05","","","0.00","3","Score exact","2 - 0","","41366629","","1.60","Gagné"
"56U40OME","2023-05-21 22:51","Combiné","Perdu","4.05","","","0.00","3","Score exact","0 - 2","","41366591","","1.82","Perdu"
"56U3M3HB","2023-05-21 22:40","Combiné","Perdu","21.06","","","0.00","16","M. Gigante remporte au moins un set","Oui","","41366539","","1.14","Gagné"
"56U3M3HB","2023-05-21 22:40","Combiné","Perdu","21.06","","","0.00","16","P. Martinez remporte au moins un set","Oui","","41366535","","1.21","Gagné"
"56U3M3HB","2023-05-21 22:40","Combiné","Perdu","21.06","","","0.00","16","T. Tirante remporte au moins un set","Oui","","41366583","","1.14","Gagné"
"56U3M3HB","2023-05-21 22:40","Combiné","Perdu","21.06","","","0.00","16","N.D. Ionel remporte au moins un set","Oui","","41366585","","1.32","Perdu"
"56U3M3HB","2023-05-21 22:40","Combiné","Perdu","21.06","","","0.00","16","D. Svrcina remporte au moins un set","Oui","","41366587","","1.23","Gagné"
"56U3M3HB","2023-05-21 22:40","Combiné","Perdu","21.06","","","0.00","16","J. Shang remporte au moins un set","Oui","","41366577","","1.25","Gagné"
"56U3M3HB","2023-05-21 22:40","Combiné","Perdu","21.06","","","0.00","16","A. Collarini remporte au moins un set","Oui","","41366579","","1.20","Gagné"
"56U3M3HB","2023-05-21 22:40","Combiné","Perdu","21.06","","","0.00","16","F. Ferreira Silva remporte au moins un set","Oui","","41366561","","1.27","Gagné"
"56U3M3HB","2023-05-21 22:40","Combiné","Perdu","21.06","","","0.00","16","Z. Bergs remporte au moins un set","Oui","","41366559","","1.15","Gagné"
"56U3M3HB","2023-05-21 22:40","Combiné","Perdu","21.06","","","0.00","16","R. Peniston remporte au moins un set","Oui","","41366595","","1.26","Gagné"
"56U3M3HB","2023-05-21 22:40","Combiné","Perdu","21.06","","","0.00","16","S. Rodriguez Taverna remporte au moins un set","Oui","","41366563","","1.33","Gagné"
"56U3M3HB","2023-05-21 22:40","Combiné","Perdu","21.06","","","0.00","16","B. Gojo remporte au moins un set","Oui","","41366637","","1.14","Gagné"
"56U3M3HB","2023-05-21 22:40","Combiné","Perdu","21.06","","","0.00","16","A. Ritschard remporte au moins un set","Oui","","41366531","","1.22","Gagné"
"56U3M3HB","2023-05-21 22:40","Combiné","Perdu","21.06","","","0.00","16","R. Albot remporte au moins un set","Oui","","41366597","","1.18","Gagné"
"56U3M3HB","2023-05-21 22:40","Combiné","Perdu","21.06","","","0.00","16","H. Medjedovic remporte au moins un set","Oui","","41366627","","1.18","Gagné"
"56U3M3HB","2023-05-21 22:40","Combiné","Perdu","21.06","","","0.00","16","A. Tabilo remporte au moins un set","Oui","","41366635","","1.16","Gagné"
"56U3CKCR","2023-05-21 22:33","Combiné","","118.32","","","7.13","10","Vainqueur","P. Martinez","","41366535","","1.60","Gagné"
"56U3CKCR","2023-05-21 22:33","Combiné","","118.32","","","7.13","10","Vainqueur","D. Svrcina","","41366587","","1.66","Gagné"
"56U3CKCR","2023-05-21 22:33","Combiné","","118.32","","","7.13","10","Vainqueur","F. Bagnis","","41366541","","1.60","Gagné"
"56U3CKCR","2023-05-21 22:33","Combiné","","118.32","","","7.13","10","Vainqueur","J. Shang","","41366577","","1.72","Gagné"
"56U3CKCR","2023-05-21 22:33","Combiné","","118.32","","","7.13","10","Vainqueur","A. Collarini","","41366579","","1.58","Gagné"
"56U3CKCR","2023-05-21 22:33","Combiné","","118.32","","","7.13","10","Vainqueur","Z. Bergs","","41366559","","1.42","Gagné"
"56U3CKCR","2023-05-21 22:33","Combiné","","118.32","","","7.13","10","Vainqueur","R. Peniston","","41366595","","1.74","Gagné"
"56U3CKCR","2023-05-21 22:33","Combiné","","118.32","","","7.13","10","Vainqueur","J. Sousa","","41366563","","1.72","Perdu"
"56U3CKCR","2023-05-21 22:33","Combiné","","118.32","","","7.13","10","Vainqueur","A. Ritschard","","41366531","","1.64","Perdu"
"56U3CKCR","2023-05-21 22:33","Combiné","","118.32","","","7.13","10","Vainqueur","A. Tabilo","","41366635","","1.47","Gagné"
"56U3AD6L","2023-05-21 22:31","Combiné","Perdu","9.10","","","0.00","5","Vainqueur","M. Gigante","","41366539","","1.43","Gagné"
"56U3AD6L","2023-05-21 22:31","Combiné","Perdu","9.10","","","0.00","5","Vainqueur","T. Tirante","","41366583","","1.42","Gagné"
"56U3AD6L","2023-05-21 22:31","Combiné","Perdu","9.10","","","0.00","5","Vainqueur","N.D. Ionel","","41366585","","1.94","Perdu"
"56U3AD6L","2023-05-21 22:31","Combiné","Perdu","9.10","","","0.00","5","Vainqueur","R. Albot","","41366597","","1.52","Gagné"
"56U3AD6L","2023-05-21 22:31","Combiné","Perdu","9.10","","","0.00","5","Vainqueur","H. Medjedovic","","41366627","","1.52","Gagné"
"56U344N9","2023-05-21 22:26","Combiné","Perdu","2.35","","","0.00","33","6-0 ou 0-6 dans un set","Non","","41366357","","1.05","Gagné"
"56U344N9","2023-05-21 22:26","Combiné","Perdu","2.35","","","0.00","33","6-0 ou 0-6 dans un set","Non","","41366465","","1.04","Gagné"
"56U344N9","2023-05-21 22:26","Combiné","Perdu","2.35","","","0.00","33","6-0 ou 0-6 dans un set","Non","","41366539","","1.01","Gagné"
"56U344N9","2023-05-21 22:26","Combiné","Perdu","2.35","","","0.00","33","6-0 ou 0-6 dans un set","Non","","41366393","","1.04","Gagné"
"56U344N9","2023-05-21 22:26","Combiné","Perdu","2.35","","","0.00","33","6-0 ou 0-6 dans un set","Non","","41366535","","1.03","Gagné"
"56U344N9","2023-05-21 22:26","Combiné","Perdu","2.35","","","0.00","33","6-0 ou 0-6 dans un set","Non","","41366583","","1.02","Gagné"
"56U344N9","2023-05-21 22:26","Combiné","Perdu","2.35","","","0.00","33","6-0 ou 0-6 dans un set","Non","","41366537","","1.02","Gagné"
"56U344N9","2023-05-21 22:26","Combiné","Perdu","2.35","","","0.00","33","6-0 ou 0-6 dans un set","Non","","41366355","","1.03","Gagné"
"56U344N9","2023-05-21 22:26","Combiné","Perdu","2.35","","","0.00","33","6-0 ou 0-6 dans un set","Non","","41366587","","1.02","Gagné"
"56U344N9","2023-05-21 22:26","Combiné","Perdu","2.35","","","0.00","33","6-0 ou 0-6 dans un set","Non","","41345271","","1.03","Gagné"
"56U344N9","2023-05-21 22:26","Combiné","Perdu","2.35","","","0.00","33","6-0 ou 0-6 dans un set","Non","","41366541","","1.01","Gagné"
"56U344N9","2023-05-21 22:26","Combiné","Perdu","2.35","","","0.00","33","6-0 ou 0-6 dans un set","Non","","41366473","","1.01","Gagné"
"56U344N9","2023-05-21 22:26","Combiné","Perdu","2.35","","","0.00","33","6-0 ou 0-6 dans un set","Non","","41345245","","1.02","Gagné"
"56U344N9","2023-05-21 22:26","Combiné","Perdu","2.35","","","0.00","33","6-0 ou 0-6 dans un set","Non","","41366561","","1.01","Gagné"
"56U344N9","2023-05-21 22:26","Combiné","Perdu","2.35","","","0.00","33","6-0 ou 0-6 dans un set","Non","","41366633","","1.02","Gagné"
"56U344N9","2023-05-21 22:26","Combiné","Perdu","2.35","","","0.00","33","6-0 ou 0-6 dans un set","Non","","41366475","","1.02","Gagné"
"56U344N9","2023-05-21 22:26","Combiné","Perdu","2.35","","","0.00","33","6-0 ou 0-6 dans un set","Non","","41366431","","1.04","Gagné"
"56U344N9","2023-05-21 22:26","Combiné","Perdu","2.35","","","0.00","33","6-0 ou 0-6 dans un set","Non","","41366631","","1.01","Gagné"
"56U344N9","2023-05-21 22:26","Combiné","Perdu","2.35","","","0.00","33","6-0 ou 0-6 dans un set","Non","","41366559","","1.02","Gagné"
"56U344N9","2023-05-21 22:26","Combiné","Perdu","2.35","","","0.00","33","6-0 ou 0-6 dans un set","Non","","41366595","","1.01","Gagné"
"56U344N9","2023-05-21 22:26","Combiné","Perdu","2.35","","","0.00","33","6-0 ou 0-6 dans un set","Non","","41366353","","1.02","Gagné"
"56U344N9","2023-05-21 22:26","Combiné","Perdu","2.35","","","0.00","33","6-0 ou 0-6 dans un set","Non","","41366345","","1.04","Gagné"
"56U344N9","2023-05-21 22:26","Combiné","Perdu","2.35","","","0.00","33","6-0 ou 0-6 dans un set","Non","","41345275","","1.02","Gagné"
"56U344N9","2023-05-21 22:26","Combiné","Perdu","2.35","","","0.00","33","6-0 ou 0-6 dans un set","Non","","41354001","","1.05","Gagné"
"56U344N9","2023-05-21 22:26","Combiné","Perdu","2.35","","","0.00","33","6-0 ou 0-6 dans un set","Non","","41366563","","1.01","Gagné"
"56U344N9","2023-05-21 22:26","Combiné","Perdu","2.35","","","0.00","33","6-0 ou 0-6 dans un set","Non","","41366351","","1.05","Gagné"
"56U344N9","2023-05-21 22:26","Combiné","Perdu","2.35","","","0.00","33","6-0 ou 0-6 dans un set","Non","","41366637","","1.01","Perdu"
"56U344N9","2023-05-21 22:26","Combiné","Perdu","2.35","","","0.00","33","6-0 ou 0-6 dans un set","Non","","41366597","","1.02","Perdu"
"56U344N9","2023-05-21 22:26","Combiné","Perdu","2.35","","","0.00","33","6-0 ou 0-6 dans un set","Non","","41365455","","1.04","Gagné"
"56U344N9","2023-05-21 22:26","Combiné","Perdu","2.35","","","0.00","33","6-0 ou 0-6 dans un set","Non","","41366349","","1.05","Perdu"
"56U344N9","2023-05-21 22:26","Combiné","Perdu","2.35","","","0.00","33","6-0 ou 0-6 dans un set","Non","","41345249","","1.02","Gagné"
"56U344N9","2023-05-21 22:26","Combiné","Perdu","2.35","","","0.00","33","6-0 ou 0-6 dans un set","Non","","41353947","","1.04",""
"56U344N9","2023-05-21 22:26","Combiné","Perdu","2.35","","","0.00","33","6-0 ou 0-6 dans un set","Non","","41353945","","1.04","Gagné"
"56U2ATJE","2023-05-21 22:03","Combiné","Perdu","1233.04","","","0.00","16","Vainqueur","M. Gigante","","41366539","","1.43","Gagné"
"56U2ATJE","2023-05-21 22:03","Combiné","Perdu","1233.04","","","0.00","16","Vainqueur","T. Tirante","","41366583","","1.48","Gagné"
"56U2ATJE","2023-05-21 22:03","Combiné","Perdu","1233.04","","","0.00","16","Vainqueur","G. Zeppieri","","41366565","","1.33","Gagné"
"56U2ATJE","2023-05-21 22:03","Combiné","Perdu","1233.04","","","0.00","16","Vainqueur","Z. Bergs","","41366559","","1.43","Gagné"
"56U2ATJE","2023-05-21 22:03","Combiné","Perdu","1233.04","","","0.00","16","Vainqueur","B. Gojo","","41366637","","1.43","Gagné"
"56U2ATJE","2023-05-21 22:03","Combiné","Perdu","1233.04","","","0.00","16","Vainqueur","J. De Jong","","41366625","","1.27","Gagné"
"56U2ATJE","2023-05-21 22:03","Combiné","Perdu","1233.04","","","0.00","16","Vainqueur","N. Kicker","","41366547","","1.92",""
"56U2ATJE","2023-05-21 22:03","Combiné","Perdu","1233.04","","","0.00","16","Vainqueur","E. Ymer","","41366639","","1.98","Gagné"
"56U2ATJE","2023-05-21 22:03","Combiné","Perdu","1233.04","","","0.00","16","Vainqueur","H. Mayot","","41366641","","1.62","Perdu"
"56U2ATJE","2023-05-21 22:03","Combiné","Perdu","1233.04","","","0.00","16","Vainqueur","Z. Kolar","","41366643","","1.36","Gagné"
"56U2ATJE","2023-05-21 22:03","Combiné","Perdu","1233.04","","","0.00","16","Vainqueur","L. Klein","","41366599","","1.34","Gagné"
"56U2ATJE","2023-05-21 22:03","Combiné","Perdu","1233.04","","","0.00","16","Vainqueur","A. Andreev","","41366609","","1.86","Gagné"
"56U2ATJE","2023-05-21 22:03","Combiné","Perdu","1233.04","","","0.00","16","Vainqueur","G. Debru","","41366651","","2.10","Perdu"
"56U2ATJE","2023-05-21 22:03","Combiné","Perdu","1233.04","","","0.00","16","Vainqueur","Z. Piros","","41366557","","2.05","Perdu"
"56U2ATJE","2023-05-21 22:03","Combiné","Perdu","1233.04","","","0.00","16","Vainqueur","R. Bonadio","","41366621","","1.37","Gagné"
"56U2ATJE","2023-05-21 22:03","Combiné","Perdu","1233.04","","","0.00","16","Vainqueur","F. Alves","","41366569","","1.37","Gagné"
"56TXJOGC","2023-05-21 19:50","Combiné","Perdu","2.32","","","0.00","2","Vainqueur","Tampa Bay Rays","VainqueurTampa Bay RaysLive1,58Tampa Bay Rays4 - 6Milwaukee Brewers","38067423","Baseball","1.58","Perdu"
"56TXJOGC","2023-05-21 19:50","Combiné","Perdu","2.32","","","0.00","2","Vainqueur","Chicago White Sox","VainqueurChicago White Sox1,47Chicago White Sox5 - 2Kansas City Royals","38067419","Baseball","1.47","Gagné"
"56TBQCH6","2023-05-21 69:40","Combiné","Gagné","1.57","","","21.40","18","6-0 ou 0-6 dans un set","Non","","41353985","Tennis","1.04","Gagné"
"56TBQCH6","2023-05-21 69:40","Combiné","Gagné","1.57","","","21.40","18","6-0 ou 0-6 dans un set","Non","","41353989","Tennis","1.04","Gagné"
"56TBQCH6","2023-05-21 69:40","Combiné","Gagné","1.57","","","21.40","18","6-0 ou 0-6 dans un set","Non","","41345265","Tennis","1.02","Gagné"
"56TBQCH6","2023-05-21 69:40","Combiné","Gagné","1.57","","","21.40","18","6-0 ou 0-6 dans un set","Non","","41345273","Tennis","1.02","Gagné"
"56TBQCH6","2023-05-21 69:40","Combiné","Gagné","1.57","","","21.40","18","6-0 ou 0-6 dans un set","Non","","41345251","Tennis","1.01","Gagné"
"56TBQCH6","2023-05-21 69:40","Combiné","Gagné","1.57","","","21.40","18","6-0 ou 0-6 dans un set","Non","","41061473","Tennis","1.02","Gagné"
"56TBQCH6","2023-05-21 69:40","Combiné","Gagné","1.57","","","21.40","18","6-0 ou 0-6 dans un set","Non","","41345267","Tennis","1.02","Gagné"
"56TBQCH6","2023-05-21 69:40","Combiné","Gagné","1.57","","","21.40","18","6-0 ou 0-6 dans un set","Non","","41345269","Tennis","1.02",""
"56TBQCH6","2023-05-21 69:40","Combiné","Gagné","1.57","","","21.40","18","6-0 ou 0-6 dans un set","Non","","41345271","Tennis","1.02","Gagné"
"56TBQCH6","2023-05-21 69:40","Combiné","Gagné","1.57","","","21.40","18","6-0 ou 0-6 dans un set","Non","","41345245","Tennis","1.02","Gagné"
"56TBQCH6","2023-05-21 69:40","Combiné","Gagné","1.57","","","21.40","18","6-0 ou 0-6 dans un set","Non","","41345275","Tennis","1.03","Gagné"
"56TBQCH6","2023-05-21 69:40","Combiné","Gagné","1.57","","","21.40","18","6-0 ou 0-6 dans un set","Non","","41345249","Tennis","1.02","Gagné"
"56TBQCH6","2023-05-21 69:40","Combiné","Gagné","1.57","","","21.40","18","6-0 ou 0-6 dans un set","Non","","41353947","Tennis","1.04",""
"56TBQCH6","2023-05-21 69:40","Combiné","Gagné","1.57","","","21.40","18","6-0 ou 0-6 dans un set","Non","","41353929","Tennis","1.04",""
"56TBQCH6","2023-05-21 69:40","Combiné","Gagné","1.57","","","21.40","18","6-0 ou 0-6 dans un set","Non","","41345263","Tennis","1.02","Gagné"
"56TBQCH6","2023-05-21 69:40","Combiné","Gagné","1.57","","","21.40","18","6-0 ou 0-6 dans un set","Non","","41345243","Tennis","1.02","Gagné"
"56TBQCH6","2023-05-21 69:40","Combiné","Gagné","1.57","","","21.40","18","6-0 ou 0-6 dans un set","Non","","41345261","Tennis","1.02","Gagné"
"56TBQCH6","2023-05-21 69:40","Combiné","Gagné","1.57","","","21.40","18","6-0 ou 0-6 dans un set","Non","","41353933","Tennis","1.04","Gagné"
"56SOWKN4","2023-05-20 23:01","Simple","Gagné","2.00","","","32.10","1","Vainqueur","D. Medvedev","","41061473","Tennis","2.00","Gagné"
"56SLKXTY","2023-05-20 21:28","Simple","Perdu","4.30","","","0.00","1","Score exact","2 - 1","Score exact2 - 1Live4,30Daniil MedvedevStefanos Tsitsipas7575","41061475","","4.30","Perdu"
"56S3F5V9","2023-05-20 12:59","Combiné","Perdu","3.82","","","0.00","2","Vainqueur","C. Ruud","","41061469","","2.30","Perdu"
"56S3F5V9","2023-05-20 12:59","Combiné","Perdu","3.82","","","0.00","2","Vainqueur","S. Tsitsipas","","41061475","","1.66","Perdu"
"56RWRRI5","2023-05-20 59:53","Combiné","Perdu","2.84","","","0.00","2","Vainqueur","LG Twins","VainqueurLG Twins1,351,00LG Twins1 - 1Hanwha Eagles(1-1 a.p.)","38914419","","1.35",""
"56RWRRI5","2023-05-20 59:53","Combiné","Perdu","2.84","","","0.00","2","Vainqueur","Lotte Giants","VainqueurLotte Giants2,10Lotte Giants0 - 5SSG Landers","38914421","","2.10","Perdu"
"56R9H2L6","2023-05-19 23:01","Combiné","Perdu","21.42","","","0.00","5","Vainqueur","Milwaukee Brewers","VainqueurMilwaukee Brewers2,55Tampa Bay Rays1 - 0Milwaukee Brewers","38064627","Baseball","2.55","Perdu"
"56R9H2L6","2023-05-19 23:01","Combiné","Perdu","21.42","","","0.00","5","Vainqueur","Chicago Cubs","VainqueurChicago Cubs1,98Philadelphia Phillies1 - 10Chicago Cubs","38062235","Baseball","1.98","Gagné"
"56R9H2L6","2023-05-19 23:01","Combiné","Perdu","21.42","","","0.00","5","Vainqueur","New York Mets","VainqueurNew York Mets1,58New York Mets7 - 7Cleveland Guardians(10-9 a.p.)","38062495","Baseball","1.58","Gagné"
"56R9H2L6","2023-05-19 23:01","Combiné","Perdu","21.42","","","0.00","5","Vainqueur","Houston Astros","VainqueurHouston Astros1,31Houston Astros5 - 1Athletics","38065211","Baseball","1.31","Gagné"
"56R9H2L6","2023-05-19 23:01","Combiné","Perdu","21.42","","","0.00","5","Vainqueur","Boston Red Sox","VainqueurBoston Red Sox2,05San Diego Padres1 - 6Boston Red Sox","38065883","Baseball","2.05","Gagné"
"56R92JEY","2023-05-19 22:50","Combiné","Gagné","3.40","","","44.23","2","Vainqueur","Chiba Lotte Marines","VainqueurChiba Lotte Marines2,10Tohoku Rakuten Golden Eagles1 - 6Chiba Lotte Marines","38917437","","2.10","Gagné"
"56R92JEY","2023-05-19 22:50","Combiné","Gagné","3.40","","","44.23","2","Vainqueur","Yomiuri Giants","VainqueurYomiuri Giants1,62Yomiuri Giants6 - 2Chunichi Dragons","38917479","","1.62","Gagné"
"56R8XUVE","2023-05-19 22:46","Combiné","Perdu","32.59","","","0.00","7","Vainqueur","Orix Buffaloes","VainqueurOrix Buffaloes1,40Orix Buffaloes3 - 5Hokkaido Nippon-Ham Fighters","38917433","","1.40","Perdu"
"56R8XUVE","2023-05-19 22:46","Combiné","Perdu","32.59","","","0.00","7","Vainqueur","Chiba Lotte Marines","VainqueurChiba Lotte Marines2,10Tohoku Rakuten Golden Eagles1 - 6Chiba Lotte Marines","38917437","","2.10","Gagné"
"56R8XUVE","2023-05-19 22:46","Combiné","Perdu","32.59","","","0.00","7","Vainqueur","Hanshin Tigers","VainqueurHanshin Tigers1,66Hanshin Tigers1 - 0Hiroshima Toyo Carp","38917471","","1.66","Gagné"
"56R8XUVE","2023-05-19 22:46","Combiné","Perdu","32.59","","","0.00","7","Vainqueur","Yomiuri Giants","VainqueurYomiuri Giants1,62Yomiuri Giants6 - 2Chunichi Dragons","38917479","","1.62","Gagné"
"56R8XUVE","2023-05-19 22:46","Combiné","Perdu","32.59","","","0.00","7","Vainqueur","SSG Landers","VainqueurSSG Landers1,60Lotte Giants0 - 5SSG Landers","38914421","","1.60","Gagné"
"56R8XUVE","2023-05-19 22:46","Combiné","Perdu","32.59","","","0.00","7","Vainqueur","NC Dinos","VainqueurNC Dinos1,40NC Dinos14 - 3Samsung Lions","38914423","","1.40","Gagné"
"56R8XUVE","2023-05-19 22:46","Combiné","Perdu","32.59","","","0.00","7","Vainqueur","KIA Tigers","VainqueurKIA Tigers1,84KIA Tigers3 - 2Kiwoom Heroes","38914427","","1.84","Gagné"
"56R0YPDK","2023-05-19 19:03","Simple","Perdu","7.00","","","0.00","1","1er set - VainqueurE. Rybakina","1er set - Vainqueur","VainqueurE. Rybakina1er set - Nombre de jeuxMoins de 12,5Score après 2 jeux1-1Score exact2 - 1 ou 1 - 2Elena RybakinaJelena Ostapenko6264","41047009","","7.00","Perdu"
"56R0QHYM","2023-05-19 18:56","Combiné","Gagné","1.05","","","1.05","3","6-0 ou 0-6 dans un set","Non","","41047009","","1.03","Gagné"
"56R0QHYM","2023-05-19 18:56","Combiné","Gagné","1.05","","","1.05","3","6-0 ou 0-6 dans un set","Non","","41061469","","1.01","Gagné"
"56R0QHYM","2023-05-19 18:56","Combiné","Gagné","1.05","","","1.05","3","6-0 ou 0-6 dans un set","Non","","41061475","","1.01","Gagné"
"56QLRZ8O","2023-05-19 11:57","Simple","Gagné","1.48","","","22.20","1","Vainqueur","Lotte Giants","VainqueurLotte GiantsLive1,48Lotte Giants7 - 5SSG Landers","38914411","","1.48","Gagné"
"56QKUWAR","2023-05-19 11:32","Combiné","Perdu","6.34","","","0.00","3","Vainqueur","Lotte Giants","VainqueurLotte GiantsLive1,80Lotte Giants7 - 5SSG Landers","38914411","","1.80","Gagné"
"56QKUWAR","2023-05-19 11:32","Combiné","Perdu","6.34","","","0.00","3","Vainqueur","NC Dinos","VainqueurNC DinosLive1,78NC Dinos4 - 5Samsung Lions","38914413","","1.78","Perdu"
"56QKUWAR","2023-05-19 11:32","Combiné","Perdu","6.34","","","0.00","3","Vainqueur","Doosan Bears","VainqueurDoosan BearsLive1,98KT Wiz6 - 1Doosan Bears","38914415","","1.98","Perdu"
"56QGF8C8","2023-05-19 89:28","Combiné","Perdu","109.20","","","0.00","9","Vainqueur","Orix Buffaloes","VainqueurOrix Buffaloes1,64Orix Buffaloes0 - 1Hokkaido Nippon-Ham Fighters","38917421","","1.64","Perdu"
"56QGF8C8","2023-05-19 89:28","Combiné","Perdu","109.20","","","0.00","9","Vainqueur","Chiba Lotte Marines","","38917425","","2.00",""
"56QGF8C8","2023-05-19 89:28","Combiné","Perdu","109.20","","","0.00","9","Vainqueur","Hanshin Tigers","VainqueurHanshin Tigers1,50Hanshin Tigers7 - 10Hiroshima Toyo Carp","38917463","","1.50","Perdu"
"56QGF8C8","2023-05-19 89:28","Combiné","Perdu","109.20","","","0.00","9","Vainqueur","Yokohama","","38917467","","1.49",""
"56QGF8C8","2023-05-19 89:28","Combiné","Perdu","109.20","","","0.00","9","Vainqueur","LG Twins","VainqueurLG Twins1,29LG Twins3 - 1Hanwha Eagles","38914409","","1.29","Gagné"
"56QGF8C8","2023-05-19 89:28","Combiné","Perdu","109.20","","","0.00","9","Vainqueur","Lotte Giants","VainqueurLotte Giants1,86Lotte Giants7 - 5SSG Landers","38914411","","1.86","Gagné"
"56QGF8C8","2023-05-19 89:28","Combiné","Perdu","109.20","","","0.00","9","Vainqueur","NC Dinos","VainqueurNC Dinos1,72NC Dinos4 - 5Samsung Lions","38914413","","1.72","Perdu"
"56QGF8C8","2023-05-19 89:28","Combiné","Perdu","109.20","","","0.00","9","Vainqueur","Doosan Bears","VainqueurDoosan Bears1,88KT Wiz6 - 1Doosan Bears","38914415","","1.88","Perdu"
"56QGF8C8","2023-05-19 89:28","Combiné","Perdu","109.20","","","0.00","9","Vainqueur","KIA Tigers","VainqueurKIA Tigers1,92KIA Tigers10 - 1Kiwoom Heroes","38914417","","1.92","Gagné"
"56PXGWH9","2023-05-19 90:37","Combiné","Perdu","58.62","","","0.00","8","Résultat","Colo Colo","RésultatColo Colo1,36Colo Colo0 - 1Curico Unido","38306825","","1.36","Perdu"
"56PXGWH9","2023-05-19 90:37","Combiné","Perdu","58.62","","","0.00","8","Résultat","Nacional Asuncion","RésultatNacional Asuncion1,84Nacional Asuncion0 - 0Resistencia FC","40456163","","1.84","Perdu"
"56PXGWH9","2023-05-19 90:37","Combiné","Perdu","58.62","","","0.00","8","Vainqueur","Chiba Lotte Marines","","38917425","","2.00",""
"56PXGWH9","2023-05-19 90:37","Combiné","Perdu","58.62","","","0.00","8","Vainqueur","Hanshin Tigers","VainqueurHanshin Tigers1,50Hanshin Tigers7 - 10Hiroshima Toyo Carp","38917463","","1.50","Perdu"
"56PXGWH9","2023-05-19 90:37","Combiné","Perdu","58.62","","","0.00","8","Vainqueur","LG Twins","VainqueurLG Twins1,31LG Twins3 - 1Hanwha Eagles","38914409","","1.31","Gagné"
"56PXGWH9","2023-05-19 90:37","Combiné","Perdu","58.62","","","0.00","8","Vainqueur","Lotte Giants","VainqueurLotte Giants1,84Lotte Giants7 - 5SSG Landers","38914411","","1.84","Gagné"
"56PXGWH9","2023-05-19 90:37","Combiné","Perdu","58.62","","","0.00","8","Vainqueur","NC Dinos","VainqueurNC Dinos1,78NC Dinos4 - 5Samsung Lions","38914413","","1.78","Perdu"
"56PXGWH9","2023-05-19 90:37","Combiné","Perdu","58.62","","","0.00","8","Résultat","Melbourne City","RésultatMelbourne City1,82Melbourne City4 - 0Sydney FC","41100303","","1.82","Gagné"
"56POISCW","2023-05-18 20:27","Simple","Perdu","1.80","","","0.00","1","B. Coric remporte au moins un set","Oui","","41061471","","1.80","Perdu"
"56PKRJMW","2023-05-18 18:41","Simple","Gagné","1.49","","","22.35","1","Résultat","Kielce Vive","RésultatKielce Vive1,49Kielce Vive31 - 27Veszprem","40378259","","1.49","Gagné"
"56PEBQWG","2023-05-18 15:41","Combiné","Perdu","32.95","","","0.00","8","Score exact","0 - 2","Score exact0 - 2Live1,78Yannick HanfmannDaniil Medvedev2626","41061481","","1.78","Gagné"
"56PEBQWG","2023-05-18 15:41","Combiné","Perdu","32.95","","","0.00","8","Vainqueur","Baltimore Orioles","VainqueurBaltimore Orioles1,54Baltimore Orioles5 - 6Los Angeles Angels","38065321","Baseball","1.54","Perdu"
"56PEBQWG","2023-05-18 15:41","Combiné","Perdu","32.95","","","0.00","8","Résultat","Kielce Vive","RésultatKielce Vive1,43Kielce Vive31 - 27Veszprem","40378259","","1.43","Gagné"
"56PEBQWG","2023-05-18 15:41","Combiné","Perdu","32.95","","","0.00","8","Résultat","Fenerbahce","RésultatFenerbahce1,45Fenerbahce3 - 1Trabzonspor","34478625","","1.45","Gagné"
"56PEBQWG","2023-05-18 15:41","Combiné","Perdu","32.95","","","0.00","8","Vainqueur","Tampa Bay Rays","VainqueurTampa Bay Rays1,76New York Mets3 - 2Tampa Bay Rays","38064157","Baseball","1.76","Perdu"
"56PEBQWG","2023-05-18 15:41","Combiné","Perdu","32.95","","","0.00","8","Résultat (hors prolongations et TAB)","Suisse","Résultat (hors prolongations et TAB)Suisse1,41Suisse4 - 2Slovaquie","36356409","","1.41","Gagné"
"56PEBQWG","2023-05-18 15:41","Combiné","Perdu","32.95","","","0.00","8","Résultat","Chambéry","RésultatChambéry1,46Chambéry32 - 28Toulouse","35016525","","1.46","Gagné"
"56PEBQWG","2023-05-18 15:41","Combiné","Perdu","32.95","","","0.00","8","Vainqueur","Pistoia","VainqueurPistoia1,60Assigeco Piacenza94 - 89Estra Pistoia","41188499","","1.60","Perdu"
"56P170V2","2023-05-18 29:34","Combiné","Gagné","14.32","5.00","Freebet","0.95","5","Vainqueur","Yomiuri Giants","VainqueurYomiuri Giants1,98Tokyo Yakult Swallows3 - 6Yomiuri Giants","38917449","Baseball","1.98","Gagné"
"56P170V2","2023-05-18 29:34","Combiné","Gagné","14.32","5.00","Freebet","0.95","5","Vainqueur","Yokohama","VainqueurYokohama1,64Yokohama DeNA BayStars13 - 3Hiroshima Toyo Carp","38917453","Baseball","1.64","Gagné"
"56P170V2","2023-05-18 29:34","Combiné","Gagné","14.32","5.00","Freebet","0.95","5","Vainqueur","LG Twins","VainqueurLG Twins1,62LG Twins9 - 5KT Wiz","38914399","Baseball","1.62","Gagné"
"56P170V2","2023-05-18 29:34","Combiné","Gagné","14.32","5.00","Freebet","0.95","5","Vainqueur","Samsung Lions","","38914401","Baseball","1.66",""
"56P170V2","2023-05-18 29:34","Combiné","Gagné","14.32","5.00","Freebet","0.95","5","Vainqueur","Lotte Giants","VainqueurLotte Giants1,64Hanwha Eagles3 - 7Lotte Giants","38914407","Baseball","1.64","Gagné"
"56K41ME2","2023-05-14 22:54","Combiné","Perdu","34.85","","","0.00","7","Résultat","America De Cali","RésultatAmerica De Cali1,54America De Cali0 - 0Once Caldas","38638687","","1.54","Perdu"
"56K41ME2","2023-05-14 22:54","Combiné","Perdu","34.85","","","0.00","7","Résultat","Paranaense","RésultatParanaense1,60Atlético Paranaense3 - 2Coritiba","39438923","","1.60","Gagné"
"56K41ME2","2023-05-14 22:54","Combiné","Perdu","34.85","","","0.00","7","Vainqueur","M. Keys","","41046875","","1.62","Perdu"
"56K41ME2","2023-05-14 22:54","Combiné","Perdu","34.85","","","0.00","7","Vainqueur","B. Coric","","41061443","","1.54","Gagné"
"56K41ME2","2023-05-14 22:54","Combiné","Perdu","34.85","","","0.00","7","Vainqueur","E. Rybakina","","41046879","","2.30","Gagné"
"56K41ME2","2023-05-14 22:54","Combiné","Perdu","34.85","","","0.00","7","Score exact","0 - 2","","41061441","","1.56","Perdu"
"56K41ME2","2023-05-14 22:54","Combiné","Perdu","34.85","","","0.00","7","Vainqueur","J. Ostapenko","","41046883","","1.58","Gagné"
"54KH0ELW","2023-03-25 18:38","Simple","Perdu","1.45","","","0.00","1","Vainqueur","C. Gauff","","40033307","","1.45","Perdu"
"54K9KFL8","2023-03-25 15:10","Simple","Gagné","1.41","","","21.15","1","Vainqueur","J. Lehecka","","40084485","","1.41","Gagné"
"54DB8W7P","2023-03-20 18:22","Combiné","Perdu","10.01","5.00","Freebet","0.00","5","Vainqueur","K. Sebov","","40154869","Basket","1.76","Gagné"
"54DB8W7P","2023-03-20 18:22","Combiné","Perdu","10.01","5.00","Freebet","0.00","5","Vainqueur","K. Juvan","","40154687","Basket","1.52","Perdu"
"54DB8W7P","2023-03-20 18:22","Combiné","Perdu","10.01","5.00","Freebet","0.00","5","Résultat (hors prolongations et TAB)","Stavanger Oilers","Résultat (hors prolongations et TAB)Stavanger Oilers1,54Sarpsborg0 - 3Stavanger Oilers","39954987","Hockey","1.54","Gagné"
"54DB8W7P","2023-03-20 18:22","Combiné","Perdu","10.01","5.00","Freebet","0.00","5","Résultat (hors prolongations et TAB)","Vaxjo Lakers HC","Résultat (hors prolongations et TAB)Vaxjo Lakers HC1,62Vaxjo Lakers HC7 - 2Lulea Hockey","40062235","Basket","1.62","Gagné"
"54DB8W7P","2023-03-20 18:22","Combiné","Perdu","10.01","5.00","Freebet","0.00","5","Vainqueur","S. Maguire","VainqueurS. Maguire1,50Stephen Maguire1 - 4Daniel Wells","40152335","Basket","1.50","Perdu"
"54BYQ61R","2023-03-19 19:44","Combiné","Perdu","2.91","","","0.00","2","Vainqueur","A. Sabalenka","","40121719","Tennis","1.60","Perdu"
"54BYQ61R","2023-03-19 19:44","Combiné","Perdu","2.91","","","0.00","2","Vainqueur","C. Alcaraz","","39752209","Tennis","1.82","Gagné"
"54BUDU38","2023-03-19 17:42","Combiné","Perdu","13.94","","","0.00","8","Top 10","Russell, George","","1000030425","","1.12","Gagné"
"54BUDU38","2023-03-19 17:42","Combiné","Perdu","13.94","","","0.00","8","Top 10","Piastri, Oscar","","1000030425","","2.05","Perdu"
"54BUDU38","2023-03-19 17:42","Combiné","Perdu","13.94","","","0.00","8","Top 10","Gasly, Pierre","","1000030425","","1.42","Gagné"
"54BUDU38","2023-03-19 17:42","Combiné","Perdu","13.94","","","0.00","8","Top 10","Sainz Jr, Carlos","","1000030425","","1.12","Gagné"
"54BUDU38","2023-03-19 17:42","Combiné","Perdu","13.94","","","0.00","8","Top 10","Perez, Sergio","","1000030425","","1.09","Gagné"
"54BUDU38","2023-03-19 17:42","Combiné","Perdu","13.94","","","0.00","8","Top 10","Hülkenberg, Nico","","1000030425","","2.45","Perdu"
"54BUDU38","2023-03-19 17:42","Combiné","Perdu","13.94","","","0.00","8","Top 10","Alonso, Fernando","","1000030425","","1.10","Gagné"
"54BUDU38","2023-03-19 17:42","Combiné","Perdu","13.94","","","0.00","8","Top 10","Ocon, Esteban","","1000030425","","1.30","Gagné"
"54BU6I98","2023-03-19 17:37","Simple","Annulé","1.80","","","","1","Face à face - Lance Stroll - Lewis Hamilton","Lance Stroll","","1000030425","F1","1.80","Annulé"
"53RF03GV","2023-03-05 10:47","Combiné","Perdu","5.07","","","0.00","7","Top 10","Verstappen, Max","","1000027366","","1.10","Gagné"
"53RF03GV","2023-03-05 10:47","Combiné","Perdu","5.07","","","0.00","7","Top 10","Sainz Jr, Carlos","","1000027366","","1.15","Gagné"
"53RF03GV","2023-03-05 10:47","Combiné","Perdu","5.07","","","0.00","7","Top 10","Zhou, Guanyu","","1000027366","","1.70","Perdu"
"53RF03GV","2023-03-05 10:47","Combiné","Perdu","5.07","","","0.00","7","Top 10","Hamilton, Lewis","","1000027366","","1.17","Gagné"
"53RF03GV","2023-03-05 10:47","Combiné","Perdu","5.07","","","0.00","7","Top 10","Perez, Sergio","","1000027366","","1.12","Gagné"
"53RF03GV","2023-03-05 10:47","Combiné","Perdu","5.07","","","0.00","7","Top 10","Ocon, Esteban","","1000027366","","1.55","Perdu"
"53RF03GV","2023-03-05 10:47","Combiné","Perdu","5.07","","","0.00","7","Top 10","Russell, George","","1000027366","","1.16","Gagné"
"53RF4I1U","2023-03-05 10:40","Combiné","Perdu","1.80","","","0.00","2","Top 10","Ocon, Esteban","","1000027366","","1.55","Perdu"
"53RF4I1U","2023-03-05 10:40","Combiné","Perdu","1.80","","","0.00","2","Top 10","Russell, George","","1000027366","","1.16","Gagné"
"53REUTOQ","2023-03-05 10:32","Simple","Perdu","6.50","3.00","Freebet","0.00","1","Vainqueur","Leclerc, Charles","","1000027366","","6.50","Perdu"
"51FUTDST","2023-01-05 23:06","Combiné","Perdu","5.19","","","0.00","5","Résultat après 2 jeux","Match nul","","38311931","Tennis","1.33","Gagné"
"51FUTDST","2023-01-05 23:06","Combiné","Perdu","5.19","","","0.00","5","Résultat après 2 jeux","Match nul","","38312929","Tennis","1.37","Gagné"
"51FUTDST","2023-01-05 23:06","Combiné","Perdu","5.19","","","0.00","5","Résultat après 2 jeux","Match nul","","38312875","Tennis","1.42","Gagné"
"51FUTDST","2023-01-05 23:06","Combiné","Perdu","5.19","","","0.00","5","Résultat après 2 jeux","Match nul","","38311911","Tennis","1.32","Perdu"
"51FUTDST","2023-01-05 23:06","Combiné","Perdu","5.19","","","0.00","5","Résultat après 2 jeux","Match nul","","38312925","Tennis","1.52","Gagné"
"51FPRX93","2023-01-05 20:45","Simple","Perdu","","","","0.00","1","","","","","Cotes boostées","","Perdu"
"519ZP1YD","2023-01-01 20:36","Simple","Perdu","4.50","","","0.00","1","But sur penalty","PSG marque sur penalty","","34172325","","4.50","Perdu"
"519ZJSBH","2023-01-01 20:32","Simple","Perdu","","","","0.00","1","","","","","Cotes boostées","","Perdu"
"517BBC8Z","2022-12-31 10:10","Combiné","Perdu","","","","0.00","2","Nombre de points","Moins de 130,5","","36359521","Baseball","1.54","Perdu"
"517BBC8Z","2022-12-31 10:10","Combiné","Perdu","","","","0.00","2","Équipe qui marque le 4e but","Braga","","37644341","Baseball","","Perdu"
"5179FD85","2022-12-30 22:46","Simple","Gagné","1.38","20.70","Cash","28.57","1","Nombre de points","Moins de 159,5","","35408539","","1.38","Gagné"
"5178NZVR","2022-12-30 22:24","Simple","Gagné","1.38","","","20.70","1","Écart de points","Fenerbahce +6.5","","34868673","","1.38","Gagné"
"50N0B85O","2022-12-16 18:35","Combiné","Perdu","28.12","10.00","Freebet","0.00","6","Résultat","Farul Constanta","","34416659","Football","2.20","Perdu"
"50N0B85O","2022-12-16 18:35","Combiné","Perdu","28.12","10.00","Freebet","0.00","6","Résultat","Cardiff Metropolitan University","","34355523","Football","2.15","Gagné"
"50N0B85O","2022-12-16 18:35","Combiné","Perdu","28.12","10.00","Freebet","0.00","6","Résultat","Newtown","","34355525","Football","1.43","Gagné"
"50N0B85O","2022-12-16 18:35","Combiné","Perdu","28.12","10.00","Freebet","0.00","6","Résultat","St. Josephs FC","","36995181","Football","1.40","Perdu"
"50N0B85O","2022-12-16 18:35","Combiné","Perdu","28.12","10.00","Freebet","0.00","6","Résultat","Paris SG (F)","","36462067","Football","1.50","Gagné"
"50N0B85O","2022-12-16 18:35","Combiné","Perdu","28.12","10.00","Freebet","0.00","6","Résultat","Chaves","","36336991","Football","1.98","Perdu"
"50K7RBT9","2022-12-14 19:40","Simple","Perdu","","","","0.00","1","","","","","Cotes boostées","","Perdu"
"5007W7M8","2022-11-30 19:49","Combiné","Perdu","5.78","","","0.00","2","Mi-temps avec le plus de buts","2de mi-temps","","32986751","","1.96","Gagné"
"5007W7M8","2022-11-30 19:49","Combiné","Perdu","5.78","","","0.00","2","Mi-temps avec le plus de buts","1re mi-temps","","32986753","","2.95","Perdu"
"5007NPIG","2022-11-30 19:42","Simple","Perdu","","","","0.00","1","","","","","Cotes boostées","","Perdu"
"4ZRNIWDJ","2022-11-24 19:56","Simple","Perdu","6.75","","","0.00","1","Résultat","Serbie","","32986791","","6.75","Perdu"
"4ZRNDXNU","2022-11-24 19:52","Simple","Perdu","","","","0.00","1","","","","","Cotes boostées","","Perdu"
"4ZN08JRD","2022-11-21 13:53","Combiné","Perdu","3.24","","","0.00","2","Résultat","Angleterre","","32986731","","1.35","Gagné"
"4ZN08JRD","2022-11-21 13:53","Combiné","Perdu","3.24","","","0.00","2","Résultat","États-Unis","","32986733","","2.40","Perdu"
"4ZMQXM96","2022-11-21 69:33","Combiné","Perdu","38.04","","","0.00","9","Résultat","Angleterre","","32986731","","1.33","Gagné"
"4ZMQXM96","2022-11-21 69:33","Combiné","Perdu","38.04","","","0.00","9","Résultat","Danemark","","32986757","","1.45","Perdu"
"4ZMQXM96","2022-11-21 69:33","Combiné","Perdu","38.04","","","0.00","9","Résultat","Allemagne","","32986769","","1.47","Perdu"
"4ZMQXM96","2022-11-21 69:33","Combiné","Perdu","38.04","","","0.00","9","Résultat","Belgique","","32986779","","1.50","Gagné"
"4ZMQXM96","2022-11-21 69:33","Combiné","Perdu","38.04","","","0.00","9","Résultat","Uruguay","","32986805","","1.74","Perdu"
"4ZMQXM96","2022-11-21 69:33","Combiné","Perdu","38.04","","","0.00","9","Résultat","Portugal","","32986803","","1.36","Gagné"
"4ZMQXM96","2022-11-21 69:33","Combiné","Perdu","38.04","","","0.00","9","Résultat","Brésil","","32986791","","1.45","Gagné"
"4ZMQXM96","2022-11-21 69:33","Combiné","Perdu","38.04","","","0.00","9","Résultat","Pays-Bas","","32986725","","1.65","Perdu"
"4ZMQXM96","2022-11-21 69:33","Combiné","Perdu","38.04","","","0.00","9","Résultat","Angleterre","","32986735","","1.58","Perdu"
"4ZLLDNPQ","2022-11-20 14:10","Simple","Perdu","3.70","","","0.00","1","Résultat","Qatar","","32986719","","3.70","Perdu"
"4ZKC1J7I","2022-11-19 17:00","Combiné","Perdu","15.13","","","0.00","3","Résultat (hors prolongations et TAB)","Innsbruck","","34631159","Tennis","2.10","Gagné"
"4ZKC1J7I","2022-11-19 17:00","Combiné","Perdu","15.13","","","0.00","3","Résultat","Algérie","","37142957","Tennis","3.35","Perdu"
"4ZKC1J7I","2022-11-19 17:00","Combiné","Perdu","15.13","","","0.00","3","Vainqueur","C. Ruud","","37562477","Tennis","2.15","Gagné"
"4ZK6TVTA","2022-11-19 14:34","Combiné","Perdu","6.30","","","0.00","3","Résultat","Bala Town","","34355489","","1.86","Perdu"
"4ZK6TVTA","2022-11-19 14:34","Combiné","Perdu","6.30","","","0.00","3","Résultat","NK Siroki Brijeg","","34173735","","1.82","Gagné"
"4ZK6TVTA","2022-11-19 14:34","Combiné","Perdu","6.30","","","0.00","3","Résultat","Zeljeznicar","","34173741","","1.86","Perdu"
"4ZBRP3DS","2022-11-13 17:09","Simple","Perdu","2.25","","","0.00","1","Vainqueur","Verstappen, Max","","1000026301","","2.25","Perdu"
"4YRZ4IMT","2022-10-30 20:41","Simple","Perdu","2.00","","","0.00","1","Face à face - Charles Leclerc - Carlos Sainz","Charles Leclerc","","1000026084","F1","2.00","Perdu"
"4YRCYJU4","2022-10-30 10:21","Combiné","Perdu","7.42","","","0.00","7","Vainqueur","L. Hang","","36511351","","1.32","Perdu"
"4YRCYJU4","2022-10-30 10:21","Combiné","Perdu","7.42","","","0.00","7","Vainqueur","Z.Yuelong","","36511353","","1.26","Perdu"
"4YRCYJU4","2022-10-30 10:21","Combiné","Perdu","7.42","","","0.00","7","Vainqueur","P. Junxu","","36511355","","1.16","Gagné"
"4YRCYJU4","2022-10-30 10:21","Combiné","Perdu","7.42","","","0.00","7","Vainqueur","H. Vafaei","","36511357","","1.12","Gagné"
"4YRCYJU4","2022-10-30 10:21","Combiné","Perdu","7.42","","","0.00","7","Vainqueur","F. Patrick","","36511359","","1.64","Gagné"
"4YRCYJU4","2022-10-30 10:21","Combiné","Perdu","7.42","","","0.00","7","Vainqueur","M. Gould","","36511361","","1.19","Gagné"
"4YRCYJU4","2022-10-30 10:21","Combiné","Perdu","7.42","","","0.00","7","Vainqueur","G. Wilson","","36511363","","1.76","Gagné"
"4YRCOGU1","2022-10-30 10:13","Combiné","Perdu","15.17","","","0.00","2","Résultat","Villarreal","","34277419","","3.70","Perdu"
"4YRCOGU1","2022-10-30 10:13","Combiné","Perdu","15.17","","","0.00","2","Résultat","Betis Séville","","34277431","","4.10","Gagné"
"4YRCNWJY","2022-10-30 10:12","Combiné","Perdu","13.79","","","0.00","5","Résultat","Anderlecht","","34271217","","1.43","Gagné"
"4YRCNWJY","2022-10-30 10:12","Combiné","Perdu","13.79","","","0.00","5","Résultat","Monaco","","34172235","","1.40","Gagné"
"4YRCNWJY","2022-10-30 10:12","Combiné","Perdu","13.79","","","0.00","5","Résultat","Manchester United","","34151961","","1.68","Gagné"
"4YRCNWJY","2022-10-30 10:12","Combiné","Perdu","13.79","","","0.00","5","Résultat","La Gantoise","","34271221","","2.00","Perdu"
"4YRCNWJY","2022-10-30 10:12","Combiné","Perdu","13.79","","","0.00","5","Résultat","Milan AC","","34286751","","2.05","Perdu"
"4YRCM2F8","2022-10-30 10:11","Combiné","Perdu","7.04","","","0.00","4","Résultat","Atalanta","","34286735","","1.74","Gagné"
"4YRCM2F8","2022-10-30 10:11","Combiné","Perdu","7.04","","","0.00","4","Résultat","Udinese","","34286733","","1.86","Perdu"
"4YRCM2F8","2022-10-30 10:11","Combiné","Perdu","7.04","","","0.00","4","Résultat","Lazio","","34286741","","1.46","Perdu"
"4YRCM2F8","2022-10-30 10:11","Combiné","Perdu","7.04","","","0.00","4","Résultat","Fenerbahce","","34478235","","1.49","Gagné"
"4YRCJQY9","2022-10-30 10:09","Combiné","Perdu","4.76","","","0.00","3","Résultat","Atalanta","","34286735","","1.74","Gagné"
"4YRCJQY9","2022-10-30 10:09","Combiné","Perdu","4.76","","","0.00","3","Résultat","Udinese","","34286733","","1.86","Perdu"
"4YRCJQY9","2022-10-30 10:09","Combiné","Perdu","4.76","","","0.00","3","Résultat","Union Saint-Gilloise","","34271225","","1.47","Gagné"
"4YPXZWE8","2022-10-29 11:34","Combiné","Gagné","7.79","","","0.85","4","Résultat","Parme","","34744407","","1.84","Gagné"
"4YPXZWE8","2022-10-29 11:34","Combiné","Gagné","7.79","","","0.85","4","Résultat","Newcastle","","34151963","","1.74","Gagné"
"4YPXZWE8","2022-10-29 11:34","Combiné","Gagné","7.79","","","0.85","4","Résultat","Burnley","","34265555","","1.60","Gagné"
"4YPXZWE8","2022-10-29 11:34","Combiné","Gagné","7.79","","","0.85","4","Les 2 équipes marquent","Oui","","34169155","","1.52","Gagné"
"4YPXYBA0","2022-10-29 11:33","Combiné","Perdu","20.77","","","0.00","5","Résultat","Leipzig","","34169149","","1.72","Gagné"
"4YPXYBA0","2022-10-29 11:33","Combiné","Perdu","20.77","","","0.00","5","Résultat","Brentford","","34151949","","2.15","Perdu"
"4YPXYBA0","2022-10-29 11:33","Combiné","Perdu","20.77","","","0.00","5","Résultat","Atl. Madrid","","34277427","","1.60","Perdu"
"4YPXYBA0","2022-10-29 11:33","Combiné","Perdu","20.77","","","0.00","5","Résultat","Fulham","","34151955","","2.25","Perdu"
"4YPXYBA0","2022-10-29 11:33","Combiné","Perdu","20.77","","","0.00","5","Résultat","FC Barcelone","","34277429","","1.56","Gagné"
"4YPXW1VV","2022-10-29 11:31","Combiné","Perdu","6.70","","","0.00","3","Vainqueur","F. Auger-Aliassime","","36819727","Tennis","2.05","Gagné"
"4YPXW1VV","2022-10-29 11:31","Combiné","Perdu","6.70","","","0.00","3","Vainqueur","B. Coric","","36820189","Tennis","2.15","Perdu"
"4YPXW1VV","2022-10-29 11:31","Combiné","Perdu","6.70","","","0.00","3","Vainqueur","H. Rune","","36819719","Tennis","1.52","Gagné"
"4YHXCXLL","2022-10-23 20:54","Combiné","Perdu","7.83","","","0.00","8","Top 10","Norris, Lando","","1000025626","F1","1.28","Gagné"
"4YHXCXLL","2022-10-23 20:54","Combiné","Perdu","7.83","","","0.00","8","Top 10","Russell, George","","1000025626","F1","1.16","Gagné"
"4YHXCXLL","2022-10-23 20:54","Combiné","Perdu","7.83","","","0.00","8","Top 10","Gasly, Pierre","","1000025626","F1","2.60","Perdu"
"4YHXCXLL","2022-10-23 20:54","Combiné","Perdu","7.83","","","0.00","8","Top 10","Leclerc, Charles","","1000025626","F1","1.16","Gagné"
"4YHXCXLL","2022-10-23 20:54","Combiné","Perdu","7.83","","","0.00","8","Top 10","Sainz Jr, Carlos","","1000025626","F1","1.16","Perdu"
"4YHXCXLL","2022-10-23 20:54","Combiné","Perdu","7.83","","","0.00","8","Top 10","Verstappen, Max","","1000025626","F1","1.12","Gagné"
"4YHXCXLL","2022-10-23 20:54","Combiné","Perdu","7.83","","","0.00","8","Top 10","Perez, Sergio","","1000025626","F1","1.16","Gagné"
"4YHXCXLL","2022-10-23 20:54","Combiné","Perdu","7.83","","","0.00","8","Top 10","Hamilton, Lewis","","1000025626","F1","1.16","Gagné"
"4YHX56X4","2022-10-23 20:48","Combiné","Perdu","2.00","","","0.00","4","Top 10","Sainz Jr, Carlos","","1000025626","F1","1.16","Perdu"
"4YHX56X4","2022-10-23 20:48","Combiné","Perdu","2.00","","","0.00","4","Top 10","Hamilton, Lewis","","1000025626","F1","1.16","Gagné"
"4YHX56X4","2022-10-23 20:48","Combiné","Perdu","2.00","","","0.00","4","Top 10","Norris, Lando","","1000025626","F1","1.28","Gagné"
"4YHX56X4","2022-10-23 20:48","Combiné","Perdu","2.00","","","0.00","4","Top 10","Russell, George","","1000025626","F1","1.16","Gagné"
"4Y7VZPGG","2022-10-16 20:18","Simple","Perdu","","","","0.00","1","","","","","Cotes boostées","","Perdu"
"4Y7VZOR3","2022-10-16 20:18","Simple","Perdu","4.50","","","0.00","1","Vainqueur (remboursé si match nul)","Marseille","","34172199","","4.50","Perdu"
"4Y6OKQDE","2022-10-16 0:03","Combiné","Perdu","3.90","","","0.00","3","Vainqueur","Wilkes-Barre/Scranton Penguins","","34958363","Hockey","1.82","Perdu"
"4Y6OKQDE","2022-10-16 0:03","Combiné","Perdu","3.90","","","0.00","3","Vainqueur","Pittsburgh Penguins","","34536709","Hockey","1.54","Gagné"
"4Y6OKQDE","2022-10-16 0:03","Combiné","Perdu","3.90","","","0.00","3","Vainqueur","Toronto Maple Leafs","","34536713","Hockey","1.39","Gagné"
"4Y6G3TWX","2022-10-15 20:06","Combiné","Perdu","2.26","","","0.00","2","Résultat","Atalanta","","34286693","Tennis","1.66","Gagné"
"4Y6G3TWX","2022-10-15 20:06","Combiné","Perdu","2.26","","","0.00","2","1er set - Vainqueur","I. Swiatek","","36486517","Tennis","1.36","Perdu"
"4Y4MDD3Z","2022-10-14 13:26","Combiné","Perdu","52.95","","","0.00","9","Vainqueur","A. Rublev","","36466531","MMA","1.44","Gagné"
"4Y4MDD3Z","2022-10-14 13:26","Combiné","Perdu","52.95","","","0.00","9","Vainqueur","J. Niemeier","","36485621","MMA","1.56","Perdu"
"4Y4MDD3Z","2022-10-14 13:26","Combiné","Perdu","52.95","","","0.00","9","Vainqueur","P. Carreno-Busta","","36466521","MMA","1.35","Perdu"
"4Y4MDD3Z","2022-10-14 13:26","Combiné","Perdu","52.95","","","0.00","9","Vainqueur","A. Kalinina","","36485625","MMA","1.68","Perdu"
"4Y4MDD3Z","2022-10-14 13:26","Combiné","Perdu","52.95","","","0.00","9","Vainqueur","S. Korda","","36466535","MMA","1.46","Gagné"
"4Y4MDD3Z","2022-10-14 13:26","Combiné","Perdu","52.95","","","0.00","9","Vainqueur","A. Sabalenka","","36486513","MMA","1.52","Perdu"
"4Y4MDD3Z","2022-10-14 13:26","Combiné","Perdu","52.95","","","0.00","9","Vainqueur","X. Wang","","36485619","MMA","1.90","Gagné"
"4Y4MDD3Z","2022-10-14 13:26","Combiné","Perdu","52.95","","","0.00","9","Vainqueur","F. Auger-Aliassime","","36462785","MMA","1.56","Gagné"
"4Y4MDD3Z","2022-10-14 13:26","Combiné","Perdu","52.95","","","0.00","9","Vainqueur","J. Pegula","","36486497","MMA","1.58","Gagné"
"4Y4MBYXL","2022-10-14 13:24","Combiné","Perdu","6.74","","","0.00","2","Vainqueur","J. Paolini","","36485621","Tennis","2.45","Gagné"
"4Y4MBYXL","2022-10-14 13:24","Combiné","Perdu","6.74","","","0.00","2","Vainqueur","M. McDonald","","36462801","Tennis","2.75","Perdu"
"4Y4APJEY","2022-10-14 7:59","Combiné","Perdu","17.64","","","0.00","5","Nombre exact de sets","","","36466533","Tennis","1.46","Gagné"
"4Y4APJEY","2022-10-14 7:59","Combiné","Perdu","17.64","","","0.00","5","Nombre exact de sets","","","36462805","Tennis","2.30","Perdu"
"4Y4APJEY","2022-10-14 7:59","Combiné","Perdu","17.64","","","0.00","5","Nombre exact de sets","","","36466531","Tennis","1.49","Gagné"
"4Y4APJEY","2022-10-14 7:59","Combiné","Perdu","17.64","","","0.00","5","Nombre exact de sets","","","36462803","Tennis","1.50","Perdu"
"4Y4APJEY","2022-10-14 7:59","Combiné","Perdu","17.64","","","0.00","5","Nombre exact de sets","","","36485621","Tennis","2.35","Perdu"
"4Y4AI943","2022-10-14 37:53","Combiné","Perdu","6.64","","","0.00","4","Vainqueur","Si Jiahui","","36509029","","1.66","Perdu"
"4Y4AI943","2022-10-14 37:53","Combiné","Perdu","6.64","","","0.00","4","Vainqueur","A. Hugill","","36509033","","1.47","Gagné"
"4Y4AI943","2022-10-14 37:53","Combiné","Perdu","6.64","","","0.00","4","Vainqueur","J. Jones","","36509035","","1.60","Gagné"
"4Y4AI943","2022-10-14 37:53","Combiné","Perdu","6.64","","","0.00","4","Vainqueur","B. Woollaston","","36509037","","1.70","Gagné"
"4Y3RGY5S","2022-10-13 23:00","Combiné","Perdu","149.54","","","0.00","8","Résultat","Argentinos Juniors","","33839829","Hockey","2.45","Perdu"
"4Y3RGY5S","2022-10-13 23:00","Combiné","Perdu","149.54","","","0.00","8","Résultat (hors prolongations et TAB)","Ottawa Senators","","34536667","Hockey","2.30","Perdu"
"4Y3RGY5S","2022-10-13 23:00","Combiné","Perdu","149.54","","","0.00","8","Résultat (hors prolongations et TAB)","Pittsburgh Penguins","","34536671","Hockey","1.38","Gagné"
"4Y3RGY5S","2022-10-13 23:00","Combiné","Perdu","149.54","","","0.00","8","Résultat (hors prolongations et TAB)","Toronto Maple Leafs","","34536675","Hockey","1.74","Gagné"
"4Y3RGY5S","2022-10-13 23:00","Combiné","Perdu","149.54","","","0.00","8","Résultat","Atletico Tucuman","","33839819","Hockey","1.88","Perdu"
"4Y3RGY5S","2022-10-13 23:00","Combiné","Perdu","149.54","","","0.00","8","Résultat (hors prolongations et TAB)","Nashville Predators","","34536679","Hockey","2.15","Perdu"
"4Y3RGY5S","2022-10-13 23:00","Combiné","Perdu","149.54","","","0.00","8","Résultat (hors prolongations et TAB)","Vegas Golden Knights","","34536683","Hockey","1.47","Gagné"
"4Y3RGY5S","2022-10-13 23:00","Combiné","Perdu","149.54","","","0.00","8","Résultat (hors prolongations et TAB)","Los Angeles Kings","","34536687","Hockey","1.86","Perdu"
"4Y3M4GGK","2022-10-13 20:31","Combiné","Perdu","3.02","","","0.00","2","Score exact","2 - 0","","36486509","Tennis","1.82","Perdu"
"4Y3M4GGK","2022-10-13 20:31","Combiné","Perdu","3.02","","","0.00","2","Résultat","West Ham","","35647163","Tennis","1.66","Gagné"
"4Y3IF7HC","2022-10-13 18:47","Combiné","","1.93","","","1.58","2","Résultat","Villarreal","","35647343","","1.37","Gagné"
"4Y3IF7HC","2022-10-13 18:47","Combiné","","1.93","","","1.58","2","Double chance","Betis Séville ou match nul","","35648457","","1.41","Gagné"
"4Y3HOR0O","2022-10-13 18:27","Combiné","Perdu","7.38","","","0.00","4","Vainqueur","X. Wang","","36485631","Tennis","1.68","Perdu"
"4Y3HOR0O","2022-10-13 18:27","Combiné","Perdu","7.38","","","0.00","4","Score exact","2 - 0","","36486509","Tennis","1.76","Perdu"
"4Y3HOR0O","2022-10-13 18:27","Combiné","Perdu","7.38","","","0.00","4","Score exact","2 - 0","","36462799","Tennis","1.56","Perdu"
"4Y3HOR0O","2022-10-13 18:27","Combiné","Perdu","7.38","","","0.00","4","Vainqueur","C. Gauff","","36486511","Tennis","1.60","Gagné"
"4Y2WP5PT","2022-10-13 8:39","Combiné","Perdu","31.20","","","0.00","7","Vainqueur","F. Cerundolo","","36466519","Tennis","1.46","Gagné"
"4Y2WP5PT","2022-10-13 8:39","Combiné","Perdu","31.20","","","0.00","7","Vainqueur","D.Galfi","","36485635","Tennis","1.78","Perdu"
"4Y2WP5PT","2022-10-13 8:39","Combiné","Perdu","31.20","","","0.00","7","Score exact","0 - 2","","36462791","Tennis","1.86","Gagné"
"4Y2WP5PT","2022-10-13 8:39","Combiné","Perdu","31.20","","","0.00","7","Score exact","2 - 0","","36466509","Tennis","1.49","Perdu"
"4Y2WP5PT","2022-10-13 8:39","Combiné","Perdu","31.20","","","0.00","7","Score exact","0 - 2","","36462787","Tennis","1.44","Gagné"
"4Y2WP5PT","2022-10-13 8:39","Combiné","Perdu","31.20","","","0.00","7","Vainqueur","X. Wang","","36485637","Tennis","1.60","Gagné"
"4Y2WP5PT","2022-10-13 8:39","Combiné","Perdu","31.20","","","0.00","7","Score exact","2 - 0","","36466515","Tennis","1.88","Perdu"
"4Y2BJVJO","2022-10-12 22:47","Combiné","Perdu","24.37","","","0.00","7","Résultat","Águilas Doradas","","34247225","Hockey","1.64","Perdu"
"4Y2BJVJO","2022-10-12 22:47","Combiné","Perdu","24.37","","","0.00","7","Résultat (hors prolongations et TAB)","Carolina Hurricanes","","34536639","Hockey","1.60","Gagné"
"4Y2BJVJO","2022-10-12 22:47","Combiné","Perdu","24.37","","","0.00","7","Résultat (hors prolongations et TAB)","Toronto Maple Leafs","","34536641","Hockey","1.68","Perdu"
"4Y2BJVJO","2022-10-12 22:47","Combiné","Perdu","24.37","","","0.00","7","Vainqueur","Los Angeles Dodgers","","36578585","Hockey","1.46","Perdu"
"4Y2BJVJO","2022-10-12 22:47","Combiné","Perdu","24.37","","","0.00","7","Résultat (hors prolongations et TAB)","Colorado Avalanche","","34536649","Hockey","1.40","Gagné"
"4Y2BJVJO","2022-10-12 22:47","Combiné","Perdu","24.37","","","0.00","7","Score exact","2 - 0","","36486499","Hockey","1.47","Gagné"
"4Y2BJVJO","2022-10-12 22:47","Combiné","Perdu","24.37","","","0.00","7","Les 2 équipes marquent","Oui","","35186927","Hockey","1.84","Gagné"
"4Y2BG5FP","2022-10-12 22:44","Combiné","Perdu","2.72","","","0.00","2","Vainqueur","A. Bublik","","36462793","Tennis","1.43","Gagné"
"4Y2BG5FP","2022-10-12 22:44","Combiné","Perdu","2.72","","","0.00","2","Résultat","Independiente","","33839839","Tennis","1.90","Perdu"
"4Y28DLPZ","2022-10-12 21:18","Combiné","Perdu","4.81","","","0.00","2","Résultat","FC Barcelone","","35645037","","1.48","Perdu"
"4Y28DLPZ","2022-10-12 21:18","Combiné","Perdu","4.81","","","0.00","2","Résultat","Match nul","","35645045","","3.25","Perdu"
"4Y27G6YW","2022-10-12 20:52","Simple","Gagné","2.50","","","27.50","1","Mi-temps - RésultatB. Munich","Mi-temps - Résultat","","35645039","Football","2.50","Gagné"
"4XXTEF0T","2022-10-09 19:08","Simple","Perdu","9.50","","","0.00","1","Vainqueur","Asjad Iqbal","","36508963","","9.50","Perdu"
"4XXN4TBI","2022-10-09 16:12","Combiné","Perdu","4.49","","","0.00","3","Résultat","PSV Eindhoven","","34137225","Football","1.56","Gagné"
"4XXN4TBI","2022-10-09 16:12","Combiné","Perdu","4.49","","","0.00","3","Résultat","Sutjeska","","34096569","Football","1.58","Perdu"
"4XXN4TBI","2022-10-09 16:12","Combiné","Perdu","4.49","","","0.00","3","Résultat","HJK Helsinki","","36060875","Football","1.82","Gagné"
"4XXD4ZYI","2022-10-09 11:33","Simple","Gagné","1.45","","","21.75","1","1er set - Vainqueur","I. Swiatek","","36333449","Tennis","1.45","Gagné"
"4XWDHJ8I","2022-10-08 18:55","Combiné","Perdu","26.68","","","0.00","6","Résultat","Levski Sofia","","34157719","","1.44","Gagné"
"4XWDHJ8I","2022-10-08 18:55","Combiné","Perdu","26.68","","","0.00","6","Résultat","Aberdeen","","34167179","","1.92","Perdu"
"4XWDHJ8I","2022-10-08 18:55","Combiné","Perdu","26.68","","","0.00","6","Résultat","Amiens","","34171491","","2.20","Gagné"
"4XWDHJ8I","2022-10-08 18:55","Combiné","Perdu","26.68","","","0.00","6","Résultat","Guingamp","","34171499","","1.84","Perdu"
"4XWDHJ8I","2022-10-08 18:55","Combiné","Perdu","26.68","","","0.00","6","Résultat","Besiktas","","34478183","","1.74","Gagné"
"4XWDHJ8I","2022-10-08 18:55","Combiné","Perdu","26.68","","","0.00","6","Résultat","FC Porto","","34504723","","1.37","Gagné"
"4XWDDSIH","2022-10-08 18:52","Combiné","","26.68","","","0.72","6","Résultat","Levski Sofia","","34157719","","1.44","Gagné"
"4XWDDSIH","2022-10-08 18:52","Combiné","","26.68","","","0.72","6","Résultat","Aberdeen","","34167179","","1.92","Perdu"
"4XWDDSIH","2022-10-08 18:52","Combiné","","26.68","","","0.72","6","Résultat","Amiens","","34171491","","2.20","Gagné"
"4XWDDSIH","2022-10-08 18:52","Combiné","","26.68","","","0.72","6","Résultat","Guingamp","","34171499","","1.84","Perdu"
"4XWDDSIH","2022-10-08 18:52","Combiné","","26.68","","","0.72","6","Résultat","Besiktas","","34478183","","1.74","Gagné"
"4XWDDSIH","2022-10-08 18:52","Combiné","","26.68","","","0.72","6","Résultat","FC Porto","","34504723","","1.37","Gagné"
"4XW2ECKB","2022-10-08 13:44","Combiné","","2.58","","","0.76","2","Résultat","Marseille","","34172183","Football","1.50","Perdu"
"4XW2ECKB","2022-10-08 13:44","Combiné","","2.58","","","0.76","2","Double chance","Juventus ou match nul","","34286679","Football","1.72","Perdu"
"4XV20746","2022-10-07 20:45","Simple","Perdu","","","","0.00","1","","","","","Cotes boostées","","Perdu"
"4XUYUS3S","2022-10-07 19:17","Simple","","2.10","","","7.63","1","Résultat","Adana Demirspor","","34478175","","2.10","Perdu"
"4XUWFL7X","2022-10-07 18:09","Simple","","2.15","","","16.15","1","Résultat","Adana Demirspor","","34478199","","2.15","Gagné"
"4XUWDWCP","2022-10-07 18:08","Combiné","Perdu","14.23","","","0.00","5","Nombre de buts","Plus de 2,5","","34169761","","1.60","Gagné"
"4XUWDWCP","2022-10-07 18:08","Combiné","Perdu","14.23","","","0.00","5","Double chance","RKC Waalwijk ou match nul","","34137217","","1.58","Gagné"
"4XUWDWCP","2022-10-07 18:08","Combiné","Perdu","14.23","","","0.00","5","Résultat","Universitatea Craiova","","34416529","","1.70","Perdu"
"4XUWDWCP","2022-10-07 18:08","Combiné","Perdu","14.23","","","0.00","5","Double chance","Valence ou match nul","","34277349","","1.54","Gagné"
"4XUWDWCP","2022-10-07 18:08","Combiné","Perdu","14.23","","","0.00","5","Résultat","Adana Demirspor","","34478199","","2.15","Gagné"
"4XUC08D2","2022-10-07 28:38","Simple","Annulé","1.49","","","","1","Vainqueur","N. Kyrgios","","36332953","","1.49","Annulé"
"4XUBXO5H","2022-10-07 8:36","Combiné","Perdu","10.04","","","0.00","4","Nombre exact de sets","","","36333063","Tennis","2.05","Perdu"
"4XUBXO5H","2022-10-07 8:36","Combiné","Perdu","10.04","","","0.00","4","Vainqueur","N. Kyrgios","","36332953","Tennis","1.49",""
"4XUBXO5H","2022-10-07 8:36","Combiné","Perdu","10.04","","","0.00","4","Vainqueur","B. Coric","","36332955","Tennis","1.66","Perdu"
"4XUBXO5H","2022-10-07 8:36","Combiné","Perdu","10.04","","","0.00","4","Vainqueur","P. Kvitova","","36333427","Tennis","1.98","Perdu"
"4XTGJCOP","2022-10-06 17:57","Combiné","Perdu","4.97","","","0.00","3","Résultat","PSV Eindhoven","","35648373","Football","1.66","Gagné"
"4XTGJCOP","2022-10-06 17:57","Combiné","Perdu","4.97","","","0.00","3","Résultat","Etoile Rouge","","35649375","Football","1.92","Gagné"
"4XTGJCOP","2022-10-06 17:57","Combiné","Perdu","4.97","","","0.00","3","Résultat","Bâle","","35648217","Football","1.56","Perdu"
"4XTGFEGP","2022-10-06 17:54","Simple","Gagné","1.92","","","14.40","1","Résultat","Etoile Rouge","","35649375","","1.92","Gagné"
"4XTGDBT4","2022-10-06 17:52","Combiné","Perdu","2.26","","","0.00","2","Résultat","Bâle","","35648217","","1.56","Perdu"
"4XTGDBT4","2022-10-06 17:52","Combiné","Perdu","2.26","","","0.00","2","Résultat","Fribourg","","35649197","","1.45","Gagné"
"4XTGC1F3","2022-10-06 17:51","Combiné","Perdu","40.34","","","0.00","8","Résultat","PSV Eindhoven","","35648373","Football","1.66","Gagné"
"4XTGC1F3","2022-10-06 17:51","Combiné","Perdu","40.34","","","0.00","8","Les 2 équipes marquent","Oui","","35648805","Football","1.54","Perdu"
"4XTGC1F3","2022-10-06 17:51","Combiné","Perdu","40.34","","","0.00","8","Résultat","Etoile Rouge","","35649375","Football","1.92","Gagné"
"4XTGC1F3","2022-10-06 17:51","Combiné","Perdu","40.34","","","0.00","8","Résultat","Bâle","","35648217","Football","1.56","Perdu"
"4XTGC1F3","2022-10-06 17:51","Combiné","Perdu","40.34","","","0.00","8","Résultat","Rennes","","35648411","Football","1.44","Gagné"
"4XTGC1F3","2022-10-06 17:51","Combiné","Perdu","40.34","","","0.00","8","Résultat","Fenerbahce","","35648415","Football","1.45","Gagné"
"4XTGC1F3","2022-10-06 17:51","Combiné","Perdu","40.34","","","0.00","8","Les 2 équipes marquent","Oui","","35648455","Football","1.74","Gagné"
"4XTGC1F3","2022-10-06 17:51","Combiné","Perdu","40.34","","","0.00","8","Résultat","Fribourg","","35649197","Football","1.45","Gagné"
"4XT5SMQJ","2022-10-06 12:56","Simple","Gagné","1.84","","","10.34","1","Vainqueur","E. Alexandrova","","36333443","","1.84","Gagné"
"4XRTQ2E0","2022-10-05 14:30","Simple","Gagné","1.60","","","15.62","1","Vainqueur","P. Kvitova","","36333435","","1.60","Gagné"
"4XQONGVO","2022-10-04 19:21","Simple","Gagné","1.64","","","19.76","1","Double chance","Francfort ou match nul","","35644589","","1.64","Gagné"
"4XPIR1JN","2022-10-03 23:48","Simple","Gagné","1.47","","","22.05","1","Vainqueur","B. Coric","","36400375","","1.47","Gagné"
"4XN85KJ9","2022-10-02 99:15","Combiné","Perdu","1.48","","","0.00","2","Top 10","Russell, George","","1000024719","F1","1.21","Perdu"
"4XN85KJ9","2022-10-02 99:15","Combiné","Perdu","1.48","","","0.00","2","Top 10","Norris, Lando","","1000024719","F1","1.22","Gagné"
"4XN7XJPY","2022-10-02 9:09","Combiné","Perdu","2.97","5.00","Freebet","0.00","3","Top 10","Perez, Sergio","","1000024719","F1","1.14","Gagné"
"4XN7XJPY","2022-10-02 9:09","Combiné","Perdu","2.97","5.00","Freebet","0.00","3","Top 10","Ocon, Esteban","","1000024719","F1","2.15","Perdu"
"4XN7XJPY","2022-10-02 9:09","Combiné","Perdu","2.97","5.00","Freebet","0.00","3","Top 10","Russell, George","","1000024719","F1","1.21","Perdu"
"4XM7OHA1","2022-10-01 16:14","Combiné","Perdu","7.30","3.00","Freebet","0.00","5","Résultat","RB Salzbourg","","34248911","","1.42","Perdu"
"4XM7OHA1","2022-10-01 16:14","Combiné","Perdu","7.30","3.00","Freebet","0.00","5","Résultat","Djurgardens","","31603211","","1.49","Perdu"
"4XM7OHA1","2022-10-01 16:14","Combiné","Perdu","7.30","3.00","Freebet","0.00","5","Résultat","Olimpija Ljubljana","","34229767","","1.37","Gagné"
"4XM7OHA1","2022-10-01 16:14","Combiné","Perdu","7.30","3.00","Freebet","0.00","5","Résultat","Vålerenga","","31602291","","1.50","Gagné"
"4XM7OHA1","2022-10-01 16:14","Combiné","Perdu","7.30","3.00","Freebet","0.00","5","Résultat","Racing Genk","","34271141","","1.68","Gagné"
"4XM7LTMG","2022-10-01 16:12","Simple","Perdu","4.00","","","0.00","1","Résultat","Legia Varsovie","","33913055","","4.00","Perdu"
"4XM7KLA0","2022-10-01 16:11","Combiné","Perdu","13.85","2.00","Freebet","0.00","4","Résultat","Las Palmas","","34278571","","2.00","Perdu"
"4XM7KLA0","2022-10-01 16:11","Combiné","Perdu","13.85","2.00","Freebet","0.00","4","Résultat","Osijek","","34213653","","1.98","Gagné"
"4XM7KLA0","2022-10-01 16:11","Combiné","Perdu","13.85","2.00","Freebet","0.00","4","Résultat","Rapid Vienne","","34248921","","1.88","Gagné"
"4XM7KLA0","2022-10-01 16:11","Combiné","Perdu","13.85","2.00","Freebet","0.00","4","Résultat","Gudja United","","35471089","","1.86","Gagné"
"4XF8ASTZ","2022-09-26 18:57","Combiné","Perdu","11.06","","","0.00","2","Résultat","Allemagne","","31079603","","2.95","Perdu"
"4XF8ASTZ","2022-09-26 18:57","Combiné","Perdu","11.06","","","0.00","2","Résultat","Bosnie-Herzégovine","","31079959","","3.75","Perdu"
"4XF89I1V","2022-09-26 18:56","Combiné","Perdu","3.99","","","0.00","2","Résultat","Italie","","31079605","","2.10","Gagné"
"4XF89I1V","2022-09-26 18:56","Combiné","Perdu","3.99","","","0.00","2","Résultat","Macédoine du Nord","","31081629","","1.90","Perdu"
"4XF88PVJ","2022-09-26 18:56","Combiné","Perdu","28.76","","","0.00","3","Résultat","Allemagne","","31079603","","2.95","Perdu"
"4XF88PVJ","2022-09-26 18:56","Combiné","Perdu","28.76","","","0.00","3","Résultat","Monténégro","","31079957","","2.60","Perdu"
"4XF88PVJ","2022-09-26 18:56","Combiné","Perdu","28.76","","","0.00","3","Résultat","Bosnie-Herzégovine","","31079959","","3.75","Perdu"
"4XF86VQ7","2022-09-26 18:54","Simple","Perdu","","","","0.00","1","Résultat","Gibraltar","","31081627","","","Perdu"
"4XF86GZY","2022-09-26 18:54","Simple","Perdu","","","","0.00","1","Résultat","Saint-Marin","","32955113","","","Perdu"
"4XF85V84","2022-09-26 18:54","Combiné","Perdu","54.00","","","0.00","3","Résultat","Hongrie","","31079605","","4.00","Perdu"
"4XF85V84","2022-09-26 18:54","Combiné","Perdu","54.00","","","0.00","3","Résultat","Finlande","","31079957","","3.00","Gagné"
"4XF85V84","2022-09-26 18:54","Combiné","Perdu","54.00","","","0.00","3","Résultat","Bulgarie","","31081629","","4.50","Gagné"
"4XDY4E0R","2022-09-25 21:25","Combiné","Perdu","7.01","","","0.00","2","Résultat","Belgique","","31079629","","2.55","Perdu"
"4XDY4E0R","2022-09-25 21:25","Combiné","Perdu","7.01","","","0.00","2","Résultat","Pays de Galles","","31079631","","2.75","Perdu"
"4XDNE8LR","2022-09-25 16:24","Combiné","Perdu","38.48","","","0.00","4","Résultat","Croatie","","31079555","","2.45","Gagné"
"4XDNE8LR","2022-09-25 16:24","Combiné","Perdu","38.48","","","0.00","4","Résultat","France","","31079557","","2.20","Perdu"
"4XDNE8LR","2022-09-25 16:24","Combiné","Perdu","38.48","","","0.00","4","Résultat","Belgique","","31079629","","2.80","Perdu"
"4XDNE8LR","2022-09-25 16:24","Combiné","Perdu","38.48","","","0.00","4","Résultat","Pays de Galles","","31079631","","2.55","Perdu"
"4XC9RL87","2022-09-24 17:15","Combiné","Perdu","18.45","","","0.00","2","Résultat","République d'Irlande","","31079907","","4.10","Perdu"
"4XC9RL87","2022-09-24 17:15","Combiné","Perdu","18.45","","","0.00","2","Résultat","Suède","","31080015","","4.50","Perdu"
"4XBS5YVF","2022-09-24 9:02","Combiné","Perdu","6.17","","","0.00","3","Résultat","Huesca","","34278539","","2.45","Gagné"
"4XBS5YVF","2022-09-24 9:02","Combiné","Perdu","6.17","","","0.00","3","Résultat","Connah's Quay","","34355407","","1.50","Gagné"
"4XBS5YVF","2022-09-24 9:02","Combiné","Perdu","6.17","","","0.00","3","Résultat","Haverfordwest","","34355409","","1.68","Perdu"
"4XB7XSGZ","2022-09-23 23:36","Combiné","Perdu","11.70","","","0.00","3","Résultat","Huracan","","33839719","","1.90","Gagné"
"4XB7XSGZ","2022-09-23 23:36","Combiné","Perdu","11.70","","","0.00","3","Résultat","Boca Juniors","","33839721","","2.80","Gagné"
"4XB7XSGZ","2022-09-23 23:36","Combiné","Perdu","11.70","","","0.00","3","Résultat","Guarani Asuncion","","35186895","","2.20","Perdu"
"4X9QJUOA","2022-09-22 22:42","Simple","Perdu","5.20","","","0.00","1","Résultat","Unión Magdalena","","34247145","","5.20","Perdu"
"4X9PYNRP","2022-09-22 22:25","Combiné","Perdu","8.37","","","0.00","2","Résultat","Lituanie","","31081551","","6.75","Perdu"
"4X9PYNRP","2022-09-22 22:25","Combiné","Perdu","8.37","","","0.00","2","Résultat","Azerbaïdjan","","31081601","","1.24","Gagné"
"4X9M9XJD","2022-09-22 20:42","Simple","Gagné","7.25","","","36.25","1","Résultat","Azerbaïdjan","","31081601","","7.25","Gagné"
"4X9M9N0F","2022-09-22 20:42","Combiné","","10.87","","","0.91","5","Résultat","France","","31079553","","1.41","Gagné"
"4X9M9N0F","2022-09-22 20:42","Combiné","","10.87","","","0.91","5","Résultat","Belgique","","31079625","","1.33","Gagné"
"4X9M9N0F","2022-09-22 20:42","Combiné","","10.87","","","0.91","5","Résultat","Lituanie","","31081551","","2.30","Perdu"
"4X9M9N0F","2022-09-22 20:42","Combiné","","10.87","","","0.91","5","Résultat","Turquie","","31081553","","1.26","Perdu"
"4X9M9N0F","2022-09-22 20:42","Combiné","","10.87","","","0.91","5","Résultat","Andorre","","31081639","","2.00","Gagné"
"4X5B1RW0","2022-09-19 20:17","Combiné","Perdu","36.68","","","0.00","6","Vainqueur","J. Duckworth","","36121841","Tennis","1.94","Gagné"
"4X5B1RW0","2022-09-19 20:17","Combiné","Perdu","36.68","","","0.00","6","Résultat","Tenerife","","34278531","Tennis","1.96","Gagné"
"4X5B1RW0","2022-09-19 20:17","Combiné","Perdu","36.68","","","0.00","6","Résultat","Arsenal Sarandi","","33839681","Tennis","1.74","Gagné"
"4X5B1RW0","2022-09-19 20:17","Combiné","Perdu","36.68","","","0.00","6","Résultat","Nacional Asuncion","","35186881","Tennis","1.54","Gagné"
"4X5B1RW0","2022-09-19 20:17","Combiné","Perdu","36.68","","","0.00","6","Vainqueur","T.M. Etcheverry","","36162013","Tennis","1.60","Gagné"
"4X5B1RW0","2022-09-19 20:17","Combiné","Perdu","36.68","","","0.00","6","Résultat","Boca Juniors","","33839689","Tennis","2.25","Perdu"
"4X5B0W9G","2022-09-19 20:16","Combiné","Perdu","9.29","","","0.00","3","Résultat","Boca Juniors","","33839689","Football","2.25","Perdu"
"4X5B0W9G","2022-09-19 20:16","Combiné","Perdu","9.29","","","0.00","3","Résultat","Internacional","","31932693","Football","2.15","Gagné"
"4X5B0W9G","2022-09-19 20:16","Combiné","Perdu","9.29","","","0.00","3","Résultat","Olimpia Asuncion","","35186883","Football","1.92","Perdu"
"4X559OTW","2022-09-19 17:35","Combiné","","3.37","","","0.49","2","Résultat","Feirense","","34505805","","1.98","Gagné"
"4X559OTW","2022-09-19 17:35","Combiné","","3.37","","","0.49","2","Résultat","Cluj","","34416493","","1.70","Gagné"
"4X4QU7G4","2022-09-19 10:51","Combiné","Perdu","16.95","","","0.00","4","Résultat","Partizani Tirana","","34846069","","2.30","Gagné"
"4X4QU7G4","2022-09-19 10:51","Combiné","Perdu","16.95","","","0.00","4","Résultat","KF Ballkani","","34961509","","1.49","Gagné"
"4X4QU7G4","2022-09-19 10:51","Combiné","Perdu","16.95","","","0.00","4","Résultat","FK Velez Mostar","","34173661","","2.30","Perdu"
"4X4QU7G4","2022-09-19 10:51","Combiné","Perdu","16.95","","","0.00","4","Résultat","Novi Pazar","","34139493","","2.15","Perdu"
"4X41LNB8","2022-09-18 23:04","Combiné","Perdu","4.63","","","0.00","3","Résultat","Palmeiras","","31932685","","1.37","Gagné"
"4X41LNB8","2022-09-18 23:04","Combiné","Perdu","4.63","","","0.00","3","Résultat","Paranaense","","31932697","","1.78","Perdu"
"4X41LNB8","2022-09-18 23:04","Combiné","Perdu","4.63","","","0.00","3","Résultat","Santos Laguna","","34028269","","1.90","Gagné"
"4X3VNCXT","2022-09-18 20:18","Combiné","Perdu","52.15","","","0.00","8","Vainqueur","A. Tabilo","","36136283","MMA","1.60","Perdu"
"4X3VNCXT","2022-09-18 20:18","Combiné","Perdu","52.15","","","0.00","8","Résultat","River Plate","","33839693","MMA","2.20","Gagné"
"4X3VNCXT","2022-09-18 20:18","Combiné","Perdu","52.15","","","0.00","8","Vainqueur","France","","34292447","MMA","1.65","Perdu"
"4X3VNCXT","2022-09-18 20:18","Combiné","Perdu","52.15","","","0.00","8","Vainqueur","M. Arevalo","","36119535","MMA","1.68",""
"4X3VNCXT","2022-09-18 20:18","Combiné","Perdu","52.15","","","0.00","8","Vainqueur","M-A. Huesler","","36119175","MMA","1.52","Perdu"
"4X3VNCXT","2022-09-18 20:18","Combiné","Perdu","52.15","","","0.00","8","Résultat","Anderlecht","","34271107","MMA","1.30","Gagné"
"4X3VNCXT","2022-09-18 20:18","Combiné","Perdu","52.15","","","0.00","8","Résultat","Albacete","","34278519","MMA","1.96","Perdu"
"4X3VNCXT","2022-09-18 20:18","Combiné","Perdu","52.15","","","0.00","8","Résultat","Braga","","34504681","MMA","1.38","Gagné"
"4X3V5TBJ","2022-09-18 20:04","Combiné","Gagné","4.46","","","44.65","2","Résultat","Wydad Casablanca","","35709579","Football","1.90","Gagné"
"4X3V5TBJ","2022-09-18 20:04","Combiné","Gagné","4.46","","","44.65","2","Résultat","R. Madrid","","34277301","Football","2.35","Gagné"
"4X3QAC5B","2022-09-18 17:48","Combiné","Perdu","4.26","","","0.00","4","Résultat","Dinamo Tbilisi","","32018137","","1.35","Gagné"
"4X3QAC5B","2022-09-18 17:48","Combiné","Perdu","4.26","","","0.00","4","Résultat","Zalgiris Vilnius","","34244185","","1.38","Gagné"
"4X3QAC5B","2022-09-18 17:48","Combiné","Perdu","4.26","","","0.00","4","Résultat","PAOK Salonique","","34984849","","1.68","Perdu"
"4X3QAC5B","2022-09-18 17:48","Combiné","Perdu","4.26","","","0.00","4","Résultat","Raja Casablanca","","35709577","","1.36","Perdu"
"4X3LY5LM","2022-09-18 15:46","Combiné","Perdu","9.15","","","0.00","5","Résultat","Istanbul Basaksehir","","34478143","","1.58","Perdu"
"4X3LY5LM","2022-09-18 15:46","Combiné","Perdu","9.15","","","0.00","5","Résultat","AC Descaldes","","34495841","","1.58","Gagné"
"4X3LY5LM","2022-09-18 15:46","Combiné","Perdu","9.15","","","0.00","5","Résultat","Ajax","","34137197","","1.60","Perdu"
"4X3LY5LM","2022-09-18 15:46","Combiné","Perdu","9.15","","","0.00","5","Résultat","Vojvodina","","34139499","","1.66","Gagné"
"4X3LY5LM","2022-09-18 15:46","Combiné","Perdu","9.15","","","0.00","5","Résultat","RB Salzbourg","","34248899","","1.38","Perdu"
"4X39K7SN","2022-09-18 9:59","Combiné","Gagné","2.59","","","0.34","4","Double chance","FC Tokyo ou match nul","","31768027","Football","1.25","Gagné"
"4X39K7SN","2022-09-18 9:59","Combiné","Gagné","2.59","","","0.34","4","Double chance","Benfica B ou match nul","","34505807","Football","1.19","Gagné"
"4X39K7SN","2022-09-18 9:59","Combiné","Gagné","2.59","","","0.34","4","Double chance","GO Ahead Eagles ou match nul","","34137191","Football","1.34","Gagné"
"4X39K7SN","2022-09-18 9:59","Combiné","Gagné","2.59","","","0.34","4","Double chance","Racing Genk ou match nul","","34271111","Football","1.30","Gagné"
"4X39J278","2022-09-18 89:59","Combiné","","3.06","","","8.55","5","Double chance","FC Tokyo ou match nul","","31768027","Football","1.25","Gagné"
"4X39J278","2022-09-18 89:59","Combiné","","3.06","","","8.55","5","Double chance","Benfica B ou match nul","","34505807","Football","1.19","Gagné"
"4X39J278","2022-09-18 89:59","Combiné","","3.06","","","8.55","5","Double chance","GO Ahead Eagles ou match nul","","34137191","Football","1.34","Gagné"
"4X39J278","2022-09-18 89:59","Combiné","","3.06","","","8.55","5","Double chance","Racing Genk ou match nul","","34271111","Football","1.30","Gagné"
"4X39J278","2022-09-18 89:59","Combiné","","3.06","","","8.55","5","Double chance","AC Descaldes ou match nul","","34495841","Football","1.18","Gagné"
"4X2WWYKX","2022-09-18 4:05","Combiné","Perdu","16.63","","","0.00","5","Résultat","FC Dallas","","31100255","","2.45","Perdu"
"4X2WWYKX","2022-09-18 4:05","Combiné","Perdu","16.63","","","0.00","5","Résultat","Los Angeles Galaxy","","31100273","","1.56","Gagné"
"4X2WWYKX","2022-09-18 4:05","Combiné","Perdu","16.63","","","0.00","5","Résultat","Yokohama Marinos","","31768029","","1.45","Perdu"
"4X2WWYKX","2022-09-18 4:05","Combiné","Perdu","16.63","","","0.00","5","Résultat","Ulsan","","31561789","","1.50","Gagné"
"4X2WWYKX","2022-09-18 4:05","Combiné","Perdu","16.63","","","0.00","5","Résultat","Jeonbuk","","31561793","","2.00","Gagné"
"4X2MQ7E7","2022-09-17 23:20","Simple","Perdu","4.75","","","0.00","1","Vainqueur","G. Golovkin","","33824875","","4.75","Perdu"
"4X2KWWUO","2022-09-17 22:29","Combiné","Perdu","127.82","","","0.00","8","Résultat","Chicago Fire","","31100263","","1.92","Perdu"
"4X2KWWUO","2022-09-17 22:29","Combiné","Perdu","127.82","","","0.00","8","Résultat","Monterrey","","34028261","","1.41","Gagné"
"4X2KWWUO","2022-09-17 22:29","Combiné","Perdu","127.82","","","0.00","8","Résultat","Kansas City","","31100265","","1.92","Gagné"
"4X2KWWUO","2022-09-17 22:29","Combiné","Perdu","127.82","","","0.00","8","Résultat","Austin FC","","31100267","","2.05","Perdu"
"4X2KWWUO","2022-09-17 22:29","Combiné","Perdu","127.82","","","0.00","8","Résultat","Club América","","34028263","","1.70","Gagné"
"4X2KWWUO","2022-09-17 22:29","Combiné","Perdu","127.82","","","0.00","8","Résultat","Real Salt Lake","","31100269","","1.96","Perdu"
"4X2KWWUO","2022-09-17 22:29","Combiné","Perdu","127.82","","","0.00","8","Résultat","FC Dallas","","31100255","","2.40","Perdu"
"4X2KWWUO","2022-09-17 22:29","Combiné","Perdu","127.82","","","0.00","8","Résultat","Los Angeles Galaxy","","31100273","","1.50","Gagné"
"4X2GQA8W","2022-09-17 20:32","Simple","Gagné","","","","16.00","1","","","","","Cotes boostées","","Gagné"
"4X2GACPJ","2022-09-17 20:20","Combiné","","139.72","","","0.79","8","Résultat","Hambourg","","34169729","Football","1.96","Gagné"
"4X2GACPJ","2022-09-17 20:20","Combiné","","139.72","","","0.79","8","Résultat","Rapid Bucarest","","34416495","Football","1.84","Gagné"
"4X2GACPJ","2022-09-17 20:20","Combiné","","139.72","","","0.79","8","Résultat","HB Torshavn","","31935915","Football","1.82","Gagné"
"4X2GACPJ","2022-09-17 20:20","Combiné","","139.72","","","0.79","8","Résultat","Lille","","34172137","Football","1.70","Gagné"
"4X2GACPJ","2022-09-17 20:20","Combiné","","139.72","","","0.79","8","Résultat","Envigado FC","","34247135","Football","2.15","Gagné"
"4X2GACPJ","2022-09-17 20:20","Combiné","","139.72","","","0.79","8","Résultat","Ath Bilbao","","34277299","Football","1.60","Gagné"
"4X2GACPJ","2022-09-17 20:20","Combiné","","139.72","","","0.79","8","Résultat","Sporting Portugal","","34504679","Football","1.40","Perdu"
"4X2GACPJ","2022-09-17 20:20","Combiné","","139.72","","","0.79","8","Résultat","Philadelphia Union","","31100257","Football","2.60","Perdu"
"4X2B2M76","2022-09-17 17:54","Combiné","","6.43","","","58.59","3","Résultat","Odds","","31602271","","2.15","Gagné"
"4X2B2M76","2022-09-17 17:54","Combiné","","6.43","","","58.59","3","Résultat","Podbrezova","","34173083","","2.05","Gagné"
"4X2B2M76","2022-09-17 17:54","Combiné","","6.43","","","58.59","3","Résultat","Sepsi OSK","","34416489","","1.46","Gagné"
"4X1W3235","2022-09-17 10:54","Combiné","Perdu","9.91","","","0.00","5","Vainqueur","N.Borges / F.Cabral","","36102073","Tennis","1.58","Perdu"
"4X1W3235","2022-09-17 10:54","Combiné","Perdu","9.91","","","0.00","5","Vainqueur","Carou I / Cuevas M","","36105195","Tennis","1.54","Gagné"
"4X1W3235","2022-09-17 10:54","Combiné","Perdu","9.91","","","0.00","5","Vainqueur","N. Mejia","","36118753","Tennis","1.54","Gagné"
"4X1W3235","2022-09-17 10:54","Combiné","Perdu","9.91","","","0.00","5","Vainqueur","Simon Carr","","36104471","Tennis","2.05","Perdu"
"4X1W3235","2022-09-17 10:54","Combiné","Perdu","9.91","","","0.00","5","Vainqueur","Z. Zhang","","36105191","Tennis","1.29","Gagné"
"4X1W08RX","2022-09-17 10:52","Combiné","Gagné","3.88","","","11.64","2","Vainqueur","H.Heliovaara / E.Ruusuvuori","","36101965","Tennis","1.94","Gagné"
"4X1W08RX","2022-09-17 10:52","Combiné","Gagné","3.88","","","11.64","2","Vainqueur","V.Durasovic / C.Ruud","","36102601","Tennis","2.00","Gagné"
"4X1VWPVC","2022-09-17 10:49","Combiné","Perdu","4.81","","","0.00","4","Vainqueur","Vaxjo Lakers HC","","34005555","Basket","1.64","Perdu"
"4X1VWPVC","2022-09-17 10:49","Combiné","Perdu","4.81","","","0.00","4","Vainqueur","Frolunda HC","","34005557","Basket","1.34","Perdu"
"4X1VWPVC","2022-09-17 10:49","Combiné","Perdu","4.81","","","0.00","4","Vainqueur","Rogle BK","","34005559","Basket","1.35","Gagné"
"4X1VWPVC","2022-09-17 10:49","Combiné","Perdu","4.81","","","0.00","4","Vainqueur","Tampereen Ilves","","34170293","Basket","1.62","Gagné"
"4WT6UXRS","2022-09-11 8:46","Combiné","Perdu","44.18","","","0.00","2","Top 6","Ricciardo, Daniel","","1000024450","F1","5.70","Perdu"
"4WT6UXRS","2022-09-11 8:46","Combiné","Perdu","44.18","","","0.00","2","Top 6","Gasly, Pierre","","1000024450","F1","7.75","Perdu"
"4WT6U9JF","2022-09-11 8:46","Simple","Perdu","","","","0.00","1","Podium","Gasly, Pierre","","1000024450","F1","","Perdu"
"4WT6TIYY","2022-09-11 8:45","Combiné","Perdu","3.25","","","0.00","3","Top 10","Gasly, Pierre","","1000024450","F1","1.88","Gagné"
"4WT6TIYY","2022-09-11 8:45","Combiné","Perdu","3.25","","","0.00","3","Top 10","Norris, Lando","","1000024450","F1","1.20","Gagné"
"4WT6TIYY","2022-09-11 8:45","Combiné","Perdu","3.25","","","0.00","3","Top 10","Ricciardo, Daniel","","1000024450","F1","1.44","Perdu"
"4WMVN83L","2022-09-06 22:46","Combiné","Perdu","6.67","","","0.00","4","Vainqueur","N.Mektic / M.Pavic","","35582931","Tennis","1.41","Perdu"
"4WMVN83L","2022-09-06 22:46","Combiné","Perdu","6.67","","","0.00","4","Vainqueur","C. Garcia","","35583357","Tennis","1.86","Gagné"
"4WMVN83L","2022-09-06 22:46","Combiné","Perdu","6.67","","","0.00","4","Vainqueur","J.S.Cabal / R.Farah","","35582929","Tennis","2.05","Gagné"
"4WMVN83L","2022-09-06 22:46","Combiné","Perdu","6.67","","","0.00","4","Vainqueur","N. Kyrgios","","35582497","Tennis","1.24","Perdu"
"4WMVL845","2022-09-06 22:44","Simple","Perdu","","","","0.00","1","Score exact","2 - 3","Score exact2 - 332Santos Laguna - NecaxaScore du match : 3-1","34028221","","","Perdu"
"4WMPMTN6","2022-09-06 19:57","Combiné","","4.30","","","1.96","3","Résultat","Milan AC","","35644161","Football","1.96","Perdu"
"4WMPMTN6","2022-09-06 19:57","Combiné","","4.30","","","1.96","3","Résultat","R. Madrid","","35644163","Football","1.70","Gagné"
"4WMPMTN6","2022-09-06 19:57","Combiné","","4.30","","","1.96","3","Résultat","Benfica","","35644219","Football","1.29","Gagné"
"4WMPMB59","2022-09-06 19:57","Simple","Perdu","","","","0.00","1","Score exact","2 - 3","Score exact2 - 332Santos Laguna - NecaxaScore du match : 3-1","34028221","","","Perdu"
"4WMPB03H","2022-09-06 19:48","Combiné","","4.30","","","3.80","3","Résultat","Milan AC","","35644161","Football","1.96","Perdu"
"4WMPB03H","2022-09-06 19:48","Combiné","","4.30","","","3.80","3","Résultat","R. Madrid","","35644163","Football","1.70","Gagné"
"4WMPB03H","2022-09-06 19:48","Combiné","","4.30","","","3.80","3","Résultat","Benfica","","35644219","Football","1.29","Gagné"
"4WM08Z2A","2022-09-06 8:07","Combiné","Perdu","16.72","","","0.00","6","Résultat","Gangwon FC","","31561755","","2.00","Perdu"
"4WM08Z2A","2022-09-06 8:07","Combiné","Perdu","16.72","","","0.00","6","Résultat","Pohang","","31561757","","1.92","Perdu"
"4WM08Z2A","2022-09-06 8:07","Combiné","Perdu","16.72","","","0.00","6","Résultat","Serbie","","35852197","","1.39","Perdu"
"4WM08Z2A","2022-09-06 8:07","Combiné","Perdu","16.72","","","0.00","6","Vainqueur","Estonie","VainqueurEstonie1,45Estonie94 - 62Grande-BretagneScore du match : 94-62","28177560","","1.45","Gagné"
"4WM08Z2A","2022-09-06 8:07","Combiné","Perdu","16.72","","","0.00","6","Vainqueur","France","VainqueurFrance1,46Bosnie-Herzégovine68 - 81FranceScore du match : 68-81","28177520","","1.46","Gagné"
"4WM08Z2A","2022-09-06 8:07","Combiné","Perdu","16.72","","","0.00","6","Résultat","Hongrie","","35852187","","1.48","Gagné"
"4WLH9BSM","2022-09-05 23:15","Combiné","Perdu","119.56","","","0.00","9","Résultat","Godoy Cruz","","33839613","Tennis","1.66","Gagné"
"4WLH9BSM","2022-09-05 23:15","Combiné","Perdu","119.56","","","0.00","9","Vainqueur","S.Stosur / M.Ebden","","35583223","Tennis","1.58","Perdu"
"4WLH9BSM","2022-09-05 23:15","Combiné","Perdu","119.56","","","0.00","9","Résultat","Santos","","31932647","Tennis","1.58","Perdu"
"4WLH9BSM","2022-09-05 23:15","Combiné","Perdu","119.56","","","0.00","9","Vainqueur","A. Sabalenka","","35583375","Tennis","1.84","Gagné"
"4WLH9BSM","2022-09-05 23:15","Combiné","Perdu","119.56","","","0.00","9","Résultat","Pasto","","35618025","Tennis","1.72","Gagné"
"4WLH9BSM","2022-09-05 23:15","Combiné","Perdu","119.56","","","0.00","9","Vainqueur","Pavic M / Zhang S","","35583209","Tennis","1.36","Gagné"
"4WLH9BSM","2022-09-05 23:15","Combiné","Perdu","119.56","","","0.00","9","Résultat","Atletico Tucuman","","33839603","Tennis","1.96","Perdu"
"4WLH9BSM","2022-09-05 23:15","Combiné","Perdu","119.56","","","0.00","9","Résultat","Match nul","","35616661","Tennis","2.85","Perdu"
"4WLH9BSM","2022-09-05 23:15","Combiné","Perdu","119.56","","","0.00","9","Vainqueur","C. Alcaraz","","35582491","Tennis","1.20","Gagné"
"4WLD3T4R","2022-09-05 21:19","Simple","Perdu","5.10","","","0.00","1","Score exact","1 - 0","","33839603","","5.10","Perdu"
"4WLCSB4N","2022-09-05 21:10","Combiné","","17.25","","","0.37","6","Résultat","Breidablik","","31421327","Tennis","1.66","Gagné"
"4WLCSB4N","2022-09-05 21:10","Combiné","","17.25","","","0.37","6","Résultat","FAR Rabat","","35709553","Tennis","2.10","Perdu"
"4WLCSB4N","2022-09-05 21:10","Combiné","","17.25","","","0.37","6","Vainqueur","V. Azarenka","","35583373","Tennis","1.90","Perdu"
"4WLCSB4N","2022-09-05 21:10","Combiné","","17.25","","","0.37","6","Vainqueur","S.Stosur / M.Ebden","","35583223","Tennis","1.52","Perdu"
"4WLCSB4N","2022-09-05 21:10","Combiné","","17.25","","","0.37","6","Vainqueur","Pavic M / Zhang S","","35583209","Tennis","1.36","Gagné"
"4WLCSB4N","2022-09-05 21:10","Combiné","","17.25","","","0.37","6","Vainqueur","J. Sinner","","35582569","Tennis","1.26","Gagné"
"4WLCOSE1","2022-09-05 21:07","Combiné","Perdu","38.25","","","0.00","2","Score exact","2 - 1","","31932647","","7.50","Perdu"
"4WLCOSE1","2022-09-05 21:07","Combiné","Perdu","38.25","","","0.00","2","Score exact","1 - 0","","33839603","","5.10","Perdu"
"4WL62T42","2022-09-05 18:02","Combiné","Gagné","4.11","","","12.34","3","Résultat","Atalanta","","34286603","Football","1.78","Gagné"
"4WL62T42","2022-09-05 18:02","Combiné","Gagné","4.11","","","12.34","3","Résultat","Kalmar","","31603175","Football","1.52","Gagné"
"4WL62T42","2022-09-05 18:02","Combiné","Gagné","4.11","","","12.34","3","Résultat","Zeljeznicar","","34173635","Football","1.52","Gagné"
"4WKU480R","2022-09-05 12:27","Combiné","Perdu","21.69","","","0.00","5","Vainqueur","Israël","VainqueurIsraël1,50Pologne85 - 76IsraëlScore du match : 85-76","28177588","","1.50","Perdu"
"4WKU480R","2022-09-05 12:27","Combiné","Perdu","21.69","","","0.00","5","Résultat","Kairat","","32172759","","3.10","Perdu"
"4WKU480R","2022-09-05 12:27","Combiné","Perdu","21.69","","","0.00","5","Résultat","Aktobe","","32172755","","1.56","Gagné"
"4WKU480R","2022-09-05 12:27","Combiné","Perdu","21.69","","","0.00","5","Résultat","Novi Pazar","","34139459","","2.30","Gagné"
"4WKU480R","2022-09-05 12:27","Combiné","Perdu","21.69","","","0.00","5","Résultat","FC Astana","","32172757","","1.30","Gagné"
"4WJIILOF","2022-09-04 14:15","Combiné","Perdu","241.30","","","0.00","8","Résultat","Alkmaar","","34137157","","1.86","Gagné"
"4WJIILOF","2022-09-04 14:15","Combiné","Perdu","241.30","","","0.00","8","Résultat","Heerenveen","","34137159","","1.68","Perdu"
"4WJIILOF","2022-09-04 14:15","Combiné","Perdu","241.30","","","0.00","8","Résultat","WAC","","34248881","","2.20","Perdu"
"4WJIILOF","2022-09-04 14:15","Combiné","Perdu","241.30","","","0.00","8","Résultat","Rapid Vienne","","34248883","","1.86","Gagné"
"4WJIILOF","2022-09-04 14:15","Combiné","Perdu","241.30","","","0.00","8","Résultat","Match nul","","34505771","","3.10","Gagné"
"4WJIILOF","2022-09-04 14:15","Combiné","Perdu","241.30","","","0.00","8","Résultat","FK Laci","","34846045","","1.78","Perdu"
"4WJIILOF","2022-09-04 14:15","Combiné","Perdu","241.30","","","0.00","8","Résultat","FC Urartu","","34846467","","1.90","Gagné"
"4WJIILOF","2022-09-04 14:15","Combiné","Perdu","241.30","","","0.00","8","Résultat","SP Tre Fiori","","35263535","","1.80","Gagné"
"4WJIG8Y2","2022-09-04 14:13","Combiné","Gagné","1.89","","","0.33","4","Top 10","Sainz Jr, Carlos","","1000024250","F1","1.15","Gagné"
"4WJIG8Y2","2022-09-04 14:13","Combiné","Gagné","1.89","","","0.33","4","Top 10","Perez, Sergio","","1000024250","F1","1.18","Gagné"
"4WJIG8Y2","2022-09-04 14:13","Combiné","Gagné","1.89","","","0.33","4","Top 10","Russell, George","","1000024250","F1","1.13","Gagné"
"4WJIG8Y2","2022-09-04 14:13","Combiné","Gagné","1.89","","","0.33","4","Top 10","Norris, Lando","","1000024250","F1","1.23","Gagné"
"4WH3VVVS","2022-09-02 21:50","Combiné","Perdu","81.00","","","0.00","2","Vainqueur","J.J. Wolf","","35582531","Tennis","6.00","Perdu"
"4WH3VVVS","2022-09-02 21:50","Combiné","Perdu","81.00","","","0.00","2","Vainqueur","Y. Wu","","35582545","Tennis","13.50","Perdu"
"4WH3VGFX","2022-09-02 21:49","Simple","Perdu","13.50","","","0.00","1","Vainqueur","Y. Wu","","35582545","Tennis","13.50","Perdu"
"4WH3VFPN","2022-09-02 21:49","Simple","Perdu","6.00","","","0.00","1","Vainqueur","J.J. Wolf","","35582531","","6.00","Perdu"
"4WH1CVRG","2022-09-02 20:39","Simple","Perdu","","","","0.00","1","Score exact","2 - 2","Score exact2 - 215Rosario Central - CA TalleresScore du match : 1-0","33839599","","","Perdu"
"4WH1CUAX","2022-09-02 20:39","Simple","Perdu","","","","0.00","1","Score exact","0 - 2","Score exact0 - 210Rosario Central - CA TalleresScore du match : 1-0","33839599","","","Perdu"
"4W9C4L0E","2022-08-28 11:18","Combiné","Perdu","2.09","","","0.00","4","Top 10","Hamilton, Lewis","","1000024051","F1","1.20","Perdu"
"4W9C4L0E","2022-08-28 11:18","Combiné","Perdu","2.09","","","0.00","4","Top 10","Perez, Sergio","","1000024051","F1","1.16","Gagné"
"4W9C4L0E","2022-08-28 11:18","Combiné","Perdu","2.09","","","0.00","4","Top 10","Russell, George","","1000024051","F1","1.25","Gagné"
"4W9C4L0E","2022-08-28 11:18","Combiné","Perdu","2.09","","","0.00","4","Top 10","Alonso, Fernando","","1000024051","F1","1.20","Gagné"
"4W5DFSIZ","2022-08-25 16:44","Simple","Perdu","3.25","","","0.00","1","Vainqueur","D. Young","","35259781","","3.25","Perdu"
"4W56486N","2022-08-25 13:19","Simple","Perdu","2.15","","","0.00","1","Vainqueur","A. Carter","","35259775","","2.15","Perdu"
"4W4FNICN","2022-08-25 0:58","Simple","Perdu","4.30","","","0.00","1","Vainqueur","Cadence Brace","","35415019","","4.30","Perdu"
"4W4A617O","2022-08-24 22:24","Combiné","Perdu","29.00","","","0.00","2","Vainqueur","M. Stakusic","","35414997","Tennis","7.25","Perdu"
"4W4A617O","2022-08-24 22:24","Combiné","Perdu","29.00","","","0.00","2","Vainqueur","Cadence Brace","","35415019","Tennis","4.00","Perdu"
"4W45JB1F","2022-08-24 20:15","Simple","Perdu","","","","0.00","1","Vainqueur","R. Kenna","","35259769","","","Perdu"
"4W3ZXQZT","2022-08-24 17:38","Combiné","Perdu","1.98","","","0.00","2","Vainqueur","Atlanta Braves","VainqueurAtlanta Braves1,30Pittsburgh Pirates2 - 14Atlanta BravesScore du match : 2-14","30772013","Baseball","1.30","Gagné"
"4W3ZXQZT","2022-08-24 17:38","Combiné","Perdu","1.98","","","0.00","2","Vainqueur","San Francisco Giants","","30773845","Baseball","1.52","Perdu"
"4W3ZUZDF","2022-08-24 17:36","Simple","Perdu","12.50","","","0.00","1","Vainqueur","R. Kenna","","35259769","","12.50","Perdu"
"4W3KK0CN","2022-08-24 10:28","Simple","Perdu","10.50","","","0.00","1","Vainqueur","A. Kazakov","","35259761","","10.50","Perdu"
"4W2SRUYX","2022-08-23 21:30","Simple","Perdu","8.00","","","0.00","1","Vainqueur","O. Brown","","35259753","","8.00","Perdu"
"4W2SOWBN","2022-08-23 21:27","Combiné","Perdu","","","","0.00","2","Vainqueur","Himanshu Jain","","35259751","","","Perdu"
"4W2SOWBN","2022-08-23 21:27","Combiné","Perdu","","","","0.00","2","Vainqueur","O. Brown","","35259753","","8.00","Perdu"
"4W2MCD9F","2022-08-23 18:30","Simple","Perdu","3.80","","","0.00","1","Vainqueur","Himanshu Jain","","35259751","","3.80","Perdu"
"4W2MCCDU","2022-08-23 18:30","Simple","Perdu","6.25","","","0.00","1","Vainqueur","O. Brown","","35259753","","6.25","Perdu"
"4W2IMJHG","2022-08-23 16:46","Combiné","Perdu","25.65","","","0.00","2","Vainqueur","Himanshu Jain","","35259751","","3.80","Perdu"
"4W2IMJHG","2022-08-23 16:46","Combiné","Perdu","25.65","","","0.00","2","Vainqueur","O. Brown","","35259753","","6.75","Perdu"
"4W2AGZ2L","2022-08-23 12:57","Simple","Gagné","2.60","","","0.42","1","Score exact","1:4","","35259741","","2.60","Gagné"
"4W28G7SI","2022-08-23 12:01","Simple","Gagné","8.50","","","2.13","1","Score exact","1:4","","35259741","","8.50","Gagné"
"4W28EWYS","2022-08-23 12:00","Simple","Perdu","10.50","","","0.00","1","Score exact","0:4","","35259741","","10.50","Perdu"
"4W28EZFF","2022-08-23 12:00","Simple","Perdu","6.50","","","0.00","1","Score exact","2:4","","35259741","","6.50","Perdu"
"4W28EYNS","2022-08-23 12:00","Simple","","6.50","","","0.16","1","Score exact","3:4","","35259741","","6.50","Perdu"
"4W22TV27","2022-08-23 79:24","Combiné","Perdu","3.89","","","0.00","5","Vainqueur","C. Zifan","","35259739","","1.36","Gagné"
"4W22TV27","2022-08-23 79:24","Combiné","Perdu","3.89","","","0.00","5","Vainqueur","J. Jones","","35259741","","1.15","Perdu"
"4W22TV27","2022-08-23 79:24","Combiné","Perdu","3.89","","","0.00","5","Vainqueur","C. Yupeng","","35259743","","1.25","Perdu"
"4W22TV27","2022-08-23 79:24","Combiné","Perdu","3.89","","","0.00","5","Vainqueur","M. Mann","","35259745","","1.17","Perdu"
"4W22TV27","2022-08-23 79:24","Combiné","Perdu","3.89","","","0.00","5","Vainqueur","J. Robertson","","35259747","","1.70","Gagné"
"4W22RWJE","2022-08-23 9:22","Simple","Gagné","4.80","","","9.60","1","Vainqueur","Andy Lee","","35259741","","4.80","Gagné"
"4W1J8XH4","2022-08-23 40:15","Combiné","Perdu","8.11","","","0.00","7","Vainqueur","T.Jolly / G.G.Pullela","","35411831","Tennis","1.17","Gagné"
"4W1J8XH4","2022-08-23 40:15","Combiné","Perdu","8.11","","","0.00","7","Vainqueur","M. Ulitina","","35411719","Tennis","1.38","Perdu"
"4W1J8XH4","2022-08-23 40:15","Combiné","Perdu","8.11","","","0.00","7","Vainqueur","P. Chaiwan","","35411731","Tennis","1.29","Gagné"
"4W1J8XH4","2022-08-23 40:15","Combiné","Perdu","8.11","","","0.00","7","Vainqueur","Putri Kusuma Wardani","","35411727","Tennis","1.39","Perdu"
"4W1J8XH4","2022-08-23 40:15","Combiné","Perdu","8.11","","","0.00","7","Vainqueur","M.Mikkelsen / R.Soeby Hansen","","35411869","Tennis","1.37","Perdu"
"4W1J8XH4","2022-08-23 40:15","Combiné","Perdu","8.11","","","0.00","7","Vainqueur","S. Nehwal","","35411723","Tennis","1.40","Gagné"
"4W1J8XH4","2022-08-23 40:15","Combiné","Perdu","8.11","","","0.00","7","Vainqueur","G.Lu","","35525781","Tennis","1.46","Perdu"
"4W17KSUH","2022-08-22 18:49","Combiné","Perdu","3.53","","","0.00","2","Résultat","Häcken","","31603137","","1.68","Gagné"
"4W17KSUH","2022-08-22 18:49","Combiné","Perdu","3.53","","","0.00","2","Résultat","Bohemians 1905","","35475277","","2.10","Perdu"
"4W0TXNUS","2022-08-22 12:27","Combiné","Perdu","107.85","","","0.00","8","Résultat","Wuhan Three Towns FC","","35073589","Football","1.43","Gagné"
"4W0TXNUS","2022-08-22 12:27","Combiné","Perdu","107.85","","","0.00","8","Résultat","Sepsi OSK","","34416417","Football","2.15","Gagné"
"4W0TXNUS","2022-08-22 12:27","Combiné","Perdu","107.85","","","0.00","8","Résultat","Vozdovac","","34139411","Football","1.66","Gagné"
"4W0TXNUS","2022-08-22 12:27","Combiné","Perdu","107.85","","","0.00","8","Vainqueur","Y. Putintseva","","35463867","Football","1.80","Perdu"
"4W0TXNUS","2022-08-22 12:27","Combiné","Perdu","107.85","","","0.00","8","Résultat","Ironi Kiryat Shmona","","34065167","Football","1.98","Gagné"
"4W0TXNUS","2022-08-22 12:27","Combiné","Perdu","107.85","","","0.00","8","Vainqueur","X. Wang","","35474663","Football","1.21","Gagné"
"4W0TXNUS","2022-08-22 12:27","Combiné","Perdu","107.85","","","0.00","8","Résultat","Alanyaspor","","34478067","Football","2.45","Perdu"
"4W0TXNUS","2022-08-22 12:27","Combiné","Perdu","107.85","","","0.00","8","Résultat","Konyaspor","","34478071","Football","2.00","Gagné"
"4W043M8I","2022-08-22 0:24","Combiné","","2.84","","","8.13","2","Vainqueur","Baltimore Orioles","","30773433","Baseball","1.80","Gagné"
"4W043M8I","2022-08-22 0:24","Combiné","","2.84","","","8.13","2","Vainqueur","Chicago White Sox","","32699927","Baseball","1.58","Perdu"
"4VZVXZ1B","2022-08-21 20:35","Simple","Gagné","","","","20.00","1","","","","","Cotes boostées","","Gagné"
"4VMKG53D","2022-08-12 12:52","Simple","Perdu","4.60","","","0.00","1","Vainqueur","A. Hill","","34990221","","4.60","Perdu"
"4VMJQ11Q","2022-08-12 12:32","Simple","Perdu","3.60","","","0.00","1","5e manche - Vainqueur","J. Kendrick","","34990215","","3.60","Perdu"
"4VMGINLV","2022-08-12 11:02","Simple","Perdu","","","","0.00","1","Vainqueur","J. Kendrick","","34990215","","","Perdu"
"4VMGHP8Q","2022-08-12 11:02","Simple","","10.50","","","0.95","1","Vainqueur","J. Kendrick","","34990215","","10.50","Perdu"
"4VMGC2IJ","2022-08-12 10:57","Simple","Perdu","","","","0.00","1","Vainqueur","J. Kendrick","","34990215","","","Perdu"
"4VME2DWR","2022-08-12 9:54","Simple","Perdu","","","","0.00","1","Vainqueur","J. Kendrick","","34990215","","","Perdu"
"4VLTPT85","2022-08-12 50:24","Combiné","Gagné","8.90","","","10.35","3","Vainqueur","Ka. Pliskova","","35140319","Tennis","2.30","Gagné"
"4VLTPT85","2022-08-12 50:24","Combiné","Gagné","8.90","","","10.35","3","Vainqueur","G. Monfils","","35140187","Tennis","1.72",""
"4VLTPT85","2022-08-12 50:24","Combiné","Gagné","8.90","","","10.35","3","Vainqueur","Q. Zheng","","35140305","Tennis","2.25","Gagné"
"4VLODG3O","2022-08-11 21:55","Simple","Perdu","2.05","","","0.00","1","Vainqueur","Michael Judge","","34990211","","2.05","Perdu"
"4VLETSH7","2022-08-11 17:27","Combiné","Perdu","3.73","","","0.00","2","Vainqueur","C. Wakelin","","34990213","","1.62","Perdu"
"4VLETSH7","2022-08-11 17:27","Combiné","Perdu","3.73","","","0.00","2","Vainqueur","Michael Judge","","34990211","","2.30","Perdu"
"4VL3O2SP","2022-08-11 12:15","Simple","Gagné","5.20","","","41.60","1","Vainqueur","Ng On-Yee","","34990203","","5.20","Gagné"
"4VL3NPV9","2022-08-11 12:15","Combiné","Perdu","20.38","","","0.00","3","Vainqueur","A. Burden","","34990201","","2.00","Perdu"
"4VL3NPV9","2022-08-11 12:15","Combiné","Perdu","20.38","","","0.00","3","Vainqueur","Ng On-Yee","","34990203","","5.20","Gagné"
"4VL3NPV9","2022-08-11 12:15","Combiné","Perdu","20.38","","","0.00","3","Vainqueur","M. Gould","","34990209","","1.96","Perdu"
"4VJQ1I36","2022-08-10 13:06","Simple","Perdu","1.88","","","0.00","1","Vainqueur","S. Lam","","34990191","","1.88","Perdu"
"4VJLZL8N","2022-08-10 11:12","Simple","Gagné","2.10","","","21.00","1","Vainqueur","T. Pengfei","","34990179","","2.10","Gagné"
"4VIG60WG","2022-08-09 15:41","Simple","Perdu","2.20","20.00","Cash","0.00","1","Score exact","2 - 0","","35183211","","2.20","Perdu"
"4VEHHH4J","2022-08-06 21:07","Simple","Perdu","2.50","","","0.00","1","Vainqueur","X. Wang","","34994987","","2.50","Perdu"
"4VBTYSEB","2022-08-05 0:33","Simple","Gagné","1.90","","","22.33","1","Vainqueur","J.J. Wolf","","34994783","","1.90","Gagné"
"4VBNFVBW","2022-08-04 21:31","Simple","Gagné","1.90","","","9.50","1","Vainqueur","J.J. Wolf","","34994783","","1.90","Gagné"
"4VBNFH5T","2022-08-04 21:30","Simple","Gagné","2.35","","","11.75","1","Vainqueur","X. Wang","","34994999","","2.35","Gagné"
"4VBNDWQB","2022-08-04 21:29","Combiné","Gagné","3.89","","","19.48","2","Vainqueur","X. Wang","","34994999","","2.05","Gagné"
"4VBNDWQB","2022-08-04 21:29","Combiné","Gagné","3.89","","","19.48","2","Vainqueur","J.J. Wolf","","34994783","","1.90","Gagné"
"4V5WX1I3","2022-07-31 21:09","Combiné","Perdu","3.21","","","0.00","3","Vainqueur","Los Angeles Dodgers","","30774963","Baseball","1.44","Gagné"
"4V5WX1I3","2022-07-31 21:09","Combiné","Perdu","3.21","","","0.00","3","Résultat","FCSB","","34416363","Baseball","1.70","Perdu"
"4V5WX1I3","2022-07-31 21:09","Combiné","Perdu","3.21","","","0.00","3","Résultat","Libertad Asuncion","","34985997","Baseball","1.31","Gagné"
"4V5B3KN3","2022-07-31 10:59","Combiné","Gagné","2.29","","","0.62","4","Top 10","Russell, George","","1000023219","F1","1.18","Gagné"
"4V5B3KN3","2022-07-31 10:59","Combiné","Gagné","2.29","","","0.62","4","Top 10","Norris, Lando","","1000023219","F1","1.26","Gagné"
"4V5B3KN3","2022-07-31 10:59","Combiné","Gagné","2.29","","","0.62","4","Top 10","Hamilton, Lewis","","1000023219","F1","1.23","Gagné"
"4V5B3KN3","2022-07-31 10:59","Combiné","Gagné","2.29","","","0.62","4","Top 10","Alonso, Fernando","","1000023219","F1","1.25","Gagné"
"4V06JL01","2022-07-27 20:52","Simple","Perdu","","7.50","Cash","0.00","1","","","","","Cotes boostées","","Perdu"
"4V06JK7H","2022-07-27 20:52","Simple","Gagné","2.55","","","19.13","1","Résultat","Allemagne (F)","","34175659","","2.55","Gagné"
"4V0675XD","2022-07-27 20:43","Simple","Perdu","3.00","","","0.00","1","Résultat","France (F)","","34175659","","3.00","Perdu"
"4UVWNKWC","2022-07-24 21:04","Combiné","Perdu","9.01","","","0.00","5","Vainqueur","Texas Rangers","VainqueurTexas Rangers1,60Athletics8 - 11Texas RangersScore du match : 8-11","30770977","Baseball","1.60","Gagné"
"4UVWNKWC","2022-07-24 21:04","Combiné","Perdu","9.01","","","0.00","5","Vainqueur","Arizona Diamondbacks","VainqueurArizona Diamondbacks1,70Arizona Diamondbacks3 - 4Washington NationalsScore du match : 3-4","30772335","Baseball","1.70","Perdu"
"4UVWNKWC","2022-07-24 21:04","Combiné","Perdu","9.01","","","0.00","5","Vainqueur","Los Angeles Dodgers","","30774835","Baseball","1.36","Gagné"
"4UVWNKWC","2022-07-24 21:04","Combiné","Perdu","9.01","","","0.00","5","Vainqueur","Connecticut Sun","","31524827","Baseball","1.45","Gagné"
"4UVWNKWC","2022-07-24 21:04","Combiné","Perdu","9.01","","","0.00","5","Vainqueur","New York Mets","VainqueurNew York Mets1,68New York Mets8 - 5San Diego PadresScore du match : 8-5","30770975","Baseball","1.68","Gagné"
"4UVH0YPK","2022-07-24 13:47","Combiné","Gagné","2.37","","","0.69","4","Top 10","Hamilton, Lewis","","1000022741","F1","1.20","Gagné"
"4UVH0YPK","2022-07-24 13:47","Combiné","Gagné","2.37","","","0.69","4","Top 10","Perez, Sergio","","1000022741","F1","1.20","Gagné"
"4UVH0YPK","2022-07-24 13:47","Combiné","Gagné","2.37","","","0.69","4","Top 10","Russell, George","","1000022741","F1","1.22","Gagné"
"4UVH0YPK","2022-07-24 13:47","Combiné","Gagné","2.37","","","0.69","4","Top 10","Norris, Lando","","1000022741","F1","1.35","Gagné"
"4UQ1UACI","2022-07-20 18:43","Simple","Perdu","2.05","","","0.00","1","Résultat","Angleterre (F)","","34175645","","2.05","Perdu"
"4UPILLB4","2022-07-20 49:44","Combiné","Perdu","2.78","","","0.00","2","Vainqueur","T. Griekspoor","","34677673","Tennis","1.74","Perdu"
"4UPILLB4","2022-07-20 49:44","Combiné","Perdu","2.78","","","0.00","2","J P. Varillas remporte au moins un set","Oui","","34678633","Tennis","1.60","Gagné"
"4UKJZSY6","2022-07-16 22:24","Simple","Perdu","1.50","","","0.00","1","Vainqueur","B. Ortega","","33882223","MMA","1.50","Perdu"
"4UK2Z03G","2022-07-16 14:28","Combiné","Perdu","2.51","","","0.00","2","Vainqueur","A. Hicks","","34577421","","1.72","Gagné"
"4UK2Z03G","2022-07-16 14:28","Combiné","Perdu","2.51","","","0.00","2","Vainqueur","D. Gilbert","","34577423","","1.46","Perdu"
"4UJYP0QM","2022-07-16 12:28","Combiné","Perdu","2.23","","","0.00","2","Vainqueur","P. Carreno-Busta","","34488073","MMA","1.43","Perdu"
"4UJYP0QM","2022-07-16 12:28","Combiné","Perdu","2.23","","","0.00","2","Vainqueur","B. Ortega","","33882223","MMA","1.56","Perdu"
"4UJT6M2J","2022-07-16 9:54","Combiné","Gagné","2.16","","","10.79","3","Vainqueur","G. Wilson","","34577411","","1.24","Gagné"
"4UJT6M2J","2022-07-16 9:54","Combiné","Gagné","2.16","","","10.79","3","Vainqueur","X. Guodong","","34577413","","1.36","Gagné"
"4UJT6M2J","2022-07-16 9:54","Combiné","Gagné","2.16","","","10.79","3","Vainqueur","L. Haotian","","34577415","","1.28","Gagné"
"4UJT2WEW","2022-07-16 9:51","Combiné","Perdu","10.38","","","0.00","8","Vainqueur","G. Wilson","","34577411","F1","1.24","Gagné"
"4UJT2WEW","2022-07-16 9:51","Combiné","Perdu","10.38","","","0.00","8","Vainqueur","X. Guodong","","34577413","F1","1.36","Gagné"
"4UJT2WEW","2022-07-16 9:51","Combiné","Perdu","10.38","","","0.00","8","Vainqueur","L. Haotian","","34577415","F1","1.28","Gagné"
"4UJT2WEW","2022-07-16 9:51","Combiné","Perdu","10.38","","","0.00","8","Vainqueur","Z. Xintong","","34577417","F1","1.06","Gagné"
"4UJT2WEW","2022-07-16 9:51","Combiné","Perdu","10.38","","","0.00","8","Vainqueur","A. Hicks","","34577421","F1","1.72","Gagné"
"4UJT2WEW","2022-07-16 9:51","Combiné","Perdu","10.38","","","0.00","8","Vainqueur","D. Gilbert","","34577423","F1","1.46","Perdu"
"4UJT2WEW","2022-07-16 9:51","Combiné","Perdu","10.38","","","0.00","8","Vainqueur","B. Hawkins","","34577427","F1","1.05","Gagné"
"4UJT2WEW","2022-07-16 9:51","Combiné","Perdu","10.38","","","0.00","8","Vainqueur","A. Hamilton","","34577429","F1","1.72","Gagné"
"4UIK8Z12","2022-07-15 12:56","Combiné","Perdu","2.04","","","0.00","2","C. Garcia remporte au moins un set","Oui","","34563353","Tennis","1.34","Gagné"
"4UIK8Z12","2022-07-15 12:56","Combiné","Perdu","2.04","","","0.00","2","L. Djere remporte au moins un set","Oui","","34488071","Tennis","1.52","Perdu"
"4UHL3N4R","2022-07-14 20:32","Simple","Perdu","","","","0.00","1","","","","","Cotes boostées","","Perdu"
"4UHKTKAY","2022-07-14 20:24","Combiné","Gagné","1.92","","","12.93","2","Vainqueur","J. Isner","","34537741","","1.64","Gagné"
"4UHKTKAY","2022-07-14 20:24","Combiné","Gagné","1.92","","","12.93","2","Résultat","France (F)","","30124071","","1.17","Gagné"
"4UH3CAK7","2022-07-14 12:15","Combiné","Gagné","3.95","","","19.74","3","Vainqueur","X. Wang","","34563235","","2.05","Gagné"
"4UH3CAK7","2022-07-14 12:15","Combiné","Gagné","3.95","","","19.74","3","Vainqueur","A. Rublev","","34488079","","1.31","Gagné"
"4UH3CAK7","2022-07-14 12:15","Combiné","Gagné","3.95","","","19.74","3","Vainqueur","M. Cressy","","34537739","","1.47","Gagné"
"4UGF2TLZ","2022-07-14 0:56","Combiné","Perdu","23.37","","","0.00","4","Vainqueur","Philadelphia Phillies","","30770755","Baseball","1.84","Perdu"
"4UGF2TLZ","2022-07-14 0:56","Combiné","Perdu","23.37","","","0.00","4","Vainqueur","Boston Red Sox","","30770763","Baseball","2.35","Perdu"
"4UGF2TLZ","2022-07-14 0:56","Combiné","Perdu","23.37","","","0.00","4","Vainqueur","Oakland Athletics","","30773199","Baseball","2.35","Perdu"
"4UGF2TLZ","2022-07-14 0:56","Combiné","Perdu","23.37","","","0.00","4","Vainqueur","Colorado Rockies","","30770309","Baseball","2.30","Gagné"
"4UGA85N7","2022-07-13 22:40","Combiné","Perdu","8.04","3.00","Freebet","0.00","3","Vainqueur","Washington Nationals","","34684409","Baseball","1.90","Perdu"
"4UGA85N7","2022-07-13 22:40","Combiné","Perdu","8.04","3.00","Freebet","0.00","3","Vainqueur","Pittsburgh Pirates","","30770859","Baseball","2.25","Perdu"
"4UGA85N7","2022-07-13 22:40","Combiné","Perdu","8.04","3.00","Freebet","0.00","3","Vainqueur","Cleveland Guardians","","30774429","Baseball","1.88","Perdu"
"4UG66GRC","2022-07-13 20:47","Combiné","Gagné","3.58","3.00","Freebet","5.45","4","Vainqueur","W. Jang","","34679481","Baseball","1.27",""
"4UG66GRC","2022-07-13 20:47","Combiné","Gagné","3.58","3.00","Freebet","5.45","4","Résultat","Pays-Bas (F)","","33482621","Baseball","1.38","Gagné"
"4UG66GRC","2022-07-13 20:47","Combiné","Gagné","3.58","3.00","Freebet","5.45","4","Vainqueur","San Francisco Giants","","30774521","Baseball","1.66","Gagné"
"4UG66GRC","2022-07-13 20:47","Combiné","Gagné","3.58","3.00","Freebet","5.45","4","Vainqueur","J. Isner","","34537749","Baseball","1.23","Gagné"
"4UFR14D5","2022-07-13 13:43","Combiné","Perdu","3.21","2.00","Freebet","0.00","6","Vainqueur","Brésil (F)","","34478983","Tennis","1.24","Gagné"
"4UFR14D5","2022-07-13 13:43","Combiné","Perdu","3.21","2.00","Freebet","0.00","6","Vainqueur","W.Jang / J.Lim","","34680955","Tennis","1.21",""
"4UFR14D5","2022-07-13 13:43","Combiné","Perdu","3.21","2.00","Freebet","0.00","6","Vainqueur","Liban","","33232927","Tennis","1.11","Gagné"
"4UFR14D5","2022-07-13 13:43","Combiné","Perdu","3.21","2.00","Freebet","0.00","6","Vainqueur","H.Choi / Z.Lee","","34681307","Tennis","1.35","Perdu"
"4UFR14D5","2022-07-13 13:43","Combiné","Perdu","3.21","2.00","Freebet","0.00","6","Vainqueur","D. Schwartzman","","34488085","Tennis","1.24","Gagné"
"4UFR14D5","2022-07-13 13:43","Combiné","Perdu","3.21","2.00","Freebet","0.00","6","Vainqueur","B. Duda","","34679493","Tennis","1.15","Gagné"
"4UEQHCC6","2022-07-12 20:39","Combiné","Perdu","15.86","2.00","Freebet","0.00","9","Vainqueur","Miami Marlins","","30772603","Baseball","1.56","Perdu"
"4UEQHCC6","2022-07-12 20:39","Combiné","Perdu","15.86","2.00","Freebet","0.00","9","Vainqueur","New York Yankees","","30774651","Baseball","1.25","Perdu"
"4UEQHCC6","2022-07-12 20:39","Combiné","Perdu","15.86","2.00","Freebet","0.00","9","Vainqueur","Toronto Blue Jays","","30773393","Baseball","1.45","Gagné"
"4UEQHCC6","2022-07-12 20:39","Combiné","Perdu","15.86","2.00","Freebet","0.00","9","Vainqueur","Texas Rangers","","30774957","Baseball","1.50","Perdu"
"4UEQHCC6","2022-07-12 20:39","Combiné","Perdu","15.86","2.00","Freebet","0.00","9","Vainqueur","Z. Junpeng","","34657095","Baseball","1.23","Gagné"
"4UEQHCC6","2022-07-12 20:39","Combiné","Perdu","15.86","2.00","Freebet","0.00","9","Vainqueur","S.Jomkoh / S.Paewsampran","","34660897","Baseball","1.11","Gagné"
"4UEQHCC6","2022-07-12 20:39","Combiné","Perdu","15.86","2.00","Freebet","0.00","9","Vainqueur","Houston Astros","","30772181","Baseball","1.68","Gagné"
"4UEQHCC6","2022-07-12 20:39","Combiné","Perdu","15.86","2.00","Freebet","0.00","9","Vainqueur","C.A. Dwi Wardoyo","","34657097","Baseball","1.37","Perdu"
"4UEQHCC6","2022-07-12 20:39","Combiné","Perdu","15.86","2.00","Freebet","0.00","9","Vainqueur","Y.Feng / F.Lin","","34660895","Baseball","1.19","Perdu"
"4UELWVST","2022-07-12 18:32","Combiné","Perdu","3.23","","","0.00","3","Premier joueur à réaliser un break","A. Mannarino","","34596213","","1.40","Gagné"
"4UELWVST","2022-07-12 18:32","Combiné","Perdu","3.23","","","0.00","3","Premier joueur à réaliser un break","L. Broady","","34647897","","1.65","Perdu"
"4UELWVST","2022-07-12 18:32","Combiné","Perdu","3.23","","","0.00","3","Premier joueur à réaliser un break","B. Bencic","","34605147","Tennis","1.40","Perdu"
"4UECNWRW","2022-07-12 14:13","Combiné","Perdu","11.87","","","0.00","8","Vainqueur","C. Garcia","","34605157","MMA","1.62","Gagné"
"4UECNWRW","2022-07-12 14:13","Combiné","Perdu","11.87","","","0.00","8","Vainqueur","D.Galfi","","34605623","MMA","1.18","Perdu"
"4UECNWRW","2022-07-12 14:13","Combiné","Perdu","11.87","","","0.00","8","Vainqueur","Chine","","33232869","MMA","1.60","Perdu"
"4UECNWRW","2022-07-12 14:13","Combiné","Perdu","11.87","","","0.00","8","Vainqueur","Y. Putintseva","","34591681","MMA","1.35","Gagné"
"4UECNWRW","2022-07-12 14:13","Combiné","Perdu","11.87","","","0.00","8","Vainqueur","H. Rune","","34638871","MMA","1.31","Perdu"
"4UECNWRW","2022-07-12 14:13","Combiné","Perdu","11.87","","","0.00","8","Vainqueur","D. Collins","","34605167","MMA","1.24","Perdu"
"4UECNWRW","2022-07-12 14:13","Combiné","Perdu","11.87","","","0.00","8","Vainqueur","P. Martic","","34605151","MMA","1.50","Gagné"
"4UECNWRW","2022-07-12 14:13","Combiné","Perdu","11.87","","","0.00","8","Vainqueur","B. Bonzi","","34647893","MMA","1.18","Gagné"
"4UE090NS","2022-07-12 8:25","Combiné","Perdu","2.84","","","0.00","4","Vainqueur","Y.S.Ong / E.Y.Teo","","34644627","Tennis","1.25","Gagné"
"4UE090NS","2022-07-12 8:25","Combiné","Perdu","2.84","","","0.00","4","Vainqueur","X.Liu / Y.Xia","","34644657","Tennis","1.12","Gagné"
"4UE090NS","2022-07-12 8:25","Combiné","Perdu","2.84","","","0.00","4","Vainqueur","T.Y.Ng / H.Y.Tsang","","34644641","Tennis","1.78","Perdu"
"4UE090NS","2022-07-12 8:25","Combiné","Perdu","2.84","","","0.00","4","Vainqueur","M.R.Arjun / D.Kapila","","34644611","Tennis","1.14","Gagné"
"4UDFO226","2022-07-11 22:49","Combiné","Perdu","46.60","","","0.00","8","Vainqueur","Miami Marlins","","30771641","Baseball","1.49","Perdu"
"4UDFO226","2022-07-11 22:49","Combiné","Perdu","46.60","","","0.00","8","Vainqueur","Boston Red Sox","","30772271","Baseball","1.78","Perdu"
"4UDFO226","2022-07-11 22:49","Combiné","Perdu","46.60","","","0.00","8","Vainqueur","Chicago White Sox","","30774807","Baseball","1.76","Perdu"
"4UDFO226","2022-07-11 22:49","Combiné","Perdu","46.60","","","0.00","8","Vainqueur","Philadelphia Phillies","","30774579","Baseball","1.66","Perdu"
"4UDFO226","2022-07-11 22:49","Combiné","Perdu","46.60","","","0.00","8","Vainqueur","Atlanta Braves","","30770527","Baseball","1.64","Perdu"
"4UDFO226","2022-07-11 22:49","Combiné","Perdu","46.60","","","0.00","8","Vainqueur","Texas Rangers","","30774667","Baseball","1.47","Gagné"
"4UDFO226","2022-07-11 22:49","Combiné","Perdu","46.60","","","0.00","8","Vainqueur","Kansas City Royals","","30772669","Baseball","1.62","Gagné"
"4UDFO226","2022-07-11 22:49","Combiné","Perdu","46.60","","","0.00","8","Vainqueur","San Francisco Giants","","30770469","Baseball","1.54","Perdu"
"4UD9AS0G","2022-07-11 19:51","Combiné","Gagné","2.72","","","16.35","3","Vainqueur","Kansas City Royals","","33234775","Baseball","1.64","Gagné"
"4UD9AS0G","2022-07-11 19:51","Combiné","Gagné","2.72","","","16.35","3","S. Johnson remporte au moins un set","Oui","","34596207","Baseball","1.13","Gagné"
"4UD9AS0G","2022-07-11 19:51","Combiné","Gagné","2.72","","","16.35","3","Résultat","Angleterre (F)","","30123599","Baseball","1.47","Gagné"
"4UCW5U8B","2022-07-11 13:43","Combiné","Perdu","9.66","","","0.00","7","Vainqueur","J. Niemeier","","34605159","F1","1.18","Gagné"
"4UCW5U8B","2022-07-11 13:43","Combiné","Perdu","9.66","","","0.00","7","Vainqueur","B. Pera","","34605627","F1","1.19","Gagné"
"4UCW5U8B","2022-07-11 13:43","Combiné","Perdu","9.66","","","0.00","7","Vainqueur","U. Humbert","","34596205","F1","1.18","Perdu"
"4UCW5U8B","2022-07-11 13:43","Combiné","Perdu","9.66","","","0.00","7","Vainqueur","A. Potapova","","34605161","F1","1.72","Gagné"
"4UCW5U8B","2022-07-11 13:43","Combiné","Perdu","9.66","","","0.00","7","Vainqueur","T. Zidansek","","34605165","F1","1.56","Perdu"
"4UCW5U8B","2022-07-11 13:43","Combiné","Perdu","9.66","","","0.00","7","Vainqueur","A. Sasnovich","","34605629","F1","1.12","Gagné"
"4UCW5U8B","2022-07-11 13:43","Combiné","Perdu","9.66","","","0.00","7","Vainqueur","C. Burel","","34605155","F1","1.94","Gagné"
"4UC0A42G","2022-07-10 22:50","Combiné","Perdu","17.20","","","0.00","5","Résultat","A. Mineiro","","31932459","","1.54","Perdu"
"4UC0A42G","2022-07-10 22:50","Combiné","Perdu","17.20","","","0.00","5","Résultat","Santos","","31932467","","1.90","Gagné"
"4UC0A42G","2022-07-10 22:50","Combiné","Perdu","17.20","","","0.00","5","Résultat","Palmeiras","","31932471","","1.96","Perdu"
"4UC0A42G","2022-07-10 22:50","Combiné","Perdu","17.20","","","0.00","5","Résultat","Atletico Nacional Medellin","","34246903","","2.00","Perdu"
"4UC0A42G","2022-07-10 22:50","Combiné","Perdu","17.20","","","0.00","5","Résultat","River Plate","","33839337","","1.50","Perdu"
"4UBVD33S","2022-07-10 20:33","Simple","Gagné","","10.00","Cash","20.00","1","","","","","Cotes boostées","","Gagné"
"4UBSQI5Q","2022-07-10 19:19","Combiné","Perdu","2.43","","","0.00","2","Vainqueur","Atlanta Braves","","30773185","Baseball","1.38","Gagné"
"4UBSQI5Q","2022-07-10 19:19","Combiné","Perdu","2.43","","","0.00","2","Vainqueur","New York Mets","","30773319","Baseball","1.76","Perdu"
"4UBIDHFA","2022-07-10 14:29","Simple","Perdu","","","","0.00","1","","","","","Cotes boostées","","Perdu"
"4UBHCNQW","2022-07-10 14:01","Combiné","Perdu","1.98","100.00","Freebet","0.00","4","Top 10","Perez, Sergio","","1000022517","F1","1.12","Perdu"
"4UBHCNQW","2022-07-10 14:01","Combiné","Perdu","1.98","100.00","Freebet","0.00","4","Top 10","Verstappen, Max","","1000022517","F1","1.09","Gagné"
"4UBHCNQW","2022-07-10 14:01","Combiné","Perdu","1.98","100.00","Freebet","0.00","4","Top 10","Russell, George","","1000022517","F1","1.15","Gagné"
"4UBHCNQW","2022-07-10 14:01","Combiné","Perdu","1.98","100.00","Freebet","0.00","4","Top 10","Norris, Lando","","1000022517","F1","1.41","Gagné"
"4UBE9DF1","2022-07-10 12:34","Simple","Gagné","","","","20.00","1","","","","","Cotes boostées","","Gagné"