date,league,home,away,hs,as,home_odds,away_odds,home_won
2024-03-28,MLB,Baltimore Orioles,Los Angeles Angels,11,3,1.53,2.6,1
2024-03-28,MLB,Cincinnati Reds,Washington Nationals,8,2,1.65,2.3,1
2024-03-28,MLB,Chicago White Sox,Detroit Tigers,0,1,2.35,1.63,0
2024-03-28,MLB,Houston Astros,New York Yankees,4,5,1.65,2.3,0
2024-03-28,MLB,Kansas City Royals,Minnesota Twins,1,4,2.05,1.8,0
2024-03-28,MLB,Los Angeles Dodgers,St. Louis Cardinals,7,1,1.42,2.95,1
2024-03-28,MLB,San Diego Padres,San Francisco Giants,6,4,1.91,1.91,1
2024-03-28,MLB,Tampa Bay Rays,Toronto Blue Jays,2,8,1.67,2.25,0
2024-03-28,MLB,Athletics,Cleveland Guardians,0,8,2.25,1.67,0
2024-03-28,MLB,Arizona Diamondbacks,Colorado Rockies,16,1,1.44,2.85,1
2024-03-28,MLB,Seattle Mariners,Boston Red Sox,4,6,1.65,2.3,0
2024-03-29,MLB,Baltimore Orioles,Los Angeles Angels,11,3,1.53,2.6,1
2024-03-29,MLB,Los Angeles Dodgers,St. Louis Cardinals,7,1,1.42,2.95,1
2024-03-29,MLB,Chicago White Sox,Detroit Tigers,0,1,2.35,1.63,0
2024-03-29,MLB,San Diego Padres,San Francisco Giants,6,4,1.91,1.91,1
2024-03-29,MLB,Kansas City Royals,Minnesota Twins,1,4,2.05,1.8,0
2024-03-29,MLB,Houston Astros,New York Yankees,4,5,1.65,2.3,0
2024-03-29,MLB,Tampa Bay Rays,Toronto Blue Jays,2,8,1.67,2.25,0
2024-03-29,MLB,Cincinnati Reds,Washington Nationals,8,2,1.65,2.3,1
2024-03-29,MLB,Athletics,Cleveland Guardians,0,8,2.25,1.67,0
2024-03-29,MLB,Arizona Diamondbacks,Colorado Rockies,16,1,1.44,2.85,1
2024-03-29,MLB,Seattle Mariners,Boston Red Sox,4,6,1.65,2.3,0
2024-03-29,MLB,New York Mets,Milwaukee Brewers,1,3,1.87,1.95,0
2024-03-29,MLB,Tampa Bay Rays,Toronto Blue Jays,8,2,1.77,2.1,1
2024-03-29,MLB,Philadelphia Phillies,Atlanta Braves,3,9,2.1,1.77,0
2024-03-29,MLB,Miami Marlins,Pittsburgh Pirates,2,7,1.71,2.2,0
2024-03-29,MLB,Seattle Mariners,Boston Red Sox,1,0,1.67,2.25,1
2024-03-29,MLB,Los Angeles Dodgers,St. Louis Cardinals,6,3,1.44,2.85,1
2024-03-29,MLB,Arizona Diamondbacks,Colorado Rockies,7,3,1.4,3.05,1
2024-03-29,MLB,Houston Astros,New York Yankees,1,7,1.83,2.0,0
2024-03-29,MLB,Athletics,Cleveland Guardians,4,6,2.1,1.77,0
2024-03-29,MLB,San Diego Padres,San Francisco Giants,3,8,1.71,2.2,0
2024-03-30,MLB,New York Mets,Milwaukee Brewers,1,3,1.87,1.95,0
2024-03-30,MLB,Tampa Bay Rays,Toronto Blue Jays,8,2,1.77,2.1,1
2024-03-30,MLB,Miami Marlins,Pittsburgh Pirates,2,7,1.71,2.2,0
2024-03-30,MLB,Philadelphia Phillies,Atlanta Braves,3,9,2.1,1.77,0
2024-03-30,MLB,Houston Astros,New York Yankees,1,7,1.83,2.0,0
2024-03-30,MLB,Athletics,Cleveland Guardians,4,6,2.1,1.77,0
2024-03-30,MLB,Arizona Diamondbacks,Colorado Rockies,7,3,1.4,3.05,1
2024-03-30,MLB,San Diego Padres,San Francisco Giants,3,8,1.71,2.2,0
2024-03-30,MLB,Seattle Mariners,Boston Red Sox,1,0,1.67,2.25,1
2024-03-30,MLB,Philadelphia Phillies,Atlanta Braves,4,12,2.15,1.74,0
2024-03-30,MLB,Baltimore Orioles,Los Angeles Angels,13,4,1.59,2.45,1
2024-03-30,MLB,New York Mets,Milwaukee Brewers,6,7,1.8,2.05,0
2024-03-30,MLB,Los Angeles Dodgers,St. Louis Cardinals,6,3,1.44,2.85,1
2024-03-30,MLB,Athletics,Cleveland Guardians,3,12,2.05,1.8,0
2024-03-30,MLB,Tampa Bay Rays,Toronto Blue Jays,5,1,1.77,2.1,1
2024-03-30,MLB,Texas Rangers,Chicago Cubs,11,2,1.8,2.05,1
2024-03-30,MLB,Kansas City Royals,Minnesota Twins,1,5,2.0,1.83,0
2024-03-30,MLB,Houston Astros,New York Yankees,3,5,1.74,2.15,0
2024-03-30,MLB,Miami Marlins,Pittsburgh Pirates,3,9,1.91,1.91,0
2024-03-30,MLB,Cincinnati Reds,Washington Nationals,6,7,1.56,2.5,0
2024-03-30,MLB,Arizona Diamondbacks,Colorado Rockies,4,9,1.56,2.5,0
2024-03-30,MLB,San Diego Padres,San Francisco Giants,6,9,1.8,2.05,0
2024-03-31,MLB,Cincinnati Reds,Washington Nationals,6,7,1.56,2.5,0
2024-03-31,MLB,Philadelphia Phillies,Atlanta Braves,5,4,2.25,1.67,1
2024-03-31,MLB,Baltimore Orioles,Los Angeles Angels,1,4,1.71,2.2,0
2024-03-31,MLB,Cincinnati Reds,Washington Nationals,6,5,1.59,2.45,1
2024-03-31,MLB,Baltimore Orioles,Los Angeles Angels,13,4,1.59,2.45,1
2024-03-31,MLB,New York Mets,Milwaukee Brewers,6,7,1.8,2.05,0
2024-03-31,MLB,Philadelphia Phillies,Atlanta Braves,4,12,2.15,1.74,0
2024-03-31,MLB,Texas Rangers,Chicago Cubs,11,2,1.8,2.05,1
2024-03-31,MLB,Athletics,Cleveland Guardians,3,12,2.05,1.8,0
2024-03-31,MLB,Tampa Bay Rays,Toronto Blue Jays,2,9,2.0,1.83,0
2024-03-31,MLB,New York Mets,Milwaukee Brewers,1,4,1.71,2.2,0
2024-03-31,MLB,Chicago White Sox,Detroit Tigers,2,3,2.25,1.67,0
2024-03-31,MLB,Miami Marlins,Pittsburgh Pirates,3,9,1.91,1.91,0
2024-03-31,MLB,Arizona Diamondbacks,Colorado Rockies,4,9,1.56,2.5,0
2024-03-31,MLB,San Diego Padres,San Francisco Giants,6,9,1.8,2.05,0
2024-03-31,MLB,Kansas City Royals,Minnesota Twins,1,5,2.0,1.83,0
2024-03-31,MLB,Houston Astros,New York Yankees,3,5,1.74,2.15,0
2024-03-31,MLB,Tampa Bay Rays,Toronto Blue Jays,5,1,1.77,2.1,1
2024-03-31,MLB,Houston Astros,New York Yankees,3,4,1.83,2.0,0
2024-03-31,MLB,Kansas City Royals,Minnesota Twins,11,0,2.0,1.83,1
2024-03-31,MLB,Texas Rangers,Chicago Cubs,5,9,1.74,2.15,0
2024-03-31,MLB,Arizona Diamondbacks,Colorado Rockies,5,1,1.5,2.65,1
2024-03-31,MLB,Athletics,Cleveland Guardians,4,3,2.0,1.83,1
2024-03-31,MLB,San Diego Padres,San Francisco Giants,13,4,1.63,2.35,1
2024-03-31,MLB,Seattle Mariners,Boston Red Sox,1,5,1.87,1.95,0
2024-03-31,MLB,Los Angeles Dodgers,St. Louis Cardinals,5,4,1.63,2.35,1
2024-04-01,MLB,New York Mets,Milwaukee Brewers,1,4,1.71,2.2,0
2024-04-01,MLB,Kansas City Royals,Minnesota Twins,11,0,2.0,1.83,1
2024-04-01,MLB,Seattle Mariners,Boston Red Sox,1,5,1.87,1.95,0
2024-04-01,MLB,Chicago White Sox,Detroit Tigers,2,3,2.25,1.67,0
2024-04-01,MLB,Philadelphia Phillies,Atlanta Braves,5,4,2.25,1.67,1
2024-04-01,MLB,Chicago White Sox,Atlanta Braves,0,9,3.75,1.29,0
2024-04-01,MLB,San Diego Padres,San Francisco Giants,13,4,1.63,2.35,1
2024-04-01,MLB,Los Angeles Dodgers,St. Louis Cardinals,5,4,1.63,2.35,1
2024-04-01,MLB,Baltimore Orioles,Los Angeles Angels,1,4,1.71,2.2,0
2024-04-01,MLB,Houston Astros,New York Yankees,3,4,1.83,2.0,0
2024-04-01,MLB,Cincinnati Reds,Washington Nationals,6,5,1.59,2.45,1
2024-04-01,MLB,Texas Rangers,Chicago Cubs,5,9,1.74,2.15,0
2024-04-01,MLB,Athletics,Cleveland Guardians,4,3,2.0,1.83,1
2024-04-01,MLB,Tampa Bay Rays,Toronto Blue Jays,2,9,2.0,1.83,0
2024-04-01,MLB,Arizona Diamondbacks,Colorado Rockies,5,1,1.5,2.65,1
2024-04-01,MLB,Washington Nationals,Pittsburgh Pirates,4,8,1.87,1.95,0
2024-04-01,MLB,Baltimore Orioles,Kansas City Royals,6,4,1.63,2.35,1
2024-04-01,MLB,Chicago Cubs,Colorado Rockies,5,0,1.42,2.95,1
2024-04-01,MLB,Miami Marlins,Los Angeles Angels,4,7,1.91,1.91,0
2024-04-01,MLB,Tampa Bay Rays,Texas Rangers,3,9,1.77,2.1,0
2024-04-01,MLB,Houston Astros,Toronto Blue Jays,10,0,1.71,2.2,1
2024-04-01,MLB,Athletics,Boston Red Sox,0,9,2.3,1.65,0
2024-04-01,MLB,San Diego Padres,St. Louis Cardinals,2,6,1.8,2.05,0
2024-04-01,MLB,Seattle Mariners,Cleveland Guardians,5,4,1.95,1.87,1
2024-04-01,MLB,Los Angeles Dodgers,San Francisco Giants,8,3,1.49,2.7,1
2024-04-02,MLB,Chicago Cubs,Colorado Rockies,5,0,1.42,2.95,1
2024-04-02,MLB,Washington Nationals,Pittsburgh Pirates,4,8,1.87,1.95,0
2024-04-02,MLB,Chicago White Sox,Atlanta Braves,0,9,3.75,1.29,0
2024-04-02,MLB,Tampa Bay Rays,Texas Rangers,3,9,1.77,2.1,0
2024-04-02,MLB,Miami Marlins,Los Angeles Angels,4,7,1.91,1.91,0
2024-04-02,MLB,Baltimore Orioles,Kansas City Royals,6,4,1.63,2.35,1
2024-04-02,MLB,Athletics,Boston Red Sox,0,9,2.3,1.65,0
2024-04-02,MLB,Seattle Mariners,Cleveland Guardians,5,4,1.95,1.87,1
2024-04-02,MLB,San Diego Padres,St. Louis Cardinals,2,6,1.8,2.05,0
2024-04-02,MLB,Houston Astros,Toronto Blue Jays,10,0,1.71,2.2,1
2024-04-02,MLB,Los Angeles Dodgers,San Francisco Giants,8,3,1.49,2.7,1
2024-04-02,MLB,Milwaukee Brewers,Minnesota Twins,3,2,1.87,1.95,1
2024-04-02,MLB,Philadelphia Phillies,Cincinnati Reds,9,4,1.71,2.2,1
2024-04-02,MLB,Chicago White Sox,Atlanta Braves,3,2,2.55,1.54,1
2024-04-02,MLB,Tampa Bay Rays,Texas Rangers,5,2,1.63,2.35,1
2024-04-02,MLB,Seattle Mariners,Cleveland Guardians,2,5,1.87,1.95,0
2024-04-02,MLB,Miami Marlins,Los Angeles Angels,1,3,1.71,2.2,0
2024-04-02,MLB,Houston Astros,Toronto Blue Jays,1,2,1.67,2.25,0
2024-04-02,MLB,Chicago Cubs,Colorado Rockies,12,2,1.54,2.55,1
2024-04-02,MLB,Baltimore Orioles,Kansas City Royals,1,4,1.63,2.35,0
2024-04-02,MLB,San Diego Padres,St. Louis Cardinals,2,5,1.65,2.3,0
2024-04-02,MLB,Los Angeles Dodgers,San Francisco Giants,5,4,1.67,2.25,1
2024-04-02,MLB,Arizona Diamondbacks,New York Yankees,7,0,1.91,1.91,1
2024-04-03,MLB,Milwaukee Brewers,Minnesota Twins,3,2,1.87,1.95,1
2024-04-03,MLB,Miami Marlins,Los Angeles Angels,1,3,1.71,2.2,0
2024-04-03,MLB,Baltimore Orioles,Kansas City Royals,1,4,1.63,2.35,0
2024-04-03,MLB,Philadelphia Phillies,Cincinnati Reds,9,4,1.71,2.2,1
2024-04-03,MLB,Tampa Bay Rays,Texas Rangers,5,2,1.63,2.35,1
2024-04-03,MLB,Chicago Cubs,Colorado Rockies,12,2,1.54,2.55,1
2024-04-03,MLB,Chicago White Sox,Atlanta Braves,3,2,2.55,1.54,1
2024-04-03,MLB,Houston Astros,Toronto Blue Jays,1,2,1.67,2.25,0
2024-04-03,MLB,Arizona Diamondbacks,New York Yankees,7,0,1.91,1.91,1
2024-04-03,MLB,San Diego Padres,St. Louis Cardinals,2,5,1.65,2.3,0
2024-04-03,MLB,Seattle Mariners,Cleveland Guardians,2,5,1.87,1.95,0
2024-04-03,MLB,Baltimore Orioles,Kansas City Royals,4,3,1.59,2.45,1
2024-04-03,MLB,Miami Marlins,Los Angeles Angels,2,10,1.87,1.95,0
2024-04-03,MLB,Tampa Bay Rays,Texas Rangers,1,4,1.8,2.05,0
2024-04-03,MLB,Milwaukee Brewers,Minnesota Twins,3,7,1.95,1.87,0
2024-04-03,MLB,Los Angeles Dodgers,San Francisco Giants,5,4,1.67,2.25,1
2024-04-03,MLB,Athletics,Boston Red Sox,0,1,2.5,1.56,0
2024-04-03,MLB,Philadelphia Phillies,Cincinnati Reds,1,4,1.56,2.5,0
2024-04-03,MLB,Washington Nationals,Pittsburgh Pirates,5,3,2.25,1.67,1
2024-04-03,MLB,San Diego Padres,St. Louis Cardinals,3,2,1.63,2.35,1
2024-04-03,MLB,Seattle Mariners,Cleveland Guardians,0,8,1.65,2.3,0
2024-04-03,MLB,Houston Astros,Toronto Blue Jays,8,0,1.63,2.35,1
2024-04-03,MLB,Chicago Cubs,Colorado Rockies,9,8,1.48,2.75,1
2024-04-03,MLB,Los Angeles Dodgers,San Francisco Giants,5,4,1.4,3.05,1
2024-04-04,MLB,Baltimore Orioles,Kansas City Royals,4,3,1.59,2.45,1
2024-04-04,MLB,Miami Marlins,Los Angeles Angels,2,10,1.87,1.95,0
2024-04-04,MLB,Tampa Bay Rays,Texas Rangers,1,4,1.8,2.05,0
2024-04-04,MLB,Milwaukee Brewers,Minnesota Twins,3,7,1.95,1.87,0
2024-04-04,MLB,Athletics,Boston Red Sox,0,1,2.5,1.56,0
2024-04-04,MLB,San Diego Padres,St. Louis Cardinals,3,2,1.63,2.35,1
2024-04-04,MLB,Philadelphia Phillies,Cincinnati Reds,1,4,1.56,2.5,0
2024-04-04,MLB,Seattle Mariners,Cleveland Guardians,0,8,1.65,2.3,0
2024-04-04,MLB,Washington Nationals,Pittsburgh Pirates,5,3,2.25,1.67,1
2024-04-04,MLB,Washington Nationals,Pittsburgh Pirates,4,7,2.05,1.8,0
2024-04-04,MLB,Houston Astros,Toronto Blue Jays,8,0,1.63,2.35,1
2024-04-04,MLB,Chicago Cubs,Colorado Rockies,9,8,1.48,2.75,1
2024-04-04,MLB,Los Angeles Dodgers,San Francisco Giants,5,4,1.4,3.05,1
2024-04-04,MLB,Kansas City Royals,Chicago White Sox,10,1,1.54,2.55,1
2024-04-04,MLB,St. Louis Cardinals,Miami Marlins,8,5,1.67,2.25,1
2024-04-04,MLB,Minnesota Twins,Cleveland Guardians,2,4,1.63,2.35,0
2024-04-04,MLB,New York Mets,Detroit Tigers,2,1,1.77,2.1,1
2024-04-05,MLB,Washington Nationals,Pittsburgh Pirates,4,7,2.05,1.8,0
2024-04-05,MLB,Minnesota Twins,Cleveland Guardians,2,4,1.63,2.35,0
2024-04-05,MLB,St. Louis Cardinals,Miami Marlins,8,5,1.67,2.25,1
2024-04-05,MLB,Kansas City Royals,Chicago White Sox,10,1,1.54,2.55,1
2024-04-05,MLB,New York Mets,Detroit Tigers,2,1,1.77,2.1,1
2024-04-05,MLB,New York Yankees,Toronto Blue Jays,0,3,1.65,2.3,0
2024-04-05,MLB,Colorado Rockies,Tampa Bay Rays,10,7,2.45,1.59,1
2024-04-05,MLB,Chicago Cubs,Los Angeles Dodgers,9,7,2.5,1.56,1
2024-04-05,MLB,Pittsburgh Pirates,Baltimore Orioles,2,5,2.0,1.83,0
2024-04-05,MLB,San Francisco Giants,San Diego Padres,3,2,1.83,2.0,1
2024-04-05,MLB,Texas Rangers,Houston Astros,10,2,2.2,1.71,1
2024-04-05,MLB,Detroit Tigers,Athletics,5,4,1.41,3.0,1
2024-04-05,MLB,Washington Nationals,Philadelphia Phillies,0,4,2.65,1.5,0
2024-04-05,MLB,Kansas City Royals,Chicago White Sox,2,1,1.53,2.6,1
2024-04-05,MLB,Cincinnati Reds,New York Mets,2,3,1.77,2.1,0
2024-04-05,MLB,Milwaukee Brewers,Seattle Mariners,6,5,1.8,2.05,1
2024-04-05,MLB,Los Angeles Angels,Boston Red Sox,6,8,1.95,1.87,0
2024-04-06,MLB,New York Yankees,Toronto Blue Jays,0,3,1.65,2.3,0
2024-04-06,MLB,Detroit Tigers,Athletics,5,4,1.41,3.0,1
2024-04-06,MLB,Chicago Cubs,Los Angeles Dodgers,9,7,2.5,1.56,1
2024-04-06,MLB,Pittsburgh Pirates,Baltimore Orioles,2,5,2.0,1.83,0
2024-04-06,MLB,San Francisco Giants,San Diego Padres,3,2,1.83,2.0,1
2024-04-06,MLB,Milwaukee Brewers,Seattle Mariners,6,5,1.8,2.05,1
2024-04-06,MLB,Cincinnati Reds,New York Mets,2,3,1.77,2.1,0
2024-04-06,MLB,Colorado Rockies,Tampa Bay Rays,10,7,2.45,1.59,1
2024-04-06,MLB,Texas Rangers,Houston Astros,10,2,2.2,1.71,1
2024-04-06,MLB,Kansas City Royals,Chicago White Sox,2,1,1.53,2.6,1
2024-04-06,MLB,Washington Nationals,Philadelphia Phillies,0,4,2.65,1.5,0
2024-04-06,MLB,Los Angeles Angels,Boston Red Sox,6,8,1.95,1.87,0
2024-04-06,MLB,St. Louis Cardinals,Miami Marlins,3,1,1.67,2.25,1
2024-04-06,MLB,Minnesota Twins,Cleveland Guardians,1,3,1.59,2.45,0
2024-04-06,MLB,Detroit Tigers,Athletics,0,4,1.67,2.25,0
2024-04-06,MLB,Washington Nationals,Philadelphia Phillies,2,5,2.55,1.54,0
2024-04-06,MLB,New York Yankees,Toronto Blue Jays,9,8,1.83,2.0,1
2024-04-06,MLB,Texas Rangers,Houston Astros,7,2,1.91,1.91,1
2024-04-06,MLB,Chicago Cubs,Los Angeles Dodgers,1,4,2.3,1.65,0
2024-04-06,MLB,Cincinnati Reds,New York Mets,9,6,1.83,2.0,1
2024-04-06,MLB,Kansas City Royals,Chicago White Sox,3,0,1.43,2.9,1
2024-04-06,MLB,San Francisco Giants,San Diego Padres,0,4,1.83,2.0,0
2024-04-06,MLB,Colorado Rockies,Tampa Bay Rays,6,8,2.15,1.74,0
2024-04-06,MLB,Los Angeles Angels,Boston Red Sox,2,1,1.87,1.95,1
2024-04-06,MLB,Milwaukee Brewers,Seattle Mariners,3,5,1.83,2.0,0
2024-04-06,MLB,Atlanta Braves,Arizona Diamondbacks,9,8,1.5,2.65,1
2024-04-07,MLB,Detroit Tigers,Athletics,0,4,1.67,2.25,0
2024-04-07,MLB,St. Louis Cardinals,Miami Marlins,3,1,1.67,2.25,1
2024-04-07,MLB,Minnesota Twins,Cleveland Guardians,1,3,1.59,2.45,0
2024-04-07,MLB,San Francisco Giants,San Diego Padres,0,4,1.83,2.0,0
2024-04-07,MLB,New York Yankees,Toronto Blue Jays,9,8,1.83,2.0,1
2024-04-07,MLB,Colorado Rockies,Tampa Bay Rays,6,8,2.15,1.74,0
2024-04-07,MLB,Chicago Cubs,Los Angeles Dodgers,1,4,2.3,1.65,0
2024-04-07,MLB,Atlanta Braves,Arizona Diamondbacks,9,8,1.5,2.65,1
2024-04-07,MLB,Milwaukee Brewers,Seattle Mariners,3,5,1.83,2.0,0
2024-04-07,MLB,New York Yankees,Toronto Blue Jays,8,3,1.61,2.4,1
2024-04-07,MLB,Kansas City Royals,Chicago White Sox,3,0,1.43,2.9,1
2024-04-07,MLB,Texas Rangers,Houston Astros,7,2,1.91,1.91,1
2024-04-07,MLB,Cincinnati Reds,New York Mets,9,6,1.83,2.0,1
2024-04-07,MLB,Los Angeles Angels,Boston Red Sox,2,1,1.87,1.95,1
2024-04-07,MLB,Atlanta Braves,Arizona Diamondbacks,5,2,1.41,3.0,1
2024-04-07,MLB,Pittsburgh Pirates,Baltimore Orioles,3,2,1.95,1.87,1
2024-04-07,MLB,Washington Nationals,Philadelphia Phillies,3,2,2.25,1.67,1
2024-04-07,MLB,Detroit Tigers,Athletics,1,7,1.5,2.65,0
2024-04-07,MLB,Washington Nationals,Philadelphia Phillies,2,5,2.55,1.54,0
2024-04-07,MLB,Cincinnati Reds,New York Mets,1,3,1.95,1.87,0
2024-04-07,MLB,Kansas City Royals,Chicago White Sox,5,3,1.77,2.1,1
2024-04-07,MLB,Los Angeles Angels,Boston Red Sox,2,12,1.95,1.87,0
2024-04-07,MLB,Chicago Cubs,Los Angeles Dodgers,8,1,1.95,1.87,1
2024-04-07,MLB,San Francisco Giants,San Diego Padres,3,2,1.59,2.45,1
2024-04-07,MLB,Milwaukee Brewers,Seattle Mariners,12,4,1.77,2.1,1
2024-04-07,MLB,St. Louis Cardinals,Miami Marlins,3,10,1.67,2.25,0
2024-04-07,MLB,Colorado Rockies,Tampa Bay Rays,2,3,2.25,1.67,0
2024-04-07,MLB,Texas Rangers,Houston Astros,1,3,1.87,1.95,0
2024-04-08,MLB,Atlanta Braves,Arizona Diamondbacks,5,2,1.41,3.0,1
2024-04-08,MLB,New York Yankees,Toronto Blue Jays,8,3,1.61,2.4,1
2024-04-08,MLB,Pittsburgh Pirates,Baltimore Orioles,3,2,1.95,1.87,1
2024-04-08,MLB,Washington Nationals,Philadelphia Phillies,3,2,2.25,1.67,1
2024-04-08,MLB,Kansas City Royals,Chicago White Sox,5,3,1.77,2.1,1
2024-04-08,MLB,Cincinnati Reds,New York Mets,1,3,1.95,1.87,0
2024-04-08,MLB,Detroit Tigers,Athletics,1,7,1.5,2.65,0
2024-04-08,MLB,Milwaukee Brewers,Seattle Mariners,12,4,1.77,2.1,1
2024-04-08,MLB,Los Angeles Angels,Boston Red Sox,2,12,1.95,1.87,0
2024-04-08,MLB,Chicago Cubs,Los Angeles Dodgers,8,1,1.95,1.87,1
2024-04-08,MLB,St. Louis Cardinals,Miami Marlins,3,10,1.67,2.25,0
2024-04-08,MLB,San Francisco Giants,San Diego Padres,3,2,1.59,2.45,1
2024-04-08,MLB,Texas Rangers,Houston Astros,1,3,1.87,1.95,0
2024-04-08,MLB,Cleveland Guardians,Chicago White Sox,4,0,1.41,3.0,1
2024-04-08,MLB,Cincinnati Reds,Milwaukee Brewers,10,8,1.91,1.91,1
2024-04-08,MLB,New York Yankees,Miami Marlins,7,0,1.67,2.25,1
2024-04-08,MLB,Colorado Rockies,Tampa Bay Rays,2,3,2.25,1.67,0
2024-04-08,MLB,Pittsburgh Pirates,Detroit Tigers,7,4,1.8,2.05,1
2024-04-08,MLB,Atlanta Braves,New York Mets,7,8,1.49,2.7,0
2024-04-08,MLB,Texas Rangers,Houston Astros,5,10,1.74,2.15,0
2024-04-08,MLB,Colorado Rockies,Arizona Diamondbacks,7,5,2.5,1.56,1
2024-04-08,MLB,Toronto Blue Jays,Seattle Mariners,5,2,1.83,2.0,1
2024-04-08,MLB,San Diego Padres,Chicago Cubs,9,8,1.74,2.15,1
2024-04-08,MLB,Minnesota Twins,Los Angeles Dodgers,2,4,2.2,1.71,0
2024-04-08,MLB,Los Angeles Angels,Tampa Bay Rays,7,1,2.25,1.67,1
2024-04-08,MLB,San Francisco Giants,Washington Nationals,1,8,1.48,2.75,0
2024-04-09,MLB,Cincinnati Reds,Milwaukee Brewers,10,8,1.91,1.91,1
2024-04-09,MLB,New York Yankees,Miami Marlins,7,0,1.67,2.25,1
2024-04-09,MLB,Cleveland Guardians,Chicago White Sox,4,0,1.41,3.0,1
2024-04-09,MLB,Pittsburgh Pirates,Detroit Tigers,7,4,1.8,2.05,1
2024-04-09,MLB,Atlanta Braves,New York Mets,7,8,1.49,2.7,0
2024-04-09,MLB,Toronto Blue Jays,Seattle Mariners,5,2,1.83,2.0,1
2024-04-09,MLB,Minnesota Twins,Los Angeles Dodgers,2,4,2.2,1.71,0
2024-04-09,MLB,Texas Rangers,Houston Astros,5,10,1.74,2.15,0
2024-04-09,MLB,Los Angeles Angels,Tampa Bay Rays,7,1,2.25,1.67,1
2024-04-09,MLB,Colorado Rockies,Arizona Diamondbacks,7,5,2.5,1.56,1
2024-04-09,MLB,San Diego Padres,Chicago Cubs,9,8,1.74,2.15,1
2024-04-09,MLB,San Francisco Giants,Washington Nationals,1,8,1.48,2.75,0
2024-04-09,MLB,Cincinnati Reds,Milwaukee Brewers,5,9,1.74,2.15,0
2024-04-09,MLB,Pittsburgh Pirates,Detroit Tigers,3,5,1.8,2.05,0
2024-04-09,MLB,Boston Red Sox,Baltimore Orioles,1,7,2.05,1.8,0
2024-04-09,MLB,Cleveland Guardians,Chicago White Sox,5,7,1.42,2.95,0
2024-04-09,MLB,New York Yankees,Miami Marlins,3,2,1.48,2.75,1
2024-04-09,MLB,Toronto Blue Jays,Seattle Mariners,5,3,1.87,1.95,1
2024-04-09,MLB,Minnesota Twins,Los Angeles Dodgers,3,6,2.55,1.54,0
2024-04-09,MLB,Texas Rangers,Athletics,3,4,1.49,2.7,0
2024-04-09,MLB,Atlanta Braves,New York Mets,6,5,1.53,2.6,1
2024-04-09,MLB,Los Angeles Angels,Tampa Bay Rays,4,6,2.0,1.83,0
2024-04-09,MLB,St. Louis Cardinals,Philadelphia Phillies,3,0,2.15,1.74,1
2024-04-09,MLB,San Francisco Giants,Washington Nationals,3,5,1.53,2.6,0
2024-04-09,MLB,San Diego Padres,Chicago Cubs,1,5,1.71,2.2,0
2024-04-09,MLB,Colorado Rockies,Arizona Diamondbacks,2,3,2.55,1.54,0
2024-04-10,MLB,Pittsburgh Pirates,Detroit Tigers,3,5,1.8,2.05,0
2024-04-10,MLB,Boston Red Sox,Baltimore Orioles,1,7,2.05,1.8,0
2024-04-10,MLB,Cleveland Guardians,Chicago White Sox,5,7,1.42,2.95,0
2024-04-10,MLB,Cincinnati Reds,Milwaukee Brewers,5,9,1.74,2.15,0
2024-04-10,MLB,Atlanta Braves,New York Mets,6,5,1.53,2.6,1
2024-04-10,MLB,New York Yankees,Miami Marlins,3,2,1.48,2.75,1
2024-04-10,MLB,Toronto Blue Jays,Seattle Mariners,5,3,1.87,1.95,1
2024-04-10,MLB,San Francisco Giants,Washington Nationals,3,5,1.53,2.6,0
2024-04-10,MLB,Los Angeles Angels,Tampa Bay Rays,4,6,2.0,1.83,0
2024-04-10,MLB,St. Louis Cardinals,Philadelphia Phillies,3,4,2.15,1.74,0
2024-04-10,MLB,St. Louis Cardinals,Philadelphia Phillies,3,0,2.15,1.74,1
2024-04-10,MLB,Minnesota Twins,Los Angeles Dodgers,3,6,2.55,1.54,0
2024-04-10,MLB,Texas Rangers,Athletics,3,4,1.49,2.7,0
2024-04-10,MLB,Colorado Rockies,Arizona Diamondbacks,2,3,2.55,1.54,0
2024-04-10,MLB,San Diego Padres,Chicago Cubs,1,5,1.71,2.2,0
2024-04-10,MLB,Minnesota Twins,Los Angeles Dodgers,3,2,2.45,1.59,1
2024-04-10,MLB,Colorado Rockies,Arizona Diamondbacks,3,5,2.0,1.83,0
2024-04-10,MLB,San Francisco Giants,Washington Nationals,7,1,1.5,2.65,1
2024-04-10,MLB,Cincinnati Reds,Milwaukee Brewers,2,7,1.71,2.2,0
2024-04-10,MLB,Los Angeles Angels,Tampa Bay Rays,2,4,2.0,1.83,0
2024-04-10,MLB,San Diego Padres,Chicago Cubs,10,2,1.65,2.3,1
2024-04-10,MLB,Kansas City Royals,Houston Astros,11,2,2.0,1.83,1
2024-04-10,MLB,New York Yankees,Miami Marlins,2,5,1.48,2.75,0
2024-04-10,MLB,Texas Rangers,Athletics,6,2,1.54,2.55,1
2024-04-10,MLB,Boston Red Sox,Baltimore Orioles,5,7,1.87,1.95,0
2024-04-11,MLB,Minnesota Twins,Los Angeles Dodgers,3,2,2.45,1.59,1
2024-04-11,MLB,Los Angeles Angels,Tampa Bay Rays,2,4,2.0,1.83,0
2024-04-11,MLB,Cincinnati Reds,Milwaukee Brewers,2,7,1.71,2.2,0
2024-04-11,MLB,San Francisco Giants,Washington Nationals,7,1,1.5,2.65,1
2024-04-11,MLB,St. Louis Cardinals,Philadelphia Phillies,3,4,2.15,1.74,0
2024-04-11,MLB,San Diego Padres,Chicago Cubs,10,2,1.65,2.3,1
2024-04-11,MLB,Colorado Rockies,Arizona Diamondbacks,3,5,2.0,1.83,0
2024-04-11,MLB,Kansas City Royals,Houston Astros,11,2,2.0,1.83,1
2024-04-11,MLB,Atlanta Braves,New York Mets,4,16,1.56,2.5,0
2024-04-11,MLB,Boston Red Sox,Baltimore Orioles,5,7,1.87,1.95,0
2024-04-11,MLB,Kansas City Royals,Houston Astros,13,3,2.1,1.77,1
2024-04-11,MLB,New York Yankees,Miami Marlins,2,5,1.48,2.75,0
2024-04-11,MLB,Texas Rangers,Athletics,0,1,1.5,2.65,0
2024-04-11,MLB,Philadelphia Phillies,Pittsburgh Pirates,5,1,1.74,2.15,1
2024-04-11,MLB,Texas Rangers,Athletics,6,2,1.54,2.55,1
2024-04-12,MLB,Atlanta Braves,New York Mets,4,16,1.56,2.5,0
2024-04-12,MLB,Kansas City Royals,Houston Astros,13,3,2.1,1.77,1
2024-04-12,MLB,Philadelphia Phillies,Pittsburgh Pirates,5,1,1.74,2.15,1
2024-04-12,MLB,Texas Rangers,Athletics,0,1,1.5,2.65,0
2024-04-12,MLB,Tampa Bay Rays,San Francisco Giants,2,1,1.91,1.91,1
2024-04-12,MLB,Detroit Tigers,Minnesota Twins,8,2,1.83,2.0,1
2024-04-12,MLB,Boston Red Sox,Los Angeles Angels,0,7,1.87,1.95,0
2024-04-12,MLB,Toronto Blue Jays,Colorado Rockies,4,12,1.42,2.95,0
2024-04-12,MLB,Philadelphia Phillies,Pittsburgh Pirates,2,5,1.61,2.4,0
2024-04-12,MLB,Houston Astros,Texas Rangers,8,12,1.8,2.05,0
2024-04-12,MLB,Chicago White Sox,Cincinnati Reds,1,11,2.5,1.56,0
2024-04-12,MLB,Miami Marlins,Atlanta Braves,1,8,2.65,1.5,0
2024-04-12,MLB,Baltimore Orioles,Milwaukee Brewers,1,11,2.1,1.77,0
2024-04-12,MLB,New York Mets,Kansas City Royals,6,1,1.71,2.2,1
2024-04-12,MLB,Seattle Mariners,Chicago Cubs,4,2,1.77,2.1,1
2024-04-12,MLB,Arizona Diamondbacks,St. Louis Cardinals,6,9,1.8,2.05,0
2024-04-13,MLB,Tampa Bay Rays,San Francisco Giants,2,1,1.91,1.91,1
2024-04-13,MLB,Philadelphia Phillies,Pittsburgh Pirates,2,5,1.61,2.4,0
2024-04-13,MLB,Baltimore Orioles,Milwaukee Brewers,1,11,2.1,1.77,0
2024-04-13,MLB,Toronto Blue Jays,Colorado Rockies,4,12,1.42,2.95,0
2024-04-13,MLB,Miami Marlins,Atlanta Braves,1,8,2.65,1.5,0
2024-04-13,MLB,Boston Red Sox,Los Angeles Angels,0,7,1.87,1.95,0
2024-04-13,MLB,New York Mets,Kansas City Royals,6,1,1.71,2.2,1
2024-04-13,MLB,Detroit Tigers,Minnesota Twins,8,2,1.83,2.0,1
2024-04-13,MLB,Chicago White Sox,Cincinnati Reds,1,11,2.5,1.56,0
2024-04-13,MLB,Houston Astros,Texas Rangers,8,12,1.8,2.05,0
2024-04-13,MLB,Arizona Diamondbacks,St. Louis Cardinals,6,9,1.8,2.05,0
2024-04-13,MLB,Seattle Mariners,Chicago Cubs,4,2,1.77,2.1,1
2024-04-13,MLB,New York Mets,Kansas City Royals,7,11,1.61,2.4,0
2024-04-13,MLB,Houston Astros,Texas Rangers,9,2,1.71,2.2,1
2024-04-13,MLB,Cleveland Guardians,New York Yankees,2,3,2.15,1.74,0
2024-04-13,MLB,Toronto Blue Jays,Colorado Rockies,5,3,1.53,2.6,1
2024-04-13,MLB,Philadelphia Phillies,Pittsburgh Pirates,4,3,1.65,2.3,1
2024-04-13,MLB,Chicago White Sox,Cincinnati Reds,0,5,2.1,1.77,0
2024-04-13,MLB,Miami Marlins,Atlanta Braves,5,1,2.8,1.45,1
2024-04-13,MLB,Athletics,Washington Nationals,1,3,2.15,1.74,0
2024-04-13,MLB,Baltimore Orioles,Milwaukee Brewers,5,11,1.67,2.25,0
2024-04-13,MLB,Tampa Bay Rays,San Francisco Giants,2,11,1.91,1.91,0
2024-04-13,MLB,Boston Red Sox,Los Angeles Angels,7,2,1.95,1.87,1
2024-04-13,MLB,Arizona Diamondbacks,St. Louis Cardinals,4,2,1.87,1.95,1
2024-04-13,MLB,Seattle Mariners,Chicago Cubs,1,4,2.2,1.71,0
2024-04-13,MLB,Los Angeles Dodgers,San Diego Padres,5,2,1.45,2.8,1
2024-04-14,MLB,Cleveland Guardians,New York Yankees,2,3,2.15,1.74,0
2024-04-14,MLB,New York Mets,Kansas City Royals,7,11,1.61,2.4,0
2024-04-14,MLB,Chicago White Sox,Cincinnati Reds,0,5,2.1,1.77,0
2024-04-14,MLB,Houston Astros,Texas Rangers,9,2,1.71,2.2,1
2024-04-14,MLB,Toronto Blue Jays,Colorado Rockies,5,3,1.53,2.6,1
2024-04-14,MLB,Baltimore Orioles,Milwaukee Brewers,5,11,1.67,2.25,0
2024-04-14,MLB,Philadelphia Phillies,Pittsburgh Pirates,4,3,1.65,2.3,1
2024-04-14,MLB,Miami Marlins,Atlanta Braves,5,1,2.8,1.45,1
2024-04-14,MLB,Tampa Bay Rays,San Francisco Giants,2,11,1.91,1.91,0
2024-04-14,MLB,Athletics,Washington Nationals,1,3,2.15,1.74,0
2024-04-14,MLB,Boston Red Sox,Los Angeles Angels,7,2,1.95,1.87,1
2024-04-14,MLB,Arizona Diamondbacks,St. Louis Cardinals,4,2,1.87,1.95,1
2024-04-14,MLB,Seattle Mariners,Chicago Cubs,1,4,2.2,1.71,0
2024-04-14,MLB,Los Angeles Dodgers,San Diego Padres,5,2,1.45,2.8,1
2024-04-14,MLB,Toronto Blue Jays,Colorado Rockies,5,0,1.38,3.1,1
2024-04-14,MLB,Philadelphia Phillies,Pittsburgh Pirates,2,9,1.53,2.6,0
2024-04-14,MLB,Boston Red Sox,Los Angeles Angels,5,4,1.77,2.1,1
2024-04-14,MLB,Detroit Tigers,Minnesota Twins,4,3,1.74,2.15,1
2024-04-14,MLB,Baltimore Orioles,Milwaukee Brewers,6,4,1.44,2.85,1
2024-04-14,MLB,Arizona Diamondbacks,St. Louis Cardinals,5,0,1.71,2.2,1
2024-04-14,MLB,New York Mets,Kansas City Royals,2,1,1.91,1.91,1
2024-04-14,MLB,Chicago White Sox,Cincinnati Reds,4,11,2.3,1.65,0
2024-04-14,MLB,Houston Astros,Texas Rangers,8,5,1.83,2.0,1
2024-04-14,MLB,Los Angeles Dodgers,San Diego Padres,3,6,1.63,2.35,0
2024-04-14,MLB,Seattle Mariners,Chicago Cubs,2,3,1.67,2.25,0
2024-04-14,MLB,Tampa Bay Rays,San Francisco Giants,9,4,1.95,1.87,1
2024-04-14,MLB,Miami Marlins,Atlanta Braves,7,9,2.25,1.67,0
2024-04-14,MLB,Athletics,Washington Nationals,7,6,1.67,2.25,1
2024-04-15,MLB,Baltimore Orioles,Milwaukee Brewers,6,4,1.44,2.85,1
2024-04-15,MLB,Toronto Blue Jays,Colorado Rockies,5,0,1.38,3.1,1
2024-04-15,MLB,Boston Red Sox,Los Angeles Angels,5,4,1.77,2.1,1
2024-04-15,MLB,New York Mets,Kansas City Royals,2,1,1.91,1.91,1
2024-04-15,MLB,Tampa Bay Rays,San Francisco Giants,9,4,1.95,1.87,1
2024-04-15,MLB,Miami Marlins,Atlanta Braves,7,9,2.25,1.67,0
2024-04-15,MLB,Philadelphia Phillies,Pittsburgh Pirates,2,9,1.53,2.6,0
2024-04-15,MLB,Detroit Tigers,Minnesota Twins,4,3,1.74,2.15,1
2024-04-15,MLB,Miami Marlins,San Francisco Giants,3,4,1.95,1.87,0
2024-04-15,MLB,Toronto Blue Jays,New York Yankees,3,1,1.91,1.91,1
2024-04-15,MLB,Boston Red Sox,Cleveland Guardians,0,6,1.71,2.2,0
2024-04-15,MLB,Tampa Bay Rays,Los Angeles Angels,3,7,1.61,2.4,0
2024-04-15,MLB,Baltimore Orioles,Minnesota Twins,7,4,1.77,2.1,1
2024-04-15,MLB,Detroit Tigers,Texas Rangers,0,1,1.8,2.05,0
2024-04-15,MLB,Chicago White Sox,Kansas City Royals,0,2,2.5,1.56,0
2024-04-15,MLB,New York Mets,Pittsburgh Pirates,6,3,1.8,2.05,1
2024-04-15,MLB,Athletics,Washington Nationals,7,6,1.67,2.25,1
2024-04-15,MLB,Houston Astros,Texas Rangers,8,5,1.83,2.0,1
2024-04-15,MLB,Chicago White Sox,Cincinnati Reds,4,11,2.3,1.65,0
2024-04-15,MLB,Milwaukee Brewers,San Diego Padres,3,7,1.87,1.95,0
2024-04-15,MLB,Seattle Mariners,Cincinnati Reds,9,3,1.67,2.25,1
2024-04-15,MLB,Seattle Mariners,Chicago Cubs,2,3,1.67,2.25,0
2024-04-15,MLB,Los Angeles Dodgers,San Diego Padres,3,6,1.63,2.35,0
2024-04-15,MLB,Athletics,St. Louis Cardinals,1,3,2.45,1.59,0
2024-04-15,MLB,Arizona Diamondbacks,St. Louis Cardinals,5,0,1.71,2.2,1
2024-04-15,MLB,Los Angeles Dodgers,Washington Nationals,4,6,1.26,4.1,0
2024-04-15,MLB,Houston Astros,Atlanta Braves,1,6,1.95,1.87,0
2024-04-16,MLB,Baltimore Orioles,Minnesota Twins,7,4,1.77,2.1,1
2024-04-16,MLB,Boston Red Sox,Cleveland Guardians,0,6,1.71,2.2,0
2024-04-16,MLB,Detroit Tigers,Texas Rangers,0,1,1.8,2.05,0
2024-04-16,MLB,Miami Marlins,San Francisco Giants,3,4,1.95,1.87,0
2024-04-16,MLB,Tampa Bay Rays,Los Angeles Angels,3,7,1.61,2.4,0
2024-04-16,MLB,Toronto Blue Jays,New York Yankees,3,1,1.91,1.91,1
2024-04-16,MLB,Los Angeles Dodgers,Washington Nationals,4,6,1.26,4.1,0
2024-04-16,MLB,Houston Astros,Atlanta Braves,1,6,1.95,1.87,0
2024-04-16,MLB,Chicago White Sox,Kansas City Royals,0,2,2.5,1.56,0
2024-04-16,MLB,Athletics,St. Louis Cardinals,1,3,2.45,1.59,0
2024-04-16,MLB,Milwaukee Brewers,San Diego Padres,3,7,1.87,1.95,0
2024-04-16,MLB,New York Mets,Pittsburgh Pirates,6,3,1.8,2.05,1
2024-04-16,MLB,Detroit Tigers,Texas Rangers,4,2,2.0,1.83,1
2024-04-16,MLB,Seattle Mariners,Cincinnati Reds,9,3,1.67,2.25,1
2024-04-16,MLB,Philadelphia Phillies,Colorado Rockies,5,0,1.4,3.05,1
2024-04-16,MLB,Toronto Blue Jays,New York Yankees,5,4,1.83,2.0,1
2024-04-16,MLB,Baltimore Orioles,Minnesota Twins,11,3,1.59,2.45,1
2024-04-16,MLB,New York Mets,Pittsburgh Pirates,3,1,1.87,1.95,1
2024-04-16,MLB,Miami Marlins,San Francisco Giants,6,3,2.1,1.77,1
2024-04-16,MLB,Milwaukee Brewers,San Diego Padres,3,6,2.0,1.83,0
2024-04-16,MLB,Houston Astros,Atlanta Braves,2,6,1.95,1.87,0
2024-04-16,MLB,Seattle Mariners,Cincinnati Reds,3,1,1.74,2.15,1
2024-04-16,MLB,Los Angeles Dodgers,Washington Nationals,6,2,1.36,3.25,1
2024-04-16,MLB,Athletics,St. Louis Cardinals,2,3,2.25,1.67,0
2024-04-17,MLB,Detroit Tigers,Texas Rangers,4,2,2.0,1.83,1
2024-04-17,MLB,Philadelphia Phillies,Colorado Rockies,5,0,1.4,3.05,1
2024-04-17,MLB,New York Mets,Pittsburgh Pirates,3,1,1.87,1.95,1
2024-04-17,MLB,Miami Marlins,San Francisco Giants,6,3,2.1,1.77,1
2024-04-17,MLB,Baltimore Orioles,Minnesota Twins,11,3,1.59,2.45,1
2024-04-17,MLB,Toronto Blue Jays,New York Yankees,5,4,1.83,2.0,1
2024-04-17,MLB,Milwaukee Brewers,San Diego Padres,3,6,2.0,1.83,0
2024-04-17,MLB,Houston Astros,Atlanta Braves,2,6,1.95,1.87,0
2024-04-17,MLB,Athletics,St. Louis Cardinals,2,3,2.25,1.67,0
2024-04-17,MLB,Detroit Tigers,Texas Rangers,4,5,1.71,2.2,0
2024-04-17,MLB,Los Angeles Dodgers,Washington Nationals,6,2,1.36,3.25,1
2024-04-17,MLB,Seattle Mariners,Cincinnati Reds,3,1,1.74,2.15,1
2024-04-17,MLB,Miami Marlins,San Francisco Giants,1,3,1.87,1.95,0
2024-04-17,MLB,Baltimore Orioles,Minnesota Twins,4,2,1.83,2.0,1
2024-04-17,MLB,Milwaukee Brewers,San Diego Padres,1,0,1.87,1.95,1
2024-04-17,MLB,New York Mets,Pittsburgh Pirates,9,1,1.63,2.35,1
2024-04-17,MLB,Chicago White Sox,Kansas City Royals,2,4,2.6,1.53,0
2024-04-17,MLB,Toronto Blue Jays,New York Yankees,4,6,1.87,1.95,0
2024-04-17,MLB,Athletics,St. Louis Cardinals,6,3,2.05,1.8,1
2024-04-17,MLB,Seattle Mariners,Cincinnati Reds,5,1,1.77,2.1,1
2024-04-17,MLB,Los Angeles Dodgers,Washington Nationals,0,2,1.44,2.85,0
2024-04-17,MLB,Chicago White Sox,Kansas City Royals,2,1,2.35,1.63,1
2024-04-17,MLB,Arizona Diamondbacks,Chicago Cubs,3,5,1.77,2.1,0
2024-04-17,MLB,Philadelphia Phillies,Colorado Rockies,7,6,1.42,2.95,1
2024-04-17,MLB,Boston Red Sox,Cleveland Guardians,2,0,1.74,2.15,1
2024-04-17,MLB,Tampa Bay Rays,Los Angeles Angels,4,5,1.83,2.0,0
2024-04-18,MLB,Detroit Tigers,Texas Rangers,4,5,1.71,2.2,0
2024-04-18,MLB,Toronto Blue Jays,New York Yankees,4,6,1.87,1.95,0
2024-04-18,MLB,Los Angeles Dodgers,Washington Nationals,0,2,1.44,2.85,0
2024-04-18,MLB,Athletics,St. Louis Cardinals,6,3,2.05,1.8,1
2024-04-18,MLB,New York Mets,Pittsburgh Pirates,9,1,1.63,2.35,1
2024-04-18,MLB,Baltimore Orioles,Minnesota Twins,4,2,1.83,2.0,1
2024-04-18,MLB,Miami Marlins,San Francisco Giants,1,3,1.87,1.95,0
2024-04-18,MLB,Seattle Mariners,Cincinnati Reds,5,1,1.77,2.1,1
2024-04-18,MLB,Milwaukee Brewers,San Diego Padres,1,0,1.87,1.95,1
2024-04-18,MLB,Arizona Diamondbacks,Chicago Cubs,3,5,1.77,2.1,0
2024-04-18,MLB,Chicago White Sox,Kansas City Royals,2,4,2.6,1.53,0
2024-04-18,MLB,Chicago White Sox,Kansas City Royals,2,1,2.35,1.63,1
2024-04-18,MLB,Tampa Bay Rays,Los Angeles Angels,4,5,1.83,2.0,0
2024-04-18,MLB,Philadelphia Phillies,Colorado Rockies,7,6,1.42,2.95,1
2024-04-18,MLB,Boston Red Sox,Cleveland Guardians,4,5,1.91,1.91,0
2024-04-18,MLB,Detroit Tigers,Texas Rangers,7,9,1.95,1.87,0
2024-04-18,MLB,San Francisco Giants,Arizona Diamondbacks,5,0,1.65,2.3,1
2024-04-18,MLB,Boston Red Sox,Cleveland Guardians,2,0,1.74,2.15,1
2024-04-18,MLB,Tampa Bay Rays,Los Angeles Angels,2,1,1.67,2.25,1
2024-04-19,MLB,Tampa Bay Rays,Los Angeles Angels,2,1,1.67,2.25,1
2024-04-19,MLB,Boston Red Sox,Cleveland Guardians,4,5,1.91,1.91,0
2024-04-19,MLB,Detroit Tigers,Texas Rangers,7,9,1.95,1.87,0
2024-04-19,MLB,San Francisco Giants,Arizona Diamondbacks,5,0,1.65,2.3,1
2024-04-19,MLB,Chicago Cubs,Miami Marlins,8,3,1.59,2.45,1
2024-04-19,MLB,Cincinnati Reds,Los Angeles Angels,7,1,1.71,2.2,1
2024-04-19,MLB,Pittsburgh Pirates,Boston Red Sox,1,8,1.87,1.95,0
2024-04-19,MLB,Los Angeles Dodgers,New York Mets,4,9,1.5,2.65,0
2024-04-19,MLB,San Diego Padres,Toronto Blue Jays,1,5,1.91,1.91,0
2024-04-19,MLB,Kansas City Royals,Baltimore Orioles,9,4,2.1,1.77,1
2024-04-19,MLB,Washington Nationals,Houston Astros,3,5,2.25,1.67,0
2024-04-19,MLB,Philadelphia Phillies,Chicago White Sox,7,0,1.56,2.5,1
2024-04-19,MLB,Cleveland Guardians,Athletics,10,2,1.61,2.4,1
2024-04-19,MLB,Atlanta Braves,Texas Rangers,8,3,1.48,2.75,1
2024-04-19,MLB,Minnesota Twins,Detroit Tigers,4,5,1.65,2.3,0
2024-04-19,MLB,San Francisco Giants,Arizona Diamondbacks,1,17,1.8,2.05,0
2024-04-19,MLB,New York Yankees,Tampa Bay Rays,5,3,1.56,2.5,1
2024-04-20,MLB,Pittsburgh Pirates,Boston Red Sox,1,8,1.87,1.95,0
2024-04-20,MLB,Cincinnati Reds,Los Angeles Angels,7,1,1.71,2.2,1
2024-04-20,MLB,New York Yankees,Tampa Bay Rays,5,3,1.56,2.5,1
2024-04-20,MLB,Washington Nationals,Houston Astros,3,5,2.25,1.67,0
2024-04-20,MLB,Philadelphia Phillies,Chicago White Sox,7,0,1.56,2.5,1
2024-04-20,MLB,Chicago Cubs,Miami Marlins,8,3,1.59,2.45,1
2024-04-20,MLB,Atlanta Braves,Texas Rangers,8,3,1.48,2.75,1
2024-04-20,MLB,Minnesota Twins,Detroit Tigers,4,5,1.65,2.3,0
2024-04-20,MLB,Kansas City Royals,Baltimore Orioles,9,4,2.1,1.77,1
2024-04-20,MLB,Los Angeles Dodgers,New York Mets,4,9,1.5,2.65,0
2024-04-20,MLB,San Diego Padres,Toronto Blue Jays,1,5,1.91,1.91,0
2024-04-20,MLB,Cleveland Guardians,Athletics,10,2,1.61,2.4,1
2024-04-20,MLB,San Francisco Giants,Arizona Diamondbacks,1,17,1.8,2.05,0
2024-04-20,MLB,Minnesota Twins,Detroit Tigers,4,3,1.67,2.25,1
2024-04-20,MLB,St. Louis Cardinals,Milwaukee Brewers,5,12,1.77,2.1,0
2024-04-20,MLB,Chicago Cubs,Miami Marlins,2,3,1.71,2.2,0
2024-04-20,MLB,Pittsburgh Pirates,Boston Red Sox,2,4,1.83,2.0,0
2024-04-20,MLB,San Francisco Giants,Arizona Diamondbacks,7,3,2.0,1.83,1
2024-04-20,MLB,Philadelphia Phillies,Chicago White Sox,9,5,1.27,3.9,1
2024-04-20,MLB,Cleveland Guardians,Athletics,6,3,1.56,2.5,1
2024-04-20,MLB,Los Angeles Dodgers,New York Mets,4,6,1.56,2.5,0
2024-04-20,MLB,Cincinnati Reds,Los Angeles Angels,7,5,1.8,2.05,1
2024-04-20,MLB,Chicago Cubs,Miami Marlins,5,3,1.45,2.8,1
2024-04-20,MLB,Kansas City Royals,Baltimore Orioles,7,9,2.05,1.8,0
2024-04-20,MLB,San Diego Padres,Toronto Blue Jays,2,5,2.0,1.83,0
2024-04-20,MLB,Atlanta Braves,Texas Rangers,5,2,1.71,2.2,1
2024-04-20,MLB,Colorado Rockies,Seattle Mariners,0,7,2.65,1.5,0
2024-04-21,MLB,Minnesota Twins,Detroit Tigers,4,3,1.67,2.25,1
2024-04-21,MLB,St. Louis Cardinals,Milwaukee Brewers,5,12,1.77,2.1,0
2024-04-21,MLB,Los Angeles Dodgers,New York Mets,4,6,1.56,2.5,0
2024-04-21,MLB,Philadelphia Phillies,Chicago White Sox,9,5,1.27,3.9,1
2024-04-21,MLB,Pittsburgh Pirates,Boston Red Sox,2,4,1.83,2.0,0
2024-04-21,MLB,San Francisco Giants,Arizona Diamondbacks,7,3,2.0,1.83,1
2024-04-21,MLB,Chicago Cubs,Miami Marlins,2,3,1.71,2.2,0
2024-04-21,MLB,Cleveland Guardians,Athletics,6,3,1.56,2.5,1
2024-04-21,MLB,Atlanta Braves,Texas Rangers,5,2,1.71,2.2,1
2024-04-21,MLB,Cincinnati Reds,Los Angeles Angels,7,5,1.8,2.05,1
2024-04-21,MLB,Kansas City Royals,Baltimore Orioles,7,9,2.05,1.8,0
2024-04-21,MLB,San Diego Padres,Toronto Blue Jays,2,5,2.0,1.83,0
2024-04-21,MLB,Chicago Cubs,Miami Marlins,5,3,1.45,2.8,1
2024-04-21,MLB,Colorado Rockies,Seattle Mariners,0,7,2.65,1.5,0
2024-04-21,MLB,New York Yankees,Tampa Bay Rays,5,4,1.8,2.05,1
2024-04-21,MLB,Pittsburgh Pirates,Boston Red Sox,1,6,1.65,2.3,0
2024-04-21,MLB,Washington Nationals,Houston Astros,6,0,2.45,1.59,1
2024-04-21,MLB,Philadelphia Phillies,Chicago White Sox,8,2,1.34,3.35,1
2024-04-21,MLB,Cincinnati Reds,Los Angeles Angels,3,0,1.8,2.05,1
2024-04-21,MLB,Minnesota Twins,Detroit Tigers,1,6,1.83,2.0,0
2024-04-21,MLB,Cleveland Guardians,Athletics,6,2,1.59,2.45,1
2024-04-21,MLB,Kansas City Royals,Baltimore Orioles,0,5,1.91,1.91,0
2024-04-21,MLB,Chicago Cubs,Miami Marlins,3,6,1.8,2.05,0
2024-04-21,MLB,San Francisco Giants,Arizona Diamondbacks,3,5,1.74,2.15,0
2024-04-21,MLB,St. Louis Cardinals,Milwaukee Brewers,0,2,1.63,2.35,0
2024-04-21,MLB,Atlanta Braves,Texas Rangers,4,6,1.61,2.4,0
2024-04-21,MLB,Colorado Rockies,Seattle Mariners,2,10,2.15,1.74,0
2024-04-21,MLB,San Diego Padres,Toronto Blue Jays,6,3,1.87,1.95,1
2024-04-21,MLB,Los Angeles Dodgers,New York Mets,10,0,1.38,3.1,1
2024-04-22,MLB,Philadelphia Phillies,Chicago White Sox,8,2,1.34,3.35,1
2024-04-22,MLB,New York Yankees,Tampa Bay Rays,5,4,1.8,2.05,1
2024-04-22,MLB,Washington Nationals,Houston Astros,6,0,2.45,1.59,1
2024-04-22,MLB,Pittsburgh Pirates,Boston Red Sox,1,6,1.65,2.3,0
2024-04-22,MLB,Cincinnati Reds,Los Angeles Angels,3,0,1.8,2.05,1
2024-04-22,MLB,San Francisco Giants,Arizona Diamondbacks,3,5,1.74,2.15,0
2024-04-22,MLB,Minnesota Twins,Detroit Tigers,1,6,1.83,2.0,0
2024-04-22,MLB,Chicago Cubs,Miami Marlins,3,6,1.8,2.05,0
2024-04-22,MLB,Colorado Rockies,Seattle Mariners,2,10,2.15,1.74,0
2024-04-22,MLB,Kansas City Royals,Baltimore Orioles,0,5,1.91,1.91,0
2024-04-22,MLB,Cleveland Guardians,Athletics,6,2,1.59,2.45,1
2024-04-22,MLB,San Diego Padres,Toronto Blue Jays,6,3,1.87,1.95,1
2024-04-22,MLB,Los Angeles Dodgers,New York Mets,10,0,1.38,3.1,1
2024-04-22,MLB,New York Yankees,Athletics,0,2,1.4,3.05,0
2024-04-22,MLB,St. Louis Cardinals,Milwaukee Brewers,0,2,1.63,2.35,0
2024-04-22,MLB,Atlanta Braves,Texas Rangers,4,6,1.61,2.4,0
2024-04-22,MLB,Cincinnati Reds,Philadelphia Phillies,0,7,1.91,1.91,0
2024-04-22,MLB,Tampa Bay Rays,Detroit Tigers,1,7,1.95,1.87,0
2024-04-22,MLB,Pittsburgh Pirates,Milwaukee Brewers,4,2,1.65,2.3,1
2024-04-22,MLB,Atlanta Braves,Miami Marlins,3,0,1.49,2.7,1
2024-04-22,MLB,Colorado Rockies,San Diego Padres,1,3,2.5,1.56,0
2024-04-22,MLB,St. Louis Cardinals,Arizona Diamondbacks,5,3,1.91,1.91,1
2024-04-22,MLB,Kansas City Royals,Toronto Blue Jays,3,5,2.0,1.83,0
2024-04-22,MLB,San Francisco Giants,New York Mets,5,2,1.87,1.95,1
2024-04-22,MLB,Minnesota Twins,Chicago White Sox,7,0,1.48,2.75,1
2024-04-22,MLB,Los Angeles Angels,Baltimore Orioles,2,4,1.91,1.91,0
2024-04-23,MLB,Cincinnati Reds,Philadelphia Phillies,0,7,1.91,1.91,0
2024-04-23,MLB,New York Yankees,Athletics,0,2,1.4,3.05,0
2024-04-23,MLB,Atlanta Braves,Miami Marlins,3,0,1.49,2.7,1
2024-04-23,MLB,Pittsburgh Pirates,Milwaukee Brewers,4,2,1.65,2.3,1
2024-04-23,MLB,Tampa Bay Rays,Detroit Tigers,1,7,1.95,1.87,0
2024-04-23,MLB,Kansas City Royals,Toronto Blue Jays,3,5,2.0,1.83,0
2024-04-23,MLB,St. Louis Cardinals,Arizona Diamondbacks,5,3,1.91,1.91,1
2024-04-23,MLB,Colorado Rockies,San Diego Padres,1,3,2.5,1.56,0
2024-04-23,MLB,Minnesota Twins,Chicago White Sox,7,0,1.48,2.75,1
2024-04-23,MLB,Los Angeles Angels,Baltimore Orioles,2,4,1.91,1.91,0
2024-04-23,MLB,San Francisco Giants,New York Mets,5,2,1.87,1.95,1
2024-04-23,MLB,Cincinnati Reds,Philadelphia Phillies,8,1,2.1,1.77,1
2024-04-23,MLB,Cleveland Guardians,Boston Red Sox,4,1,1.83,2.0,1
2024-04-23,MLB,Pittsburgh Pirates,Milwaukee Brewers,2,1,1.95,1.87,1
2024-04-23,MLB,Kansas City Royals,Toronto Blue Jays,3,2,2.0,1.83,1
2024-04-23,MLB,Tampa Bay Rays,Detroit Tigers,2,4,1.63,2.35,0
2024-04-23,MLB,Chicago Cubs,Houston Astros,7,2,1.95,1.87,1
2024-04-23,MLB,St. Louis Cardinals,Arizona Diamondbacks,1,14,1.71,2.2,0
2024-04-23,MLB,Atlanta Braves,Miami Marlins,5,0,1.4,3.05,1
2024-04-23,MLB,Los Angeles Angels,Baltimore Orioles,7,4,2.25,1.67,1
2024-04-23,MLB,Washington Nationals,Los Angeles Dodgers,1,4,2.8,1.45,0
2024-04-23,MLB,Texas Rangers,Seattle Mariners,0,4,2.0,1.83,0
2024-04-23,MLB,Colorado Rockies,San Diego Padres,7,4,2.25,1.67,1
2024-04-23,MLB,New York Yankees,Athletics,4,3,1.48,2.75,1
2024-04-23,MLB,Minnesota Twins,Chicago White Sox,6,5,1.36,3.3,1
2024-04-23,MLB,San Francisco Giants,New York Mets,5,1,1.74,2.15,1
2024-04-24,MLB,Cleveland Guardians,Boston Red Sox,4,1,1.83,2.0,1
2024-04-24,MLB,Cincinnati Reds,Philadelphia Phillies,8,1,2.1,1.77,1
2024-04-24,MLB,Washington Nationals,Los Angeles Dodgers,1,4,2.8,1.45,0
2024-04-24,MLB,Pittsburgh Pirates,Milwaukee Brewers,2,1,1.95,1.87,1
2024-04-24,MLB,Tampa Bay Rays,Detroit Tigers,2,4,1.63,2.35,0
2024-04-24,MLB,New York Yankees,Athletics,4,3,1.48,2.75,1
2024-04-24,MLB,Atlanta Braves,Miami Marlins,5,0,1.4,3.05,1
2024-04-24,MLB,Chicago Cubs,Houston Astros,7,2,1.95,1.87,1
2024-04-24,MLB,Minnesota Twins,Chicago White Sox,6,5,1.36,3.3,1
2024-04-24,MLB,Texas Rangers,Seattle Mariners,0,4,2.0,1.83,0
2024-04-24,MLB,San Francisco Giants,New York Mets,5,1,1.74,2.15,1
2024-04-24,MLB,Los Angeles Angels,Baltimore Orioles,7,4,2.25,1.67,1
2024-04-24,MLB,St. Louis Cardinals,Arizona Diamondbacks,5,1,1.83,2.0,1
2024-04-24,MLB,Colorado Rockies,San Diego Padres,7,4,2.25,1.67,1
2024-04-24,MLB,St. Louis Cardinals,Arizona Diamondbacks,1,14,1.71,2.2,0
2024-04-24,MLB,Kansas City Royals,Toronto Blue Jays,3,2,2.0,1.83,1
2024-04-24,MLB,San Francisco Giants,New York Mets,2,8,1.91,1.91,0
2024-04-24,MLB,Pittsburgh Pirates,Milwaukee Brewers,2,3,2.0,1.83,0
2024-04-24,MLB,Los Angeles Angels,Baltimore Orioles,5,6,2.15,1.74,0
2024-04-24,MLB,Washington Nationals,Los Angeles Dodgers,2,11,2.45,1.59,0
2024-04-24,MLB,Cincinnati Reds,Philadelphia Phillies,7,4,1.65,2.3,1
2024-04-24,MLB,Tampa Bay Rays,Detroit Tigers,7,5,1.95,1.87,1
2024-04-24,MLB,Cleveland Guardians,Boston Red Sox,0,8,1.74,2.15,0
2024-04-24,MLB,New York Yankees,Athletics,7,3,1.41,3.0,1
2024-04-24,MLB,Kansas City Royals,Toronto Blue Jays,3,2,2.15,1.74,1
2024-04-24,MLB,Chicago Cubs,Houston Astros,4,3,1.91,1.91,1
2024-04-24,MLB,Minnesota Twins,Chicago White Sox,6,3,1.48,2.75,1
2024-04-24,MLB,Colorado Rockies,San Diego Padres,2,5,2.25,1.67,0
2024-04-24,MLB,Texas Rangers,Seattle Mariners,5,1,1.67,2.25,1
2024-04-25,MLB,St. Louis Cardinals,Arizona Diamondbacks,5,1,1.83,2.0,1
2024-04-25,MLB,Cleveland Guardians,Boston Red Sox,0,8,1.74,2.15,0
2024-04-25,MLB,Chicago Cubs,Houston Astros,4,3,1.91,1.91,1
2024-04-25,MLB,Los Angeles Angels,Baltimore Orioles,5,6,2.15,1.74,0
2024-04-25,MLB,Texas Rangers,Seattle Mariners,5,1,1.67,2.25,1
2024-04-25,MLB,San Francisco Giants,New York Mets,2,8,1.91,1.91,0
2024-04-25,MLB,Tampa Bay Rays,Detroit Tigers,7,5,1.95,1.87,1
2024-04-25,MLB,New York Yankees,Athletics,7,3,1.41,3.0,1
2024-04-25,MLB,Cincinnati Reds,Philadelphia Phillies,7,4,1.65,2.3,1
2024-04-25,MLB,Pittsburgh Pirates,Milwaukee Brewers,2,3,2.0,1.83,0
2024-04-25,MLB,Washington Nationals,Los Angeles Dodgers,2,11,2.45,1.59,0
2024-04-25,MLB,Colorado Rockies,San Diego Padres,2,5,2.25,1.67,0
2024-04-25,MLB,Minnesota Twins,Chicago White Sox,6,3,1.48,2.75,1
2024-04-25,MLB,Kansas City Royals,Toronto Blue Jays,3,2,2.15,1.74,1
2024-04-25,MLB,Pittsburgh Pirates,Milwaukee Brewers,5,7,2.2,1.71,0
2024-04-25,MLB,Cincinnati Reds,Philadelphia Phillies,0,5,2.5,1.56,0
2024-04-25,MLB,Washington Nationals,Los Angeles Dodgers,1,2,2.5,1.56,0
2024-04-25,MLB,Minnesota Twins,Chicago White Sox,6,3,1.5,2.65,1
2024-04-25,MLB,Kansas City Royals,Toronto Blue Jays,2,1,1.91,1.91,1
2024-04-25,MLB,New York Yankees,Athletics,1,3,1.37,3.2,0
2024-04-25,MLB,Cleveland Guardians,Boston Red Sox,6,4,1.77,2.1,1
2024-04-25,MLB,Colorado Rockies,San Diego Padres,10,9,2.25,1.67,1
2024-04-25,MLB,Texas Rangers,Seattle Mariners,3,4,2.0,1.83,0
2024-04-25,MLB,Chicago Cubs,Houston Astros,3,1,2.2,1.71,1
2024-04-26,MLB,Cincinnati Reds,Philadelphia Phillies,0,5,2.5,1.56,0
2024-04-26,MLB,Cleveland Guardians,Boston Red Sox,6,4,1.77,2.1,1
2024-04-26,MLB,Minnesota Twins,Chicago White Sox,6,3,1.5,2.65,1
2024-04-26,MLB,Pittsburgh Pirates,Milwaukee Brewers,5,7,2.2,1.71,0
2024-04-26,MLB,Kansas City Royals,Toronto Blue Jays,2,1,1.91,1.91,1
2024-04-26,MLB,Chicago Cubs,Houston Astros,3,1,2.2,1.71,1
2024-04-26,MLB,Texas Rangers,Seattle Mariners,3,4,2.0,1.83,0
2024-04-26,MLB,New York Yankees,Athletics,1,3,1.37,3.2,0
2024-04-26,MLB,Colorado Rockies,San Diego Padres,10,9,2.25,1.67,1
2024-04-26,MLB,Washington Nationals,Los Angeles Dodgers,1,2,2.5,1.56,0
2024-04-26,MLB,Boston Red Sox,Chicago Cubs,1,7,1.91,1.91,0
2024-04-26,MLB,Toronto Blue Jays,Los Angeles Dodgers,2,12,2.0,1.83,0
2024-04-26,MLB,New York Mets,St. Louis Cardinals,2,4,1.8,2.05,0
2024-04-26,MLB,Los Angeles Angels,Minnesota Twins,3,5,1.83,2.0,0
2024-04-26,MLB,Texas Rangers,Cincinnati Reds,2,1,1.59,2.45,1
2024-04-26,MLB,Seattle Mariners,Arizona Diamondbacks,6,1,2.05,1.8,1
2024-04-26,MLB,San Diego Padres,Philadelphia Phillies,3,9,1.91,1.91,0
2024-04-26,MLB,San Francisco Giants,Pittsburgh Pirates,3,0,1.67,2.25,1
2024-04-26,MLB,Miami Marlins,Washington Nationals,1,3,1.8,2.05,0
2024-04-26,MLB,Atlanta Braves,Cleveland Guardians,6,2,1.37,3.2,1
2024-04-26,MLB,Chicago White Sox,Tampa Bay Rays,9,4,2.9,1.43,1
2024-04-26,MLB,Detroit Tigers,Kansas City Royals,0,8,1.77,2.1,0
2024-04-27,MLB,Detroit Tigers,Kansas City Royals,0,8,1.77,2.1,0
2024-04-27,MLB,Miami Marlins,Washington Nationals,1,3,1.8,2.05,0
2024-04-27,MLB,Boston Red Sox,Chicago Cubs,1,7,1.91,1.91,0
2024-04-27,MLB,Toronto Blue Jays,Los Angeles Dodgers,2,12,2.0,1.83,0
2024-04-27,MLB,Atlanta Braves,Cleveland Guardians,6,2,1.37,3.2,1
2024-04-27,MLB,Texas Rangers,Cincinnati Reds,2,1,1.59,2.45,1
2024-04-27,MLB,New York Mets,St. Louis Cardinals,2,4,1.8,2.05,0
2024-04-27,MLB,Chicago White Sox,Tampa Bay Rays,9,4,2.9,1.43,1
2024-04-27,MLB,Los Angeles Angels,Minnesota Twins,3,5,1.83,2.0,0
2024-04-27,MLB,San Diego Padres,Philadelphia Phillies,3,9,1.91,1.91,0
2024-04-27,MLB,Seattle Mariners,Arizona Diamondbacks,6,1,2.05,1.8,1
2024-04-27,MLB,San Francisco Giants,Pittsburgh Pirates,3,0,1.67,2.25,1
2024-04-27,MLB,Toronto Blue Jays,Los Angeles Dodgers,2,4,2.2,1.71,0
2024-04-27,MLB,Boston Red Sox,Chicago Cubs,17,0,2.0,1.83,1
2024-04-27,MLB,Los Angeles Angels,Minnesota Twins,5,16,1.87,1.95,0
2024-04-27,MLB,Baltimore Orioles,Athletics,7,0,1.53,2.6,1
2024-04-27,MLB,New York Mets,St. Louis Cardinals,4,7,2.15,1.74,0
2024-04-27,MLB,Milwaukee Brewers,New York Yankees,3,15,1.95,1.87,0
2024-04-27,MLB,Miami Marlins,Washington Nationals,4,11,1.67,2.25,0
2024-04-27,MLB,Detroit Tigers,Kansas City Royals,6,5,1.91,1.91,1
2024-04-27,MLB,Texas Rangers,Cincinnati Reds,4,8,1.87,1.95,0
2024-04-27,MLB,San Diego Padres,Philadelphia Phillies,1,5,1.87,1.95,0
2024-04-27,MLB,Seattle Mariners,Arizona Diamondbacks,3,1,1.67,2.25,1
2024-04-27,MLB,Colorado Rockies,Houston Astros,4,12,2.8,1.45,0
2024-04-28,MLB,Toronto Blue Jays,Los Angeles Dodgers,2,4,2.2,1.71,0
2024-04-28,MLB,Baltimore Orioles,Athletics,7,0,1.53,2.6,1
2024-04-28,MLB,Texas Rangers,Cincinnati Reds,4,8,1.87,1.95,0
2024-04-28,MLB,New York Mets,St. Louis Cardinals,4,7,2.15,1.74,0
2024-04-28,MLB,Boston Red Sox,Chicago Cubs,17,0,2.0,1.83,1
2024-04-28,MLB,Miami Marlins,Washington Nationals,4,11,1.67,2.25,0
2024-04-28,MLB,Detroit Tigers,Kansas City Royals,6,5,1.91,1.91,1
2024-04-28,MLB,Colorado Rockies,Houston Astros,4,12,2.8,1.45,0
2024-04-28,MLB,San Diego Padres,Philadelphia Phillies,1,5,1.87,1.95,0
2024-04-28,MLB,Milwaukee Brewers,New York Yankees,3,15,1.95,1.87,0
2024-04-28,MLB,Seattle Mariners,Arizona Diamondbacks,3,1,1.67,2.25,1
2024-04-28,MLB,Baltimore Orioles,Athletics,6,7,1.49,2.7,0
2024-04-28,MLB,Los Angeles Angels,Minnesota Twins,5,16,1.87,1.95,0
2024-04-28,MLB,Detroit Tigers,Kansas City Royals,4,1,1.61,2.4,1
2024-04-28,MLB,Toronto Blue Jays,Los Angeles Dodgers,3,1,1.87,1.95,1
2024-04-28,MLB,Miami Marlins,Washington Nationals,9,12,1.71,2.2,0
2024-04-28,MLB,Chicago White Sox,Tampa Bay Rays,4,2,2.2,1.71,1
2024-04-28,MLB,Milwaukee Brewers,New York Yankees,5,15,2.15,1.74,0
2024-04-28,MLB,Texas Rangers,Cincinnati Reds,4,3,1.77,2.1,1
2024-04-28,MLB,Colorado Rockies,Houston Astros,2,8,2.85,1.44,0
2024-04-28,MLB,Los Angeles Angels,Minnesota Twins,5,11,1.91,1.91,0
2024-04-28,MLB,San Francisco Giants,Pittsburgh Pirates,3,2,1.91,1.91,1
2024-04-28,MLB,Boston Red Sox,Chicago Cubs,5,4,1.67,2.25,1
2024-04-28,MLB,San Diego Padres,Philadelphia Phillies,6,8,1.67,2.25,0
2024-04-28,MLB,Seattle Mariners,Arizona Diamondbacks,2,3,1.71,2.2,0
2024-04-29,MLB,Toronto Blue Jays,Los Angeles Dodgers,3,1,1.87,1.95,1
2024-04-29,MLB,Baltimore Orioles,Athletics,6,7,1.49,2.7,0
2024-04-29,MLB,Detroit Tigers,Kansas City Royals,4,1,1.61,2.4,1
2024-04-29,MLB,Chicago White Sox,Tampa Bay Rays,4,2,2.2,1.71,1
2024-04-29,MLB,Milwaukee Brewers,New York Yankees,5,15,2.15,1.74,0
2024-04-29,MLB,Miami Marlins,Washington Nationals,9,12,1.71,2.2,0
2024-04-29,MLB,Texas Rangers,Cincinnati Reds,4,3,1.77,2.1,1
2024-04-29,MLB,San Francisco Giants,Pittsburgh Pirates,3,2,1.91,1.91,1
2024-04-29,MLB,Boston Red Sox,Chicago Cubs,5,4,1.67,2.25,1
2024-04-29,MLB,Colorado Rockies,Houston Astros,2,8,2.85,1.44,0
2024-04-29,MLB,Baltimore Orioles,New York Yankees,2,0,1.77,2.1,1
2024-04-29,MLB,Los Angeles Angels,Minnesota Twins,5,11,1.91,1.91,0
2024-04-29,MLB,Seattle Mariners,Arizona Diamondbacks,2,3,1.71,2.2,0
2024-04-29,MLB,New York Mets,Chicago Cubs,1,3,1.67,2.25,0
2024-04-29,MLB,Miami Marlins,Washington Nationals,2,7,1.67,2.25,0
2024-04-29,MLB,Toronto Blue Jays,Kansas City Royals,6,5,1.61,2.4,1
2024-04-29,MLB,Chicago White Sox,Minnesota Twins,2,3,2.35,1.63,0
2024-04-29,MLB,San Diego Padres,Philadelphia Phillies,6,8,1.67,2.25,0
2024-04-29,MLB,Los Angeles Angels,Philadelphia Phillies,6,5,2.25,1.67,1
2024-04-29,MLB,Milwaukee Brewers,Tampa Bay Rays,0,1,1.87,1.95,0
2024-04-29,MLB,Arizona Diamondbacks,Los Angeles Dodgers,4,8,2.2,1.71,0
2024-04-29,MLB,Athletics,Pittsburgh Pirates,5,1,2.1,1.77,1
2024-04-29,MLB,San Diego Padres,Cincinnati Reds,2,5,1.91,1.91,0
2024-04-29,MLB,Seattle Mariners,Atlanta Braves,2,1,2.35,1.63,1
2024-04-30,MLB,Miami Marlins,Washington Nationals,2,7,1.67,2.25,0
2024-04-30,MLB,Baltimore Orioles,New York Yankees,2,0,1.77,2.1,1
2024-04-30,MLB,Toronto Blue Jays,Kansas City Royals,6,5,1.61,2.4,1
2024-04-30,MLB,Arizona Diamondbacks,Los Angeles Dodgers,4,8,2.2,1.71,0
2024-04-30,MLB,Los Angeles Angels,Philadelphia Phillies,6,5,2.25,1.67,1
2024-04-30,MLB,Milwaukee Brewers,Tampa Bay Rays,0,1,1.87,1.95,0
2024-04-30,MLB,Athletics,Pittsburgh Pirates,5,1,2.1,1.77,1
2024-04-30,MLB,New York Mets,Chicago Cubs,1,3,1.67,2.25,0
2024-04-30,MLB,Seattle Mariners,Atlanta Braves,2,1,2.35,1.63,1
2024-04-30,MLB,Chicago White Sox,Minnesota Twins,2,3,2.35,1.63,0
2024-04-30,MLB,Toronto Blue Jays,Kansas City Royals,1,4,1.71,2.2,0
2024-04-30,MLB,Baltimore Orioles,New York Yankees,4,2,2.05,1.8,1
2024-04-30,MLB,Detroit Tigers,St. Louis Cardinals,11,6,1.91,1.91,1
2024-04-30,MLB,San Diego Padres,Cincinnati Reds,2,5,1.91,1.91,0
2024-04-30,MLB,Boston Red Sox,San Francisco Giants,4,0,2.1,1.77,1
2024-04-30,MLB,New York Mets,Chicago Cubs,4,2,1.77,2.1,1
2024-04-30,MLB,Los Angeles Angels,Philadelphia Phillies,5,7,2.45,1.59,0
2024-04-30,MLB,Chicago White Sox,Minnesota Twins,5,6,2.45,1.59,0
2024-04-30,MLB,Milwaukee Brewers,Tampa Bay Rays,8,2,1.56,2.5,1
2024-04-30,MLB,Seattle Mariners,Atlanta Braves,3,2,2.05,1.8,1
2024-04-30,MLB,Athletics,Pittsburgh Pirates,5,2,2.05,1.8,1
2024-04-30,MLB,San Diego Padres,Cincinnati Reds,6,4,1.61,2.4,1
2024-04-30,MLB,Texas Rangers,Washington Nationals,7,1,1.63,2.35,1
2024-05-01,MLB,Baltimore Orioles,New York Yankees,4,2,2.05,1.8,1
2024-05-01,MLB,Toronto Blue Jays,Kansas City Royals,1,4,1.71,2.2,0
2024-05-01,MLB,Detroit Tigers,St. Louis Cardinals,11,6,1.91,1.91,1
2024-05-01,MLB,New York Mets,Chicago Cubs,4,2,1.77,2.1,1
2024-05-01,MLB,Boston Red Sox,San Francisco Giants,4,0,2.1,1.77,1
2024-05-01,MLB,Chicago White Sox,Minnesota Twins,5,6,2.45,1.59,0
2024-05-01,MLB,Texas Rangers,Washington Nationals,7,1,1.63,2.35,1
2024-05-01,MLB,Seattle Mariners,Atlanta Braves,3,2,2.05,1.8,1
2024-05-01,MLB,Milwaukee Brewers,Tampa Bay Rays,8,2,1.56,2.5,1
2024-05-01,MLB,Los Angeles Angels,Philadelphia Phillies,5,7,2.45,1.59,0
2024-05-01,MLB,Athletics,Pittsburgh Pirates,5,2,2.05,1.8,1
2024-05-01,MLB,Detroit Tigers,St. Louis Cardinals,4,1,1.87,1.95,1
2024-05-01,MLB,Milwaukee Brewers,Tampa Bay Rays,7,1,1.95,1.87,1
2024-05-01,MLB,Toronto Blue Jays,Kansas City Royals,1,6,1.71,2.2,0
2024-05-01,MLB,Athletics,Pittsburgh Pirates,4,0,1.91,1.91,1
2024-05-01,MLB,Chicago White Sox,Minnesota Twins,5,10,2.8,1.45,0
2024-05-01,MLB,Los Angeles Angels,Philadelphia Phillies,1,2,2.95,1.42,0
2024-05-01,MLB,San Diego Padres,Cincinnati Reds,6,2,1.67,2.25,1
2024-05-01,MLB,Baltimore Orioles,New York Yankees,0,2,1.67,2.25,0
2024-05-01,MLB,San Diego Padres,Cincinnati Reds,6,4,1.61,2.4,1
2024-05-01,MLB,Seattle Mariners,Atlanta Braves,2,5,2.6,1.53,0
2024-05-01,MLB,Texas Rangers,Washington Nationals,0,1,1.5,2.65,0
2024-05-01,MLB,Miami Marlins,Colorado Rockies,4,1,1.67,2.25,1
2024-05-01,MLB,Boston Red Sox,San Francisco Giants,6,2,1.67,2.25,1
2024-05-01,MLB,New York Mets,Chicago Cubs,0,1,2.0,1.83,0
2024-05-01,MLB,Arizona Diamondbacks,Los Angeles Dodgers,0,8,2.2,1.71,0
2024-05-02,MLB,Detroit Tigers,St. Louis Cardinals,4,1,1.87,1.95,1
2024-05-02,MLB,Milwaukee Brewers,Tampa Bay Rays,7,1,1.95,1.87,1
2024-05-02,MLB,San Diego Padres,Cincinnati Reds,6,2,1.67,2.25,1
2024-05-02,MLB,Chicago White Sox,Minnesota Twins,5,10,2.8,1.45,0
2024-05-02,MLB,Seattle Mariners,Atlanta Braves,2,5,2.6,1.53,0
2024-05-02,MLB,Toronto Blue Jays,Kansas City Royals,1,6,1.71,2.2,0
2024-05-02,MLB,Athletics,Pittsburgh Pirates,4,0,1.91,1.91,1
2024-05-02,MLB,Los Angeles Angels,Philadelphia Phillies,1,2,2.95,1.42,0
2024-05-02,MLB,Baltimore Orioles,New York Yankees,0,2,1.67,2.25,0
2024-05-02,MLB,Boston Red Sox,San Francisco Giants,6,2,1.67,2.25,1
2024-05-02,MLB,New York Mets,Chicago Cubs,0,1,2.0,1.83,0
2024-05-02,MLB,Arizona Diamondbacks,Los Angeles Dodgers,0,8,2.2,1.71,0
2024-05-02,MLB,Miami Marlins,Colorado Rockies,4,1,1.67,2.25,1
2024-05-02,MLB,Baltimore Orioles,New York Yankees,7,2,1.95,1.87,1
2024-05-02,MLB,Boston Red Sox,San Francisco Giants,1,3,1.8,2.05,0
2024-05-02,MLB,Houston Astros,Cleveland Guardians,8,2,1.74,2.15,1
2024-05-02,MLB,Texas Rangers,Washington Nationals,0,1,1.5,2.65,0
2024-05-02,MLB,Texas Rangers,Washington Nationals,6,0,1.5,2.65,1
2024-05-03,MLB,Texas Rangers,Washington Nationals,6,0,1.5,2.65,1
2024-05-03,MLB,Boston Red Sox,San Francisco Giants,1,3,1.8,2.05,0
2024-05-03,MLB,Houston Astros,Cleveland Guardians,8,2,1.74,2.15,1
2024-05-03,MLB,Baltimore Orioles,New York Yankees,7,2,1.95,1.87,1
2024-05-03,MLB,Philadelphia Phillies,San Francisco Giants,4,3,1.56,2.5,1
2024-05-03,MLB,Cincinnati Reds,Baltimore Orioles,0,3,1.83,2.0,0
2024-05-03,MLB,Kansas City Royals,Texas Rangers,7,1,1.83,2.0,1
2024-05-03,MLB,Houston Astros,Seattle Mariners,5,3,1.83,2.0,1
2024-05-03,MLB,Cleveland Guardians,Los Angeles Angels,0,6,1.5,2.65,0
2024-05-03,MLB,Pittsburgh Pirates,Colorado Rockies,2,3,1.56,2.5,0
2024-05-03,MLB,Tampa Bay Rays,New York Mets,10,8,1.71,2.2,1
2024-05-03,MLB,Washington Nationals,Toronto Blue Jays,9,3,2.75,1.48,1
2024-05-03,MLB,Chicago Cubs,Milwaukee Brewers,1,3,1.83,2.0,0
2024-05-03,MLB,New York Yankees,Detroit Tigers,2,1,1.61,2.4,1
2024-05-03,MLB,Minnesota Twins,Boston Red Sox,5,2,1.8,2.05,1
2024-05-03,MLB,Arizona Diamondbacks,San Diego Padres,1,7,2.0,1.83,0
2024-05-03,MLB,St. Louis Cardinals,Chicago White Sox,3,0,1.36,3.3,1
2024-05-03,MLB,Athletics,Miami Marlins,3,1,1.67,2.25,1
2024-05-04,MLB,Chicago Cubs,Milwaukee Brewers,1,3,1.83,2.0,0
2024-05-04,MLB,Cincinnati Reds,Baltimore Orioles,0,3,1.83,2.0,0
2024-05-04,MLB,Philadelphia Phillies,San Francisco Giants,4,3,1.56,2.5,1
2024-05-04,MLB,Pittsburgh Pirates,Colorado Rockies,2,3,1.56,2.5,0
2024-05-04,MLB,Washington Nationals,Toronto Blue Jays,9,3,2.75,1.48,1
2024-05-04,MLB,Kansas City Royals,Texas Rangers,7,1,1.83,2.0,1
2024-05-04,MLB,Houston Astros,Seattle Mariners,5,3,1.83,2.0,1
2024-05-04,MLB,Tampa Bay Rays,New York Mets,10,8,1.71,2.2,1
2024-05-04,MLB,Cleveland Guardians,Los Angeles Angels,0,6,1.5,2.65,0
2024-05-04,MLB,New York Yankees,Detroit Tigers,2,1,1.61,2.4,1
2024-05-04,MLB,Minnesota Twins,Boston Red Sox,5,2,1.8,2.05,1
2024-05-04,MLB,Athletics,Miami Marlins,3,1,1.67,2.25,1
2024-05-04,MLB,Arizona Diamondbacks,San Diego Padres,1,7,2.0,1.83,0
2024-05-04,MLB,St. Louis Cardinals,Chicago White Sox,3,0,1.36,3.3,1
2024-05-04,MLB,Minnesota Twins,Boston Red Sox,3,1,1.56,2.5,1
2024-05-04,MLB,Los Angeles Dodgers,Atlanta Braves,11,2,1.53,2.6,1
2024-05-04,MLB,New York Yankees,Detroit Tigers,5,3,1.61,2.4,1
2024-05-04,MLB,Chicago Cubs,Milwaukee Brewers,6,5,1.77,2.1,1
2024-05-04,MLB,Athletics,Miami Marlins,20,4,1.74,2.15,1
2024-05-04,MLB,Pittsburgh Pirates,Colorado Rockies,1,0,1.45,2.8,1
2024-05-04,MLB,Washington Nationals,Toronto Blue Jays,3,6,2.45,1.59,0
2024-05-04,MLB,Cincinnati Reds,Baltimore Orioles,1,2,1.8,2.05,0
2024-05-04,MLB,Philadelphia Phillies,San Francisco Giants,14,3,1.59,2.45,1
2024-05-04,MLB,Tampa Bay Rays,New York Mets,3,1,1.91,1.91,1
2024-05-04,MLB,Cleveland Guardians,Los Angeles Angels,7,1,1.77,2.1,1
2024-05-04,MLB,Houston Astros,Seattle Mariners,0,5,1.67,2.25,0
2024-05-04,MLB,Kansas City Royals,Texas Rangers,4,15,1.91,1.91,0
2024-05-04,MLB,Arizona Diamondbacks,San Diego Padres,1,13,1.83,2.0,0
2024-05-05,MLB,New York Yankees,Detroit Tigers,5,3,1.61,2.4,1
2024-05-05,MLB,Chicago Cubs,Milwaukee Brewers,6,5,1.77,2.1,1
2024-05-05,MLB,Washington Nationals,Toronto Blue Jays,3,6,2.45,1.59,0
2024-05-05,MLB,Minnesota Twins,Boston Red Sox,3,1,1.56,2.5,1
2024-05-05,MLB,Pittsburgh Pirates,Colorado Rockies,1,0,1.45,2.8,1
2024-05-05,MLB,Athletics,Miami Marlins,20,4,1.74,2.15,1
2024-05-05,MLB,Philadelphia Phillies,San Francisco Giants,14,3,1.59,2.45,1
2024-05-05,MLB,Cleveland Guardians,Los Angeles Angels,7,1,1.77,2.1,1
2024-05-05,MLB,Cincinnati Reds,Baltimore Orioles,1,2,1.8,2.05,0
2024-05-05,MLB,Arizona Diamondbacks,San Diego Padres,1,13,1.83,2.0,0
2024-05-05,MLB,Houston Astros,Seattle Mariners,0,5,1.67,2.25,0
2024-05-05,MLB,Los Angeles Dodgers,Atlanta Braves,11,2,1.53,2.6,1
2024-05-05,MLB,Pittsburgh Pirates,Colorado Rockies,5,3,1.65,2.3,1
2024-05-05,MLB,Tampa Bay Rays,New York Mets,3,1,1.91,1.91,1
2024-05-05,MLB,Kansas City Royals,Texas Rangers,4,15,1.91,1.91,0
2024-05-05,MLB,New York Yankees,Detroit Tigers,5,2,1.74,2.15,1
2024-05-05,MLB,Washington Nationals,Toronto Blue Jays,11,8,1.83,2.0,1
2024-05-05,MLB,Houston Astros,Seattle Mariners,4,5,1.74,2.15,0
2024-05-05,MLB,St. Louis Cardinals,Chicago White Sox,1,5,1.63,2.35,0
2024-05-05,MLB,Minnesota Twins,Boston Red Sox,2,9,1.54,2.55,0
2024-05-05,MLB,Cleveland Guardians,Los Angeles Angels,4,1,1.65,2.3,1
2024-05-05,MLB,Chicago Cubs,Milwaukee Brewers,5,0,2.2,1.71,1
2024-05-05,MLB,Athletics,Miami Marlins,3,12,1.71,2.2,0
2024-05-05,MLB,Arizona Diamondbacks,San Diego Padres,11,4,1.91,1.91,1
2024-05-05,MLB,Cincinnati Reds,Baltimore Orioles,1,11,1.77,2.1,0
2024-05-05,MLB,Los Angeles Dodgers,Atlanta Braves,5,1,2.3,1.65,1
2024-05-05,MLB,Philadelphia Phillies,San Francisco Giants,5,4,1.91,1.91,1
2024-05-06,MLB,New York Yankees,Detroit Tigers,5,2,1.74,2.15,1
2024-05-06,MLB,Minnesota Twins,Boston Red Sox,2,9,1.54,2.55,0
2024-05-06,MLB,Washington Nationals,Toronto Blue Jays,11,8,1.83,2.0,1
2024-05-06,MLB,Chicago Cubs,Milwaukee Brewers,5,0,2.2,1.71,1
2024-05-06,MLB,Cleveland Guardians,Los Angeles Angels,4,1,1.65,2.3,1
2024-05-06,MLB,Athletics,Miami Marlins,3,12,1.71,2.2,0
2024-05-06,MLB,St. Louis Cardinals,Chicago White Sox,1,5,1.63,2.35,0
2024-05-06,MLB,Pittsburgh Pirates,Colorado Rockies,5,3,1.65,2.3,1
2024-05-06,MLB,Houston Astros,Seattle Mariners,4,5,1.74,2.15,0
2024-05-06,MLB,Arizona Diamondbacks,San Diego Padres,11,4,1.91,1.91,1
2024-05-06,MLB,Philadelphia Phillies,San Francisco Giants,6,1,1.42,2.95,1
2024-05-06,MLB,Cincinnati Reds,Baltimore Orioles,1,11,1.77,2.1,0
2024-05-06,MLB,Cleveland Guardians,Detroit Tigers,2,1,1.83,2.0,1
2024-05-06,MLB,Los Angeles Dodgers,Atlanta Braves,5,1,2.3,1.65,1
2024-05-06,MLB,Philadelphia Phillies,San Francisco Giants,5,4,1.91,1.91,1
2024-05-06,MLB,Pittsburgh Pirates,Los Angeles Angels,4,1,1.59,2.45,1
2024-05-06,MLB,Tampa Bay Rays,Chicago White Sox,8,2,1.61,2.4,1
2024-05-06,MLB,Minnesota Twins,Seattle Mariners,3,1,2.05,1.8,1
2024-05-06,MLB,Chicago Cubs,San Diego Padres,3,6,1.87,1.95,0
2024-05-06,MLB,Los Angeles Dodgers,Miami Marlins,6,3,1.29,3.7,1
2024-05-06,MLB,Athletics,Texas Rangers,2,4,2.2,1.71,0
2024-05-06,MLB,Kansas City Royals,Milwaukee Brewers,3,2,1.74,2.15,1
2024-05-06,MLB,St. Louis Cardinals,New York Mets,3,4,1.74,2.15,0
2024-05-07,MLB,Philadelphia Phillies,San Francisco Giants,6,1,1.42,2.95,1
2024-05-07,MLB,Pittsburgh Pirates,Los Angeles Angels,4,1,1.59,2.45,1
2024-05-07,MLB,Cleveland Guardians,Detroit Tigers,2,1,1.83,2.0,1
2024-05-07,MLB,Tampa Bay Rays,Chicago White Sox,8,2,1.61,2.4,1
2024-05-07,MLB,Minnesota Twins,Seattle Mariners,3,1,2.05,1.8,1
2024-05-07,MLB,Chicago Cubs,San Diego Padres,3,6,1.87,1.95,0
2024-05-07,MLB,Los Angeles Dodgers,Miami Marlins,6,3,1.29,3.7,1
2024-05-07,MLB,St. Louis Cardinals,New York Mets,3,4,1.74,2.15,0
2024-05-07,MLB,Athletics,Texas Rangers,2,4,2.2,1.71,0
2024-05-07,MLB,Kansas City Royals,Milwaukee Brewers,3,2,1.74,2.15,1
2024-05-07,MLB,Athletics,Texas Rangers,8,15,2.0,1.83,0
2024-05-07,MLB,Cincinnati Reds,Arizona Diamondbacks,2,6,2.05,1.8,0
2024-05-07,MLB,Colorado Rockies,San Francisco Giants,0,5,2.35,1.63,0
2024-05-07,MLB,Minnesota Twins,Seattle Mariners,6,10,1.61,2.4,0
2024-05-07,MLB,Washington Nationals,Baltimore Orioles,3,0,2.75,1.48,1
2024-05-07,MLB,Cleveland Guardians,Detroit Tigers,7,11,1.71,2.2,0
2024-05-07,MLB,Los Angeles Dodgers,Miami Marlins,8,2,1.32,3.5,1
2024-05-07,MLB,Kansas City Royals,Milwaukee Brewers,5,6,1.77,2.1,0
2024-05-07,MLB,Philadelphia Phillies,Toronto Blue Jays,10,1,1.87,1.95,1
2024-05-07,MLB,Pittsburgh Pirates,Los Angeles Angels,0,9,1.77,2.1,0
2024-05-07,MLB,St. Louis Cardinals,New York Mets,5,7,1.8,2.05,0
2024-05-07,MLB,Tampa Bay Rays,Chicago White Sox,5,1,1.38,3.1,1
2024-05-07,MLB,Atlanta Braves,Boston Red Sox,4,2,1.54,2.55,1
2024-05-07,MLB,Chicago Cubs,San Diego Padres,3,2,1.59,2.45,1
2024-05-07,MLB,New York Yankees,Houston Astros,10,3,1.83,2.0,1
2024-05-08,MLB,Athletics,Texas Rangers,8,15,2.0,1.83,0
2024-05-08,MLB,Minnesota Twins,Seattle Mariners,6,10,1.61,2.4,0
2024-05-08,MLB,Cleveland Guardians,Detroit Tigers,7,11,1.71,2.2,0
2024-05-08,MLB,Kansas City Royals,Milwaukee Brewers,5,6,1.77,2.1,0
2024-05-08,MLB,Philadelphia Phillies,Toronto Blue Jays,10,1,1.87,1.95,1
2024-05-08,MLB,Tampa Bay Rays,Chicago White Sox,5,1,1.38,3.1,1
2024-05-08,MLB,Cincinnati Reds,Arizona Diamondbacks,2,6,2.05,1.8,0
2024-05-08,MLB,Atlanta Braves,Boston Red Sox,4,2,1.54,2.55,1
2024-05-08,MLB,St. Louis Cardinals,New York Mets,5,7,1.8,2.05,0
2024-05-08,MLB,Pittsburgh Pirates,Los Angeles Angels,0,9,1.77,2.1,0
2024-05-08,MLB,Washington Nationals,Baltimore Orioles,3,0,2.75,1.48,1
2024-05-08,MLB,Chicago Cubs,San Diego Padres,3,2,1.59,2.45,1
2024-05-08,MLB,New York Yankees,Houston Astros,10,3,1.83,2.0,1
2024-05-08,MLB,Colorado Rockies,San Francisco Giants,0,5,2.35,1.63,0
2024-05-08,MLB,Los Angeles Dodgers,Miami Marlins,8,2,1.32,3.5,1
2024-05-08,MLB,Cincinnati Reds,Arizona Diamondbacks,3,4,1.91,1.91,0
2024-05-08,MLB,Kansas City Royals,Milwaukee Brewers,6,4,1.83,2.0,1
2024-05-08,MLB,Atlanta Braves,Boston Red Sox,5,0,1.45,2.8,1
2024-05-08,MLB,Los Angeles Dodgers,Miami Marlins,3,1,1.38,3.1,1
2024-05-08,MLB,New York Yankees,Houston Astros,9,4,1.61,2.4,1
2024-05-08,MLB,Pittsburgh Pirates,Los Angeles Angels,4,5,1.74,2.15,0
2024-05-08,MLB,Philadelphia Phillies,Toronto Blue Jays,3,5,1.59,2.45,0
2024-05-08,MLB,Tampa Bay Rays,Chicago White Sox,1,4,1.38,3.1,0
2024-05-08,MLB,Chicago Cubs,San Diego Padres,0,3,2.1,1.77,0
2024-05-08,MLB,Minnesota Twins,Seattle Mariners,6,3,1.91,1.91,1
2024-05-08,MLB,Colorado Rockies,San Francisco Giants,6,8,2.4,1.61,0
2024-05-09,MLB,Pittsburgh Pirates,Los Angeles Angels,4,5,1.74,2.15,0
2024-05-09,MLB,Kansas City Royals,Milwaukee Brewers,6,4,1.83,2.0,1
2024-05-09,MLB,Philadelphia Phillies,Toronto Blue Jays,3,5,1.59,2.45,0
2024-05-09,MLB,Los Angeles Dodgers,Miami Marlins,3,1,1.38,3.1,1
2024-05-09,MLB,Chicago Cubs,San Diego Padres,0,3,2.1,1.77,0
2024-05-09,MLB,Cincinnati Reds,Arizona Diamondbacks,3,4,1.91,1.91,0
2024-05-09,MLB,New York Yankees,Houston Astros,9,4,1.61,2.4,1
2024-05-09,MLB,Tampa Bay Rays,Chicago White Sox,1,4,1.38,3.1,0
2024-05-09,MLB,Atlanta Braves,Boston Red Sox,5,0,1.45,2.8,1
2024-05-09,MLB,Minnesota Twins,Seattle Mariners,6,3,1.91,1.91,1
2024-05-09,MLB,Colorado Rockies,San Francisco Giants,6,8,2.4,1.61,0
2024-05-09,MLB,Colorado Rockies,San Francisco Giants,9,1,2.15,1.74,1
2024-05-09,MLB,Minnesota Twins,Seattle Mariners,11,1,1.87,1.95,1
2024-05-09,MLB,Cincinnati Reds,Arizona Diamondbacks,4,5,1.74,2.15,0
2024-05-09,MLB,Milwaukee Brewers,St. Louis Cardinals,7,1,2.2,1.71,1
2024-05-09,MLB,New York Yankees,Houston Astros,3,4,1.71,2.2,0
2024-05-09,MLB,Chicago White Sox,Cleveland Guardians,3,2,2.35,1.63,1
2024-05-09,MLB,Los Angeles Angels,Kansas City Royals,4,10,2.0,1.83,0
2024-05-10,MLB,Colorado Rockies,San Francisco Giants,9,1,2.15,1.74,1
2024-05-10,MLB,Cincinnati Reds,Arizona Diamondbacks,4,5,1.74,2.15,0
2024-05-10,MLB,Milwaukee Brewers,St. Louis Cardinals,7,1,2.2,1.71,1
2024-05-10,MLB,Chicago White Sox,Cleveland Guardians,3,2,2.35,1.63,1
2024-05-10,MLB,New York Yankees,Houston Astros,3,4,1.71,2.2,0
2024-05-10,MLB,Los Angeles Angels,Kansas City Royals,4,10,2.0,1.83,0
2024-05-10,MLB,Minnesota Twins,Seattle Mariners,11,1,1.87,1.95,1
2024-05-10,MLB,Baltimore Orioles,Arizona Diamondbacks,4,2,1.74,2.15,1
2024-05-10,MLB,Tampa Bay Rays,New York Yankees,0,2,2.1,1.77,0
2024-05-10,MLB,Toronto Blue Jays,Minnesota Twins,2,3,1.87,1.95,0
2024-05-10,MLB,Detroit Tigers,Houston Astros,2,5,2.3,1.65,0
2024-05-10,MLB,Pittsburgh Pirates,Chicago Cubs,2,7,1.77,2.1,0
2024-05-10,MLB,Boston Red Sox,Washington Nationals,1,5,1.44,2.85,0
2024-05-10,MLB,Chicago White Sox,Cleveland Guardians,6,3,1.83,2.0,1
2024-05-10,MLB,Colorado Rockies,Texas Rangers,4,2,2.55,1.54,1
2024-05-10,MLB,San Diego Padres,Los Angeles Dodgers,2,1,2.5,1.56,1
2024-05-10,MLB,Miami Marlins,Philadelphia Phillies,2,8,2.65,1.5,0
2024-05-10,MLB,Los Angeles Angels,Kansas City Royals,1,2,2.05,1.8,0
2024-05-10,MLB,Seattle Mariners,Athletics,8,1,1.63,2.35,1
2024-05-10,MLB,San Francisco Giants,Cincinnati Reds,2,4,1.67,2.25,0
2024-05-10,MLB,Milwaukee Brewers,St. Louis Cardinals,11,2,1.8,2.05,1
2024-05-10,MLB,New York Mets,Atlanta Braves,2,4,2.25,1.67,0
2024-05-11,MLB,Detroit Tigers,Houston Astros,2,5,2.3,1.65,0
2024-05-11,MLB,Pittsburgh Pirates,Chicago Cubs,2,7,1.77,2.1,0
2024-05-11,MLB,Baltimore Orioles,Arizona Diamondbacks,4,2,1.74,2.15,1
2024-05-11,MLB,Tampa Bay Rays,New York Yankees,0,2,2.1,1.77,0
2024-05-11,MLB,Toronto Blue Jays,Minnesota Twins,2,3,1.87,1.95,0
2024-05-11,MLB,New York Mets,Atlanta Braves,2,4,2.25,1.67,0
2024-05-11,MLB,Colorado Rockies,Texas Rangers,4,2,2.55,1.54,1
2024-05-11,MLB,Miami Marlins,Philadelphia Phillies,2,8,2.65,1.5,0
2024-05-11,MLB,Boston Red Sox,Washington Nationals,1,5,1.44,2.85,0
2024-05-11,MLB,Chicago White Sox,Cleveland Guardians,6,3,1.83,2.0,1
2024-05-11,MLB,Los Angeles Angels,Kansas City Royals,1,2,2.05,1.8,0
2024-05-11,MLB,Milwaukee Brewers,St. Louis Cardinals,11,2,1.8,2.05,1
2024-05-11,MLB,San Francisco Giants,Cincinnati Reds,2,4,1.67,2.25,0
2024-05-11,MLB,San Diego Padres,Los Angeles Dodgers,2,1,2.5,1.56,1
2024-05-11,MLB,Seattle Mariners,Athletics,8,1,1.63,2.35,1
2024-05-11,MLB,Boston Red Sox,Washington Nationals,4,2,1.63,2.35,1
2024-05-11,MLB,Toronto Blue Jays,Minnesota Twins,10,8,1.67,2.25,1
2024-05-11,MLB,Pittsburgh Pirates,Chicago Cubs,10,9,1.95,1.87,1
2024-05-11,MLB,New York Mets,Atlanta Braves,1,4,2.3,1.65,0
2024-05-11,MLB,Miami Marlins,Philadelphia Phillies,3,8,2.1,1.77,0
2024-05-11,MLB,Colorado Rockies,Texas Rangers,8,3,2.3,1.65,1
2024-05-11,MLB,Milwaukee Brewers,St. Louis Cardinals,5,3,1.54,2.55,1
2024-05-11,MLB,San Diego Padres,Los Angeles Dodgers,0,5,2.25,1.67,0
2024-05-11,MLB,Detroit Tigers,Houston Astros,8,2,1.63,2.35,1
2024-05-11,MLB,Tampa Bay Rays,New York Yankees,7,2,1.91,1.91,1
2024-05-11,MLB,Seattle Mariners,Athletics,1,8,1.43,2.9,0
2024-05-11,MLB,Los Angeles Angels,Kansas City Royals,9,3,2.45,1.59,1
2024-05-11,MLB,Chicago White Sox,Cleveland Guardians,3,1,2.45,1.59,1
2024-05-11,MLB,San Francisco Giants,Cincinnati Reds,5,1,2.25,1.67,1
2024-05-12,MLB,Pittsburgh Pirates,Chicago Cubs,10,9,1.95,1.87,1
2024-05-12,MLB,Boston Red Sox,Washington Nationals,4,2,1.63,2.35,1
2024-05-12,MLB,Toronto Blue Jays,Minnesota Twins,10,8,1.67,2.25,1
2024-05-12,MLB,New York Mets,Atlanta Braves,1,4,2.3,1.65,0
2024-05-12,MLB,Tampa Bay Rays,New York Yankees,7,2,1.91,1.91,1
2024-05-12,MLB,Miami Marlins,Philadelphia Phillies,3,8,2.1,1.77,0
2024-05-12,MLB,Detroit Tigers,Houston Astros,8,2,1.63,2.35,1
2024-05-12,MLB,Milwaukee Brewers,St. Louis Cardinals,5,3,1.54,2.55,1
2024-05-12,MLB,Chicago White Sox,Cleveland Guardians,3,1,2.45,1.59,1
2024-05-12,MLB,San Francisco Giants,Cincinnati Reds,5,1,2.25,1.67,1
2024-05-12,MLB,San Diego Padres,Los Angeles Dodgers,0,5,2.25,1.67,0
2024-05-12,MLB,Colorado Rockies,Texas Rangers,8,3,2.3,1.65,1
2024-05-12,MLB,Los Angeles Angels,Kansas City Royals,9,3,2.45,1.59,1
2024-05-12,MLB,Seattle Mariners,Athletics,1,8,1.43,2.9,0
2024-05-12,MLB,Baltimore Orioles,Arizona Diamondbacks,2,9,1.77,2.1,0
2024-05-12,MLB,Detroit Tigers,Houston Astros,3,9,1.83,2.0,0
2024-05-12,MLB,Toronto Blue Jays,Minnesota Twins,1,5,2.0,1.83,0
2024-05-12,MLB,Boston Red Sox,Washington Nationals,3,2,1.71,2.2,1
2024-05-12,MLB,Tampa Bay Rays,New York Yankees,6,10,2.25,1.67,0
2024-05-12,MLB,Chicago White Sox,Cleveland Guardians,0,7,2.4,1.61,0
2024-05-12,MLB,New York Mets,Atlanta Braves,4,3,1.91,1.91,1
2024-05-12,MLB,Milwaukee Brewers,St. Louis Cardinals,3,4,1.63,2.35,0
2024-05-12,MLB,Seattle Mariners,Athletics,8,4,1.43,2.9,1
2024-05-12,MLB,San Diego Padres,Los Angeles Dodgers,4,0,1.91,1.91,1
2024-05-12,MLB,Colorado Rockies,Texas Rangers,3,1,2.3,1.65,1
2024-05-12,MLB,Los Angeles Angels,Kansas City Royals,2,4,1.91,1.91,0
2024-05-13,MLB,Baltimore Orioles,Arizona Diamondbacks,2,9,1.77,2.1,0
2024-05-13,MLB,Boston Red Sox,Washington Nationals,3,2,1.71,2.2,1
2024-05-13,MLB,Chicago White Sox,Cleveland Guardians,0,7,2.4,1.61,0
2024-05-13,MLB,Detroit Tigers,Houston Astros,3,9,1.83,2.0,0
2024-05-13,MLB,Milwaukee Brewers,St. Louis Cardinals,3,4,1.63,2.35,0
2024-05-13,MLB,Toronto Blue Jays,Minnesota Twins,1,5,2.0,1.83,0
2024-05-13,MLB,Tampa Bay Rays,New York Yankees,6,10,2.25,1.67,0
2024-05-13,MLB,Colorado Rockies,Texas Rangers,3,1,2.3,1.65,1
2024-05-13,MLB,Detroit Tigers,Miami Marlins,6,5,1.56,2.5,1
2024-05-13,MLB,Atlanta Braves,Chicago Cubs,2,0,1.67,2.25,1
2024-05-13,MLB,Boston Red Sox,Tampa Bay Rays,3,5,1.83,2.0,0
2024-05-13,MLB,Houston Astros,Athletics,9,2,1.54,2.55,1
2024-05-13,MLB,Arizona Diamondbacks,Cincinnati Reds,6,5,1.61,2.4,1
2024-05-13,MLB,Texas Rangers,Cleveland Guardians,0,7,1.91,1.91,0
2024-05-13,MLB,San Diego Padres,Colorado Rockies,4,5,1.45,2.8,0
2024-05-13,MLB,Milwaukee Brewers,Pittsburgh Pirates,6,8,1.71,2.2,0
2024-05-13,MLB,Seattle Mariners,Kansas City Royals,6,2,1.65,2.3,1
2024-05-13,MLB,Los Angeles Angels,St. Louis Cardinals,5,10,1.95,1.87,0
2024-05-13,MLB,Los Angeles Angels,Kansas City Royals,2,4,1.91,1.91,0
2024-05-13,MLB,San Diego Padres,Los Angeles Dodgers,4,0,1.91,1.91,1
2024-05-13,MLB,Seattle Mariners,Athletics,8,4,1.43,2.9,1
2024-05-13,MLB,New York Mets,Atlanta Braves,4,3,1.91,1.91,1
2024-05-14,MLB,Texas Rangers,Cleveland Guardians,0,7,1.91,1.91,0
2024-05-14,MLB,Atlanta Braves,Chicago Cubs,2,0,1.67,2.25,1
2024-05-14,MLB,Detroit Tigers,Miami Marlins,6,5,1.56,2.5,1
2024-05-14,MLB,Milwaukee Brewers,Pittsburgh Pirates,6,8,1.71,2.2,0
2024-05-14,MLB,Boston Red Sox,Tampa Bay Rays,3,5,1.83,2.0,0
2024-05-14,MLB,Houston Astros,Athletics,9,2,1.54,2.55,1
2024-05-14,MLB,Los Angeles Angels,St. Louis Cardinals,5,10,1.95,1.87,0
2024-05-14,MLB,Arizona Diamondbacks,Cincinnati Reds,6,5,1.61,2.4,1
2024-05-14,MLB,San Diego Padres,Colorado Rockies,4,5,1.45,2.8,0
2024-05-14,MLB,Chicago White Sox,Washington Nationals,3,6,1.91,1.91,0
2024-05-14,MLB,Seattle Mariners,Kansas City Royals,6,2,1.65,2.3,1
2024-05-14,MLB,New York Mets,Philadelphia Phillies,0,4,2.2,1.71,0
2024-05-14,MLB,Atlanta Braves,Chicago Cubs,7,0,1.49,2.7,1
2024-05-14,MLB,Milwaukee Brewers,Pittsburgh Pirates,4,3,1.63,2.35,1
2024-05-14,MLB,Minnesota Twins,New York Yankees,1,5,1.95,1.87,0
2024-05-14,MLB,Chicago White Sox,Washington Nationals,4,0,2.0,1.83,1
2024-05-14,MLB,Los Angeles Angels,St. Louis Cardinals,6,7,2.25,1.67,0
2024-05-14,MLB,Arizona Diamondbacks,Cincinnati Reds,2,6,1.87,1.95,0
2024-05-14,MLB,San Diego Padres,Colorado Rockies,3,6,1.33,3.4,0
2024-05-14,MLB,Seattle Mariners,Kansas City Royals,2,4,1.63,2.35,0
2024-05-14,MLB,San Francisco Giants,Los Angeles Dodgers,2,10,2.55,1.54,0
2024-05-14,MLB,Texas Rangers,Cleveland Guardians,4,7,1.83,2.0,0
2024-05-15,MLB,New York Mets,Philadelphia Phillies,0,4,2.2,1.71,0
2024-05-15,MLB,Chicago White Sox,Washington Nationals,3,6,1.91,1.91,0
2024-05-15,MLB,Atlanta Braves,Chicago Cubs,7,0,1.49,2.7,1
2024-05-15,MLB,Milwaukee Brewers,Pittsburgh Pirates,4,3,1.63,2.35,1
2024-05-15,MLB,Minnesota Twins,New York Yankees,1,5,1.95,1.87,0
2024-05-15,MLB,Chicago White Sox,Washington Nationals,4,0,2.0,1.83,1
2024-05-15,MLB,Texas Rangers,Cleveland Guardians,4,7,1.83,2.0,0
2024-05-15,MLB,Los Angeles Angels,St. Louis Cardinals,6,7,2.25,1.67,0
2024-05-15,MLB,Arizona Diamondbacks,Cincinnati Reds,2,6,1.87,1.95,0
2024-05-15,MLB,Seattle Mariners,Kansas City Royals,2,4,1.63,2.35,0
2024-05-15,MLB,San Francisco Giants,Los Angeles Dodgers,2,10,2.55,1.54,0
2024-05-15,MLB,San Diego Padres,Colorado Rockies,3,6,1.33,3.4,0
2024-05-15,MLB,Detroit Tigers,Miami Marlins,0,2,1.63,2.35,0
2024-05-15,MLB,Baltimore Orioles,Toronto Blue Jays,3,2,1.74,2.15,1
2024-05-15,MLB,Chicago White Sox,Washington Nationals,2,0,1.59,2.45,1
2024-05-15,MLB,Arizona Diamondbacks,Cincinnati Reds,2,1,1.65,2.3,1
2024-05-15,MLB,Seattle Mariners,Kansas City Royals,4,2,1.67,2.25,1
2024-05-15,MLB,San Diego Padres,Colorado Rockies,0,8,1.4,3.05,0
2024-05-15,MLB,Milwaukee Brewers,Pittsburgh Pirates,10,2,1.67,2.25,1
2024-05-15,MLB,Philadelphia Phillies,New York Mets,10,5,1.5,2.65,1
2024-05-15,MLB,Minnesota Twins,New York Yankees,0,4,1.71,2.2,0
2024-05-15,MLB,Boston Red Sox,Tampa Bay Rays,3,4,1.74,2.15,0
2024-05-15,MLB,Atlanta Braves,Chicago Cubs,1,7,1.53,2.6,0
2024-05-15,MLB,Texas Rangers,Cleveland Guardians,4,0,1.53,2.6,1
2024-05-15,MLB,Houston Astros,Athletics,3,0,1.4,3.05,1
2024-05-15,MLB,Los Angeles Angels,St. Louis Cardinals,7,2,2.0,1.83,1
2024-05-15,MLB,San Francisco Giants,Los Angeles Dodgers,4,1,2.2,1.71,1
2024-05-16,MLB,Arizona Diamondbacks,Cincinnati Reds,2,1,1.65,2.3,1
2024-05-16,MLB,Milwaukee Brewers,Pittsburgh Pirates,10,2,1.67,2.25,1
2024-05-16,MLB,Detroit Tigers,Miami Marlins,0,2,1.63,2.35,0
2024-05-16,MLB,Chicago White Sox,Washington Nationals,2,0,1.59,2.45,1
2024-05-16,MLB,Baltimore Orioles,Toronto Blue Jays,3,2,1.74,2.15,1
2024-05-16,MLB,San Diego Padres,Colorado Rockies,0,8,1.4,3.05,0
2024-05-16,MLB,Philadelphia Phillies,New York Mets,10,5,1.5,2.65,1
2024-05-16,MLB,Seattle Mariners,Kansas City Royals,4,2,1.67,2.25,1
2024-05-16,MLB,Boston Red Sox,Tampa Bay Rays,3,4,1.74,2.15,0
2024-05-16,MLB,Atlanta Braves,Chicago Cubs,1,7,1.53,2.6,0
2024-05-16,MLB,Minnesota Twins,New York Yankees,0,4,1.71,2.2,0
2024-05-16,MLB,Texas Rangers,Cleveland Guardians,4,0,1.53,2.6,1
2024-05-16,MLB,Los Angeles Angels,St. Louis Cardinals,7,2,2.0,1.83,1
2024-05-16,MLB,Houston Astros,Athletics,3,0,1.4,3.05,1
2024-05-16,MLB,San Francisco Giants,Los Angeles Dodgers,4,1,2.2,1.71,1
2024-05-16,MLB,Boston Red Sox,Tampa Bay Rays,5,7,1.91,1.91,0
2024-05-16,MLB,Minnesota Twins,New York Yankees,0,5,1.87,1.95,0
2024-05-16,MLB,Los Angeles Dodgers,Cincinnati Reds,2,7,1.31,3.6,0
2024-05-16,MLB,Houston Astros,Athletics,8,1,1.49,2.7,1
2024-05-16,MLB,Chicago Cubs,Pittsburgh Pirates,4,5,1.8,2.05,0
2024-05-17,MLB,Minnesota Twins,New York Yankees,0,5,1.87,1.95,0
2024-05-17,MLB,Boston Red Sox,Tampa Bay Rays,5,7,1.91,1.91,0
2024-05-17,MLB,Houston Astros,Athletics,8,1,1.49,2.7,1
2024-05-17,MLB,Chicago Cubs,Pittsburgh Pirates,4,5,1.8,2.05,0
2024-05-17,MLB,Los Angeles Dodgers,Cincinnati Reds,2,7,1.31,3.6,0
2024-05-17,MLB,Chicago Cubs,Pittsburgh Pirates,3,9,1.95,1.87,0
2024-05-17,MLB,Texas Rangers,Los Angeles Angels,3,9,1.54,2.55,0
2024-05-17,MLB,Kansas City Royals,Athletics,6,2,1.49,2.7,1
2024-05-17,MLB,Baltimore Orioles,Seattle Mariners,9,2,1.77,2.1,1
2024-05-17,MLB,Cleveland Guardians,Minnesota Twins,3,2,1.8,2.05,1
2024-05-17,MLB,Philadelphia Phillies,Washington Nationals,4,2,1.42,2.95,1
2024-05-17,MLB,Atlanta Braves,San Diego Padres,1,3,1.45,2.8,0
2024-05-17,MLB,Miami Marlins,New York Mets,8,0,2.05,1.8,1
2024-05-17,MLB,Arizona Diamondbacks,Detroit Tigers,0,13,2.15,1.74,0
2024-05-17,MLB,St. Louis Cardinals,Boston Red Sox,10,6,1.91,1.91,1
2024-05-17,MLB,Toronto Blue Jays,Tampa Bay Rays,3,4,1.61,2.4,0
2024-05-17,MLB,Los Angeles Dodgers,Cincinnati Reds,7,3,1.53,2.6,1
2024-05-17,MLB,New York Yankees,Chicago White Sox,4,2,1.34,3.35,1
2024-05-17,MLB,Houston Astros,Milwaukee Brewers,5,4,1.91,1.91,1
2024-05-17,MLB,San Francisco Giants,Colorado Rockies,10,5,1.74,2.15,1
2024-05-18,MLB,Chicago Cubs,Pittsburgh Pirates,3,9,1.95,1.87,0
2024-05-18,MLB,Miami Marlins,New York Mets,8,0,2.05,1.8,1
2024-05-18,MLB,Baltimore Orioles,Seattle Mariners,9,2,1.77,2.1,1
2024-05-18,MLB,Philadelphia Phillies,Washington Nationals,4,2,1.42,2.95,1
2024-05-18,MLB,Cleveland Guardians,Minnesota Twins,3,2,1.8,2.05,1
2024-05-18,MLB,Toronto Blue Jays,Tampa Bay Rays,3,4,1.61,2.4,0
2024-05-18,MLB,New York Yankees,Chicago White Sox,4,2,1.34,3.35,1
2024-05-18,MLB,Kansas City Royals,Athletics,6,2,1.49,2.7,1
2024-05-18,MLB,Los Angeles Dodgers,Cincinnati Reds,7,3,1.53,2.6,1
2024-05-18,MLB,Texas Rangers,Los Angeles Angels,3,9,1.54,2.55,0
2024-05-18,MLB,Arizona Diamondbacks,Detroit Tigers,0,13,2.15,1.74,0
2024-05-18,MLB,Atlanta Braves,San Diego Padres,1,3,1.45,2.8,0
2024-05-18,MLB,Houston Astros,Milwaukee Brewers,5,4,1.91,1.91,1
2024-05-18,MLB,St. Louis Cardinals,Boston Red Sox,10,6,1.91,1.91,1
2024-05-18,MLB,San Francisco Giants,Colorado Rockies,10,5,1.74,2.15,1
2024-05-18,MLB,New York Yankees,Chicago White Sox,6,1,1.33,3.4,1
2024-05-18,MLB,Houston Astros,Milwaukee Brewers,2,4,1.59,2.45,0
2024-05-18,MLB,St. Louis Cardinals,Boston Red Sox,7,2,2.0,1.83,1
2024-05-18,MLB,Los Angeles Dodgers,Cincinnati Reds,4,0,1.5,2.65,1
2024-05-18,MLB,Kansas City Royals,Athletics,5,3,1.5,2.65,1
2024-05-18,MLB,Chicago Cubs,Pittsburgh Pirates,1,0,1.49,2.7,1
2024-05-18,MLB,Toronto Blue Jays,Tampa Bay Rays,4,5,1.67,2.25,0
2024-05-18,MLB,Baltimore Orioles,Seattle Mariners,3,4,1.74,2.15,0
2024-05-18,MLB,San Francisco Giants,Colorado Rockies,14,4,1.59,2.45,1
2024-05-18,MLB,Arizona Diamondbacks,Detroit Tigers,3,8,1.67,2.25,0
2024-05-18,MLB,Cleveland Guardians,Minnesota Twins,11,4,2.1,1.77,1
2024-05-19,MLB,Baltimore Orioles,Seattle Mariners,6,3,1.67,2.25,1
2024-05-19,MLB,New York Yankees,Chicago White Sox,7,2,1.33,3.45,1
2024-05-19,MLB,St. Louis Cardinals,Boston Red Sox,3,11,2.05,1.8,0
2024-05-19,MLB,New York Yankees,Chicago White Sox,6,1,1.33,3.4,1
2024-05-19,MLB,Philadelphia Phillies,Washington Nationals,11,5,1.43,2.9,1
2024-05-19,MLB,Baltimore Orioles,Seattle Mariners,3,4,1.74,2.15,0
2024-05-19,MLB,Chicago Cubs,Pittsburgh Pirates,1,0,1.49,2.7,1
2024-05-19,MLB,Toronto Blue Jays,Tampa Bay Rays,5,2,1.87,1.95,1
2024-05-19,MLB,Cleveland Guardians,Minnesota Twins,5,2,1.87,1.95,1
2024-05-19,MLB,Toronto Blue Jays,Tampa Bay Rays,4,5,1.67,2.25,0
2024-05-19,MLB,Miami Marlins,New York Mets,3,7,2.2,1.71,0
2024-05-19,MLB,St. Louis Cardinals,Boston Red Sox,7,2,2.0,1.83,1
2024-05-19,MLB,Los Angeles Dodgers,Cincinnati Reds,4,0,1.5,2.65,1
2024-05-19,MLB,Houston Astros,Milwaukee Brewers,2,4,1.59,2.45,0
2024-05-19,MLB,Kansas City Royals,Athletics,5,3,1.5,2.65,1
2024-05-19,MLB,San Francisco Giants,Colorado Rockies,14,4,1.59,2.45,1
2024-05-19,MLB,Arizona Diamondbacks,Detroit Tigers,3,8,1.67,2.25,0
2024-05-19,MLB,Houston Astros,Milwaukee Brewers,9,4,1.74,2.15,1
2024-05-19,MLB,Kansas City Royals,Athletics,8,4,1.59,2.45,1
2024-05-19,MLB,Cleveland Guardians,Minnesota Twins,11,4,2.1,1.77,1
2024-05-19,MLB,Chicago Cubs,Pittsburgh Pirates,2,3,1.8,2.05,0
2024-05-19,MLB,Arizona Diamondbacks,Detroit Tigers,6,4,1.71,2.2,1
2024-05-19,MLB,San Francisco Giants,Colorado Rockies,4,1,1.45,2.8,1
2024-05-19,MLB,Atlanta Braves,San Diego Padres,1,9,1.83,2.0,0
2024-05-19,MLB,Texas Rangers,Los Angeles Angels,1,4,1.63,2.35,0
2024-05-20,MLB,St. Louis Cardinals,Boston Red Sox,3,11,2.05,1.8,0
2024-05-20,MLB,Cleveland Guardians,Minnesota Twins,5,2,1.87,1.95,1
2024-05-20,MLB,Philadelphia Phillies,Washington Nationals,11,5,1.43,2.9,1
2024-05-20,MLB,Baltimore Orioles,Seattle Mariners,6,3,1.67,2.25,1
2024-05-20,MLB,New York Yankees,Chicago White Sox,7,2,1.33,3.45,1
2024-05-20,MLB,Houston Astros,Milwaukee Brewers,9,4,1.74,2.15,1
2024-05-20,MLB,Miami Marlins,New York Mets,3,7,2.2,1.71,0
2024-05-20,MLB,Kansas City Royals,Athletics,8,4,1.59,2.45,1
2024-05-20,MLB,Toronto Blue Jays,Tampa Bay Rays,5,2,1.87,1.95,1
2024-05-20,MLB,Chicago Cubs,Pittsburgh Pirates,2,3,1.8,2.05,0
2024-05-20,MLB,San Francisco Giants,Colorado Rockies,4,1,1.45,2.8,1
2024-05-20,MLB,Texas Rangers,Los Angeles Angels,1,4,1.63,2.35,0
2024-05-20,MLB,Arizona Diamondbacks,Detroit Tigers,6,4,1.71,2.2,1
2024-05-20,MLB,Atlanta Braves,San Diego Padres,5,6,1.42,2.95,0
2024-05-20,MLB,Atlanta Braves,San Diego Padres,1,9,1.83,2.0,0
2024-05-20,MLB,Cleveland Guardians,New York Mets,3,1,1.8,2.05,1
2024-05-20,MLB,Washington Nationals,Minnesota Twins,12,3,2.3,1.65,1
2024-05-20,MLB,New York Yankees,Seattle Mariners,4,5,1.71,2.2,0
2024-05-20,MLB,Tampa Bay Rays,Boston Red Sox,0,5,1.8,2.05,0
2024-05-20,MLB,Toronto Blue Jays,Chicago White Sox,9,3,1.49,2.7,1
2024-05-20,MLB,Atlanta Braves,San Diego Padres,3,0,1.83,2.0,1
2024-05-20,MLB,Kansas City Royals,Detroit Tigers,8,3,1.87,1.95,1
2024-05-20,MLB,St. Louis Cardinals,Baltimore Orioles,6,3,1.83,2.0,1
2024-05-20,MLB,Houston Astros,Los Angeles Angels,7,9,1.45,2.8,0
2024-05-20,MLB,Los Angeles Dodgers,Arizona Diamondbacks,6,4,1.42,2.95,1
2024-05-21,MLB,Atlanta Braves,San Diego Padres,5,6,1.42,2.95,0
2024-05-21,MLB,Cleveland Guardians,New York Mets,3,1,1.8,2.05,1
2024-05-21,MLB,Washington Nationals,Minnesota Twins,12,3,2.3,1.65,1
2024-05-21,MLB,Atlanta Braves,San Diego Padres,3,0,1.83,2.0,1
2024-05-21,MLB,Toronto Blue Jays,Chicago White Sox,9,3,1.49,2.7,1
2024-05-21,MLB,Tampa Bay Rays,Boston Red Sox,0,5,1.8,2.05,0
2024-05-21,MLB,Kansas City Royals,Detroit Tigers,8,3,1.87,1.95,1
2024-05-21,MLB,Houston Astros,Los Angeles Angels,7,9,1.45,2.8,0
2024-05-21,MLB,St. Louis Cardinals,Baltimore Orioles,6,3,1.83,2.0,1
2024-05-21,MLB,New York Yankees,Seattle Mariners,4,5,1.71,2.2,0
2024-05-21,MLB,Los Angeles Dodgers,Arizona Diamondbacks,6,4,1.42,2.95,1
2024-05-21,MLB,Philadelphia Phillies,Texas Rangers,5,2,1.59,2.45,1
2024-05-21,MLB,Cincinnati Reds,San Diego Padres,2,0,2.05,1.8,1
2024-05-21,MLB,Miami Marlins,Milwaukee Brewers,5,7,2.15,1.74,0
2024-05-21,MLB,Tampa Bay Rays,Boston Red Sox,2,5,1.71,2.2,0
2024-05-21,MLB,New York Yankees,Seattle Mariners,3,6,1.61,2.4,0
2024-05-21,MLB,Washington Nationals,Minnesota Twins,0,10,2.55,1.54,0
2024-05-21,MLB,Toronto Blue Jays,Chicago White Sox,0,5,1.5,2.65,0
2024-05-21,MLB,Athletics,Colorado Rockies,5,4,1.77,2.1,1
2024-05-21,MLB,Cleveland Guardians,New York Mets,7,6,1.8,2.05,1
2024-05-21,MLB,Kansas City Royals,Detroit Tigers,10,3,1.87,1.95,1
2024-05-21,MLB,Los Angeles Dodgers,Arizona Diamondbacks,3,7,1.63,2.35,0
2024-05-22,MLB,Miami Marlins,Milwaukee Brewers,5,7,2.15,1.74,0
2024-05-22,MLB,Tampa Bay Rays,Boston Red Sox,2,5,1.71,2.2,0
2024-05-22,MLB,Cleveland Guardians,New York Mets,7,6,1.8,2.05,1
2024-05-22,MLB,Philadelphia Phillies,Texas Rangers,5,2,1.59,2.45,1
2024-05-22,MLB,Washington Nationals,Minnesota Twins,0,10,2.55,1.54,0
2024-05-22,MLB,Cincinnati Reds,San Diego Padres,2,0,2.05,1.8,1
2024-05-22,MLB,New York Yankees,Seattle Mariners,3,6,1.61,2.4,0
2024-05-22,MLB,Toronto Blue Jays,Chicago White Sox,0,5,1.5,2.65,0
2024-05-22,MLB,Athletics,Colorado Rockies,5,4,1.77,2.1,1
2024-05-22,MLB,Los Angeles Dodgers,Arizona Diamondbacks,3,7,1.63,2.35,0
2024-05-22,MLB,Kansas City Royals,Detroit Tigers,10,3,1.87,1.95,1
2024-05-22,MLB,Cleveland Guardians,New York Mets,6,3,1.91,1.91,1
2024-05-22,MLB,Tampa Bay Rays,Boston Red Sox,5,8,1.71,2.2,0
2024-05-22,MLB,Houston Astros,Los Angeles Angels,1,2,1.5,2.65,0
2024-05-22,MLB,Toronto Blue Jays,Chicago White Sox,9,2,1.42,2.95,1
2024-05-22,MLB,St. Louis Cardinals,Baltimore Orioles,3,1,2.4,1.61,1
2024-05-22,MLB,Philadelphia Phillies,Texas Rangers,11,4,1.8,2.05,1
2024-05-22,MLB,Washington Nationals,Minnesota Twins,2,3,2.1,1.77,0
2024-05-22,MLB,New York Yankees,Seattle Mariners,7,3,1.65,2.3,1
2024-05-22,MLB,Cincinnati Reds,San Diego Padres,3,7,2.05,1.8,0
2024-05-22,MLB,Miami Marlins,Milwaukee Brewers,1,0,2.1,1.77,1
2024-05-22,MLB,St. Louis Cardinals,Baltimore Orioles,5,4,2.1,1.77,1
2024-05-22,MLB,Los Angeles Dodgers,Arizona Diamondbacks,0,6,1.34,3.35,0
2024-05-22,MLB,Kansas City Royals,Detroit Tigers,8,3,2.0,1.83,1
2024-05-22,MLB,Chicago Cubs,Atlanta Braves,2,9,2.1,1.77,0
2024-05-23,MLB,Washington Nationals,Minnesota Twins,2,3,2.1,1.77,0
2024-05-23,MLB,Cincinnati Reds,San Diego Padres,3,7,2.05,1.8,0
2024-05-23,MLB,Cleveland Guardians,New York Mets,6,3,1.91,1.91,1
2024-05-23,MLB,St. Louis Cardinals,Baltimore Orioles,5,4,2.1,1.77,1
2024-05-23,MLB,St. Louis Cardinals,Baltimore Orioles,3,1,2.4,1.61,1
2024-05-23,MLB,Kansas City Royals,Detroit Tigers,8,3,2.0,1.83,1
2024-05-23,MLB,Houston Astros,Los Angeles Angels,1,2,1.5,2.65,0
2024-05-23,MLB,Tampa Bay Rays,Boston Red Sox,5,8,1.71,2.2,0
2024-05-23,MLB,Philadelphia Phillies,Texas Rangers,11,4,1.8,2.05,1
2024-05-23,MLB,Miami Marlins,Milwaukee Brewers,1,0,2.1,1.77,1
2024-05-23,MLB,New York Yankees,Seattle Mariners,7,3,1.65,2.3,1
2024-05-23,MLB,Toronto Blue Jays,Chicago White Sox,9,2,1.42,2.95,1
2024-05-23,MLB,Chicago Cubs,Atlanta Braves,2,9,2.1,1.77,0
2024-05-23,MLB,Los Angeles Dodgers,Arizona Diamondbacks,0,6,1.34,3.35,0
2024-05-23,MLB,Philadelphia Phillies,Texas Rangers,5,2,1.49,2.7,1
2024-05-23,MLB,Pittsburgh Pirates,San Francisco Giants,6,7,1.54,2.55,0
2024-05-23,MLB,Chicago White Sox,Baltimore Orioles,6,8,2.9,1.43,0
2024-05-23,MLB,Chicago Cubs,Atlanta Braves,0,3,1.91,1.91,0
2024-05-23,MLB,New York Yankees,Seattle Mariners,5,0,1.65,2.3,1
2024-05-23,MLB,Detroit Tigers,Toronto Blue Jays,1,9,1.87,1.95,0
2024-05-24,MLB,New York Yankees,Seattle Mariners,5,0,1.65,2.3,1
2024-05-24,MLB,Philadelphia Phillies,Texas Rangers,5,2,1.49,2.7,1
2024-05-24,MLB,Pittsburgh Pirates,San Francisco Giants,6,7,1.54,2.55,0
2024-05-24,MLB,Detroit Tigers,Toronto Blue Jays,1,9,1.87,1.95,0
2024-05-24,MLB,Chicago Cubs,Atlanta Braves,0,3,1.91,1.91,0
2024-05-24,MLB,Chicago White Sox,Baltimore Orioles,6,8,2.9,1.43,0
2024-05-24,MLB,Washington Nationals,Seattle Mariners,6,1,2.1,1.77,1
2024-05-24,MLB,Pittsburgh Pirates,Atlanta Braves,11,5,2.5,1.56,1
2024-05-24,MLB,Detroit Tigers,Toronto Blue Jays,6,2,2.0,1.83,1
2024-05-24,MLB,Boston Red Sox,Milwaukee Brewers,2,7,1.74,2.15,0
2024-05-24,MLB,Minnesota Twins,Texas Rangers,3,2,1.61,2.4,1
2024-05-24,MLB,New York Mets,San Francisco Giants,7,8,1.67,2.25,0
2024-05-24,MLB,Arizona Diamondbacks,Miami Marlins,0,3,1.53,2.6,0
2024-05-24,MLB,Los Angeles Angels,Cleveland Guardians,4,10,2.0,1.83,0
2024-05-24,MLB,Cincinnati Reds,Los Angeles Dodgers,9,6,2.3,1.65,1
2024-05-24,MLB,San Diego Padres,New York Yankees,0,8,2.05,1.8,0
2024-05-24,MLB,Chicago White Sox,Baltimore Orioles,4,6,3.05,1.4,0
2024-05-24,MLB,Tampa Bay Rays,Kansas City Royals,1,8,2.0,1.83,0
2024-05-24,MLB,Athletics,Houston Astros,3,6,2.5,1.56,0
2024-05-25,MLB,Washington Nationals,Seattle Mariners,6,1,2.1,1.77,1
2024-05-25,MLB,Detroit Tigers,Toronto Blue Jays,6,2,2.0,1.83,1
2024-05-25,MLB,Pittsburgh Pirates,Atlanta Braves,11,5,2.5,1.56,1
2024-05-25,MLB,Tampa Bay Rays,Kansas City Royals,1,8,2.0,1.83,0
2024-05-25,MLB,Boston Red Sox,Milwaukee Brewers,2,7,1.74,2.15,0
2024-05-25,MLB,Cincinnati Reds,Los Angeles Dodgers,9,6,2.3,1.65,1
2024-05-25,MLB,New York Mets,San Francisco Giants,7,8,1.67,2.25,0
2024-05-25,MLB,Minnesota Twins,Texas Rangers,3,2,1.61,2.4,1
2024-05-25,MLB,Arizona Diamondbacks,Miami Marlins,0,3,1.53,2.6,0
2024-05-25,MLB,Chicago White Sox,Baltimore Orioles,4,6,3.05,1.4,0
2024-05-25,MLB,Los Angeles Angels,Cleveland Guardians,4,10,2.0,1.83,0
2024-05-25,MLB,San Diego Padres,New York Yankees,0,8,2.05,1.8,0
2024-05-25,MLB,Athletics,Houston Astros,3,6,2.5,1.56,0
2024-05-25,MLB,Detroit Tigers,Toronto Blue Jays,2,1,1.87,1.95,1
2024-05-25,MLB,Pittsburgh Pirates,Atlanta Braves,4,1,2.3,1.65,1
2024-05-25,MLB,Washington Nationals,Seattle Mariners,3,1,2.4,1.61,1
2024-05-25,MLB,Chicago White Sox,Baltimore Orioles,3,5,2.45,1.59,0
2024-05-25,MLB,Minnesota Twins,Texas Rangers,5,3,1.67,2.25,1
2024-05-25,MLB,Athletics,Houston Astros,3,1,2.25,1.67,1
2024-05-25,MLB,Boston Red Sox,Milwaukee Brewers,3,6,1.67,2.25,0
2024-05-25,MLB,Cincinnati Reds,Los Angeles Dodgers,3,1,2.3,1.65,1
2024-05-25,MLB,St. Louis Cardinals,Chicago Cubs,7,6,1.87,1.95,1
2024-05-25,MLB,Colorado Rockies,Philadelphia Phillies,4,8,2.95,1.42,0
2024-05-25,MLB,Los Angeles Angels,Cleveland Guardians,3,4,2.25,1.67,0
2024-05-25,MLB,San Diego Padres,New York Yankees,1,4,1.8,2.05,0
2024-05-25,MLB,Arizona Diamondbacks,Miami Marlins,3,2,1.56,2.5,1
2024-05-26,MLB,Chicago White Sox,Baltimore Orioles,3,5,2.45,1.59,0
2024-05-26,MLB,Detroit Tigers,Toronto Blue Jays,2,1,1.87,1.95,1
2024-05-26,MLB,Cincinnati Reds,Los Angeles Dodgers,4,1,2.75,1.48,1
2024-05-26,MLB,Detroit Tigers,Toronto Blue Jays,14,11,2.15,1.74,1
2024-05-26,MLB,Boston Red Sox,Milwaukee Brewers,2,1,1.71,2.2,1
2024-05-26,MLB,Pittsburgh Pirates,Atlanta Braves,1,8,2.95,1.42,0
2024-05-26,MLB,Pittsburgh Pirates,Atlanta Braves,4,1,2.3,1.65,1
2024-05-26,MLB,Minnesota Twins,Texas Rangers,5,3,1.67,2.25,1
2024-05-26,MLB,Washington Nationals,Seattle Mariners,3,1,2.4,1.61,1
2024-05-26,MLB,Cincinnati Reds,Los Angeles Dodgers,3,1,2.3,1.65,1
2024-05-26,MLB,Athletics,Houston Astros,3,1,2.25,1.67,1
2024-05-26,MLB,Tampa Bay Rays,Kansas City Royals,4,1,1.8,2.05,1
2024-05-26,MLB,Washington Nationals,Seattle Mariners,5,9,2.5,1.56,0
2024-05-26,MLB,New York Mets,San Francisco Giants,4,3,1.91,1.91,1
2024-05-26,MLB,Chicago White Sox,Baltimore Orioles,1,4,2.4,1.61,0
2024-05-26,MLB,Los Angeles Angels,Cleveland Guardians,3,4,2.25,1.67,0
2024-05-26,MLB,St. Louis Cardinals,Chicago Cubs,7,6,1.87,1.95,1
2024-05-26,MLB,Arizona Diamondbacks,Miami Marlins,3,2,1.56,2.5,1
2024-05-26,MLB,Colorado Rockies,Philadelphia Phillies,4,8,2.95,1.42,0
2024-05-26,MLB,Minnesota Twins,Texas Rangers,2,6,1.61,2.4,0
2024-05-26,MLB,San Diego Padres,New York Yankees,1,4,1.8,2.05,0
2024-05-26,MLB,Boston Red Sox,Milwaukee Brewers,3,6,1.67,2.25,0
2024-05-26,MLB,Athletics,Houston Astros,2,5,2.45,1.59,0
2024-05-26,MLB,Colorado Rockies,Philadelphia Phillies,5,2,2.75,1.48,1
2024-05-26,MLB,Los Angeles Angels,Cleveland Guardians,4,5,1.91,1.91,0
2024-05-26,MLB,Arizona Diamondbacks,Miami Marlins,1,3,1.74,2.15,0
2024-05-26,MLB,San Diego Padres,New York Yankees,5,2,2.1,1.77,1
2024-05-26,MLB,St. Louis Cardinals,Chicago Cubs,4,3,1.67,2.25,1
2024-05-27,MLB,Detroit Tigers,Toronto Blue Jays,14,11,2.15,1.74,1
2024-05-27,MLB,Washington Nationals,Seattle Mariners,5,9,2.5,1.56,0
2024-05-27,MLB,Boston Red Sox,Milwaukee Brewers,2,1,1.71,2.2,1
2024-05-27,MLB,Cincinnati Reds,Los Angeles Dodgers,4,1,2.75,1.48,1
2024-05-27,MLB,Pittsburgh Pirates,Atlanta Braves,1,8,2.95,1.42,0
2024-05-27,MLB,Los Angeles Angels,Cleveland Guardians,4,5,1.91,1.91,0
2024-05-27,MLB,Minnesota Twins,Texas Rangers,2,6,1.61,2.4,0
2024-05-27,MLB,Colorado Rockies,Philadelphia Phillies,5,2,2.75,1.48,1
2024-05-27,MLB,Athletics,Houston Astros,2,5,2.45,1.59,0
2024-05-27,MLB,Arizona Diamondbacks,Miami Marlins,1,3,1.74,2.15,0
2024-05-27,MLB,New York Mets,San Francisco Giants,4,3,1.91,1.91,1
2024-05-27,MLB,Tampa Bay Rays,Kansas City Royals,4,1,1.8,2.05,1
2024-05-27,MLB,San Diego Padres,New York Yankees,5,2,2.1,1.77,1
2024-05-27,MLB,Chicago White Sox,Baltimore Orioles,1,4,2.4,1.61,0
2024-05-27,MLB,St. Louis Cardinals,Chicago Cubs,4,3,1.67,2.25,1
2024-05-27,MLB,Chicago White Sox,Toronto Blue Jays,1,5,2.65,1.5,0
2024-05-27,MLB,Atlanta Braves,Washington Nationals,4,8,1.49,2.7,0
2024-05-27,MLB,Baltimore Orioles,Boston Red Sox,11,3,1.65,2.3,1
2024-05-27,MLB,Minnesota Twins,Kansas City Royals,6,5,1.59,2.45,1
2024-05-27,MLB,Milwaukee Brewers,Chicago Cubs,5,1,1.91,1.91,1
2024-05-27,MLB,Cincinnati Reds,St. Louis Cardinals,3,1,1.65,2.3,1
2024-05-27,MLB,San Francisco Giants,Philadelphia Phillies,8,4,1.77,2.1,1
2024-05-27,MLB,Colorado Rockies,Cleveland Guardians,8,6,2.1,1.77,1
2024-05-27,MLB,San Diego Padres,Miami Marlins,2,1,1.5,2.65,1
2024-05-27,MLB,Seattle Mariners,Houston Astros,3,2,2.1,1.77,1
2024-05-28,MLB,Baltimore Orioles,Boston Red Sox,11,3,1.65,2.3,1
2024-05-28,MLB,Milwaukee Brewers,Chicago Cubs,5,1,1.91,1.91,1
2024-05-28,MLB,Chicago White Sox,Toronto Blue Jays,1,5,2.65,1.5,0
2024-05-28,MLB,San Francisco Giants,Philadelphia Phillies,8,4,1.77,2.1,1
2024-05-28,MLB,Atlanta Braves,Washington Nationals,4,8,1.49,2.7,0
2024-05-28,MLB,Cincinnati Reds,St. Louis Cardinals,3,1,1.65,2.3,1
2024-05-28,MLB,Colorado Rockies,Cleveland Guardians,8,6,2.1,1.77,1
2024-05-28,MLB,Minnesota Twins,Kansas City Royals,6,5,1.59,2.45,1
2024-05-28,MLB,San Diego Padres,Miami Marlins,2,1,1.5,2.65,1
2024-05-28,MLB,Baltimore Orioles,Boston Red Sox,3,8,1.59,2.45,0
2024-05-28,MLB,Cincinnati Reds,St. Louis Cardinals,1,7,1.77,2.1,0
2024-05-28,MLB,Seattle Mariners,Houston Astros,3,2,2.1,1.77,1
2024-05-28,MLB,Minnesota Twins,Kansas City Royals,4,2,2.15,1.74,1
2024-05-28,MLB,Seattle Mariners,Houston Astros,4,2,1.77,2.1,1
2024-05-28,MLB,Los Angeles Angels,New York Yankees,4,3,2.5,1.56,1
2024-05-28,MLB,Colorado Rockies,Cleveland Guardians,7,13,2.15,1.74,0
2024-05-28,MLB,Atlanta Braves,Washington Nationals,2,0,1.37,3.2,1
2024-05-28,MLB,Chicago White Sox,Toronto Blue Jays,2,7,2.85,1.44,0
2024-05-28,MLB,Texas Rangers,Arizona Diamondbacks,4,2,1.77,2.1,1
2024-05-28,MLB,San Diego Padres,Miami Marlins,4,0,1.74,2.15,1
2024-05-28,MLB,New York Mets,Los Angeles Dodgers,0,3,2.0,1.83,0
2024-05-28,MLB,Tampa Bay Rays,Athletics,0,3,1.56,2.5,0
2024-05-29,MLB,Baltimore Orioles,Boston Red Sox,3,8,1.59,2.45,0
2024-05-29,MLB,Atlanta Braves,Washington Nationals,2,0,1.37,3.2,1
2024-05-29,MLB,Cincinnati Reds,St. Louis Cardinals,1,7,1.77,2.1,0
2024-05-29,MLB,Texas Rangers,Arizona Diamondbacks,4,2,1.77,2.1,1
2024-05-29,MLB,Chicago White Sox,Toronto Blue Jays,2,7,2.85,1.44,0
2024-05-29,MLB,Tampa Bay Rays,Athletics,0,3,1.56,2.5,0
2024-05-29,MLB,Minnesota Twins,Kansas City Royals,4,2,2.15,1.74,1
2024-05-29,MLB,New York Mets,Los Angeles Dodgers,0,3,2.0,1.83,0
2024-05-29,MLB,Cincinnati Reds,St. Louis Cardinals,3,5,1.77,2.1,0
2024-05-29,MLB,San Diego Padres,Miami Marlins,1,9,1.56,2.5,0
2024-05-29,MLB,Detroit Tigers,Pittsburgh Pirates,2,10,1.65,2.3,0
2024-05-29,MLB,New York Mets,Los Angeles Dodgers,3,10,2.0,1.83,0
2024-05-29,MLB,Tampa Bay Rays,Athletics,4,3,1.56,2.5,1
2024-05-29,MLB,Atlanta Braves,Washington Nationals,2,7,1.65,2.3,0
2024-05-29,MLB,Baltimore Orioles,Boston Red Sox,6,1,1.56,2.5,1
2024-05-29,MLB,Texas Rangers,Arizona Diamondbacks,6,1,1.74,2.15,1
2024-05-29,MLB,Los Angeles Angels,New York Yankees,4,3,2.5,1.56,1
2024-05-29,MLB,Colorado Rockies,Cleveland Guardians,7,13,2.15,1.74,0
2024-05-29,MLB,San Diego Padres,Miami Marlins,4,0,1.74,2.15,1
2024-05-29,MLB,San Francisco Giants,Philadelphia Phillies,1,6,2.1,1.77,0
2024-05-29,MLB,Chicago White Sox,Toronto Blue Jays,1,3,2.65,1.5,0
2024-05-29,MLB,Seattle Mariners,Houston Astros,4,2,1.77,2.1,1
2024-05-29,MLB,Minnesota Twins,Kansas City Royals,1,6,1.77,2.1,0
2024-05-29,MLB,Detroit Tigers,Pittsburgh Pirates,8,0,1.67,2.25,1
2024-05-29,MLB,Colorado Rockies,Cleveland Guardians,7,4,2.25,1.67,1
2024-05-29,MLB,Los Angeles Angels,New York Yankees,1,2,2.75,1.48,0
2024-05-29,MLB,Milwaukee Brewers,Chicago Cubs,10,6,2.25,1.67,1
2024-05-30,MLB,Texas Rangers,Arizona Diamondbacks,6,1,1.74,2.15,1
2024-05-30,MLB,Cincinnati Reds,St. Louis Cardinals,3,5,1.77,2.1,0
2024-05-30,MLB,Detroit Tigers,Pittsburgh Pirates,8,0,1.67,2.25,1
2024-05-30,MLB,New York Mets,Los Angeles Dodgers,3,10,2.0,1.83,0
2024-05-30,MLB,Detroit Tigers,Pittsburgh Pirates,2,10,1.65,2.3,0
2024-05-30,MLB,Minnesota Twins,Kansas City Royals,1,6,1.77,2.1,0
2024-05-30,MLB,Colorado Rockies,Cleveland Guardians,7,4,2.25,1.67,1
2024-05-30,MLB,San Francisco Giants,Philadelphia Phillies,1,6,2.1,1.77,0
2024-05-30,MLB,Baltimore Orioles,Boston Red Sox,6,1,1.56,2.5,1
2024-05-30,MLB,Chicago White Sox,Toronto Blue Jays,1,3,2.65,1.5,0
2024-05-30,MLB,Atlanta Braves,Washington Nationals,2,7,1.65,2.3,0
2024-05-30,MLB,San Diego Padres,Miami Marlins,1,9,1.56,2.5,0
2024-05-30,MLB,Tampa Bay Rays,Athletics,4,3,1.56,2.5,1
2024-05-30,MLB,Los Angeles Angels,New York Yankees,1,2,2.75,1.48,0
2024-05-30,MLB,Milwaukee Brewers,Chicago Cubs,10,6,2.25,1.67,1
2024-05-30,MLB,Milwaukee Brewers,Chicago Cubs,6,4,1.8,2.05,1
2024-05-30,MLB,Minnesota Twins,Kansas City Royals,7,6,1.63,2.35,1
2024-05-30,MLB,Seattle Mariners,Houston Astros,0,4,1.74,2.15,0
2024-05-30,MLB,New York Mets,Arizona Diamondbacks,3,2,2.0,1.83,1
2024-05-30,MLB,Los Angeles Angels,New York Yankees,3,8,2.45,1.59,0
2024-05-30,MLB,Atlanta Braves,Washington Nationals,1,3,1.53,2.6,0
2024-05-30,MLB,Boston Red Sox,Detroit Tigers,0,5,1.83,2.0,0
2024-05-31,MLB,Minnesota Twins,Kansas City Royals,7,6,1.63,2.35,1
2024-05-31,MLB,Milwaukee Brewers,Chicago Cubs,6,4,1.8,2.05,1
2024-05-31,MLB,Seattle Mariners,Houston Astros,0,4,1.74,2.15,0
2024-05-31,MLB,Boston Red Sox,Detroit Tigers,0,5,1.83,2.0,0
2024-05-31,MLB,New York Mets,Arizona Diamondbacks,3,2,2.0,1.83,1
2024-05-31,MLB,Atlanta Braves,Washington Nationals,1,3,1.53,2.6,0
2024-05-31,MLB,Los Angeles Angels,New York Yankees,3,8,2.45,1.59,0
2024-05-31,MLB,Boston Red Sox,Detroit Tigers,7,3,1.59,2.45,1
2024-05-31,MLB,Cleveland Guardians,Washington Nationals,7,1,1.41,3.0,1
2024-05-31,MLB,New York Mets,Arizona Diamondbacks,10,9,1.8,2.05,1
2024-05-31,MLB,Los Angeles Dodgers,Colorado Rockies,1,4,1.28,3.8,0
2024-05-31,MLB,Baltimore Orioles,Tampa Bay Rays,3,1,1.71,2.2,1
2024-05-31,MLB,Miami Marlins,Texas Rangers,8,2,2.2,1.71,1
2024-05-31,MLB,Atlanta Braves,Athletics,4,2,1.44,2.85,1
2024-05-31,MLB,Houston Astros,Minnesota Twins,1,6,1.87,1.95,0
2024-05-31,MLB,Seattle Mariners,Los Angeles Angels,5,4,1.63,2.35,1
2024-05-31,MLB,Philadelphia Phillies,St. Louis Cardinals,4,2,1.48,2.75,1
2024-05-31,MLB,Chicago Cubs,Cincinnati Reds,4,5,1.74,2.15,0
2024-05-31,MLB,Kansas City Royals,San Diego Padres,8,11,2.15,1.74,0
2024-05-31,MLB,San Francisco Giants,New York Yankees,2,6,2.15,1.74,0
2024-06-01,MLB,Miami Marlins,Texas Rangers,8,2,2.2,1.71,1
2024-06-01,MLB,Philadelphia Phillies,St. Louis Cardinals,4,2,1.48,2.75,1
2024-06-01,MLB,New York Mets,Arizona Diamondbacks,10,9,1.8,2.05,1
2024-06-01,MLB,Chicago Cubs,Cincinnati Reds,4,5,1.74,2.15,0
2024-06-01,MLB,Baltimore Orioles,Tampa Bay Rays,3,1,1.71,2.2,1
2024-06-01,MLB,Boston Red Sox,Detroit Tigers,7,3,1.59,2.45,1
2024-06-01,MLB,Cleveland Guardians,Washington Nationals,7,1,1.41,3.0,1
2024-06-01,MLB,Atlanta Braves,Athletics,4,2,1.44,2.85,1
2024-06-01,MLB,Kansas City Royals,San Diego Padres,8,11,2.15,1.74,0
2024-06-01,MLB,Houston Astros,Minnesota Twins,1,6,1.87,1.95,0
2024-06-01,MLB,Los Angeles Dodgers,Colorado Rockies,1,4,1.28,3.8,0
2024-06-01,MLB,Seattle Mariners,Los Angeles Angels,5,4,1.63,2.35,1
2024-06-01,MLB,Baltimore Orioles,Tampa Bay Rays,9,5,1.61,2.4,1
2024-06-01,MLB,Atlanta Braves,Athletics,9,11,1.32,3.55,0
2024-06-01,MLB,San Francisco Giants,New York Yankees,2,6,2.15,1.74,0
2024-06-01,MLB,Houston Astros,Minnesota Twins,5,2,1.8,2.05,1
2024-06-01,MLB,Kansas City Royals,San Diego Padres,3,7,1.8,2.05,0
2024-06-01,MLB,New York Mets,Arizona Diamondbacks,5,10,1.8,2.05,0
2024-06-01,MLB,Boston Red Sox,Detroit Tigers,6,3,1.87,1.95,1
2024-06-01,MLB,Cleveland Guardians,Washington Nationals,3,2,1.71,2.2,1
2024-06-01,MLB,Toronto Blue Jays,Pittsburgh Pirates,1,8,1.65,2.3,0
2024-06-01,MLB,Philadelphia Phillies,St. Louis Cardinals,6,1,1.61,2.4,1
2024-06-01,MLB,Chicago Cubs,Cincinnati Reds,7,5,1.67,2.25,1
2024-06-01,MLB,Miami Marlins,Texas Rangers,0,7,1.87,1.95,0
2024-06-01,MLB,Seattle Mariners,Los Angeles Angels,9,0,1.63,2.35,1
2024-06-01,MLB,San Francisco Giants,New York Yankees,3,7,1.87,1.95,0
2024-06-01,MLB,Los Angeles Dodgers,Colorado Rockies,4,1,1.32,3.55,1
2024-06-02,MLB,Toronto Blue Jays,Pittsburgh Pirates,1,8,1.65,2.3,0
2024-06-02,MLB,Atlanta Braves,Athletics,9,11,1.32,3.55,0
2024-06-02,MLB,Houston Astros,Minnesota Twins,3,4,1.67,2.25,0
2024-06-02,MLB,Boston Red Sox,Detroit Tigers,6,3,1.87,1.95,1
2024-06-02,MLB,Atlanta Braves,Athletics,3,1,1.4,3.05,1
2024-06-02,MLB,Cleveland Guardians,Washington Nationals,3,2,1.71,2.2,1
2024-06-02,MLB,Baltimore Orioles,Tampa Bay Rays,9,5,1.61,2.4,1
2024-06-02,MLB,Kansas City Royals,San Diego Padres,3,7,1.8,2.05,0
2024-06-02,MLB,Baltimore Orioles,Tampa Bay Rays,3,4,1.77,2.1,0
2024-06-02,MLB,Toronto Blue Jays,Pittsburgh Pirates,5,4,1.56,2.5,1
2024-06-02,MLB,Houston Astros,Minnesota Twins,5,2,1.8,2.05,1
2024-06-02,MLB,San Francisco Giants,New York Yankees,3,7,1.87,1.95,0
2024-06-02,MLB,Miami Marlins,Texas Rangers,0,7,1.87,1.95,0
2024-06-02,MLB,Los Angeles Dodgers,Colorado Rockies,4,1,1.32,3.55,1
2024-06-02,MLB,New York Mets,Arizona Diamondbacks,5,10,1.8,2.05,0
2024-06-02,MLB,Seattle Mariners,Los Angeles Angels,9,0,1.63,2.35,1
2024-06-02,MLB,Philadelphia Phillies,St. Louis Cardinals,6,1,1.61,2.4,1
2024-06-02,MLB,Chicago Cubs,Cincinnati Reds,7,5,1.67,2.25,1
2024-06-02,MLB,Cleveland Guardians,Washington Nationals,2,5,1.77,2.1,0
2024-06-02,MLB,New York Mets,Arizona Diamondbacks,4,5,1.95,1.87,0
2024-06-02,MLB,Miami Marlins,Texas Rangers,0,6,2.05,1.8,0
2024-06-02,MLB,Kansas City Royals,San Diego Padres,4,3,1.8,2.05,1
2024-06-02,MLB,Milwaukee Brewers,Chicago White Sox,6,3,1.31,3.6,1
2024-06-02,MLB,Chicago Cubs,Cincinnati Reds,2,5,1.83,2.0,0
2024-06-02,MLB,Seattle Mariners,Los Angeles Angels,5,1,1.49,2.7,1
2024-06-02,MLB,San Francisco Giants,New York Yankees,5,7,2.1,1.77,0
2024-06-02,MLB,Los Angeles Dodgers,Colorado Rockies,4,0,1.38,3.1,1
2024-06-03,MLB,Houston Astros,Minnesota Twins,3,4,1.67,2.25,0
2024-06-03,MLB,Baltimore Orioles,Tampa Bay Rays,3,4,1.77,2.1,0
2024-06-03,MLB,New York Mets,Arizona Diamondbacks,4,5,1.95,1.87,0
2024-06-03,MLB,Seattle Mariners,Los Angeles Angels,5,1,1.49,2.7,1
2024-06-03,MLB,Milwaukee Brewers,Chicago White Sox,6,3,1.31,3.6,1
2024-06-03,MLB,Philadelphia Phillies,Milwaukee Brewers,3,1,1.5,2.65,1
2024-06-03,MLB,Kansas City Royals,San Diego Padres,4,3,1.8,2.05,1
2024-06-03,MLB,Toronto Blue Jays,Pittsburgh Pirates,5,4,1.56,2.5,1
2024-06-03,MLB,Los Angeles Dodgers,Colorado Rockies,4,0,1.38,3.1,1
2024-06-03,MLB,Chicago Cubs,Cincinnati Reds,2,5,1.83,2.0,0
2024-06-03,MLB,Cleveland Guardians,Washington Nationals,2,5,1.77,2.1,0
2024-06-03,MLB,San Francisco Giants,New York Yankees,5,7,2.1,1.77,0
2024-06-03,MLB,Atlanta Braves,Athletics,3,1,1.4,3.05,1
2024-06-03,MLB,Toronto Blue Jays,Baltimore Orioles,2,7,1.95,1.87,0
2024-06-03,MLB,Washington Nationals,New York Mets,7,8,1.87,1.95,0
2024-06-03,MLB,Miami Marlins,Texas Rangers,0,6,2.05,1.8,0
2024-06-03,MLB,Texas Rangers,Detroit Tigers,1,2,1.95,1.87,0
2024-06-03,MLB,Colorado Rockies,Cincinnati Reds,3,13,1.95,1.87,0
2024-06-03,MLB,Arizona Diamondbacks,San Francisco Giants,4,2,1.77,2.1,1
2024-06-03,MLB,Los Angeles Angels,San Diego Padres,2,1,2.3,1.65,1
2024-06-03,MLB,Houston Astros,St. Louis Cardinals,7,4,1.54,2.55,1
2024-06-04,MLB,Philadelphia Phillies,Milwaukee Brewers,3,1,1.5,2.65,1
2024-06-04,MLB,Washington Nationals,New York Mets,7,8,1.87,1.95,0
2024-06-04,MLB,Toronto Blue Jays,Baltimore Orioles,2,7,1.95,1.87,0
2024-06-04,MLB,Texas Rangers,Detroit Tigers,1,2,1.95,1.87,0
2024-06-04,MLB,Colorado Rockies,Cincinnati Reds,3,13,1.95,1.87,0
2024-06-04,MLB,Arizona Diamondbacks,San Francisco Giants,4,2,1.77,2.1,1
2024-06-04,MLB,Los Angeles Angels,San Diego Padres,2,1,2.3,1.65,1
2024-06-04,MLB,Houston Astros,St. Louis Cardinals,7,4,1.54,2.55,1
2024-06-04,MLB,Cleveland Guardians,Kansas City Royals,8,5,1.77,2.1,1
2024-06-04,MLB,New York Yankees,Minnesota Twins,5,1,1.54,2.55,1
2024-06-04,MLB,Pittsburgh Pirates,Los Angeles Dodgers,1,0,2.6,1.53,1
2024-06-04,MLB,Miami Marlins,Tampa Bay Rays,5,9,2.05,1.8,0
2024-06-04,MLB,Toronto Blue Jays,Baltimore Orioles,1,10,2.3,1.65,0
2024-06-04,MLB,Boston Red Sox,Atlanta Braves,3,8,2.35,1.63,0
2024-06-04,MLB,Texas Rangers,Detroit Tigers,1,3,1.87,1.95,0
2024-06-04,MLB,Athletics,Seattle Mariners,3,4,2.35,1.63,0
2024-06-04,MLB,Washington Nationals,New York Mets,3,6,2.2,1.71,0
2024-06-04,MLB,Chicago Cubs,Chicago White Sox,7,6,1.33,3.4,1
2024-06-04,MLB,Los Angeles Angels,San Diego Padres,4,2,1.91,1.91,1
2024-06-04,MLB,Arizona Diamondbacks,San Francisco Giants,8,5,1.83,2.0,1
2024-06-04,MLB,Houston Astros,St. Louis Cardinals,8,5,1.65,2.3,1
2024-06-04,MLB,Colorado Rockies,Cincinnati Reds,1,4,2.1,1.77,0
2024-06-05,MLB,Cleveland Guardians,Kansas City Royals,8,5,1.77,2.1,1
2024-06-05,MLB,New York Yankees,Minnesota Twins,5,1,1.54,2.55,1
2024-06-05,MLB,Pittsburgh Pirates,Los Angeles Dodgers,1,0,2.6,1.53,1
2024-06-05,MLB,Texas Rangers,Detroit Tigers,1,3,1.87,1.95,0
2024-06-05,MLB,Washington Nationals,New York Mets,3,6,2.2,1.71,0
2024-06-05,MLB,Miami Marlins,Tampa Bay Rays,5,9,2.05,1.8,0
2024-06-05,MLB,Toronto Blue Jays,Baltimore Orioles,1,10,2.3,1.65,0
2024-06-05,MLB,Houston Astros,St. Louis Cardinals,8,5,1.65,2.3,1
2024-06-05,MLB,Boston Red Sox,Atlanta Braves,3,8,2.35,1.63,0
2024-06-05,MLB,Colorado Rockies,Cincinnati Reds,1,4,2.1,1.77,0
2024-06-05,MLB,Chicago Cubs,Chicago White Sox,7,6,1.33,3.4,1
2024-06-05,MLB,Los Angeles Angels,San Diego Padres,4,2,1.91,1.91,1
2024-06-05,MLB,Arizona Diamondbacks,San Francisco Giants,8,5,1.83,2.0,1
2024-06-05,MLB,Athletics,Seattle Mariners,3,4,2.35,1.63,0
2024-06-05,MLB,Colorado Rockies,Cincinnati Reds,7,12,2.15,1.74,0
2024-06-05,MLB,Houston Astros,St. Louis Cardinals,2,4,1.67,2.25,0
2024-06-05,MLB,Boston Red Sox,Atlanta Braves,9,0,1.91,1.91,1
2024-06-05,MLB,Arizona Diamondbacks,San Francisco Giants,3,9,1.95,1.87,0
2024-06-05,MLB,Washington Nationals,New York Mets,1,9,2.2,1.71,0
2024-06-05,MLB,Toronto Blue Jays,Baltimore Orioles,3,2,1.83,2.0,1
2024-06-05,MLB,Philadelphia Phillies,Milwaukee Brewers,2,0,1.59,2.45,1
2024-06-05,MLB,New York Yankees,Minnesota Twins,9,5,1.59,2.45,1
2024-06-05,MLB,Pittsburgh Pirates,Los Angeles Dodgers,10,6,1.87,1.95,1
2024-06-05,MLB,Los Angeles Angels,San Diego Padres,3,2,2.55,1.54,1
2024-06-05,MLB,Miami Marlins,Tampa Bay Rays,3,5,2.05,1.8,0
2024-06-05,MLB,Texas Rangers,Detroit Tigers,9,1,1.71,2.2,1
2024-06-05,MLB,Chicago Cubs,Chicago White Sox,7,6,1.53,2.6,1
2024-06-05,MLB,Athletics,Seattle Mariners,2,1,2.4,1.61,1
2024-06-06,MLB,Boston Red Sox,Atlanta Braves,9,0,1.91,1.91,1
2024-06-06,MLB,Houston Astros,St. Louis Cardinals,2,4,1.67,2.25,0
2024-06-06,MLB,Arizona Diamondbacks,San Francisco Giants,3,9,1.95,1.87,0
2024-06-06,MLB,New York Yankees,Minnesota Twins,9,5,1.59,2.45,1
2024-06-06,MLB,Philadelphia Phillies,Milwaukee Brewers,2,0,1.59,2.45,1
2024-06-06,MLB,Colorado Rockies,Cincinnati Reds,7,12,2.15,1.74,0
2024-06-06,MLB,Washington Nationals,New York Mets,1,9,2.2,1.71,0
2024-06-06,MLB,Los Angeles Angels,San Diego Padres,3,2,2.55,1.54,1
2024-06-06,MLB,Athletics,Seattle Mariners,2,1,2.4,1.61,1
2024-06-06,MLB,Texas Rangers,Detroit Tigers,9,1,1.71,2.2,1
2024-06-06,MLB,Miami Marlins,Tampa Bay Rays,3,5,2.05,1.8,0
2024-06-06,MLB,Toronto Blue Jays,Baltimore Orioles,3,2,1.83,2.0,1
2024-06-06,MLB,Chicago Cubs,Chicago White Sox,7,6,1.53,2.6,1
2024-06-06,MLB,Pittsburgh Pirates,Los Angeles Dodgers,10,6,1.87,1.95,1
2024-06-06,MLB,Toronto Blue Jays,Baltimore Orioles,6,5,1.8,2.05,1
2024-06-06,MLB,Cleveland Guardians,Kansas City Royals,3,4,1.63,2.35,0
2024-06-06,MLB,Athletics,Seattle Mariners,0,3,2.25,1.67,0
2024-06-06,MLB,Washington Nationals,Atlanta Braves,2,5,2.3,1.65,0
2024-06-06,MLB,Cincinnati Reds,Chicago Cubs,8,4,1.8,2.05,1
2024-06-06,MLB,Pittsburgh Pirates,Los Angeles Dodgers,7,11,2.55,1.54,0
2024-06-06,MLB,San Diego Padres,Arizona Diamondbacks,3,4,1.87,1.95,0
2024-06-06,MLB,Chicago White Sox,Boston Red Sox,2,14,2.95,1.42,0
2024-06-06,MLB,St. Louis Cardinals,Colorado Rockies,2,3,1.44,2.85,0
2024-06-06,MLB,New York Yankees,Minnesota Twins,8,5,1.65,2.3,1
2024-06-07,MLB,Cleveland Guardians,Kansas City Royals,3,4,1.63,2.35,0
2024-06-07,MLB,Toronto Blue Jays,Baltimore Orioles,6,5,1.8,2.05,1
2024-06-07,MLB,Pittsburgh Pirates,Los Angeles Dodgers,7,11,2.55,1.54,0
2024-06-07,MLB,Athletics,Seattle Mariners,0,3,2.25,1.67,0
2024-06-07,MLB,Cincinnati Reds,Chicago Cubs,8,4,1.8,2.05,1
2024-06-07,MLB,Washington Nationals,Atlanta Braves,2,5,2.3,1.65,0
2024-06-07,MLB,St. Louis Cardinals,Colorado Rockies,2,3,1.44,2.85,0
2024-06-07,MLB,New York Yankees,Minnesota Twins,8,5,1.65,2.3,1
2024-06-07,MLB,Chicago White Sox,Boston Red Sox,2,14,2.95,1.42,0
2024-06-07,MLB,San Diego Padres,Arizona Diamondbacks,3,4,1.87,1.95,0
2024-06-07,MLB,Detroit Tigers,Milwaukee Brewers,0,10,1.87,1.95,0
2024-06-07,MLB,Tampa Bay Rays,Baltimore Orioles,3,6,1.91,1.91,0
2024-06-07,MLB,Washington Nationals,Atlanta Braves,2,1,2.65,1.5,1
2024-06-07,MLB,Pittsburgh Pirates,Minnesota Twins,3,0,2.05,1.8,1
2024-06-07,MLB,Texas Rangers,San Francisco Giants,2,5,2.05,1.8,0
2024-06-07,MLB,Cincinnati Reds,Chicago Cubs,3,2,1.74,2.15,1
2024-06-07,MLB,Chicago White Sox,Boston Red Sox,7,2,1.91,1.91,1
2024-06-07,MLB,Miami Marlins,Cleveland Guardians,3,2,1.91,1.91,1
2024-06-07,MLB,Kansas City Royals,Seattle Mariners,10,9,2.0,1.83,1
2024-06-07,MLB,San Diego Padres,Arizona Diamondbacks,10,3,1.74,2.15,1
2024-06-07,MLB,St. Louis Cardinals,Colorado Rockies,8,5,1.54,2.55,1
2024-06-07,MLB,Los Angeles Angels,Houston Astros,1,7,2.35,1.63,0
2024-06-07,MLB,Athletics,Toronto Blue Jays,2,1,2.5,1.56,1
2024-06-08,MLB,Pittsburgh Pirates,Minnesota Twins,3,0,2.05,1.8,1
2024-06-08,MLB,Detroit Tigers,Milwaukee Brewers,0,10,1.87,1.95,0
2024-06-08,MLB,Tampa Bay Rays,Baltimore Orioles,3,6,1.91,1.91,0
2024-06-08,MLB,Chicago White Sox,Boston Red Sox,7,2,1.91,1.91,1
2024-06-08,MLB,Washington Nationals,Atlanta Braves,2,1,2.65,1.5,1
2024-06-08,MLB,Cincinnati Reds,Chicago Cubs,3,2,1.74,2.15,1
2024-06-08,MLB,Kansas City Royals,Seattle Mariners,10,9,2.0,1.83,1
2024-06-08,MLB,St. Louis Cardinals,Colorado Rockies,8,5,1.54,2.55,1
2024-06-08,MLB,Los Angeles Angels,Houston Astros,1,7,2.35,1.63,0
2024-06-08,MLB,Texas Rangers,San Francisco Giants,2,5,2.05,1.8,0
2024-06-08,MLB,Miami Marlins,Cleveland Guardians,3,2,1.91,1.91,1
2024-06-08,MLB,San Diego Padres,Arizona Diamondbacks,10,3,1.74,2.15,1
2024-06-08,MLB,Athletics,Toronto Blue Jays,2,1,2.5,1.56,1
2024-06-08,MLB,Washington Nationals,Atlanta Braves,7,3,2.15,1.74,1
2024-06-08,MLB,Pittsburgh Pirates,Minnesota Twins,4,0,2.1,1.77,1
2024-06-08,MLB,New York Mets,Philadelphia Phillies,2,7,2.3,1.65,0
2024-06-08,MLB,Texas Rangers,San Francisco Giants,1,3,1.77,2.1,0
2024-06-08,MLB,Chicago White Sox,Boston Red Sox,6,1,2.9,1.43,1
2024-06-08,MLB,Athletics,Toronto Blue Jays,0,7,2.35,1.63,0
2024-06-08,MLB,Cincinnati Reds,Chicago Cubs,4,3,1.8,2.05,1
2024-06-08,MLB,Detroit Tigers,Milwaukee Brewers,4,5,2.45,1.59,0
2024-06-08,MLB,Tampa Bay Rays,Baltimore Orioles,0,5,2.15,1.74,0
2024-06-08,MLB,Kansas City Royals,Seattle Mariners,8,4,2.1,1.77,1
2024-06-08,MLB,Miami Marlins,Cleveland Guardians,0,8,2.4,1.61,0
2024-06-08,MLB,New York Yankees,Los Angeles Dodgers,3,11,1.83,2.0,0
2024-06-08,MLB,Los Angeles Angels,Houston Astros,1,6,2.5,1.56,0
2024-06-08,MLB,St. Louis Cardinals,Colorado Rockies,5,6,1.5,2.65,0
2024-06-08,MLB,San Diego Padres,Arizona Diamondbacks,13,1,1.61,2.4,1
2024-06-09,MLB,New York Mets,Philadelphia Phillies,2,7,2.3,1.65,0
2024-06-09,MLB,Pittsburgh Pirates,Minnesota Twins,4,0,2.1,1.77,1
2024-06-09,MLB,Texas Rangers,San Francisco Giants,1,3,1.77,2.1,0
2024-06-09,MLB,Athletics,Toronto Blue Jays,0,7,2.35,1.63,0
2024-06-09,MLB,Washington Nationals,Atlanta Braves,7,3,2.15,1.74,1
2024-06-09,MLB,Miami Marlins,Cleveland Guardians,0,8,2.4,1.61,0
2024-06-09,MLB,St. Louis Cardinals,Colorado Rockies,5,6,1.5,2.65,0
2024-06-09,MLB,Cincinnati Reds,Chicago Cubs,4,3,1.8,2.05,1
2024-06-09,MLB,Chicago White Sox,Boston Red Sox,6,1,2.9,1.43,1
2024-06-09,MLB,Tampa Bay Rays,Baltimore Orioles,0,5,2.15,1.74,0
2024-06-09,MLB,Los Angeles Angels,Houston Astros,1,6,2.5,1.56,0
2024-06-09,MLB,Philadelphia Phillies,New York Mets,5,6,1.71,2.2,0
2024-06-09,MLB,New York Yankees,Los Angeles Dodgers,3,11,1.83,2.0,0
2024-06-09,MLB,Kansas City Royals,Seattle Mariners,8,4,2.1,1.77,1
2024-06-09,MLB,Texas Rangers,San Francisco Giants,7,2,1.63,2.35,1
2024-06-09,MLB,Detroit Tigers,Milwaukee Brewers,4,5,2.45,1.59,0
2024-06-09,MLB,San Diego Padres,Arizona Diamondbacks,13,1,1.61,2.4,1
2024-06-09,MLB,Washington Nationals,Atlanta Braves,8,5,2.4,1.61,1
2024-06-09,MLB,Detroit Tigers,Milwaukee Brewers,10,2,1.59,2.45,1
2024-06-09,MLB,Cincinnati Reds,Chicago Cubs,2,4,2.15,1.74,0
2024-06-09,MLB,Miami Marlins,Cleveland Guardians,3,6,2.0,1.83,0
2024-06-09,MLB,San Diego Padres,Arizona Diamondbacks,3,9,1.74,2.15,0
2024-06-09,MLB,Tampa Bay Rays,Baltimore Orioles,2,9,2.3,1.65,0
2024-06-09,MLB,Los Angeles Angels,Houston Astros,9,7,2.3,1.65,1
2024-06-09,MLB,St. Louis Cardinals,Colorado Rockies,5,1,1.59,2.45,1
2024-06-09,MLB,New York Yankees,Los Angeles Dodgers,6,4,2.15,1.74,1
2024-06-10,MLB,Washington Nationals,Atlanta Braves,8,5,2.4,1.61,1
2024-06-10,MLB,Cincinnati Reds,Chicago Cubs,2,4,2.15,1.74,0
2024-06-10,MLB,Detroit Tigers,Milwaukee Brewers,10,2,1.59,2.45,1
2024-06-10,MLB,Texas Rangers,San Francisco Giants,7,2,1.63,2.35,1
2024-06-10,MLB,Philadelphia Phillies,New York Mets,5,6,1.71,2.2,0
2024-06-10,MLB,Miami Marlins,Cleveland Guardians,3,6,2.0,1.83,0
2024-06-10,MLB,St. Louis Cardinals,Colorado Rockies,5,1,1.59,2.45,1
2024-06-10,MLB,Tampa Bay Rays,Baltimore Orioles,2,9,2.3,1.65,0
2024-06-10,MLB,Los Angeles Angels,Houston Astros,9,7,2.3,1.65,1
2024-06-10,MLB,San Diego Padres,Arizona Diamondbacks,3,9,1.74,2.15,0
2024-06-10,MLB,Kansas City Royals,New York Yankees,2,4,2.0,1.83,0
2024-06-10,MLB,Tampa Bay Rays,Baltimore Orioles,2,5,2.25,1.67,0
2024-06-10,MLB,New York Yankees,Los Angeles Dodgers,6,4,2.15,1.74,1
2024-06-10,MLB,Minnesota Twins,Colorado Rockies,5,0,1.4,3.05,1
2024-06-10,MLB,Milwaukee Brewers,Toronto Blue Jays,3,1,1.77,2.1,1
2024-06-10,MLB,Seattle Mariners,Chicago White Sox,8,4,1.48,2.75,1
2024-06-10,MLB,San Diego Padres,Athletics,6,1,1.42,2.95,1
2024-06-11,MLB,Kansas City Royals,New York Yankees,2,4,2.0,1.83,0
2024-06-11,MLB,San Diego Padres,Athletics,6,1,1.42,2.95,1
2024-06-11,MLB,Tampa Bay Rays,Baltimore Orioles,2,5,2.25,1.67,0
2024-06-11,MLB,Minnesota Twins,Colorado Rockies,5,0,1.4,3.05,1
2024-06-11,MLB,Milwaukee Brewers,Toronto Blue Jays,3,1,1.77,2.1,1
2024-06-11,MLB,Seattle Mariners,Chicago White Sox,8,4,1.48,2.75,1
2024-06-11,MLB,Baltimore Orioles,Atlanta Braves,4,0,2.2,1.71,1
2024-06-11,MLB,Boston Red Sox,Philadelphia Phillies,1,4,2.3,1.65,0
2024-06-11,MLB,New York Mets,Miami Marlins,2,4,1.65,2.3,0
2024-06-11,MLB,Tampa Bay Rays,Chicago Cubs,5,2,1.71,2.2,1
2024-06-11,MLB,Cincinnati Reds,Cleveland Guardians,3,5,1.91,1.91,0
2024-06-11,MLB,Arizona Diamondbacks,Los Angeles Angels,9,4,1.63,2.35,1
2024-06-11,MLB,Los Angeles Dodgers,Texas Rangers,15,2,1.61,2.4,1
2024-06-11,MLB,Milwaukee Brewers,Toronto Blue Jays,0,3,2.0,1.83,0
2024-06-11,MLB,San Francisco Giants,Houston Astros,1,3,1.87,1.95,0
2024-06-11,MLB,Kansas City Royals,New York Yankees,1,10,2.15,1.74,0
2024-06-11,MLB,San Diego Padres,Athletics,4,3,1.63,2.35,1
2024-06-11,MLB,St. Louis Cardinals,Pittsburgh Pirates,1,2,2.25,1.67,0
2024-06-11,MLB,Minnesota Twins,Colorado Rockies,4,5,1.48,2.75,0
2024-06-11,MLB,Seattle Mariners,Chicago White Sox,4,3,1.54,2.55,1
2024-06-12,MLB,Baltimore Orioles,Atlanta Braves,4,0,2.2,1.71,1
2024-06-12,MLB,Tampa Bay Rays,Chicago Cubs,5,2,1.71,2.2,1
2024-06-12,MLB,Boston Red Sox,Philadelphia Phillies,1,4,2.3,1.65,0
2024-06-12,MLB,Cincinnati Reds,Cleveland Guardians,3,5,1.91,1.91,0
2024-06-12,MLB,St. Louis Cardinals,Pittsburgh Pirates,1,2,2.25,1.67,0
2024-06-12,MLB,Minnesota Twins,Colorado Rockies,4,5,1.48,2.75,0
2024-06-12,MLB,New York Mets,Miami Marlins,2,4,1.65,2.3,0
2024-06-12,MLB,San Diego Padres,Athletics,4,3,1.63,2.35,1
2024-06-12,MLB,Milwaukee Brewers,Toronto Blue Jays,0,3,2.0,1.83,0
2024-06-12,MLB,Seattle Mariners,Chicago White Sox,4,3,1.54,2.55,1
2024-06-12,MLB,Arizona Diamondbacks,Los Angeles Angels,9,4,1.63,2.35,1
2024-06-12,MLB,Kansas City Royals,New York Yankees,1,10,2.15,1.74,0
2024-06-12,MLB,Minnesota Twins,Colorado Rockies,17,9,1.4,3.05,1
2024-06-12,MLB,Los Angeles Dodgers,Texas Rangers,15,2,1.61,2.4,1
2024-06-12,MLB,San Francisco Giants,Houston Astros,1,3,1.87,1.95,0
2024-06-12,MLB,Milwaukee Brewers,Toronto Blue Jays,5,4,1.8,2.05,1
2024-06-12,MLB,San Francisco Giants,Houston Astros,5,3,1.83,2.0,1
2024-06-12,MLB,Baltimore Orioles,Atlanta Braves,4,2,1.83,2.0,1
2024-06-12,MLB,San Diego Padres,Athletics,5,4,1.45,2.8,1
2024-06-12,MLB,Detroit Tigers,Washington Nationals,5,7,1.83,2.0,0
2024-06-12,MLB,Boston Red Sox,Philadelphia Phillies,8,6,2.0,1.83,1
2024-06-12,MLB,Tampa Bay Rays,Chicago Cubs,3,4,1.91,1.91,0
2024-06-12,MLB,St. Louis Cardinals,Pittsburgh Pirates,4,2,1.56,2.5,1
2024-06-12,MLB,Cincinnati Reds,Cleveland Guardians,4,2,1.87,1.95,1
2024-06-12,MLB,New York Mets,Miami Marlins,10,4,1.65,2.3,1
2024-06-12,MLB,Arizona Diamondbacks,Los Angeles Angels,3,8,1.67,2.25,0
2024-06-12,MLB,Kansas City Royals,New York Yankees,5,11,2.35,1.63,0
2024-06-12,MLB,Los Angeles Dodgers,Texas Rangers,2,3,1.61,2.4,0
2024-06-13,MLB,Minnesota Twins,Colorado Rockies,17,9,1.4,3.05,1
2024-06-13,MLB,Milwaukee Brewers,Toronto Blue Jays,5,4,1.8,2.05,1
2024-06-13,MLB,Baltimore Orioles,Atlanta Braves,4,2,1.83,2.0,1
2024-06-13,MLB,San Francisco Giants,Houston Astros,5,3,1.83,2.0,1
2024-06-13,MLB,San Diego Padres,Athletics,5,4,1.45,2.8,1
2024-06-13,MLB,Detroit Tigers,Washington Nationals,5,7,1.83,2.0,0
2024-06-13,MLB,Tampa Bay Rays,Chicago Cubs,3,4,1.91,1.91,0
2024-06-13,MLB,Arizona Diamondbacks,Los Angeles Angels,3,8,1.67,2.25,0
2024-06-13,MLB,Kansas City Royals,New York Yankees,5,11,2.35,1.63,0
2024-06-13,MLB,Cincinnati Reds,Cleveland Guardians,4,2,1.87,1.95,1
2024-06-13,MLB,New York Mets,Miami Marlins,10,4,1.65,2.3,1
2024-06-13,MLB,Boston Red Sox,Philadelphia Phillies,8,6,2.0,1.83,1
2024-06-13,MLB,St. Louis Cardinals,Pittsburgh Pirates,4,2,1.56,2.5,1
2024-06-13,MLB,Baltimore Orioles,Atlanta Braves,3,6,1.87,1.95,0
2024-06-13,MLB,Los Angeles Dodgers,Texas Rangers,2,3,1.61,2.4,0
2024-06-13,MLB,Detroit Tigers,Washington Nationals,7,2,1.67,2.25,1
2024-06-13,MLB,Kansas City Royals,New York Yankees,4,3,2.35,1.63,1
2024-06-13,MLB,St. Louis Cardinals,Pittsburgh Pirates,4,3,1.95,1.87,1
2024-06-13,MLB,Tampa Bay Rays,Chicago Cubs,3,2,1.95,1.87,1
2024-06-13,MLB,Boston Red Sox,Philadelphia Phillies,9,3,1.95,1.87,1
2024-06-13,MLB,New York Mets,Miami Marlins,3,2,1.5,2.65,1
2024-06-13,MLB,Minnesota Twins,Athletics,6,2,1.36,3.25,1
2024-06-13,MLB,Arizona Diamondbacks,Los Angeles Angels,11,1,1.5,2.65,1
2024-06-13,MLB,Los Angeles Dodgers,Texas Rangers,1,3,1.56,2.5,0
2024-06-14,MLB,Detroit Tigers,Washington Nationals,7,2,1.67,2.25,1
2024-06-14,MLB,Baltimore Orioles,Atlanta Braves,3,6,1.87,1.95,0
2024-06-14,MLB,St. Louis Cardinals,Pittsburgh Pirates,4,3,1.95,1.87,1
2024-06-14,MLB,Kansas City Royals,New York Yankees,4,3,2.35,1.63,1
2024-06-14,MLB,Tampa Bay Rays,Chicago Cubs,3,2,1.95,1.87,1
2024-06-14,MLB,New York Mets,Miami Marlins,3,2,1.5,2.65,1
2024-06-14,MLB,Arizona Diamondbacks,Los Angeles Angels,11,1,1.5,2.65,1
2024-06-14,MLB,Minnesota Twins,Athletics,6,2,1.36,3.25,1
2024-06-14,MLB,Boston Red Sox,Philadelphia Phillies,9,3,1.95,1.87,1
2024-06-14,MLB,Los Angeles Dodgers,Texas Rangers,1,3,1.56,2.5,0
2024-06-14,MLB,Boston Red Sox,New York Yankees,1,8,2.25,1.67,0
2024-06-14,MLB,Washington Nationals,Miami Marlins,8,1,1.56,2.5,1
2024-06-14,MLB,Chicago Cubs,St. Louis Cardinals,0,3,1.83,2.0,0
2024-06-14,MLB,Toronto Blue Jays,Cleveland Guardians,1,3,1.67,2.25,0
2024-06-14,MLB,Atlanta Braves,Tampa Bay Rays,7,3,1.43,2.9,1
2024-06-14,MLB,Colorado Rockies,Pittsburgh Pirates,2,5,1.95,1.87,0
2024-06-14,MLB,New York Mets,San Diego Padres,2,1,1.91,1.91,1
2024-06-14,MLB,Arizona Diamondbacks,Chicago White Sox,7,1,1.5,2.65,1
2024-06-14,MLB,Houston Astros,Detroit Tigers,4,0,1.83,2.0,1
2024-06-14,MLB,Milwaukee Brewers,Cincinnati Reds,5,6,1.59,2.45,0
2024-06-14,MLB,San Francisco Giants,Los Angeles Angels,6,8,1.67,2.25,0
2024-06-14,MLB,Los Angeles Dodgers,Kansas City Royals,4,3,1.65,2.3,1
2024-06-14,MLB,Seattle Mariners,Texas Rangers,3,2,1.71,2.2,1
2024-06-15,MLB,Washington Nationals,Miami Marlins,8,1,1.56,2.5,1
2024-06-15,MLB,New York Mets,San Diego Padres,2,1,1.91,1.91,1
2024-06-15,MLB,Chicago Cubs,St. Louis Cardinals,0,3,1.83,2.0,0
2024-06-15,MLB,Toronto Blue Jays,Cleveland Guardians,1,3,1.67,2.25,0
2024-06-15,MLB,Boston Red Sox,New York Yankees,1,8,2.25,1.67,0
2024-06-15,MLB,Atlanta Braves,Tampa Bay Rays,7,3,1.43,2.9,1
2024-06-15,MLB,Milwaukee Brewers,Cincinnati Reds,5,6,1.59,2.45,0
2024-06-15,MLB,Colorado Rockies,Pittsburgh Pirates,2,5,1.95,1.87,0
2024-06-15,MLB,Houston Astros,Detroit Tigers,4,0,1.83,2.0,1
2024-06-15,MLB,Arizona Diamondbacks,Chicago White Sox,7,1,1.5,2.65,1
2024-06-15,MLB,Los Angeles Dodgers,Kansas City Royals,4,3,1.65,2.3,1
2024-06-15,MLB,Seattle Mariners,Texas Rangers,3,2,1.71,2.2,1
2024-06-15,MLB,San Francisco Giants,Los Angeles Angels,6,8,1.67,2.25,0
2024-06-15,MLB,San Francisco Giants,Los Angeles Angels,3,4,1.67,2.25,0
2024-06-15,MLB,Chicago Cubs,St. Louis Cardinals,5,1,1.56,2.5,1
2024-06-15,MLB,Baltimore Orioles,Philadelphia Phillies,6,2,1.53,2.6,1
2024-06-15,MLB,Milwaukee Brewers,Cincinnati Reds,3,1,1.74,2.15,1
2024-06-15,MLB,Toronto Blue Jays,Cleveland Guardians,5,0,1.8,2.05,1
2024-06-15,MLB,Atlanta Braves,Tampa Bay Rays,9,2,1.77,2.1,1
2024-06-15,MLB,Washington Nationals,Miami Marlins,4,0,1.8,2.05,1
2024-06-15,MLB,Houston Astros,Detroit Tigers,5,13,1.87,1.95,0
2024-06-15,MLB,New York Mets,San Diego Padres,5,1,1.77,2.1,1
2024-06-15,MLB,Boston Red Sox,New York Yankees,8,4,2.5,1.56,1
2024-06-15,MLB,Colorado Rockies,Pittsburgh Pirates,16,4,2.4,1.61,1
2024-06-15,MLB,Los Angeles Dodgers,Kansas City Royals,2,7,1.4,3.05,0
2024-06-15,MLB,Seattle Mariners,Texas Rangers,7,5,1.8,2.05,1
2024-06-15,MLB,Arizona Diamondbacks,Chicago White Sox,2,9,1.61,2.4,0
2024-06-16,MLB,Chicago Cubs,St. Louis Cardinals,5,1,1.56,2.5,1
2024-06-16,MLB,Chicago Cubs,St. Louis Cardinals,1,2,1.77,2.1,0
2024-06-16,MLB,Toronto Blue Jays,Cleveland Guardians,5,0,1.8,2.05,1
2024-06-16,MLB,Atlanta Braves,Tampa Bay Rays,9,2,1.77,2.1,1
2024-06-16,MLB,Houston Astros,Detroit Tigers,5,13,1.87,1.95,0
2024-06-16,MLB,Baltimore Orioles,Philadelphia Phillies,6,2,1.53,2.6,1
2024-06-16,MLB,Atlanta Braves,Tampa Bay Rays,6,8,1.8,2.05,0
2024-06-16,MLB,Milwaukee Brewers,Cincinnati Reds,3,1,1.74,2.15,1
2024-06-16,MLB,New York Mets,San Diego Padres,5,1,1.77,2.1,1
2024-06-16,MLB,San Francisco Giants,Los Angeles Angels,3,4,1.67,2.25,0
2024-06-16,MLB,Boston Red Sox,New York Yankees,8,4,2.5,1.56,1
2024-06-16,MLB,Washington Nationals,Miami Marlins,4,0,1.8,2.05,1
2024-06-16,MLB,Washington Nationals,Miami Marlins,3,1,1.83,2.0,1
2024-06-16,MLB,New York Mets,San Diego Padres,11,6,2.25,1.67,1
2024-06-16,MLB,Houston Astros,Detroit Tigers,4,1,1.61,2.4,1
2024-06-16,MLB,Los Angeles Dodgers,Kansas City Royals,2,7,1.4,3.05,0
2024-06-16,MLB,Toronto Blue Jays,Cleveland Guardians,7,6,1.83,2.0,1
2024-06-16,MLB,Milwaukee Brewers,Cincinnati Reds,5,4,1.67,2.25,1
2024-06-16,MLB,Arizona Diamondbacks,Chicago White Sox,2,9,1.61,2.4,0
2024-06-16,MLB,Baltimore Orioles,Philadelphia Phillies,8,3,1.74,2.15,1
2024-06-16,MLB,Minnesota Twins,Athletics,6,2,1.49,2.7,1
2024-06-16,MLB,San Francisco Giants,Los Angeles Angels,13,6,1.61,2.4,1
2024-06-16,MLB,Colorado Rockies,Pittsburgh Pirates,2,8,1.95,1.87,0
2024-06-16,MLB,Arizona Diamondbacks,Chicago White Sox,12,5,1.56,2.5,1
2024-06-16,MLB,Seattle Mariners,Texas Rangers,7,5,1.8,2.05,1
2024-06-16,MLB,Los Angeles Dodgers,Kansas City Royals,3,0,1.38,3.1,1
2024-06-16,MLB,Colorado Rockies,Pittsburgh Pirates,16,4,2.4,1.61,1
2024-06-16,MLB,Boston Red Sox,New York Yankees,9,3,2.15,1.74,1
2024-06-16,MLB,Minnesota Twins,Athletics,8,7,1.49,2.7,1
2024-06-16,MLB,Seattle Mariners,Texas Rangers,5,0,1.71,2.2,1
2024-06-17,MLB,Atlanta Braves,Tampa Bay Rays,6,8,1.8,2.05,0
2024-06-17,MLB,Chicago Cubs,St. Louis Cardinals,1,2,1.77,2.1,0
2024-06-17,MLB,Baltimore Orioles,Philadelphia Phillies,8,3,1.74,2.15,1
2024-06-17,MLB,Washington Nationals,Miami Marlins,3,1,1.83,2.0,1
2024-06-17,MLB,Colorado Rockies,Pittsburgh Pirates,2,8,1.95,1.87,0
2024-06-17,MLB,Toronto Blue Jays,Cleveland Guardians,7,6,1.83,2.0,1
2024-06-17,MLB,New York Mets,San Diego Padres,11,6,2.25,1.67,1
2024-06-17,MLB,Milwaukee Brewers,Cincinnati Reds,5,4,1.67,2.25,1
2024-06-17,MLB,Houston Astros,Detroit Tigers,4,1,1.61,2.4,1
2024-06-17,MLB,Minnesota Twins,Athletics,6,2,1.49,2.7,1
2024-06-17,MLB,Minnesota Twins,Athletics,8,7,1.49,2.7,1
2024-06-17,MLB,Arizona Diamondbacks,Chicago White Sox,12,5,1.56,2.5,1
2024-06-17,MLB,San Francisco Giants,Los Angeles Angels,13,6,1.61,2.4,1
2024-06-17,MLB,Seattle Mariners,Texas Rangers,5,0,1.71,2.2,1
2024-06-17,MLB,Boston Red Sox,New York Yankees,9,3,2.15,1.74,1
2024-06-17,MLB,Los Angeles Dodgers,Kansas City Royals,3,0,1.38,3.1,1
2024-06-17,MLB,Philadelphia Phillies,San Diego Padres,9,2,1.5,2.65,1
2024-06-17,MLB,Pittsburgh Pirates,Cincinnati Reds,4,1,1.54,2.55,1
2024-06-17,MLB,Toronto Blue Jays,Boston Red Sox,3,7,1.8,2.05,0
2024-06-17,MLB,Chicago Cubs,San Francisco Giants,6,7,1.87,1.95,0
2024-06-17,MLB,Atlanta Braves,Detroit Tigers,2,1,1.48,2.75,1
2024-06-17,MLB,Colorado Rockies,Los Angeles Dodgers,5,9,2.4,1.61,0
2024-06-17,MLB,Texas Rangers,New York Mets,2,14,1.71,2.2,0
2024-06-17,MLB,Los Angeles Angels,Milwaukee Brewers,5,3,2.2,1.71,1
2024-06-18,MLB,Philadelphia Phillies,San Diego Padres,9,2,1.5,2.65,1
2024-06-18,MLB,Pittsburgh Pirates,Cincinnati Reds,4,1,1.54,2.55,1
2024-06-18,MLB,Toronto Blue Jays,Boston Red Sox,3,7,1.8,2.05,0
2024-06-18,MLB,Chicago Cubs,San Francisco Giants,6,7,1.87,1.95,0
2024-06-18,MLB,Atlanta Braves,Detroit Tigers,2,1,1.48,2.75,1
2024-06-18,MLB,Colorado Rockies,Los Angeles Dodgers,5,9,2.4,1.61,0
2024-06-18,MLB,Texas Rangers,New York Mets,2,14,1.71,2.2,0
2024-06-18,MLB,Los Angeles Angels,Milwaukee Brewers,5,3,2.2,1.71,1
2024-06-18,MLB,Pittsburgh Pirates,Cincinnati Reds,1,2,2.05,1.8,0
2024-06-18,MLB,Philadelphia Phillies,San Diego Padres,4,3,1.61,2.4,1
2024-06-18,MLB,Cleveland Guardians,Seattle Mariners,5,8,1.71,2.2,0
2024-06-18,MLB,New York Yankees,Baltimore Orioles,4,2,1.71,2.2,1
2024-06-18,MLB,Toronto Blue Jays,Boston Red Sox,3,4,2.15,1.74,0
2024-06-18,MLB,Minnesota Twins,Tampa Bay Rays,7,6,1.54,2.55,1
2024-06-18,MLB,Chicago White Sox,Houston Astros,2,0,2.45,1.59,1
2024-06-18,MLB,Washington Nationals,Arizona Diamondbacks,0,5,1.8,2.05,0
2024-06-18,MLB,Atlanta Braves,Detroit Tigers,2,1,1.63,2.35,1
2024-06-18,MLB,Los Angeles Angels,Milwaukee Brewers,3,6,2.3,1.65,0
2024-06-18,MLB,Colorado Rockies,Los Angeles Dodgers,9,11,2.55,1.54,0
2024-06-18,MLB,Texas Rangers,New York Mets,6,7,2.05,1.8,0
2024-06-18,MLB,Athletics,Kansas City Royals,7,5,2.1,1.77,1
2024-06-18,MLB,Chicago Cubs,San Francisco Giants,5,2,1.91,1.91,1
2024-06-19,MLB,Cleveland Guardians,Seattle Mariners,5,8,1.71,2.2,0
2024-06-19,MLB,Texas Rangers,New York Mets,6,7,2.05,1.8,0
2024-06-19,MLB,New York Yankees,Baltimore Orioles,4,2,1.71,2.2,1
2024-06-19,MLB,Chicago Cubs,San Francisco Giants,5,2,1.91,1.91,1
2024-06-19,MLB,Toronto Blue Jays,Boston Red Sox,3,4,2.15,1.74,0
2024-06-19,MLB,Minnesota Twins,Tampa Bay Rays,7,6,1.54,2.55,1
2024-06-19,MLB,Chicago White Sox,Houston Astros,2,0,2.45,1.59,1
2024-06-19,MLB,Colorado Rockies,Los Angeles Dodgers,9,11,2.55,1.54,0
2024-06-19,MLB,Philadelphia Phillies,San Diego Padres,4,3,1.61,2.4,1
2024-06-19,MLB,Athletics,Kansas City Royals,7,5,2.1,1.77,1
2024-06-19,MLB,Atlanta Braves,Detroit Tigers,2,1,1.63,2.35,1
2024-06-19,MLB,Pittsburgh Pirates,Cincinnati Reds,1,2,2.05,1.8,0
2024-06-19,MLB,Washington Nationals,Arizona Diamondbacks,0,5,1.8,2.05,0
2024-06-19,MLB,Los Angeles Angels,Milwaukee Brewers,3,6,2.3,1.65,0
2024-06-19,MLB,Pittsburgh Pirates,Cincinnati Reds,1,0,1.77,2.1,1
2024-06-19,MLB,Texas Rangers,New York Mets,5,3,1.95,1.87,1
2024-06-19,MLB,Washington Nationals,Arizona Diamondbacks,3,1,2.45,1.59,1
2024-06-19,MLB,Chicago Cubs,San Francisco Giants,6,5,1.87,1.95,1
2024-06-19,MLB,Athletics,Kansas City Royals,5,1,2.6,1.53,1
2024-06-19,MLB,Toronto Blue Jays,Boston Red Sox,3,7,1.67,2.25,0
2024-06-19,MLB,Colorado Rockies,Los Angeles Dodgers,7,6,2.7,1.49,1
2024-06-19,MLB,Chicago White Sox,Houston Astros,1,4,1.95,1.87,0
2024-06-19,MLB,Philadelphia Phillies,San Diego Padres,2,5,1.54,2.55,0
2024-06-19,MLB,Atlanta Braves,Detroit Tigers,7,0,1.74,2.15,1
2024-06-19,MLB,Cleveland Guardians,Seattle Mariners,8,0,1.65,2.3,1
2024-06-19,MLB,Miami Marlins,St. Louis Cardinals,4,3,2.3,1.65,1
2024-06-19,MLB,Los Angeles Angels,Milwaukee Brewers,0,2,2.6,1.53,0
2024-06-20,MLB,Pittsburgh Pirates,Cincinnati Reds,1,0,1.77,2.1,1
2024-06-20,MLB,Atlanta Braves,Detroit Tigers,7,0,1.74,2.15,1
2024-06-20,MLB,Philadelphia Phillies,San Diego Padres,2,5,1.54,2.55,0
2024-06-20,MLB,Athletics,Kansas City Royals,5,1,2.6,1.53,1
2024-06-20,MLB,Colorado Rockies,Los Angeles Dodgers,7,6,2.7,1.49,1
2024-06-20,MLB,Toronto Blue Jays,Boston Red Sox,3,7,1.67,2.25,0
2024-06-20,MLB,Washington Nationals,Arizona Diamondbacks,3,1,2.45,1.59,1
2024-06-20,MLB,Cleveland Guardians,Seattle Mariners,8,0,1.65,2.3,1
2024-06-20,MLB,Chicago Cubs,San Francisco Giants,6,5,1.87,1.95,1
2024-06-20,MLB,Chicago White Sox,Houston Astros,1,4,1.95,1.87,0
2024-06-20,MLB,Los Angeles Angels,Milwaukee Brewers,0,2,2.6,1.53,0
2024-06-20,MLB,Texas Rangers,New York Mets,5,3,1.95,1.87,1
2024-06-20,MLB,Miami Marlins,St. Louis Cardinals,4,3,2.3,1.65,1
2024-06-20,MLB,Washington Nationals,Arizona Diamondbacks,2,5,1.67,2.25,0
2024-06-20,MLB,Chicago White Sox,Houston Astros,3,5,2.5,1.56,0
2024-06-20,MLB,Cleveland Guardians,Seattle Mariners,6,3,1.77,2.1,1
2024-06-20,MLB,San Diego Padres,Milwaukee Brewers,7,6,1.91,1.91,1
2024-06-20,MLB,Athletics,Kansas City Royals,2,3,2.3,1.65,0
2024-06-20,MLB,New York Yankees,Baltimore Orioles,5,17,1.61,2.4,0
2024-06-20,MLB,St. Louis Cardinals,San Francisco Giants,6,5,2.0,1.83,1
2024-06-20,MLB,Colorado Rockies,Los Angeles Dodgers,3,5,2.8,1.45,0
2024-06-21,MLB,Washington Nationals,Arizona Diamondbacks,2,5,1.67,2.25,0
2024-06-21,MLB,Colorado Rockies,Los Angeles Dodgers,3,5,2.8,1.45,0
2024-06-21,MLB,Chicago White Sox,Houston Astros,3,5,2.5,1.56,0
2024-06-21,MLB,Athletics,Kansas City Royals,2,3,2.3,1.65,0
2024-06-21,MLB,Cleveland Guardians,Seattle Mariners,6,3,1.77,2.1,1
2024-06-21,MLB,New York Yankees,Baltimore Orioles,5,17,1.61,2.4,0
2024-06-21,MLB,St. Louis Cardinals,San Francisco Giants,6,5,2.0,1.83,1
2024-06-21,MLB,San Diego Padres,Milwaukee Brewers,7,6,1.91,1.91,1
2024-06-21,MLB,Detroit Tigers,Chicago White Sox,2,1,1.56,2.5,1
2024-06-21,MLB,Chicago Cubs,New York Mets,1,11,1.67,2.25,0
2024-06-21,MLB,Pittsburgh Pirates,Tampa Bay Rays,3,10,2.15,1.74,0
2024-06-21,MLB,San Diego Padres,Milwaukee Brewers,9,5,1.63,2.35,1
2024-06-21,MLB,Philadelphia Phillies,Arizona Diamondbacks,4,5,1.71,2.2,0
2024-06-21,MLB,Texas Rangers,Kansas City Royals,6,2,1.67,2.25,1
2024-06-21,MLB,Houston Astros,Baltimore Orioles,14,11,2.25,1.67,1
2024-06-21,MLB,Cleveland Guardians,Toronto Blue Jays,7,1,1.77,2.1,1
2024-06-21,MLB,Colorado Rockies,Washington Nationals,5,11,2.05,1.8,0
2024-06-21,MLB,New York Yankees,Atlanta Braves,1,8,1.91,1.91,0
2024-06-21,MLB,Cincinnati Reds,Boston Red Sox,5,2,1.95,1.87,1
2024-06-21,MLB,Athletics,Minnesota Twins,6,5,2.35,1.63,1
2024-06-22,MLB,Chicago Cubs,New York Mets,1,11,1.67,2.25,0
2024-06-22,MLB,Detroit Tigers,Chicago White Sox,2,1,1.56,2.5,1
2024-06-22,MLB,Philadelphia Phillies,Arizona Diamondbacks,4,5,1.71,2.2,0
2024-06-22,MLB,Pittsburgh Pirates,Tampa Bay Rays,3,10,2.15,1.74,0
2024-06-22,MLB,New York Yankees,Atlanta Braves,1,8,1.91,1.91,0
2024-06-22,MLB,Houston Astros,Baltimore Orioles,14,11,2.25,1.67,1
2024-06-22,MLB,Texas Rangers,Kansas City Royals,6,2,1.67,2.25,1
2024-06-22,MLB,Cincinnati Reds,Boston Red Sox,5,2,1.95,1.87,1
2024-06-22,MLB,San Diego Padres,Milwaukee Brewers,9,5,1.63,2.35,1
2024-06-22,MLB,Athletics,Minnesota Twins,6,5,2.35,1.63,1
2024-06-22,MLB,Colorado Rockies,Washington Nationals,5,11,2.05,1.8,0
2024-06-22,MLB,Cleveland Guardians,Toronto Blue Jays,7,1,1.77,2.1,1
2024-06-22,MLB,Philadelphia Phillies,Arizona Diamondbacks,12,1,1.38,3.1,1
2024-06-22,MLB,Detroit Tigers,Chicago White Sox,1,5,1.61,2.4,0
2024-06-22,MLB,Texas Rangers,Kansas City Royals,6,0,1.67,2.25,1
2024-06-22,MLB,Pittsburgh Pirates,Tampa Bay Rays,4,3,1.87,1.95,1
2024-06-22,MLB,St. Louis Cardinals,San Francisco Giants,9,4,1.83,2.0,1
2024-06-22,MLB,Chicago Cubs,New York Mets,8,1,2.05,1.8,1
2024-06-22,MLB,Cincinnati Reds,Boston Red Sox,3,4,2.0,1.83,0
2024-06-22,MLB,Houston Astros,Baltimore Orioles,5,1,2.25,1.67,1
2024-06-22,MLB,Athletics,Minnesota Twins,2,10,2.55,1.54,0
2024-06-22,MLB,Cleveland Guardians,Toronto Blue Jays,6,3,1.67,2.25,1
2024-06-22,MLB,Miami Marlins,Seattle Mariners,0,9,2.45,1.59,0
2024-06-22,MLB,San Diego Padres,Milwaukee Brewers,6,4,2.0,1.83,1
2024-06-22,MLB,New York Yankees,Atlanta Braves,8,3,1.77,2.1,1
2024-06-22,MLB,Colorado Rockies,Washington Nationals,8,7,1.95,1.87,1
2024-06-22,MLB,Los Angeles Dodgers,Los Angeles Angels,7,2,1.25,4.2,1
2024-06-23,MLB,Detroit Tigers,Chicago White Sox,1,5,1.61,2.4,0
2024-06-23,MLB,St. Louis Cardinals,San Francisco Giants,9,4,1.83,2.0,1
2024-06-23,MLB,Chicago Cubs,New York Mets,8,1,2.05,1.8,1
2024-06-23,MLB,Philadelphia Phillies,Arizona Diamondbacks,4,1,1.42,2.95,1
2024-06-23,MLB,Pittsburgh Pirates,Tampa Bay Rays,1,3,1.61,2.4,0
2024-06-23,MLB,New York Yankees,Atlanta Braves,1,3,1.83,2.0,0
2024-06-23,MLB,Philadelphia Phillies,Arizona Diamondbacks,12,1,1.38,3.1,1
2024-06-23,MLB,Cincinnati Reds,Boston Red Sox,4,7,1.61,2.4,0
2024-06-23,MLB,Cleveland Guardians,Toronto Blue Jays,6,5,1.87,1.95,1
2024-06-23,MLB,Detroit Tigers,Chicago White Sox,11,2,1.53,2.6,1
2024-06-23,MLB,Pittsburgh Pirates,Tampa Bay Rays,4,3,1.87,1.95,1
2024-06-23,MLB,San Diego Padres,Milwaukee Brewers,6,4,2.0,1.83,1
2024-06-23,MLB,Cincinnati Reds,Boston Red Sox,3,4,2.0,1.83,0
2024-06-23,MLB,Texas Rangers,Kansas City Royals,6,0,1.67,2.25,1
2024-06-23,MLB,Los Angeles Dodgers,Los Angeles Angels,7,2,1.25,4.2,1
2024-06-23,MLB,Cleveland Guardians,Toronto Blue Jays,6,3,1.67,2.25,1
2024-06-23,MLB,Athletics,Minnesota Twins,2,10,2.55,1.54,0
2024-06-23,MLB,New York Yankees,Atlanta Braves,8,3,1.77,2.1,1
2024-06-23,MLB,Miami Marlins,Seattle Mariners,0,9,2.45,1.59,0
2024-06-23,MLB,Colorado Rockies,Washington Nationals,8,7,1.95,1.87,1
2024-06-23,MLB,Miami Marlins,Seattle Mariners,6,4,2.3,1.65,1
2024-06-23,MLB,Houston Astros,Baltimore Orioles,8,1,1.87,1.95,1
2024-06-23,MLB,Houston Astros,Baltimore Orioles,5,1,2.25,1.67,1
2024-06-23,MLB,Texas Rangers,Kansas City Royals,4,0,1.63,2.35,1
2024-06-23,MLB,St. Louis Cardinals,San Francisco Giants,5,3,1.8,2.05,1
2024-06-23,MLB,Colorado Rockies,Washington Nationals,1,2,2.1,1.77,0
2024-06-23,MLB,Chicago Cubs,New York Mets,2,5,1.91,1.91,0
2024-06-23,MLB,Athletics,Minnesota Twins,0,3,2.5,1.56,0
2024-06-23,MLB,San Diego Padres,Milwaukee Brewers,2,6,1.77,2.1,0
2024-06-24,MLB,Cincinnati Reds,Boston Red Sox,4,7,1.61,2.4,0
2024-06-24,MLB,Pittsburgh Pirates,Tampa Bay Rays,1,3,1.61,2.4,0
2024-06-24,MLB,Philadelphia Phillies,Arizona Diamondbacks,4,1,1.42,2.95,1
2024-06-24,MLB,New York Yankees,Atlanta Braves,1,3,1.83,2.0,0
2024-06-24,MLB,Cleveland Guardians,Toronto Blue Jays,6,5,1.87,1.95,1
2024-06-24,MLB,Detroit Tigers,Chicago White Sox,11,2,1.53,2.6,1
2024-06-24,MLB,Miami Marlins,Seattle Mariners,6,4,2.3,1.65,1
2024-06-24,MLB,Houston Astros,Baltimore Orioles,8,1,1.87,1.95,1
2024-06-24,MLB,St. Louis Cardinals,San Francisco Giants,5,3,1.8,2.05,1
2024-06-24,MLB,Colorado Rockies,Washington Nationals,1,2,2.1,1.77,0
2024-06-24,MLB,Texas Rangers,Kansas City Royals,4,0,1.63,2.35,1
2024-06-24,MLB,Athletics,Minnesota Twins,0,3,2.5,1.56,0
2024-06-24,MLB,San Diego Padres,Milwaukee Brewers,2,6,1.77,2.1,0
2024-06-24,MLB,Chicago Cubs,New York Mets,2,5,1.91,1.91,0
2024-06-24,MLB,Baltimore Orioles,Cleveland Guardians,2,3,1.87,1.95,0
2024-06-24,MLB,Tampa Bay Rays,Seattle Mariners,4,3,1.87,1.95,1
2024-06-24,MLB,Cincinnati Reds,Pittsburgh Pirates,11,5,1.74,2.15,1
2024-06-24,MLB,Boston Red Sox,Toronto Blue Jays,7,6,1.61,2.4,1
2024-06-24,MLB,Chicago White Sox,Los Angeles Dodgers,0,3,1.95,1.87,0
2024-06-24,MLB,Detroit Tigers,Philadelphia Phillies,1,8,2.5,1.56,0
2024-06-24,MLB,St. Louis Cardinals,Atlanta Braves,4,3,2.1,1.77,1
2024-06-24,MLB,Kansas City Royals,Miami Marlins,4,1,1.38,3.1,1
2024-06-24,MLB,Milwaukee Brewers,Texas Rangers,6,3,1.56,2.5,1
2024-06-24,MLB,Los Angeles Angels,Athletics,5,1,1.67,2.25,1
2024-06-24,MLB,San Francisco Giants,Chicago Cubs,5,4,1.95,1.87,1
2024-06-25,MLB,Tampa Bay Rays,Seattle Mariners,4,3,1.87,1.95,1
2024-06-25,MLB,Cincinnati Reds,Pittsburgh Pirates,11,5,1.74,2.15,1
2024-06-25,MLB,St. Louis Cardinals,Atlanta Braves,4,3,2.1,1.77,1
2024-06-25,MLB,Kansas City Royals,Miami Marlins,4,1,1.38,3.1,1
2024-06-25,MLB,Boston Red Sox,Toronto Blue Jays,7,6,1.61,2.4,1
2024-06-25,MLB,Chicago White Sox,Los Angeles Dodgers,0,3,1.95,1.87,0
2024-06-25,MLB,Detroit Tigers,Philadelphia Phillies,1,8,2.5,1.56,0
2024-06-25,MLB,Baltimore Orioles,Cleveland Guardians,2,3,1.87,1.95,0
2024-06-25,MLB,Milwaukee Brewers,Texas Rangers,6,3,1.56,2.5,1
2024-06-25,MLB,San Francisco Giants,Chicago Cubs,5,4,1.95,1.87,1
2024-06-25,MLB,Los Angeles Angels,Athletics,5,1,1.67,2.25,1
2024-06-25,MLB,Baltimore Orioles,Cleveland Guardians,8,10,1.63,2.35,0
2024-06-25,MLB,Detroit Tigers,Philadelphia Phillies,4,1,2.0,1.83,1
2024-06-25,MLB,Tampa Bay Rays,Seattle Mariners,11,3,2.0,1.83,1
2024-06-25,MLB,Cincinnati Reds,Pittsburgh Pirates,5,9,1.77,2.1,0
2024-06-25,MLB,Boston Red Sox,Toronto Blue Jays,4,9,1.77,2.1,0
2024-06-25,MLB,Kansas City Royals,Miami Marlins,1,2,1.53,2.6,0
2024-06-25,MLB,New York Mets,New York Yankees,9,7,2.2,1.71,1
2024-06-25,MLB,Houston Astros,Colorado Rockies,5,2,1.37,3.2,1
2024-06-25,MLB,Arizona Diamondbacks,Minnesota Twins,5,4,2.1,1.77,1
2024-06-25,MLB,San Francisco Giants,Chicago Cubs,5,1,1.83,2.0,1
2024-06-25,MLB,Milwaukee Brewers,Texas Rangers,3,1,1.91,1.91,1
2024-06-25,MLB,San Diego Padres,Washington Nationals,9,7,2.05,1.8,1
2024-06-25,MLB,Chicago White Sox,Los Angeles Dodgers,3,4,2.8,1.45,0
2024-06-25,MLB,Los Angeles Angels,Athletics,7,5,1.8,2.05,1
2024-06-26,MLB,Detroit Tigers,Philadelphia Phillies,4,1,2.0,1.83,1
2024-06-26,MLB,Baltimore Orioles,Cleveland Guardians,8,10,1.63,2.35,0
2024-06-26,MLB,Tampa Bay Rays,Seattle Mariners,11,3,2.0,1.83,1
2024-06-26,MLB,Boston Red Sox,Toronto Blue Jays,4,9,1.77,2.1,0
2024-06-26,MLB,New York Mets,New York Yankees,9,7,2.2,1.71,1
2024-06-26,MLB,Chicago White Sox,Los Angeles Dodgers,3,4,2.8,1.45,0
2024-06-26,MLB,Cincinnati Reds,Pittsburgh Pirates,5,9,1.77,2.1,0
2024-06-26,MLB,Houston Astros,Colorado Rockies,5,2,1.37,3.2,1
2024-06-26,MLB,Kansas City Royals,Miami Marlins,1,2,1.53,2.6,0
2024-06-26,MLB,Los Angeles Angels,Athletics,7,5,1.8,2.05,1
2024-06-26,MLB,Milwaukee Brewers,Texas Rangers,3,1,1.91,1.91,1
2024-06-26,MLB,San Francisco Giants,Chicago Cubs,5,1,1.83,2.0,1
2024-06-26,MLB,San Diego Padres,Washington Nationals,9,7,2.05,1.8,1
2024-06-26,MLB,Arizona Diamondbacks,Minnesota Twins,5,4,2.1,1.77,1
2024-06-26,MLB,Tampa Bay Rays,Seattle Mariners,2,5,2.0,1.83,0
2024-06-26,MLB,Cincinnati Reds,Pittsburgh Pirates,1,6,1.71,2.2,0
2024-06-26,MLB,Detroit Tigers,Philadelphia Phillies,2,6,2.4,1.61,0
2024-06-26,MLB,St. Louis Cardinals,Atlanta Braves,2,6,2.05,1.8,0
2024-06-26,MLB,Los Angeles Angels,Athletics,5,2,1.74,2.15,1
2024-06-26,MLB,Kansas City Royals,Miami Marlins,5,1,1.48,2.75,1
2024-06-26,MLB,Houston Astros,Colorado Rockies,7,1,1.53,2.6,1
2024-06-26,MLB,San Diego Padres,Washington Nationals,8,5,1.54,2.55,1
2024-06-26,MLB,Baltimore Orioles,Cleveland Guardians,4,2,1.43,2.9,1
2024-06-26,MLB,New York Mets,New York Yankees,12,2,2.05,1.8,1
2024-06-26,MLB,St. Louis Cardinals,Atlanta Braves,4,1,2.55,1.54,1
2024-06-26,MLB,Chicago White Sox,Los Angeles Dodgers,0,4,2.45,1.59,0
2024-06-26,MLB,Arizona Diamondbacks,Minnesota Twins,3,8,2.05,1.8,0
2024-06-26,MLB,San Francisco Giants,Chicago Cubs,4,3,1.87,1.95,1
2024-06-27,MLB,Tampa Bay Rays,Seattle Mariners,2,5,2.0,1.83,0
2024-06-27,MLB,Kansas City Royals,Miami Marlins,5,1,1.48,2.75,1
2024-06-27,MLB,St. Louis Cardinals,Atlanta Braves,2,6,2.05,1.8,0
2024-06-27,MLB,Cincinnati Reds,Pittsburgh Pirates,1,6,1.71,2.2,0
2024-06-27,MLB,Los Angeles Angels,Athletics,5,2,1.74,2.15,1
2024-06-27,MLB,Houston Astros,Colorado Rockies,7,1,1.53,2.6,1
2024-06-27,MLB,Detroit Tigers,Philadelphia Phillies,2,6,2.4,1.61,0
2024-06-27,MLB,San Diego Padres,Washington Nationals,8,5,1.54,2.55,1
2024-06-27,MLB,New York Mets,New York Yankees,12,2,2.05,1.8,1
2024-06-27,MLB,Baltimore Orioles,Cleveland Guardians,4,2,1.43,2.9,1
2024-06-27,MLB,Arizona Diamondbacks,Minnesota Twins,6,13,1.95,1.87,0
2024-06-27,MLB,Arizona Diamondbacks,Minnesota Twins,3,8,2.05,1.8,0
2024-06-27,MLB,Chicago White Sox,Los Angeles Dodgers,0,4,2.45,1.59,0
2024-06-27,MLB,San Francisco Giants,Chicago Cubs,4,3,1.87,1.95,1
2024-06-27,MLB,St. Louis Cardinals,Atlanta Braves,4,1,2.55,1.54,1
2024-06-27,MLB,Toronto Blue Jays,New York Yankees,9,2,2.15,1.74,1
2024-06-27,MLB,Baltimore Orioles,Texas Rangers,11,2,1.5,2.65,1
2024-06-27,MLB,Philadelphia Phillies,Miami Marlins,4,7,1.33,3.45,0
2024-06-27,MLB,Chicago White Sox,Atlanta Braves,1,0,3.4,1.33,1
2024-06-27,MLB,Kansas City Royals,Cleveland Guardians,2,1,1.95,1.87,1
2024-06-27,MLB,St. Louis Cardinals,Cincinnati Reds,4,11,1.67,2.25,0
2024-06-27,MLB,Los Angeles Angels,Detroit Tigers,5,0,2.35,1.63,1
2024-06-28,MLB,Arizona Diamondbacks,Minnesota Twins,6,13,1.95,1.87,0
2024-06-28,MLB,Philadelphia Phillies,Miami Marlins,4,7,1.33,3.45,0
2024-06-28,MLB,Chicago White Sox,Atlanta Braves,1,0,3.4,1.33,1
2024-06-28,MLB,Baltimore Orioles,Texas Rangers,11,2,1.5,2.65,1
2024-06-28,MLB,Toronto Blue Jays,New York Yankees,9,2,2.15,1.74,1
2024-06-28,MLB,Kansas City Royals,Cleveland Guardians,2,1,1.95,1.87,1
2024-06-28,MLB,Los Angeles Angels,Detroit Tigers,5,0,2.35,1.63,1
2024-06-28,MLB,St. Louis Cardinals,Cincinnati Reds,4,11,1.67,2.25,0
2024-06-28,MLB,Philadelphia Phillies,Miami Marlins,2,0,1.48,2.75,1
2024-06-28,MLB,Toronto Blue Jays,New York Yankees,5,16,1.91,1.91,0
2024-06-28,MLB,Boston Red Sox,San Diego Padres,2,9,1.63,2.35,0
2024-06-28,MLB,Tampa Bay Rays,Washington Nationals,3,1,1.54,2.55,1
2024-06-28,MLB,Chicago White Sox,Colorado Rockies,5,3,1.67,2.25,1
2024-06-28,MLB,Los Angeles Angels,Detroit Tigers,5,2,2.05,1.8,1
2024-06-28,MLB,Kansas City Royals,Cleveland Guardians,10,3,1.95,1.87,1
2024-06-28,MLB,Atlanta Braves,Pittsburgh Pirates,6,1,1.5,2.65,1
2024-06-28,MLB,Arizona Diamondbacks,Athletics,4,9,1.54,2.55,0
2024-06-28,MLB,San Francisco Giants,Los Angeles Dodgers,5,3,1.77,2.1,1
2024-06-28,MLB,New York Mets,Houston Astros,7,2,1.87,1.95,1
2024-06-28,MLB,St. Louis Cardinals,Cincinnati Reds,1,0,1.77,2.1,1
2024-06-28,MLB,Baltimore Orioles,Texas Rangers,2,1,1.87,1.95,1
2024-06-28,MLB,Milwaukee Brewers,Chicago Cubs,4,2,1.77,2.1,1
2024-06-29,MLB,Philadelphia Phillies,Miami Marlins,2,0,1.48,2.75,1
2024-06-29,MLB,Tampa Bay Rays,Washington Nationals,3,1,1.54,2.55,1
2024-06-29,MLB,Baltimore Orioles,Texas Rangers,2,1,1.87,1.95,1
2024-06-29,MLB,Atlanta Braves,Pittsburgh Pirates,6,1,1.5,2.65,1
2024-06-29,MLB,St. Louis Cardinals,Cincinnati Reds,1,0,1.77,2.1,1
2024-06-29,MLB,Toronto Blue Jays,New York Yankees,5,16,1.91,1.91,0
2024-06-29,MLB,Boston Red Sox,San Diego Padres,2,9,1.63,2.35,0
2024-06-29,MLB,New York Mets,Houston Astros,7,2,1.87,1.95,1
2024-06-29,MLB,Kansas City Royals,Cleveland Guardians,10,3,1.95,1.87,1
2024-06-29,MLB,Chicago White Sox,Colorado Rockies,5,3,1.67,2.25,1
2024-06-29,MLB,Milwaukee Brewers,Chicago Cubs,4,2,1.77,2.1,1
2024-06-29,MLB,Arizona Diamondbacks,Athletics,4,9,1.54,2.55,0
2024-06-29,MLB,San Francisco Giants,Los Angeles Dodgers,5,3,1.77,2.1,1
2024-06-29,MLB,Los Angeles Angels,Detroit Tigers,5,2,2.05,1.8,1
2024-06-29,MLB,Philadelphia Phillies,Miami Marlins,2,3,1.38,3.1,0
2024-06-29,MLB,Chicago White Sox,Colorado Rockies,11,3,1.87,1.95,1
2024-06-29,MLB,St. Louis Cardinals,Cincinnati Reds,4,9,1.5,2.65,0
2024-06-29,MLB,Toronto Blue Jays,New York Yankees,9,3,2.15,1.74,1
2024-06-29,MLB,Arizona Diamondbacks,Athletics,3,0,1.5,2.65,1
2024-06-29,MLB,Boston Red Sox,San Diego Padres,1,11,1.71,2.2,0
2024-06-29,MLB,Milwaukee Brewers,Chicago Cubs,3,5,1.83,2.0,0
2024-06-29,MLB,Tampa Bay Rays,Washington Nationals,1,8,1.71,2.2,0
2024-06-29,MLB,Baltimore Orioles,Texas Rangers,6,5,1.59,2.45,1
2024-06-29,MLB,Kansas City Royals,Cleveland Guardians,2,7,2.0,1.83,0
2024-06-29,MLB,New York Mets,Houston Astros,6,9,1.83,2.0,0
2024-06-29,MLB,Seattle Mariners,Minnesota Twins,1,5,2.0,1.83,0
2024-06-30,MLB,St. Louis Cardinals,Cincinnati Reds,4,9,1.5,2.65,0
2024-06-30,MLB,Chicago White Sox,Colorado Rockies,11,3,1.87,1.95,1
2024-06-30,MLB,Philadelphia Phillies,Miami Marlins,7,6,1.38,3.1,1
2024-06-30,MLB,Toronto Blue Jays,New York Yankees,1,8,1.91,1.91,0
2024-06-30,MLB,Atlanta Braves,Pittsburgh Pirates,2,4,1.49,2.7,0
2024-06-30,MLB,Tampa Bay Rays,Washington Nationals,5,0,1.5,2.65,1
2024-06-30,MLB,Boston Red Sox,San Diego Padres,4,1,1.87,1.95,1
2024-06-30,MLB,Philadelphia Phillies,Miami Marlins,2,3,1.38,3.1,0
2024-06-30,MLB,Arizona Diamondbacks,Athletics,3,0,1.5,2.65,1
2024-06-30,MLB,Boston Red Sox,San Diego Padres,1,11,1.71,2.2,0
2024-06-30,MLB,Toronto Blue Jays,New York Yankees,9,3,2.15,1.74,1
2024-06-30,MLB,Kansas City Royals,Cleveland Guardians,6,2,1.77,2.1,1
2024-06-30,MLB,Los Angeles Angels,Detroit Tigers,6,7,1.91,1.91,0
2024-06-30,MLB,St. Louis Cardinals,Cincinnati Reds,2,0,1.8,2.05,1
2024-06-30,MLB,Tampa Bay Rays,Washington Nationals,1,8,1.71,2.2,0
2024-06-30,MLB,San Francisco Giants,Los Angeles Dodgers,10,4,2.05,1.8,1
2024-06-30,MLB,Baltimore Orioles,Texas Rangers,6,5,1.59,2.45,1
2024-06-30,MLB,New York Mets,Houston Astros,6,9,1.83,2.0,0
2024-06-30,MLB,Milwaukee Brewers,Chicago Cubs,7,1,1.5,2.65,1
2024-06-30,MLB,Seattle Mariners,Minnesota Twins,1,5,2.0,1.83,0
2024-06-30,MLB,Arizona Diamondbacks,Athletics,5,1,1.5,2.65,1
2024-06-30,MLB,Kansas City Royals,Cleveland Guardians,2,7,2.0,1.83,0
2024-06-30,MLB,Seattle Mariners,Minnesota Twins,3,5,1.95,1.87,0
2024-06-30,MLB,Milwaukee Brewers,Chicago Cubs,3,5,1.83,2.0,0
2024-06-30,MLB,Baltimore Orioles,Texas Rangers,2,11,1.61,2.4,0
2024-07-01,MLB,Atlanta Braves,Pittsburgh Pirates,2,4,1.49,2.7,0
2024-07-01,MLB,Boston Red Sox,San Diego Padres,4,1,1.87,1.95,1
2024-07-01,MLB,Philadelphia Phillies,Miami Marlins,7,6,1.38,3.1,1
2024-07-01,MLB,Toronto Blue Jays,New York Yankees,1,8,1.91,1.91,0
2024-07-01,MLB,Kansas City Royals,Cleveland Guardians,6,2,1.77,2.1,1
2024-07-01,MLB,Los Angeles Angels,Detroit Tigers,6,7,1.91,1.91,0
2024-07-01,MLB,Milwaukee Brewers,Chicago Cubs,7,1,1.5,2.65,1
2024-07-01,MLB,Toronto Blue Jays,Houston Astros,1,3,2.1,1.77,0
2024-07-01,MLB,Seattle Mariners,Minnesota Twins,3,5,1.95,1.87,0
2024-07-01,MLB,Baltimore Orioles,Texas Rangers,2,11,1.61,2.4,0
2024-07-01,MLB,San Francisco Giants,Los Angeles Dodgers,10,4,2.05,1.8,1
2024-07-01,MLB,St. Louis Cardinals,Cincinnati Reds,2,0,1.8,2.05,1
2024-07-01,MLB,Arizona Diamondbacks,Athletics,5,1,1.5,2.65,1
2024-07-01,MLB,Tampa Bay Rays,Washington Nationals,5,0,1.5,2.65,1
2024-07-02,MLB,Cleveland Guardians,Chicago White Sox,7,6,1.48,2.75,1
2024-07-02,MLB,Toronto Blue Jays,Houston Astros,1,3,2.1,1.77,0
2024-07-02,MLB,Pittsburgh Pirates,St. Louis Cardinals,4,7,1.83,2.0,0
2024-07-02,MLB,Miami Marlins,Boston Red Sox,3,8,2.35,1.63,0
2024-07-02,MLB,New York Yankees,Cincinnati Reds,4,5,1.45,2.8,0
2024-07-02,MLB,Chicago Cubs,Philadelphia Phillies,4,6,1.8,2.05,0
2024-07-02,MLB,Texas Rangers,San Diego Padres,7,0,1.91,1.91,1
2024-07-02,MLB,Minnesota Twins,Detroit Tigers,5,3,1.8,2.05,1
2024-07-02,MLB,Atlanta Braves,San Francisco Giants,3,5,1.5,2.65,0
2024-07-02,MLB,Kansas City Royals,Tampa Bay Rays,1,5,1.87,1.95,0
2024-07-02,MLB,Athletics,Los Angeles Angels,7,5,1.91,1.91,1
2024-07-02,MLB,Colorado Rockies,Milwaukee Brewers,3,4,1.95,1.87,0
2024-07-02,MLB,Toronto Blue Jays,Houston Astros,7,6,1.91,1.91,1
2024-07-02,MLB,Los Angeles Dodgers,Arizona Diamondbacks,6,5,1.5,2.65,1
2024-07-02,MLB,Seattle Mariners,Baltimore Orioles,0,2,1.91,1.91,0
2024-07-03,MLB,Cleveland Guardians,Chicago White Sox,7,6,1.48,2.75,1
2024-07-03,MLB,Miami Marlins,Boston Red Sox,3,8,2.35,1.63,0
2024-07-03,MLB,Atlanta Braves,San Francisco Giants,3,5,1.5,2.65,0
2024-07-03,MLB,Pittsburgh Pirates,St. Louis Cardinals,4,7,1.83,2.0,0
2024-07-03,MLB,New York Yankees,Cincinnati Reds,4,5,1.45,2.8,0
2024-07-03,MLB,Minnesota Twins,Detroit Tigers,5,3,1.8,2.05,1
2024-07-03,MLB,Toronto Blue Jays,Houston Astros,7,6,1.91,1.91,1
2024-07-03,MLB,Athletics,Los Angeles Angels,7,5,1.91,1.91,1
2024-07-03,MLB,Chicago Cubs,Philadelphia Phillies,4,6,1.8,2.05,0
2024-07-03,MLB,Colorado Rockies,Milwaukee Brewers,3,4,1.95,1.87,0
2024-07-03,MLB,Kansas City Royals,Tampa Bay Rays,1,5,1.87,1.95,0
2024-07-03,MLB,Texas Rangers,San Diego Padres,7,0,1.91,1.91,1
2024-07-03,MLB,Los Angeles Dodgers,Arizona Diamondbacks,6,5,1.5,2.65,1
2024-07-03,MLB,Cleveland Guardians,Chicago White Sox,2,8,1.45,2.8,0
2024-07-03,MLB,Seattle Mariners,Baltimore Orioles,0,2,1.91,1.91,0
2024-07-03,MLB,Miami Marlins,Boston Red Sox,2,7,2.1,1.77,0
2024-07-03,MLB,Washington Nationals,New York Mets,7,5,2.15,1.74,1
2024-07-03,MLB,Atlanta Braves,San Francisco Giants,3,1,1.5,2.65,1
2024-07-03,MLB,Kansas City Royals,Tampa Bay Rays,4,2,1.91,1.91,1
2024-07-03,MLB,Toronto Blue Jays,Houston Astros,2,9,1.91,1.91,0
2024-07-03,MLB,Chicago Cubs,Philadelphia Phillies,3,5,1.95,1.87,0
2024-07-03,MLB,New York Yankees,Cincinnati Reds,2,3,1.54,2.55,0
2024-07-03,MLB,Los Angeles Dodgers,Arizona Diamondbacks,4,12,1.49,2.7,0
2024-07-03,MLB,Colorado Rockies,Milwaukee Brewers,0,3,2.5,1.56,0
2024-07-03,MLB,Athletics,Los Angeles Angels,5,0,1.91,1.91,1
2024-07-03,MLB,Seattle Mariners,Baltimore Orioles,1,4,1.71,2.2,0
2024-07-03,MLB,Minnesota Twins,Detroit Tigers,2,9,1.59,2.45,0
2024-07-03,MLB,Texas Rangers,San Diego Padres,4,6,1.63,2.35,0
2024-07-04,MLB,Miami Marlins,Boston Red Sox,2,7,2.1,1.77,0
2024-07-04,MLB,Cleveland Guardians,Chicago White Sox,2,8,1.45,2.8,0
2024-07-04,MLB,New York Yankees,Cincinnati Reds,2,3,1.54,2.55,0
2024-07-04,MLB,Washington Nationals,New York Mets,7,5,2.15,1.74,1
2024-07-04,MLB,Toronto Blue Jays,Houston Astros,2,9,1.91,1.91,0
2024-07-04,MLB,Atlanta Braves,San Francisco Giants,3,1,1.5,2.65,1
2024-07-04,MLB,Texas Rangers,San Diego Padres,4,6,1.63,2.35,0
2024-07-04,MLB,Kansas City Royals,Tampa Bay Rays,4,2,1.91,1.91,1
2024-07-04,MLB,Minnesota Twins,Detroit Tigers,2,9,1.59,2.45,0
2024-07-04,MLB,Chicago Cubs,Philadelphia Phillies,3,5,1.95,1.87,0
2024-07-04,MLB,Los Angeles Dodgers,Arizona Diamondbacks,4,12,1.49,2.7,0
2024-07-04,MLB,Colorado Rockies,Milwaukee Brewers,0,3,2.5,1.56,0
2024-07-04,MLB,Seattle Mariners,Baltimore Orioles,1,4,1.71,2.2,0
2024-07-04,MLB,Athletics,Los Angeles Angels,5,0,1.91,1.91,1
2024-07-04,MLB,Washington Nationals,New York Mets,1,0,1.95,1.87,1
2024-07-04,MLB,New York Yankees,Cincinnati Reds,4,8,1.56,2.5,0
2024-07-04,MLB,Toronto Blue Jays,Houston Astros,3,5,1.87,1.95,0
2024-07-04,MLB,Cleveland Guardians,Chicago White Sox,8,4,1.44,2.85,1
2024-07-04,MLB,Chicago Cubs,Philadelphia Phillies,10,2,2.05,1.8,1
2024-07-04,MLB,Texas Rangers,San Diego Padres,1,3,1.87,1.95,0
2024-07-04,MLB,Kansas City Royals,Tampa Bay Rays,8,10,1.95,1.87,0
2024-07-04,MLB,Seattle Mariners,Baltimore Orioles,7,3,2.25,1.67,1
2024-07-04,MLB,Minnesota Twins,Detroit Tigers,12,3,1.56,2.5,1
2024-07-04,MLB,Atlanta Braves,San Francisco Giants,2,4,1.77,2.1,0
2024-07-04,MLB,Athletics,Los Angeles Angels,5,0,1.87,1.95,1
2024-07-04,MLB,Colorado Rockies,Milwaukee Brewers,4,3,2.15,1.74,1
2024-07-04,MLB,Los Angeles Dodgers,Arizona Diamondbacks,3,9,1.83,2.0,0
2024-07-05,MLB,Washington Nationals,New York Mets,1,0,1.95,1.87,1
2024-07-05,MLB,New York Yankees,Cincinnati Reds,4,8,1.56,2.5,0
2024-07-05,MLB,Cleveland Guardians,Chicago White Sox,8,4,1.44,2.85,1
2024-07-05,MLB,Toronto Blue Jays,Houston Astros,3,5,1.87,1.95,0
2024-07-05,MLB,Minnesota Twins,Detroit Tigers,12,3,1.56,2.5,1
2024-07-05,MLB,Seattle Mariners,Baltimore Orioles,7,3,2.25,1.67,1
2024-07-05,MLB,Atlanta Braves,San Francisco Giants,2,4,1.77,2.1,0
2024-07-05,MLB,Kansas City Royals,Tampa Bay Rays,8,10,1.95,1.87,0
2024-07-05,MLB,Chicago Cubs,Philadelphia Phillies,10,2,2.05,1.8,1
2024-07-05,MLB,Texas Rangers,San Diego Padres,1,3,1.87,1.95,0
2024-07-05,MLB,Athletics,Los Angeles Angels,5,0,1.87,1.95,1
2024-07-05,MLB,Colorado Rockies,Milwaukee Brewers,4,3,2.15,1.74,1
2024-07-05,MLB,Los Angeles Dodgers,Arizona Diamondbacks,3,9,1.83,2.0,0
2024-07-05,MLB,Chicago Cubs,Los Angeles Angels,5,1,1.54,2.55,1
2024-07-05,MLB,Pittsburgh Pirates,New York Mets,14,2,1.71,2.2,1
2024-07-05,MLB,Cincinnati Reds,Detroit Tigers,4,5,1.77,2.1,0
2024-07-05,MLB,Texas Rangers,Tampa Bay Rays,3,0,1.91,1.91,1
2024-07-05,MLB,Miami Marlins,Chicago White Sox,2,3,1.74,2.15,0
2024-07-05,MLB,Cleveland Guardians,San Francisco Giants,2,4,1.54,2.55,0
2024-07-05,MLB,Athletics,Baltimore Orioles,2,3,2.4,1.61,0
2024-07-05,MLB,Colorado Rockies,Kansas City Royals,4,2,2.5,1.56,1
2024-07-05,MLB,Seattle Mariners,Toronto Blue Jays,2,1,1.74,2.15,1
2024-07-05,MLB,Minnesota Twins,Houston Astros,12,13,1.67,2.25,0
2024-07-05,MLB,Atlanta Braves,Philadelphia Phillies,6,8,1.74,2.15,0
2024-07-05,MLB,San Diego Padres,Arizona Diamondbacks,10,8,2.0,1.83,1
2024-07-05,MLB,Los Angeles Dodgers,Milwaukee Brewers,8,5,1.48,2.75,1
2024-07-06,MLB,Pittsburgh Pirates,New York Mets,14,2,1.71,2.2,1
2024-07-06,MLB,Chicago Cubs,Los Angeles Angels,5,1,1.54,2.55,1
2024-07-06,MLB,Cincinnati Reds,Detroit Tigers,4,5,1.77,2.1,0
2024-07-06,MLB,Cleveland Guardians,San Francisco Giants,2,4,1.54,2.55,0
2024-07-06,MLB,Miami Marlins,Chicago White Sox,2,3,1.74,2.15,0
2024-07-06,MLB,Atlanta Braves,Philadelphia Phillies,6,8,1.74,2.15,0
2024-07-06,MLB,Minnesota Twins,Houston Astros,12,13,1.67,2.25,0
2024-07-06,MLB,Colorado Rockies,Kansas City Royals,4,2,2.5,1.56,1
2024-07-06,MLB,Texas Rangers,Tampa Bay Rays,3,0,1.91,1.91,1
2024-07-06,MLB,Athletics,Baltimore Orioles,2,3,2.4,1.61,0
2024-07-06,MLB,Seattle Mariners,Toronto Blue Jays,2,1,1.74,2.15,1
2024-07-06,MLB,San Diego Padres,Arizona Diamondbacks,10,8,2.0,1.83,1
2024-07-06,MLB,Los Angeles Dodgers,Milwaukee Brewers,8,5,1.48,2.75,1
2024-07-06,MLB,Minnesota Twins,Houston Astros,9,3,1.71,2.2,1
2024-07-06,MLB,New York Yankees,Boston Red Sox,14,4,1.56,2.5,1
2024-07-06,MLB,Texas Rangers,Tampa Bay Rays,4,3,1.87,1.95,1
2024-07-06,MLB,Pittsburgh Pirates,New York Mets,2,5,2.1,1.77,0
2024-07-06,MLB,Chicago Cubs,Los Angeles Angels,0,7,1.65,2.3,0
2024-07-06,MLB,Washington Nationals,St. Louis Cardinals,14,6,1.74,2.15,1
2024-07-06,MLB,Athletics,Baltimore Orioles,19,8,2.3,1.65,1
2024-07-06,MLB,Cincinnati Reds,Detroit Tigers,3,5,1.63,2.35,0
2024-07-06,MLB,Cleveland Guardians,San Francisco Giants,5,4,1.74,2.15,1
2024-07-06,MLB,Atlanta Braves,Philadelphia Phillies,5,1,1.8,2.05,1
2024-07-06,MLB,Los Angeles Dodgers,Milwaukee Brewers,5,3,1.91,1.91,1
2024-07-06,MLB,Miami Marlins,Chicago White Sox,4,3,2.3,1.65,1
2024-07-06,MLB,Seattle Mariners,Toronto Blue Jays,4,5,1.91,1.91,0
2024-07-06,MLB,Colorado Rockies,Kansas City Royals,3,1,2.45,1.59,1
2024-07-07,MLB,New York Yankees,Boston Red Sox,14,4,1.56,2.5,1
2024-07-07,MLB,Minnesota Twins,Houston Astros,9,3,1.71,2.2,1
2024-07-07,MLB,Washington Nationals,St. Louis Cardinals,14,6,1.74,2.15,1
2024-07-07,MLB,Pittsburgh Pirates,New York Mets,2,5,2.1,1.77,0
2024-07-07,MLB,Chicago Cubs,Los Angeles Angels,0,7,1.65,2.3,0
2024-07-07,MLB,Athletics,Baltimore Orioles,19,8,2.3,1.65,1
2024-07-07,MLB,Texas Rangers,Tampa Bay Rays,4,3,1.87,1.95,1
2024-07-07,MLB,Cleveland Guardians,San Francisco Giants,5,4,1.74,2.15,1
2024-07-07,MLB,Cincinnati Reds,Detroit Tigers,3,5,1.63,2.35,0
2024-07-07,MLB,Washington Nationals,St. Louis Cardinals,3,8,1.91,1.91,0
2024-07-07,MLB,Atlanta Braves,Philadelphia Phillies,6,0,1.63,2.35,1
2024-07-07,MLB,Pittsburgh Pirates,New York Mets,2,3,2.1,1.77,0
2024-07-07,MLB,Minnesota Twins,Houston Astros,3,2,1.67,2.25,1
2024-07-07,MLB,Cincinnati Reds,Detroit Tigers,1,5,2.15,1.74,0
2024-07-07,MLB,Colorado Rockies,Kansas City Royals,1,10,2.45,1.59,0
2024-07-07,MLB,Texas Rangers,Tampa Bay Rays,13,2,1.74,2.15,1
2024-07-07,MLB,Chicago Cubs,Los Angeles Angels,5,0,1.71,2.2,1
2024-07-07,MLB,Cleveland Guardians,San Francisco Giants,5,4,1.74,2.15,1
2024-07-07,MLB,Miami Marlins,Chicago White Sox,7,4,1.67,2.25,1
2024-07-07,MLB,Athletics,Baltimore Orioles,3,6,2.5,1.56,0
2024-07-07,MLB,San Diego Padres,Arizona Diamondbacks,1,9,1.56,2.5,0
2024-07-07,MLB,Los Angeles Dodgers,Milwaukee Brewers,2,9,1.59,2.45,0
2024-07-07,MLB,Miami Marlins,Chicago White Sox,4,3,2.3,1.65,1
2024-07-07,MLB,Colorado Rockies,Kansas City Royals,3,1,2.45,1.59,1
2024-07-07,MLB,Los Angeles Dodgers,Milwaukee Brewers,5,3,1.91,1.91,1
2024-07-07,MLB,Seattle Mariners,Toronto Blue Jays,4,5,1.91,1.91,0
2024-07-07,MLB,New York Yankees,Boston Red Sox,0,3,1.77,2.1,0
2024-07-07,MLB,Atlanta Braves,Philadelphia Phillies,5,1,1.8,2.05,1
2024-07-08,MLB,Atlanta Braves,Philadelphia Phillies,6,0,1.63,2.35,1
2024-07-08,MLB,Cincinnati Reds,Detroit Tigers,1,5,2.15,1.74,0
2024-07-08,MLB,Washington Nationals,St. Louis Cardinals,3,8,1.91,1.91,0
2024-07-08,MLB,Pittsburgh Pirates,New York Mets,2,3,2.1,1.77,0
2024-07-08,MLB,Miami Marlins,Chicago White Sox,7,4,1.67,2.25,1
2024-07-08,MLB,Texas Rangers,Tampa Bay Rays,13,2,1.74,2.15,1
2024-07-08,MLB,Cleveland Guardians,San Francisco Giants,5,4,1.74,2.15,1
2024-07-08,MLB,Minnesota Twins,Houston Astros,3,2,1.67,2.25,1
2024-07-08,MLB,Chicago Cubs,Los Angeles Angels,5,0,1.71,2.2,1
2024-07-08,MLB,Los Angeles Dodgers,Milwaukee Brewers,2,9,1.59,2.45,0
2024-07-08,MLB,Athletics,Baltimore Orioles,3,6,2.5,1.56,0
2024-07-08,MLB,Colorado Rockies,Kansas City Royals,1,10,2.45,1.59,0
2024-07-08,MLB,San Diego Padres,Arizona Diamondbacks,1,9,1.56,2.5,0
2024-07-08,MLB,Pittsburgh Pirates,New York Mets,8,2,1.83,2.0,1
2024-07-08,MLB,Detroit Tigers,Cleveland Guardians,1,0,2.2,1.71,1
2024-07-08,MLB,New York Yankees,Boston Red Sox,0,3,1.77,2.1,0
2024-07-08,MLB,Cincinnati Reds,Colorado Rockies,6,0,1.59,2.45,1
2024-07-08,MLB,Washington Nationals,St. Louis Cardinals,0,6,1.87,1.95,0
2024-07-08,MLB,Los Angeles Angels,Texas Rangers,4,9,2.3,1.65,0
2024-07-09,MLB,Washington Nationals,St. Louis Cardinals,0,6,1.87,1.95,0
2024-07-09,MLB,Pittsburgh Pirates,New York Mets,8,2,1.83,2.0,1
2024-07-09,MLB,Detroit Tigers,Cleveland Guardians,1,0,2.2,1.71,1
2024-07-09,MLB,Cincinnati Reds,Colorado Rockies,6,0,1.59,2.45,1
2024-07-09,MLB,Los Angeles Angels,Texas Rangers,4,9,2.3,1.65,0
2024-07-09,MLB,Boston Red Sox,Athletics,12,9,1.48,2.75,1
2024-07-09,MLB,Baltimore Orioles,Chicago Cubs,2,9,1.56,2.5,0
2024-07-09,MLB,Tampa Bay Rays,New York Yankees,5,3,2.0,1.83,1
2024-07-09,MLB,Arizona Diamondbacks,Atlanta Braves,2,6,2.0,1.83,0
2024-07-09,MLB,Philadelphia Phillies,Los Angeles Dodgers,10,1,1.61,2.4,1
2024-07-09,MLB,Milwaukee Brewers,Pittsburgh Pirates,2,12,1.63,2.35,0
2024-07-09,MLB,Cincinnati Reds,Colorado Rockies,12,6,1.5,2.65,1
2024-07-09,MLB,New York Mets,Washington Nationals,7,5,1.71,2.2,1
2024-07-09,MLB,San Diego Padres,Seattle Mariners,3,8,2.15,1.74,0
2024-07-09,MLB,Houston Astros,Miami Marlins,4,3,1.42,2.95,1
2024-07-09,MLB,Los Angeles Angels,Texas Rangers,4,5,2.5,1.56,0
2024-07-09,MLB,San Francisco Giants,Toronto Blue Jays,4,3,1.77,2.1,1
2024-07-10,MLB,Philadelphia Phillies,Los Angeles Dodgers,10,1,1.61,2.4,1
2024-07-10,MLB,Tampa Bay Rays,New York Yankees,5,3,2.0,1.83,1
2024-07-10,MLB,Baltimore Orioles,Chicago Cubs,2,9,1.56,2.5,0
2024-07-10,MLB,Boston Red Sox,Athletics,12,9,1.48,2.75,1
2024-07-10,MLB,Milwaukee Brewers,Pittsburgh Pirates,2,12,1.63,2.35,0
2024-07-10,MLB,New York Mets,Washington Nationals,7,5,1.71,2.2,1
2024-07-10,MLB,Houston Astros,Miami Marlins,4,3,1.42,2.95,1
2024-07-10,MLB,Cincinnati Reds,Colorado Rockies,12,6,1.5,2.65,1
2024-07-10,MLB,Arizona Diamondbacks,Atlanta Braves,2,6,2.0,1.83,0
2024-07-10,MLB,Los Angeles Angels,Texas Rangers,4,5,2.5,1.56,0
2024-07-10,MLB,San Francisco Giants,Toronto Blue Jays,4,3,1.77,2.1,1
2024-07-10,MLB,San Diego Padres,Seattle Mariners,3,8,2.15,1.74,0
2024-07-10,MLB,Chicago White Sox,Minnesota Twins,3,1,2.35,1.63,1
2024-07-10,MLB,Tampa Bay Rays,New York Yankees,1,2,1.8,2.05,0
2024-07-10,MLB,St. Louis Cardinals,Kansas City Royals,4,6,1.67,2.25,0
2024-07-10,MLB,Philadelphia Phillies,Los Angeles Dodgers,4,3,1.71,2.2,1
2024-07-10,MLB,New York Mets,Washington Nationals,6,2,1.53,2.6,1
2024-07-10,MLB,San Diego Padres,Seattle Mariners,0,2,1.67,2.25,0
2024-07-10,MLB,Detroit Tigers,Cleveland Guardians,5,4,2.25,1.67,1
2024-07-10,MLB,Boston Red Sox,Athletics,2,5,1.5,2.65,0
2024-07-10,MLB,St. Louis Cardinals,Kansas City Royals,5,8,1.8,2.05,0
2024-07-10,MLB,Houston Astros,Miami Marlins,9,1,1.43,2.9,1
2024-07-10,MLB,Chicago White Sox,Minnesota Twins,2,3,2.7,1.49,0
2024-07-10,MLB,Baltimore Orioles,Chicago Cubs,0,4,1.56,2.5,0
2024-07-10,MLB,Milwaukee Brewers,Pittsburgh Pirates,9,0,1.63,2.35,1
2024-07-10,MLB,Los Angeles Angels,Texas Rangers,7,2,2.05,1.8,1
2024-07-10,MLB,Cincinnati Reds,Colorado Rockies,5,6,1.53,2.6,0
2024-07-10,MLB,Arizona Diamondbacks,Atlanta Braves,7,5,1.87,1.95,1
2024-07-10,MLB,San Francisco Giants,Toronto Blue Jays,6,10,1.63,2.35,0
2024-07-11,MLB,St. Louis Cardinals,Kansas City Royals,4,6,1.67,2.25,0
2024-07-11,MLB,Detroit Tigers,Cleveland Guardians,5,4,2.25,1.67,1
2024-07-11,MLB,Baltimore Orioles,Chicago Cubs,0,4,1.56,2.5,0
2024-07-11,MLB,Chicago White Sox,Minnesota Twins,3,1,2.35,1.63,1
2024-07-11,MLB,Chicago White Sox,Minnesota Twins,2,3,2.7,1.49,0
2024-07-11,MLB,San Diego Padres,Seattle Mariners,0,2,1.67,2.25,0
2024-07-11,MLB,Philadelphia Phillies,Los Angeles Dodgers,4,3,1.71,2.2,1
2024-07-11,MLB,Tampa Bay Rays,New York Yankees,1,2,1.8,2.05,0
2024-07-11,MLB,Cincinnati Reds,Colorado Rockies,5,6,1.53,2.6,0
2024-07-11,MLB,Boston Red Sox,Athletics,2,5,1.5,2.65,0
2024-07-11,MLB,New York Mets,Washington Nationals,6,2,1.53,2.6,1
2024-07-11,MLB,St. Louis Cardinals,Kansas City Royals,5,8,1.8,2.05,0
2024-07-11,MLB,Houston Astros,Miami Marlins,9,1,1.43,2.9,1
2024-07-11,MLB,Milwaukee Brewers,Pittsburgh Pirates,9,0,1.63,2.35,1
2024-07-11,MLB,Arizona Diamondbacks,Atlanta Braves,7,5,1.87,1.95,1
2024-07-11,MLB,Los Angeles Angels,Texas Rangers,7,2,2.05,1.8,1
2024-07-11,MLB,San Francisco Giants,Toronto Blue Jays,6,10,1.63,2.35,0
2024-07-11,MLB,Detroit Tigers,Cleveland Guardians,10,1,1.8,2.05,1
2024-07-11,MLB,Baltimore Orioles,Chicago Cubs,0,8,1.74,2.15,0
2024-07-11,MLB,Cincinnati Reds,Colorado Rockies,8,1,1.49,2.7,1
2024-07-11,MLB,San Francisco Giants,Toronto Blue Jays,3,5,1.77,2.1,0
2024-07-11,MLB,Milwaukee Brewers,Pittsburgh Pirates,0,1,2.0,1.83,0
2024-07-11,MLB,Tampa Bay Rays,New York Yankees,5,4,1.95,1.87,1
2024-07-11,MLB,Boston Red Sox,Athletics,7,0,1.43,2.9,1
2024-07-11,MLB,Philadelphia Phillies,Los Angeles Dodgers,5,1,1.65,2.3,1
2024-07-11,MLB,New York Mets,Washington Nationals,7,0,1.67,2.25,1
2024-07-11,MLB,Houston Astros,Miami Marlins,6,3,1.54,2.55,1
2024-07-11,MLB,Arizona Diamondbacks,Atlanta Braves,1,0,2.0,1.83,1
2024-07-11,MLB,Los Angeles Angels,Seattle Mariners,0,11,2.4,1.61,0
2024-07-12,MLB,Detroit Tigers,Cleveland Guardians,10,1,1.8,2.05,1
2024-07-12,MLB,New York Mets,Washington Nationals,7,0,1.67,2.25,1
2024-07-12,MLB,San Francisco Giants,Toronto Blue Jays,3,5,1.77,2.1,0
2024-07-12,MLB,Milwaukee Brewers,Pittsburgh Pirates,0,1,2.0,1.83,0
2024-07-12,MLB,Philadelphia Phillies,Los Angeles Dodgers,5,1,1.65,2.3,1
2024-07-12,MLB,Baltimore Orioles,Chicago Cubs,0,8,1.74,2.15,0
2024-07-12,MLB,Cincinnati Reds,Colorado Rockies,8,1,1.49,2.7,1
2024-07-12,MLB,Tampa Bay Rays,New York Yankees,5,4,1.95,1.87,1
2024-07-12,MLB,Boston Red Sox,Athletics,7,0,1.43,2.9,1
2024-07-12,MLB,Los Angeles Angels,Seattle Mariners,0,11,2.4,1.61,0
2024-07-12,MLB,Houston Astros,Miami Marlins,6,3,1.54,2.55,1
2024-07-12,MLB,Arizona Diamondbacks,Atlanta Braves,1,0,2.0,1.83,1
2024-07-12,MLB,Baltimore Orioles,New York Yankees,1,4,2.1,1.77,0
2024-07-12,MLB,Philadelphia Phillies,Athletics,2,6,1.38,3.1,0
2024-07-12,MLB,Tampa Bay Rays,Cleveland Guardians,2,0,1.74,2.15,1
2024-07-12,MLB,Cincinnati Reds,Miami Marlins,7,4,1.56,2.5,1
2024-07-12,MLB,Boston Red Sox,Kansas City Royals,1,6,1.95,1.87,0
2024-07-12,MLB,Detroit Tigers,Los Angeles Dodgers,3,4,1.67,2.25,0
2024-07-12,MLB,Chicago White Sox,Pittsburgh Pirates,1,4,1.59,2.45,0
2024-07-12,MLB,New York Mets,Colorado Rockies,7,6,1.36,3.3,1
2024-07-12,MLB,Houston Astros,Texas Rangers,6,3,1.67,2.25,1
2024-07-12,MLB,Milwaukee Brewers,Washington Nationals,2,5,1.37,3.2,0
2024-07-12,MLB,St. Louis Cardinals,Chicago Cubs,1,5,1.74,2.15,0
2024-07-12,MLB,Arizona Diamondbacks,Toronto Blue Jays,5,4,1.8,2.05,1
2024-07-12,MLB,San Francisco Giants,Minnesota Twins,7,1,2.25,1.67,1
2024-07-12,MLB,San Diego Padres,Atlanta Braves,1,6,1.83,2.0,0
2024-07-13,MLB,Detroit Tigers,Los Angeles Dodgers,3,4,1.67,2.25,0
2024-07-13,MLB,Philadelphia Phillies,Athletics,2,6,1.38,3.1,0
2024-07-13,MLB,Tampa Bay Rays,Cleveland Guardians,2,0,1.74,2.15,1
2024-07-13,MLB,Boston Red Sox,Kansas City Royals,1,6,1.95,1.87,0
2024-07-13,MLB,Baltimore Orioles,New York Yankees,1,4,2.1,1.77,0
2024-07-13,MLB,Cincinnati Reds,Miami Marlins,7,4,1.56,2.5,1
2024-07-13,MLB,New York Mets,Colorado Rockies,7,6,1.36,3.3,1
2024-07-13,MLB,Chicago White Sox,Pittsburgh Pirates,1,4,1.59,2.45,0
2024-07-13,MLB,San Diego Padres,Atlanta Braves,1,6,1.83,2.0,0
2024-07-13,MLB,Houston Astros,Texas Rangers,6,3,1.67,2.25,1
2024-07-13,MLB,Milwaukee Brewers,Washington Nationals,2,5,1.37,3.2,0
2024-07-13,MLB,Arizona Diamondbacks,Toronto Blue Jays,5,4,1.8,2.05,1
2024-07-13,MLB,St. Louis Cardinals,Chicago Cubs,1,5,1.74,2.15,0
2024-07-13,MLB,San Francisco Giants,Minnesota Twins,7,1,2.25,1.67,1
2024-07-13,MLB,Philadelphia Phillies,Athletics,11,5,1.54,2.55,1
2024-07-13,MLB,Chicago White Sox,Pittsburgh Pirates,2,6,2.15,1.74,0
2024-07-13,MLB,St. Louis Cardinals,Chicago Cubs,11,3,1.67,2.25,1
2024-07-13,MLB,Boston Red Sox,Kansas City Royals,5,0,1.74,2.15,1
2024-07-13,MLB,Cincinnati Reds,Miami Marlins,10,6,1.65,2.3,1
2024-07-13,MLB,Baltimore Orioles,New York Yankees,1,6,1.71,2.2,0
2024-07-13,MLB,San Francisco Giants,Minnesota Twins,2,4,1.83,2.0,0
2024-07-13,MLB,San Diego Padres,Atlanta Braves,4,0,1.74,2.15,1
2024-07-13,MLB,New York Mets,Colorado Rockies,7,3,1.48,2.75,1
2024-07-13,MLB,Milwaukee Brewers,Washington Nationals,5,6,1.74,2.15,0
2024-07-13,MLB,Tampa Bay Rays,Cleveland Guardians,2,4,1.95,1.87,0
2024-07-13,MLB,Arizona Diamondbacks,Toronto Blue Jays,12,1,1.74,2.15,1
2024-07-13,MLB,Los Angeles Angels,Seattle Mariners,2,1,2.25,1.67,1
2024-07-14,MLB,Chicago White Sox,Pittsburgh Pirates,2,6,2.15,1.74,0
2024-07-14,MLB,St. Louis Cardinals,Chicago Cubs,11,3,1.67,2.25,1
2024-07-14,MLB,Cincinnati Reds,Miami Marlins,10,6,1.65,2.3,1
2024-07-14,MLB,Philadelphia Phillies,Athletics,11,5,1.54,2.55,1
2024-07-14,MLB,Milwaukee Brewers,Washington Nationals,5,6,1.74,2.15,0
2024-07-14,MLB,Baltimore Orioles,New York Yankees,1,6,1.71,2.2,0
2024-07-14,MLB,Boston Red Sox,Kansas City Royals,5,0,1.74,2.15,1
2024-07-14,MLB,San Francisco Giants,Minnesota Twins,2,4,1.83,2.0,0
2024-07-14,MLB,San Diego Padres,Atlanta Braves,4,0,1.74,2.15,1
2024-07-14,MLB,Tampa Bay Rays,Cleveland Guardians,2,4,1.95,1.87,0
2024-07-14,MLB,Los Angeles Angels,Seattle Mariners,2,1,2.25,1.67,1
2024-07-14,MLB,Arizona Diamondbacks,Toronto Blue Jays,12,1,1.74,2.15,1
2024-07-14,MLB,Baltimore Orioles,New York Yankees,6,5,2.0,1.83,1
2024-07-14,MLB,Boston Red Sox,Kansas City Royals,5,4,1.67,2.25,1
2024-07-14,MLB,Cincinnati Reds,Miami Marlins,2,3,1.54,2.55,0
2024-07-14,MLB,Philadelphia Phillies,Athletics,3,18,1.41,3.0,0
2024-07-14,MLB,Detroit Tigers,Los Angeles Dodgers,4,3,2.15,1.74,1
2024-07-14,MLB,New York Mets,Colorado Rockies,7,3,1.48,2.75,1
2024-07-14,MLB,New York Mets,Colorado Rockies,5,8,1.5,2.65,0
2024-07-14,MLB,Houston Astros,Texas Rangers,2,4,1.8,2.05,0
2024-07-14,MLB,Milwaukee Brewers,Washington Nationals,9,3,1.67,2.25,1
2024-07-14,MLB,Chicago White Sox,Pittsburgh Pirates,4,9,2.55,1.54,0
2024-07-14,MLB,St. Louis Cardinals,Chicago Cubs,3,8,1.77,2.1,0
2024-07-14,MLB,Los Angeles Angels,Seattle Mariners,3,2,2.35,1.63,1
2024-07-14,MLB,San Francisco Giants,Minnesota Twins,3,2,1.63,2.35,1
2024-07-14,MLB,Tampa Bay Rays,Cleveland Guardians,2,0,1.77,2.1,1
2024-07-14,MLB,Arizona Diamondbacks,Toronto Blue Jays,7,8,1.67,2.25,0
2024-07-14,MLB,San Diego Padres,Atlanta Braves,3,6,2.45,1.59,0
2024-07-15,MLB,Baltimore Orioles,New York Yankees,6,5,2.0,1.83,1
2024-07-15,MLB,Philadelphia Phillies,Athletics,3,18,1.41,3.0,0
2024-07-15,MLB,Boston Red Sox,Kansas City Royals,5,4,1.67,2.25,1
2024-07-15,MLB,New York Mets,Colorado Rockies,5,8,1.5,2.65,0
2024-07-15,MLB,Detroit Tigers,Los Angeles Dodgers,4,3,2.15,1.74,1
2024-07-15,MLB,Cincinnati Reds,Miami Marlins,2,3,1.54,2.55,0
2024-07-15,MLB,Houston Astros,Texas Rangers,2,4,1.8,2.05,0
2024-07-15,MLB,Chicago White Sox,Pittsburgh Pirates,4,9,2.55,1.54,0
2024-07-15,MLB,Tampa Bay Rays,Cleveland Guardians,2,0,1.77,2.1,1
2024-07-15,MLB,Milwaukee Brewers,Washington Nationals,9,3,1.67,2.25,1
2024-07-15,MLB,San Francisco Giants,Minnesota Twins,3,2,1.63,2.35,1
2024-07-15,MLB,Los Angeles Angels,Seattle Mariners,3,2,2.35,1.63,1
2024-07-15,MLB,St. Louis Cardinals,Chicago Cubs,3,8,1.77,2.1,0
2024-07-15,MLB,Arizona Diamondbacks,Toronto Blue Jays,7,8,1.67,2.25,0
2024-07-15,MLB,San Diego Padres,Atlanta Braves,3,6,2.45,1.59,0
2024-07-19,MLB,Washington Nationals,Cincinnati Reds,8,5,2.1,1.77,1
2024-07-19,MLB,Chicago Cubs,Arizona Diamondbacks,2,5,1.67,2.25,0
2024-07-19,MLB,Pittsburgh Pirates,Philadelphia Phillies,8,7,2.45,1.59,1
2024-07-19,MLB,Los Angeles Dodgers,Boston Red Sox,4,1,1.74,2.15,1
2024-07-19,MLB,Athletics,Los Angeles Angels,13,3,1.83,2.0,1
2024-07-19,MLB,Texas Rangers,Baltimore Orioles,1,9,2.0,1.83,0
2024-07-19,MLB,Seattle Mariners,Houston Astros,0,3,1.91,1.91,0
2024-07-19,MLB,Kansas City Royals,Chicago White Sox,7,1,1.42,2.95,1
2024-07-19,MLB,Toronto Blue Jays,Detroit Tigers,4,5,1.74,2.15,0
2024-07-19,MLB,Cleveland Guardians,San Diego Padres,7,0,1.61,2.4,1
2024-07-19,MLB,Miami Marlins,New York Mets,6,4,2.1,1.77,1
2024-07-19,MLB,Colorado Rockies,San Francisco Giants,7,3,2.15,1.74,1
2024-07-19,MLB,New York Yankees,Tampa Bay Rays,6,1,1.59,2.45,1
2024-07-20,MLB,Chicago Cubs,Arizona Diamondbacks,2,5,1.67,2.25,0
2024-07-20,MLB,Pittsburgh Pirates,Philadelphia Phillies,8,7,2.45,1.59,1
2024-07-20,MLB,Washington Nationals,Cincinnati Reds,8,5,2.1,1.77,1
2024-07-20,MLB,Texas Rangers,Baltimore Orioles,1,9,2.0,1.83,0
2024-07-20,MLB,Athletics,Los Angeles Angels,13,3,1.83,2.0,1
2024-07-20,MLB,Cleveland Guardians,San Diego Padres,7,0,1.61,2.4,1
2024-07-20,MLB,Los Angeles Dodgers,Boston Red Sox,4,1,1.74,2.15,1
2024-07-20,MLB,Kansas City Royals,Chicago White Sox,7,1,1.42,2.95,1
2024-07-20,MLB,New York Yankees,Tampa Bay Rays,6,1,1.59,2.45,1
2024-07-20,MLB,Miami Marlins,New York Mets,6,4,2.1,1.77,1
2024-07-20,MLB,Toronto Blue Jays,Detroit Tigers,4,5,1.74,2.15,0
2024-07-20,MLB,Colorado Rockies,San Francisco Giants,7,3,2.15,1.74,1
2024-07-20,MLB,Seattle Mariners,Houston Astros,0,3,1.91,1.91,0
2024-07-20,MLB,Athletics,Los Angeles Angels,8,2,1.67,2.25,1
2024-07-20,MLB,New York Yankees,Tampa Bay Rays,1,9,1.65,2.3,0
2024-07-20,MLB,Toronto Blue Jays,Detroit Tigers,3,7,1.87,1.95,0
2024-07-20,MLB,Miami Marlins,New York Mets,0,1,2.4,1.61,0
2024-07-20,MLB,Texas Rangers,Baltimore Orioles,4,8,1.87,1.95,0
2024-07-20,MLB,Washington Nationals,Cincinnati Reds,5,4,2.05,1.8,1
2024-07-20,MLB,Kansas City Royals,Chicago White Sox,6,1,1.41,3.0,1
2024-07-20,MLB,Pittsburgh Pirates,Philadelphia Phillies,4,1,2.45,1.59,1
2024-07-20,MLB,Cleveland Guardians,San Diego Padres,0,7,1.87,1.95,0
2024-07-20,MLB,Atlanta Braves,St. Louis Cardinals,5,9,1.67,2.25,0
2024-07-20,MLB,Colorado Rockies,San Francisco Giants,4,3,2.4,1.61,1
2024-07-20,MLB,Seattle Mariners,Houston Astros,2,4,1.77,2.1,0
2024-07-20,MLB,Chicago Cubs,Arizona Diamondbacks,0,3,2.2,1.71,0
2024-07-21,MLB,Toronto Blue Jays,Detroit Tigers,3,7,1.87,1.95,0
2024-07-21,MLB,New York Yankees,Tampa Bay Rays,1,9,1.65,2.3,0
2024-07-21,MLB,Miami Marlins,New York Mets,0,1,2.4,1.61,0
2024-07-21,MLB,Athletics,Los Angeles Angels,8,2,1.67,2.25,1
2024-07-21,MLB,Pittsburgh Pirates,Philadelphia Phillies,4,1,2.45,1.59,1
2024-07-21,MLB,Washington Nationals,Cincinnati Reds,5,4,2.05,1.8,1
2024-07-21,MLB,Texas Rangers,Baltimore Orioles,4,8,1.87,1.95,0
2024-07-21,MLB,Kansas City Royals,Chicago White Sox,6,1,1.41,3.0,1
2024-07-21,MLB,Atlanta Braves,St. Louis Cardinals,5,9,1.67,2.25,0
2024-07-21,MLB,Cleveland Guardians,San Diego Padres,0,7,1.87,1.95,0
2024-07-21,MLB,Chicago Cubs,Arizona Diamondbacks,0,3,2.2,1.71,0
2024-07-21,MLB,Colorado Rockies,San Francisco Giants,4,3,2.4,1.61,1
2024-07-21,MLB,Seattle Mariners,Houston Astros,2,4,1.77,2.1,0
2024-07-21,MLB,Pittsburgh Pirates,Philadelphia Phillies,0,6,2.0,1.83,0
2024-07-21,MLB,Washington Nationals,Cincinnati Reds,5,2,1.91,1.91,1
2024-07-21,MLB,Minnesota Twins,Milwaukee Brewers,7,8,1.61,2.4,0
2024-07-21,MLB,Atlanta Braves,St. Louis Cardinals,2,6,1.71,2.2,0
2024-07-21,MLB,Cleveland Guardians,San Diego Padres,1,2,1.91,1.91,0
2024-07-21,MLB,Miami Marlins,New York Mets,4,2,2.2,1.71,1
2024-07-21,MLB,Kansas City Royals,Chicago White Sox,4,1,1.42,2.95,1
2024-07-21,MLB,Athletics,Los Angeles Angels,5,8,1.8,2.05,0
2024-07-21,MLB,New York Yankees,Tampa Bay Rays,4,6,1.67,2.25,0
2024-07-21,MLB,Colorado Rockies,San Francisco Giants,2,3,2.15,1.74,0
2024-07-21,MLB,Seattle Mariners,Houston Astros,6,4,1.87,1.95,1
2024-07-21,MLB,Texas Rangers,Baltimore Orioles,3,2,1.74,2.15,1
2024-07-21,MLB,Toronto Blue Jays,Detroit Tigers,5,4,1.59,2.45,1
2024-07-21,MLB,Los Angeles Dodgers,Boston Red Sox,9,6,1.87,1.95,1
2024-07-22,MLB,Atlanta Braves,St. Louis Cardinals,2,6,1.71,2.2,0
2024-07-22,MLB,Minnesota Twins,Milwaukee Brewers,7,8,1.61,2.4,0
2024-07-22,MLB,New York Yankees,Tampa Bay Rays,4,6,1.67,2.25,0
2024-07-22,MLB,Pittsburgh Pirates,Philadelphia Phillies,0,6,2.0,1.83,0
2024-07-22,MLB,Washington Nationals,Cincinnati Reds,5,2,1.91,1.91,1
2024-07-22,MLB,Texas Rangers,Baltimore Orioles,3,2,1.74,2.15,1
2024-07-22,MLB,Athletics,Los Angeles Angels,5,8,1.8,2.05,0
2024-07-22,MLB,Toronto Blue Jays,Detroit Tigers,5,4,1.59,2.45,1
2024-07-22,MLB,Kansas City Royals,Chicago White Sox,4,1,1.42,2.95,1
2024-07-22,MLB,Colorado Rockies,San Francisco Giants,2,3,2.15,1.74,0
2024-07-22,MLB,Seattle Mariners,Houston Astros,6,4,1.87,1.95,1
2024-07-22,MLB,Miami Marlins,New York Mets,4,2,2.2,1.71,1
2024-07-22,MLB,Cleveland Guardians,Detroit Tigers,2,8,2.2,1.71,0
2024-07-22,MLB,Miami Marlins,New York Mets,4,6,2.25,1.67,0
2024-07-22,MLB,Los Angeles Dodgers,Boston Red Sox,9,6,1.87,1.95,1
2024-07-22,MLB,Cleveland Guardians,San Diego Padres,1,2,1.91,1.91,0
2024-07-22,MLB,New York Yankees,Tampa Bay Rays,9,1,1.59,2.45,1
2024-07-22,MLB,Pittsburgh Pirates,St. Louis Cardinals,2,1,1.8,2.05,1
2024-07-22,MLB,Minnesota Twins,Philadelphia Phillies,7,0,1.95,1.87,1
2024-07-22,MLB,Atlanta Braves,Cincinnati Reds,1,4,1.67,2.25,0
2024-07-22,MLB,Chicago Cubs,Milwaukee Brewers,3,1,2.05,1.8,1
2024-07-22,MLB,Kansas City Royals,Arizona Diamondbacks,10,4,1.67,2.25,1
2024-07-22,MLB,Athletics,Houston Astros,4,0,2.25,1.67,1
2024-07-22,MLB,Los Angeles Dodgers,San Francisco Giants,3,2,1.8,2.05,1
2024-07-22,MLB,Seattle Mariners,Los Angeles Angels,0,3,1.63,2.35,0
2024-07-23,MLB,New York Yankees,Tampa Bay Rays,9,1,1.59,2.45,1
2024-07-23,MLB,Cleveland Guardians,Detroit Tigers,2,8,2.2,1.71,0
2024-07-23,MLB,Miami Marlins,New York Mets,4,6,2.25,1.67,0
2024-07-23,MLB,Minnesota Twins,Philadelphia Phillies,7,0,1.95,1.87,1
2024-07-23,MLB,Pittsburgh Pirates,St. Louis Cardinals,2,1,1.8,2.05,1
2024-07-23,MLB,Atlanta Braves,Cincinnati Reds,1,4,1.67,2.25,0
2024-07-23,MLB,Los Angeles Dodgers,San Francisco Giants,3,2,1.8,2.05,1
2024-07-23,MLB,Kansas City Royals,Arizona Diamondbacks,10,4,1.67,2.25,1
2024-07-23,MLB,Seattle Mariners,Los Angeles Angels,0,3,1.63,2.35,0
2024-07-23,MLB,Chicago Cubs,Milwaukee Brewers,3,1,2.05,1.8,1
2024-07-23,MLB,Washington Nationals,San Diego Padres,0,4,1.83,2.0,0
2024-07-23,MLB,Toronto Blue Jays,Tampa Bay Rays,2,4,1.74,2.15,0
2024-07-23,MLB,Athletics,Houston Astros,4,0,2.25,1.67,1
2024-07-23,MLB,Cleveland Guardians,Detroit Tigers,5,4,1.74,2.15,1
2024-07-23,MLB,New York Yankees,New York Mets,2,3,1.65,2.3,0
2024-07-23,MLB,Pittsburgh Pirates,St. Louis Cardinals,1,2,1.56,2.5,0
2024-07-23,MLB,Minnesota Twins,Philadelphia Phillies,0,3,2.25,1.67,0
2024-07-23,MLB,Chicago Cubs,Milwaukee Brewers,0,1,1.91,1.91,0
2024-07-23,MLB,Texas Rangers,Chicago White Sox,3,2,1.74,2.15,1
2024-07-23,MLB,Kansas City Royals,Arizona Diamondbacks,2,6,1.91,1.91,0
2024-07-23,MLB,Athletics,Houston Astros,8,2,2.15,1.74,1
2024-07-23,MLB,Colorado Rockies,Boston Red Sox,0,6,2.3,1.65,0
2024-07-23,MLB,Seattle Mariners,Los Angeles Angels,1,5,1.61,2.4,0
2024-07-23,MLB,Los Angeles Dodgers,San Francisco Giants,5,2,1.65,2.3,1
2024-07-23,MLB,Miami Marlins,Baltimore Orioles,6,3,2.4,1.61,1
2024-07-24,MLB,Cleveland Guardians,Detroit Tigers,5,4,1.74,2.15,1
2024-07-24,MLB,Washington Nationals,San Diego Padres,0,4,1.83,2.0,0
2024-07-24,MLB,Toronto Blue Jays,Tampa Bay Rays,2,4,1.74,2.15,0
2024-07-24,MLB,Pittsburgh Pirates,St. Louis Cardinals,1,2,1.56,2.5,0
2024-07-24,MLB,New York Yankees,New York Mets,2,3,1.65,2.3,0
2024-07-24,MLB,Minnesota Twins,Philadelphia Phillies,0,3,2.25,1.67,0
2024-07-24,MLB,Chicago Cubs,Milwaukee Brewers,0,1,1.91,1.91,0
2024-07-24,MLB,Texas Rangers,Chicago White Sox,3,2,1.74,2.15,1
2024-07-24,MLB,Kansas City Royals,Arizona Diamondbacks,2,6,1.91,1.91,0
2024-07-24,MLB,Colorado Rockies,Boston Red Sox,0,6,2.3,1.65,0
2024-07-24,MLB,Los Angeles Dodgers,San Francisco Giants,5,2,1.65,2.3,1
2024-07-24,MLB,Seattle Mariners,Los Angeles Angels,1,5,1.61,2.4,0
2024-07-24,MLB,Athletics,Houston Astros,8,2,2.15,1.74,1
2024-07-24,MLB,Miami Marlins,Baltimore Orioles,6,3,2.4,1.61,1
2024-07-24,MLB,Atlanta Braves,Cincinnati Reds,4,9,1.0,1.0,0
2024-07-24,MLB,Pittsburgh Pirates,St. Louis Cardinals,5,0,1.91,1.91,1
2024-07-24,MLB,Chicago Cubs,Milwaukee Brewers,2,3,1.67,2.25,0
2024-07-24,MLB,Minnesota Twins,Philadelphia Phillies,5,4,2.15,1.74,1
2024-07-24,MLB,Colorado Rockies,Boston Red Sox,20,7,2.25,1.67,1
2024-07-24,MLB,Cleveland Guardians,Detroit Tigers,2,0,1.65,2.3,1
2024-07-24,MLB,Miami Marlins,Baltimore Orioles,6,3,2.25,1.67,1
2024-07-24,MLB,Athletics,Houston Astros,1,8,2.35,1.63,0
2024-07-24,MLB,Seattle Mariners,Los Angeles Angels,1,2,1.61,2.4,0
2024-07-24,MLB,Texas Rangers,Chicago White Sox,10,2,1.36,3.3,1
2024-07-24,MLB,Washington Nationals,San Diego Padres,0,12,1.91,1.91,0
2024-07-24,MLB,New York Yankees,New York Mets,3,12,1.56,2.5,0
2024-07-24,MLB,Kansas City Royals,Arizona Diamondbacks,6,8,1.8,2.05,0
2024-07-24,MLB,Toronto Blue Jays,Tampa Bay Rays,6,3,2.0,1.83,1
2024-07-24,MLB,Los Angeles Dodgers,San Francisco Giants,3,8,1.54,2.55,0
2024-07-25,MLB,Atlanta Braves,Cincinnati Reds,4,9,1.0,1.0,0
2024-07-25,MLB,Pittsburgh Pirates,St. Louis Cardinals,5,0,1.91,1.91,1
2024-07-25,MLB,Chicago Cubs,Milwaukee Brewers,2,3,1.67,2.25,0
2024-07-25,MLB,Colorado Rockies,Boston Red Sox,20,7,2.25,1.67,1
2024-07-25,MLB,Minnesota Twins,Philadelphia Phillies,5,4,2.15,1.74,1
2024-07-25,MLB,Athletics,Houston Astros,1,8,2.35,1.63,0
2024-07-25,MLB,Seattle Mariners,Los Angeles Angels,1,2,1.61,2.4,0
2024-07-25,MLB,Cleveland Guardians,Detroit Tigers,2,0,1.65,2.3,1
2024-07-25,MLB,Miami Marlins,Baltimore Orioles,6,3,2.25,1.67,1
2024-07-25,MLB,Texas Rangers,Chicago White Sox,10,2,1.36,3.3,1
2024-07-25,MLB,Toronto Blue Jays,Tampa Bay Rays,6,3,2.0,1.83,1
2024-07-25,MLB,Washington Nationals,San Diego Padres,0,12,1.91,1.91,0
2024-07-25,MLB,Kansas City Royals,Arizona Diamondbacks,6,8,1.8,2.05,0
2024-07-25,MLB,New York Yankees,New York Mets,3,12,1.56,2.5,0
2024-07-25,MLB,Los Angeles Dodgers,San Francisco Giants,3,8,1.54,2.55,0
2024-07-25,MLB,Washington Nationals,San Diego Padres,0,0,2.35,1.63,0
2024-07-25,MLB,Toronto Blue Jays,Tampa Bay Rays,0,13,1.91,1.91,0
2024-07-25,MLB,Cleveland Guardians,Detroit Tigers,0,3,1.67,2.25,0
2024-07-25,MLB,Texas Rangers,Chicago White Sox,2,1,1.4,3.05,1
2024-07-25,MLB,Los Angeles Dodgers,San Francisco Giants,6,4,1.77,2.1,1
2024-07-25,MLB,Los Angeles Angels,Athletics,5,6,1.91,1.91,0
2024-07-26,MLB,Washington Nationals,San Diego Padres,0,0,2.35,1.63,0
2024-07-26,MLB,Cleveland Guardians,Detroit Tigers,0,3,1.67,2.25,0
2024-07-26,MLB,Toronto Blue Jays,Tampa Bay Rays,0,13,1.91,1.91,0
2024-07-26,MLB,Texas Rangers,Chicago White Sox,2,1,1.4,3.05,1
2024-07-26,MLB,Los Angeles Dodgers,San Francisco Giants,6,4,1.77,2.1,1
2024-07-26,MLB,Los Angeles Angels,Athletics,5,6,1.91,1.91,0
2024-07-26,MLB,Baltimore Orioles,San Diego Padres,4,6,1.49,2.7,0
2024-07-26,MLB,Philadelphia Phillies,Cleveland Guardians,1,3,1.5,2.65,0
2024-07-26,MLB,Detroit Tigers,Minnesota Twins,3,9,2.6,1.53,0
2024-07-26,MLB,Toronto Blue Jays,Texas Rangers,6,5,1.87,1.95,1
2024-07-26,MLB,Kansas City Royals,Chicago Cubs,6,0,1.65,2.3,1
2024-07-26,MLB,Chicago White Sox,Seattle Mariners,0,10,2.5,1.56,0
2024-07-26,MLB,Milwaukee Brewers,Miami Marlins,2,6,1.4,3.05,0
2024-07-26,MLB,Los Angeles Angels,Athletics,4,5,1.83,2.0,0
2024-07-26,MLB,San Francisco Giants,Colorado Rockies,11,4,1.56,2.5,1
2024-07-26,MLB,Houston Astros,Los Angeles Dodgers,5,0,1.71,2.2,1
2024-07-26,MLB,Boston Red Sox,New York Yankees,9,7,2.05,1.8,1
2024-07-26,MLB,Arizona Diamondbacks,Pittsburgh Pirates,4,3,1.59,2.45,1
2024-07-26,MLB,New York Mets,Atlanta Braves,8,4,1.74,2.15,1
2024-07-27,MLB,Detroit Tigers,Minnesota Twins,3,9,2.6,1.53,0
2024-07-27,MLB,Philadelphia Phillies,Cleveland Guardians,1,3,1.5,2.65,0
2024-07-27,MLB,Toronto Blue Jays,Texas Rangers,6,5,1.87,1.95,1
2024-07-27,MLB,Baltimore Orioles,San Diego Padres,4,6,1.49,2.7,0
2024-07-27,MLB,New York Mets,Atlanta Braves,8,4,1.74,2.15,1
2024-07-27,MLB,Boston Red Sox,New York Yankees,9,7,2.05,1.8,1
2024-07-27,MLB,Chicago White Sox,Seattle Mariners,0,10,2.5,1.56,0
2024-07-27,MLB,Milwaukee Brewers,Miami Marlins,2,6,1.4,3.05,0
2024-07-27,MLB,Houston Astros,Los Angeles Dodgers,5,0,1.71,2.2,1
2024-07-27,MLB,Kansas City Royals,Chicago Cubs,6,0,1.65,2.3,1
2024-07-27,MLB,Arizona Diamondbacks,Pittsburgh Pirates,4,3,1.59,2.45,1
2024-07-27,MLB,Los Angeles Angels,Athletics,4,5,1.83,2.0,0
2024-07-27,MLB,San Francisco Giants,Colorado Rockies,11,4,1.56,2.5,1
2024-07-27,MLB,Philadelphia Phillies,Cleveland Guardians,8,0,1.63,2.35,1
2024-07-27,MLB,Baltimore Orioles,San Diego Padres,4,9,2.0,1.83,0
2024-07-27,MLB,Houston Astros,Los Angeles Dodgers,7,6,1.63,2.35,1
2024-07-27,MLB,New York Mets,Atlanta Braves,0,4,1.8,2.05,0
2024-07-27,MLB,Toronto Blue Jays,Texas Rangers,7,3,1.71,2.2,1
2024-07-27,MLB,Tampa Bay Rays,Cincinnati Reds,4,0,1.83,2.0,1
2024-07-27,MLB,Milwaukee Brewers,Miami Marlins,3,7,1.59,2.45,0
2024-07-27,MLB,Kansas City Royals,Chicago Cubs,4,9,1.74,2.15,0
2024-07-27,MLB,Detroit Tigers,Minnesota Twins,7,2,2.0,1.83,1
2024-07-27,MLB,San Francisco Giants,Colorado Rockies,4,1,1.42,2.95,1
2024-07-27,MLB,Los Angeles Angels,Athletics,1,3,1.74,2.15,0
2024-07-27,MLB,St. Louis Cardinals,Washington Nationals,3,14,1.63,2.35,0
2024-07-27,MLB,Chicago White Sox,Seattle Mariners,3,6,2.3,1.65,0
2024-07-27,MLB,Arizona Diamondbacks,Pittsburgh Pirates,9,5,1.54,2.55,1
2024-07-27,MLB,San Francisco Giants,Colorado Rockies,5,0,1.44,2.85,1
2024-07-28,MLB,Tampa Bay Rays,Cincinnati Reds,4,0,1.83,2.0,1
2024-07-28,MLB,Baltimore Orioles,San Diego Padres,4,9,2.0,1.83,0
2024-07-28,MLB,Detroit Tigers,Minnesota Twins,7,2,2.0,1.83,1
2024-07-28,MLB,Toronto Blue Jays,Texas Rangers,7,3,1.71,2.2,1
2024-07-28,MLB,New York Mets,Atlanta Braves,0,4,1.8,2.05,0
2024-07-28,MLB,Philadelphia Phillies,Cleveland Guardians,8,0,1.63,2.35,1
2024-07-28,MLB,Milwaukee Brewers,Miami Marlins,3,7,1.59,2.45,0
2024-07-28,MLB,Houston Astros,Los Angeles Dodgers,7,6,1.63,2.35,1
2024-07-28,MLB,San Francisco Giants,Colorado Rockies,4,1,1.42,2.95,1
2024-07-28,MLB,San Francisco Giants,Colorado Rockies,5,0,1.44,2.85,1
2024-07-28,MLB,Kansas City Royals,Chicago Cubs,4,9,1.74,2.15,0
2024-07-28,MLB,Los Angeles Angels,Athletics,1,3,1.74,2.15,0
2024-07-28,MLB,St. Louis Cardinals,Washington Nationals,3,14,1.63,2.35,0
2024-07-28,MLB,Chicago White Sox,Seattle Mariners,3,6,2.3,1.65,0
2024-07-28,MLB,Arizona Diamondbacks,Pittsburgh Pirates,9,5,1.54,2.55,1
2024-07-28,MLB,Toronto Blue Jays,Texas Rangers,7,3,2.2,1.71,1
2024-07-28,MLB,Baltimore Orioles,San Diego Padres,8,6,1.74,2.15,1
2024-07-28,MLB,Tampa Bay Rays,Cincinnati Reds,2,1,2.05,1.8,1
2024-07-28,MLB,Detroit Tigers,Minnesota Twins,0,5,2.25,1.67,0
2024-07-28,MLB,Philadelphia Phillies,Cleveland Guardians,3,4,1.77,2.1,0
2024-07-28,MLB,New York Mets,Atlanta Braves,2,9,1.87,1.95,0
2024-07-28,MLB,Chicago White Sox,Seattle Mariners,3,6,2.05,1.8,0
2024-07-28,MLB,Houston Astros,Los Angeles Dodgers,2,6,1.74,2.15,0
2024-07-28,MLB,Boston Red Sox,New York Yankees,2,8,1.95,1.87,0
2024-07-28,MLB,San Francisco Giants,Colorado Rockies,5,4,1.56,2.5,1
2024-07-28,MLB,Milwaukee Brewers,Miami Marlins,6,2,1.48,2.75,1
2024-07-28,MLB,Kansas City Royals,Chicago Cubs,3,7,1.54,2.55,0
2024-07-28,MLB,Los Angeles Angels,Athletics,8,6,1.74,2.15,1
2024-07-28,MLB,St. Louis Cardinals,Washington Nationals,4,3,1.67,2.25,1
2024-07-29,MLB,New York Mets,Atlanta Braves,2,9,1.87,1.95,0
2024-07-29,MLB,Tampa Bay Rays,Cincinnati Reds,2,1,2.05,1.8,1
2024-07-29,MLB,Philadelphia Phillies,Cleveland Guardians,3,4,1.77,2.1,0
2024-07-29,MLB,Chicago White Sox,Seattle Mariners,3,6,2.05,1.8,0
2024-07-29,MLB,Baltimore Orioles,San Diego Padres,8,6,1.74,2.15,1
2024-07-29,MLB,Detroit Tigers,Minnesota Twins,0,5,2.25,1.67,0
2024-07-29,MLB,Kansas City Royals,Chicago Cubs,3,7,1.54,2.55,0
2024-07-29,MLB,Toronto Blue Jays,Texas Rangers,7,3,2.2,1.71,1
2024-07-29,MLB,Milwaukee Brewers,Miami Marlins,6,2,1.48,2.75,1
2024-07-29,MLB,Houston Astros,Los Angeles Dodgers,2,6,1.74,2.15,0
2024-07-29,MLB,Los Angeles Angels,Athletics,8,6,1.74,2.15,1
2024-07-29,MLB,San Francisco Giants,Colorado Rockies,5,4,1.56,2.5,1
2024-07-29,MLB,Boston Red Sox,New York Yankees,2,8,1.95,1.87,0
2024-07-29,MLB,St. Louis Cardinals,Washington Nationals,4,3,1.67,2.25,1
2024-07-29,MLB,Baltimore Orioles,Toronto Blue Jays,11,5,1.61,2.4,1
2024-07-29,MLB,Detroit Tigers,Cleveland Guardians,4,8,2.3,1.65,0
2024-07-29,MLB,Cincinnati Reds,Chicago Cubs,7,1,1.95,1.87,1
2024-07-29,MLB,New York Mets,Minnesota Twins,15,2,1.87,1.95,1
2024-07-29,MLB,Philadelphia Phillies,New York Yankees,4,14,1.71,2.2,0
2024-07-29,MLB,Baltimore Orioles,Toronto Blue Jays,4,8,1.67,2.25,0
2024-07-29,MLB,Houston Astros,Pittsburgh Pirates,3,5,2.1,1.77,0
2024-07-29,MLB,Boston Red Sox,Seattle Mariners,14,7,1.83,2.0,1
2024-07-29,MLB,Chicago White Sox,Kansas City Royals,5,8,2.45,1.59,0
2024-07-29,MLB,St. Louis Cardinals,Texas Rangers,3,6,1.95,1.87,0
2024-07-29,MLB,Milwaukee Brewers,Atlanta Braves,8,3,1.83,2.0,1
2024-07-29,MLB,Arizona Diamondbacks,Washington Nationals,9,8,1.61,2.4,1
2024-07-30,MLB,Baltimore Orioles,Toronto Blue Jays,11,5,1.61,2.4,1
2024-07-30,MLB,Cincinnati Reds,Chicago Cubs,7,1,1.95,1.87,1
2024-07-30,MLB,Boston Red Sox,Seattle Mariners,14,7,1.83,2.0,1
2024-07-30,MLB,Philadelphia Phillies,New York Yankees,4,14,1.71,2.2,0
2024-07-30,MLB,Detroit Tigers,Cleveland Guardians,4,8,2.3,1.65,0
2024-07-30,MLB,New York Mets,Minnesota Twins,15,2,1.87,1.95,1
2024-07-30,MLB,Baltimore Orioles,Toronto Blue Jays,4,8,1.67,2.25,0
2024-07-30,MLB,Chicago White Sox,Kansas City Royals,5,8,2.45,1.59,0
2024-07-30,MLB,Houston Astros,Pittsburgh Pirates,3,5,2.1,1.77,0
2024-07-30,MLB,St. Louis Cardinals,Texas Rangers,3,6,1.95,1.87,0
2024-07-30,MLB,Arizona Diamondbacks,Washington Nationals,9,8,1.61,2.4,1
2024-07-30,MLB,Milwaukee Brewers,Atlanta Braves,8,3,1.83,2.0,1
2024-07-30,MLB,Baltimore Orioles,Toronto Blue Jays,6,2,1.48,2.75,1
2024-07-30,MLB,Tampa Bay Rays,Miami Marlins,9,3,1.61,2.4,1
2024-07-30,MLB,Detroit Tigers,Cleveland Guardians,0,5,2.15,1.74,0
2024-07-30,MLB,Boston Red Sox,Seattle Mariners,6,10,2.0,1.83,0
2024-07-30,MLB,Cincinnati Reds,Chicago Cubs,6,3,2.1,1.77,1
2024-07-30,MLB,New York Mets,Minnesota Twins,2,0,1.83,2.0,1
2024-07-30,MLB,Chicago White Sox,Kansas City Royals,3,4,2.65,1.5,0
2024-07-30,MLB,Houston Astros,Pittsburgh Pirates,2,6,1.5,2.65,0
2024-07-30,MLB,St. Louis Cardinals,Texas Rangers,8,1,2.05,1.8,1
2024-07-30,MLB,Milwaukee Brewers,Atlanta Braves,1,5,1.91,1.91,0
2024-07-30,MLB,Arizona Diamondbacks,Washington Nationals,17,0,1.59,2.45,1
2024-07-30,MLB,Los Angeles Angels,Colorado Rockies,10,7,1.74,2.15,1
2024-07-30,MLB,San Francisco Giants,Athletics,2,5,1.53,2.6,0
2024-07-31,MLB,Detroit Tigers,Cleveland Guardians,0,5,2.15,1.74,0
2024-07-31,MLB,Baltimore Orioles,Toronto Blue Jays,6,2,1.48,2.75,1
2024-07-31,MLB,Tampa Bay Rays,Miami Marlins,9,3,1.61,2.4,1
2024-07-31,MLB,Boston Red Sox,Seattle Mariners,6,10,2.0,1.83,0
2024-07-31,MLB,Cincinnati Reds,Chicago Cubs,6,3,2.1,1.77,1
2024-07-31,MLB,Chicago White Sox,Kansas City Royals,3,4,2.65,1.5,0
2024-07-31,MLB,New York Mets,Minnesota Twins,2,0,1.83,2.0,1
2024-07-31,MLB,St. Louis Cardinals,Texas Rangers,8,1,2.05,1.8,1
2024-07-31,MLB,Houston Astros,Pittsburgh Pirates,2,6,1.5,2.65,0
2024-07-31,MLB,Baltimore Orioles,Toronto Blue Jays,10,4,1.42,2.95,1
2024-07-31,MLB,Arizona Diamondbacks,Washington Nationals,17,0,1.59,2.45,1
2024-07-31,MLB,New York Mets,Minnesota Twins,3,8,2.0,1.83,0
2024-07-31,MLB,Milwaukee Brewers,Atlanta Braves,1,5,1.91,1.91,0
2024-07-31,MLB,Los Angeles Angels,Colorado Rockies,10,7,1.74,2.15,1
2024-07-31,MLB,Tampa Bay Rays,Miami Marlins,2,6,1.4,3.05,0
2024-07-31,MLB,San Francisco Giants,Athletics,2,5,1.53,2.6,0
2024-07-31,MLB,Philadelphia Phillies,New York Yankees,5,6,1.83,2.0,0
2024-07-31,MLB,St. Louis Cardinals,Texas Rangers,10,1,1.95,1.87,1
2024-07-31,MLB,Milwaukee Brewers,Atlanta Braves,2,6,2.0,1.83,0
2024-07-31,MLB,Chicago White Sox,Kansas City Royals,3,10,2.95,1.42,0
2024-07-31,MLB,Houston Astros,Pittsburgh Pirates,5,4,1.42,2.95,1
2024-07-31,MLB,Arizona Diamondbacks,Washington Nationals,5,4,1.54,2.55,1
2024-07-31,MLB,Cincinnati Reds,Chicago Cubs,4,13,1.65,2.3,0
2024-07-31,MLB,San Diego Padres,Los Angeles Dodgers,8,1,1.71,2.2,1
2024-07-31,MLB,Los Angeles Angels,Colorado Rockies,1,2,1.71,2.2,0
2024-07-31,MLB,San Francisco Giants,Athletics,1,0,1.48,2.75,1
2024-08-01,MLB,Baltimore Orioles,Toronto Blue Jays,10,4,1.42,2.95,1
2024-08-01,MLB,Tampa Bay Rays,Miami Marlins,2,6,1.4,3.05,0
2024-08-01,MLB,Philadelphia Phillies,New York Yankees,5,6,1.83,2.0,0
2024-08-01,MLB,Milwaukee Brewers,Atlanta Braves,2,6,2.0,1.83,0
2024-08-01,MLB,New York Mets,Minnesota Twins,3,8,2.0,1.83,0
2024-08-01,MLB,Chicago White Sox,Kansas City Royals,3,10,2.95,1.42,0
2024-08-01,MLB,Houston Astros,Pittsburgh Pirates,5,4,1.42,2.95,1
2024-08-01,MLB,St. Louis Cardinals,Texas Rangers,10,1,1.95,1.87,1
2024-08-01,MLB,Arizona Diamondbacks,Washington Nationals,5,4,1.54,2.55,1
2024-08-01,MLB,Cincinnati Reds,Chicago Cubs,4,13,1.65,2.3,0
2024-08-01,MLB,San Diego Padres,Los Angeles Dodgers,8,1,1.71,2.2,1
2024-08-01,MLB,San Francisco Giants,Athletics,1,0,1.48,2.75,1
2024-08-01,MLB,Chicago Cubs,St. Louis Cardinals,5,4,1.87,1.95,1
2024-08-01,MLB,Los Angeles Angels,Colorado Rockies,1,2,1.71,2.2,0
2024-08-01,MLB,Detroit Tigers,Kansas City Royals,1,7,2.4,1.61,0
2024-08-01,MLB,Atlanta Braves,Miami Marlins,4,2,1.49,2.7,1
2024-08-01,MLB,Cleveland Guardians,Baltimore Orioles,10,3,1.87,1.95,1
2024-08-02,MLB,Detroit Tigers,Kansas City Royals,1,7,2.4,1.61,0
2024-08-02,MLB,Chicago Cubs,St. Louis Cardinals,5,4,1.87,1.95,1
2024-08-02,MLB,Atlanta Braves,Miami Marlins,4,2,1.49,2.7,1
2024-08-02,MLB,Cleveland Guardians,Baltimore Orioles,10,3,1.87,1.95,1
2024-08-02,MLB,Chicago Cubs,St. Louis Cardinals,6,3,1.95,1.87,1
2024-08-02,MLB,Detroit Tigers,Kansas City Royals,2,9,1.83,2.0,0
2024-08-02,MLB,Pittsburgh Pirates,Arizona Diamondbacks,8,9,2.1,1.77,0
2024-08-02,MLB,Cleveland Guardians,Baltimore Orioles,8,4,1.95,1.87,1
2024-08-02,MLB,Atlanta Braves,Miami Marlins,5,3,1.4,3.05,1
2024-08-02,MLB,Texas Rangers,Boston Red Sox,6,11,1.87,1.95,0
2024-08-02,MLB,Washington Nationals,Milwaukee Brewers,3,8,1.91,1.91,0
2024-08-02,MLB,Cincinnati Reds,San Francisco Giants,0,3,2.15,1.74,0
2024-08-02,MLB,Houston Astros,Tampa Bay Rays,3,2,1.63,2.35,1
2024-08-02,MLB,Los Angeles Angels,New York Mets,1,5,2.15,1.74,0
2024-08-02,MLB,Minnesota Twins,Chicago White Sox,10,2,1.29,3.7,1
2024-08-02,MLB,New York Yankees,Toronto Blue Jays,5,8,1.56,2.5,0
2024-08-02,MLB,Athletics,Los Angeles Dodgers,6,5,2.25,1.67,1
2024-08-02,MLB,Seattle Mariners,Philadelphia Phillies,10,2,1.87,1.95,1
2024-08-02,MLB,San Diego Padres,Colorado Rockies,2,5,1.54,2.55,0
2024-08-03,MLB,Chicago Cubs,St. Louis Cardinals,6,3,1.95,1.87,1
2024-08-03,MLB,Detroit Tigers,Kansas City Royals,2,9,1.83,2.0,0
2024-08-03,MLB,Pittsburgh Pirates,Arizona Diamondbacks,8,9,2.1,1.77,0
2024-08-03,MLB,Cleveland Guardians,Baltimore Orioles,8,4,1.95,1.87,1
2024-08-03,MLB,Washington Nationals,Milwaukee Brewers,3,8,1.91,1.91,0
2024-08-03,MLB,Atlanta Braves,Miami Marlins,5,3,1.4,3.05,1
2024-08-03,MLB,Texas Rangers,Boston Red Sox,6,11,1.87,1.95,0
2024-08-03,MLB,Cincinnati Reds,San Francisco Giants,0,3,2.15,1.74,0
2024-08-03,MLB,New York Yankees,Toronto Blue Jays,5,8,1.56,2.5,0
2024-08-03,MLB,Minnesota Twins,Chicago White Sox,10,2,1.29,3.7,1
2024-08-03,MLB,Houston Astros,Tampa Bay Rays,3,2,1.63,2.35,1
2024-08-03,MLB,Los Angeles Angels,New York Mets,1,5,2.15,1.74,0
2024-08-03,MLB,Athletics,Los Angeles Dodgers,6,5,2.25,1.67,1
2024-08-03,MLB,San Diego Padres,Colorado Rockies,2,5,1.54,2.55,0
2024-08-03,MLB,Seattle Mariners,Philadelphia Phillies,10,2,1.87,1.95,1
2024-08-03,MLB,New York Yankees,Toronto Blue Jays,8,3,1.43,2.9,1
2024-08-03,MLB,Cleveland Guardians,Baltimore Orioles,4,7,2.0,1.83,0
2024-08-03,MLB,Pittsburgh Pirates,Arizona Diamondbacks,4,2,1.83,2.0,1
2024-08-03,MLB,Washington Nationals,Milwaukee Brewers,6,4,2.0,1.83,1
2024-08-03,MLB,Chicago Cubs,St. Louis Cardinals,4,5,1.83,2.0,0
2024-08-03,MLB,Minnesota Twins,Chicago White Sox,6,2,1.37,3.2,1
2024-08-03,MLB,Houston Astros,Tampa Bay Rays,1,6,1.65,2.3,0
2024-08-03,MLB,Texas Rangers,Boston Red Sox,7,4,1.91,1.91,1
2024-08-03,MLB,Atlanta Braves,Miami Marlins,3,4,1.4,3.05,0
2024-08-03,MLB,San Diego Padres,Colorado Rockies,3,2,1.48,2.75,1
2024-08-03,MLB,Cincinnati Reds,San Francisco Giants,6,4,1.74,2.15,1
2024-08-03,MLB,Athletics,Los Angeles Dodgers,0,10,2.5,1.56,0
2024-08-03,MLB,Los Angeles Angels,New York Mets,5,4,2.05,1.8,1
2024-08-04,MLB,New York Yankees,Toronto Blue Jays,8,3,1.43,2.9,1
2024-08-04,MLB,Chicago Cubs,St. Louis Cardinals,4,5,1.83,2.0,0
2024-08-04,MLB,Washington Nationals,Milwaukee Brewers,6,4,2.0,1.83,1
2024-08-04,MLB,Pittsburgh Pirates,Arizona Diamondbacks,4,2,1.83,2.0,1
2024-08-04,MLB,Cincinnati Reds,San Francisco Giants,6,4,1.74,2.15,1
2024-08-04,MLB,Minnesota Twins,Chicago White Sox,6,2,1.37,3.2,1
2024-08-04,MLB,Texas Rangers,Boston Red Sox,7,4,1.91,1.91,1
2024-08-04,MLB,Atlanta Braves,Miami Marlins,3,4,1.4,3.05,0
2024-08-04,MLB,San Diego Padres,Colorado Rockies,3,2,1.48,2.75,1
2024-08-04,MLB,Cleveland Guardians,Baltimore Orioles,4,7,2.0,1.83,0
2024-08-04,MLB,Houston Astros,Tampa Bay Rays,1,6,1.65,2.3,0
2024-08-04,MLB,Athletics,Los Angeles Dodgers,0,10,2.5,1.56,0
2024-08-04,MLB,Los Angeles Angels,New York Mets,5,4,2.05,1.8,1
2024-08-04,MLB,Cincinnati Reds,San Francisco Giants,2,8,1.91,1.91,0
2024-08-04,MLB,Atlanta Braves,Miami Marlins,0,7,1.4,3.05,0
2024-08-04,MLB,Washington Nationals,Milwaukee Brewers,4,3,2.05,1.8,1
2024-08-04,MLB,Cleveland Guardians,Baltimore Orioles,5,9,2.05,1.8,0
2024-08-04,MLB,Detroit Tigers,Kansas City Royals,2,3,2.1,1.77,0
2024-08-04,MLB,Texas Rangers,Boston Red Sox,2,7,1.8,2.05,0
2024-08-04,MLB,Houston Astros,Tampa Bay Rays,0,1,1.63,2.35,0
2024-08-04,MLB,Minnesota Twins,Chicago White Sox,13,7,1.33,3.45,1
2024-08-04,MLB,San Diego Padres,Colorado Rockies,10,2,1.43,2.9,1
2024-08-04,MLB,Los Angeles Angels,New York Mets,3,2,2.2,1.71,1
2024-08-04,MLB,Seattle Mariners,Philadelphia Phillies,0,6,2.0,1.83,0
2024-08-04,MLB,Athletics,Los Angeles Dodgers,2,3,2.25,1.67,0
2024-08-04,MLB,Chicago Cubs,St. Louis Cardinals,6,2,1.67,2.25,1
2024-08-04,MLB,Pittsburgh Pirates,Arizona Diamondbacks,5,6,1.61,2.4,0
2024-08-05,MLB,Detroit Tigers,Kansas City Royals,2,3,2.1,1.77,0
2024-08-05,MLB,Cleveland Guardians,Baltimore Orioles,5,9,2.05,1.8,0
2024-08-05,MLB,Washington Nationals,Milwaukee Brewers,4,3,2.05,1.8,1
2024-08-05,MLB,Cincinnati Reds,San Francisco Giants,2,8,1.91,1.91,0
2024-08-05,MLB,Atlanta Braves,Miami Marlins,0,7,1.4,3.05,0
2024-08-05,MLB,Minnesota Twins,Chicago White Sox,13,7,1.33,3.45,1
2024-08-05,MLB,Houston Astros,Tampa Bay Rays,0,1,1.63,2.35,0
2024-08-05,MLB,Pittsburgh Pirates,Arizona Diamondbacks,5,6,1.61,2.4,0
2024-08-05,MLB,Texas Rangers,Boston Red Sox,2,7,1.8,2.05,0
2024-08-05,MLB,Los Angeles Angels,New York Mets,3,2,2.2,1.71,1
2024-08-05,MLB,Athletics,Los Angeles Dodgers,2,3,2.25,1.67,0
2024-08-05,MLB,San Diego Padres,Colorado Rockies,10,2,1.43,2.9,1
2024-08-05,MLB,Seattle Mariners,Philadelphia Phillies,0,6,2.0,1.83,0
2024-08-05,MLB,St. Louis Cardinals,New York Mets,0,6,1.91,1.91,0
2024-08-05,MLB,Chicago Cubs,St. Louis Cardinals,6,2,1.67,2.25,1
2024-08-05,MLB,Miami Marlins,Cincinnati Reds,3,10,2.2,1.71,0
2024-08-05,MLB,Washington Nationals,San Francisco Giants,1,4,2.4,1.61,0
2024-08-05,MLB,Chicago Cubs,Minnesota Twins,0,3,1.95,1.87,0
2024-08-05,MLB,Kansas City Royals,Boston Red Sox,5,9,1.74,2.15,0
2024-08-05,MLB,Athletics,Chicago White Sox,5,1,1.48,2.75,1
2024-08-05,MLB,Los Angeles Dodgers,Philadelphia Phillies,5,3,1.71,2.2,1
2024-08-06,MLB,Miami Marlins,Cincinnati Reds,3,10,2.2,1.71,0
2024-08-06,MLB,St. Louis Cardinals,New York Mets,0,6,1.91,1.91,0
2024-08-06,MLB,Washington Nationals,San Francisco Giants,1,4,2.4,1.61,0
2024-08-06,MLB,Athletics,Chicago White Sox,5,1,1.48,2.75,1
2024-08-06,MLB,Chicago Cubs,Minnesota Twins,0,3,1.95,1.87,0
2024-08-06,MLB,Los Angeles Dodgers,Philadelphia Phillies,5,3,1.71,2.2,1
2024-08-06,MLB,Kansas City Royals,Boston Red Sox,5,9,1.74,2.15,0
2024-08-06,MLB,Miami Marlins,Cincinnati Reds,2,8,2.15,1.74,0
2024-08-06,MLB,Pittsburgh Pirates,San Diego Padres,0,6,2.4,1.61,0
2024-08-06,MLB,Washington Nationals,San Francisco Giants,11,5,2.0,1.83,1
2024-08-06,MLB,Atlanta Braves,Milwaukee Brewers,0,10,1.77,2.1,0
2024-08-06,MLB,Texas Rangers,Houston Astros,2,4,2.1,1.77,0
2024-08-06,MLB,St. Louis Cardinals,Tampa Bay Rays,4,3,1.65,2.3,1
2024-08-06,MLB,Chicago Cubs,Minnesota Twins,7,3,1.91,1.91,1
2024-08-06,MLB,Toronto Blue Jays,Baltimore Orioles,5,2,2.35,1.63,1
2024-08-06,MLB,Kansas City Royals,Boston Red Sox,5,6,1.77,2.1,0
2024-08-06,MLB,Seattle Mariners,Detroit Tigers,2,4,1.5,2.65,0
2024-08-06,MLB,Colorado Rockies,New York Mets,6,3,2.25,1.67,1
2024-08-06,MLB,Athletics,Chicago White Sox,1,5,1.53,2.6,0
2024-08-06,MLB,Los Angeles Dodgers,Philadelphia Phillies,2,6,1.87,1.95,0
2024-08-07,MLB,Miami Marlins,Cincinnati Reds,2,8,2.15,1.74,0
2024-08-07,MLB,Pittsburgh Pirates,San Diego Padres,0,6,2.4,1.61,0
2024-08-07,MLB,Washington Nationals,San Francisco Giants,11,5,2.0,1.83,1
2024-08-07,MLB,St. Louis Cardinals,Tampa Bay Rays,4,3,1.65,2.3,1
2024-08-07,MLB,Toronto Blue Jays,Baltimore Orioles,5,2,2.35,1.63,1
2024-08-07,MLB,Texas Rangers,Houston Astros,2,4,2.1,1.77,0
2024-08-07,MLB,Atlanta Braves,Milwaukee Brewers,0,10,1.77,2.1,0
2024-08-07,MLB,Chicago Cubs,Minnesota Twins,7,3,1.91,1.91,1
2024-08-07,MLB,Kansas City Royals,Boston Red Sox,5,6,1.77,2.1,0
2024-08-07,MLB,Colorado Rockies,New York Mets,6,3,2.25,1.67,1
2024-08-07,MLB,Los Angeles Dodgers,Philadelphia Phillies,2,6,1.87,1.95,0
2024-08-07,MLB,Athletics,Chicago White Sox,1,5,1.53,2.6,0
2024-08-07,MLB,Seattle Mariners,Detroit Tigers,2,4,1.5,2.65,0
2024-08-07,MLB,Chicago Cubs,Minnesota Twins,8,2,2.25,1.67,1
2024-08-07,MLB,Cleveland Guardians,Arizona Diamondbacks,3,7,2.2,1.71,0
2024-08-07,MLB,Texas Rangers,Houston Astros,4,6,2.15,1.74,0
2024-08-07,MLB,New York Yankees,Los Angeles Angels,5,2,1.31,3.6,1
2024-08-07,MLB,New York Yankees,Los Angeles Angels,2,8,1.38,3.1,0
2024-08-07,MLB,Athletics,Chicago White Sox,3,2,1.54,2.55,1
2024-08-07,MLB,Atlanta Braves,Milwaukee Brewers,5,8,1.65,2.3,0
2024-08-07,MLB,Cleveland Guardians,Arizona Diamondbacks,3,5,1.87,1.95,0
2024-08-07,MLB,Washington Nationals,San Francisco Giants,4,7,2.4,1.61,0
2024-08-07,MLB,Miami Marlins,Cincinnati Reds,6,4,2.05,1.8,1
2024-08-07,MLB,St. Louis Cardinals,Tampa Bay Rays,5,2,1.83,2.0,1
2024-08-07,MLB,Toronto Blue Jays,Baltimore Orioles,3,7,2.15,1.74,0
2024-08-07,MLB,Seattle Mariners,Detroit Tigers,2,6,1.67,2.25,0
2024-08-07,MLB,Colorado Rockies,New York Mets,3,5,2.3,1.65,0
2024-08-07,MLB,Kansas City Royals,Boston Red Sox,8,4,1.71,2.2,1
2024-08-07,MLB,Los Angeles Dodgers,Philadelphia Phillies,4,9,1.71,2.2,0
2024-08-08,MLB,Cleveland Guardians,Arizona Diamondbacks,3,7,2.2,1.71,0
2024-08-08,MLB,Chicago Cubs,Minnesota Twins,8,2,2.25,1.67,1
2024-08-08,MLB,Texas Rangers,Houston Astros,4,6,2.15,1.74,0
2024-08-08,MLB,Cleveland Guardians,Arizona Diamondbacks,3,5,1.87,1.95,0
2024-08-08,MLB,Athletics,Chicago White Sox,3,2,1.54,2.55,1
2024-08-08,MLB,New York Yankees,Los Angeles Angels,5,2,1.31,3.6,1
2024-08-08,MLB,Miami Marlins,Cincinnati Reds,6,4,2.05,1.8,1
2024-08-08,MLB,Washington Nationals,San Francisco Giants,4,7,2.4,1.61,0
2024-08-08,MLB,Toronto Blue Jays,Baltimore Orioles,3,7,2.15,1.74,0
2024-08-08,MLB,New York Yankees,Los Angeles Angels,2,8,1.38,3.1,0
2024-08-08,MLB,Atlanta Braves,Milwaukee Brewers,5,8,1.65,2.3,0
2024-08-08,MLB,St. Louis Cardinals,Tampa Bay Rays,5,2,1.83,2.0,1
2024-08-08,MLB,Kansas City Royals,Boston Red Sox,8,4,1.71,2.2,1
2024-08-08,MLB,Seattle Mariners,Detroit Tigers,2,6,1.67,2.25,0
2024-08-08,MLB,Colorado Rockies,New York Mets,3,5,2.3,1.65,0
2024-08-08,MLB,Los Angeles Dodgers,Philadelphia Phillies,4,9,1.71,2.2,0
2024-08-08,MLB,Colorado Rockies,New York Mets,1,9,2.25,1.67,0
2024-08-08,MLB,New York Yankees,Los Angeles Angels,4,9,1.42,2.95,0
2024-08-08,MLB,Pittsburgh Pirates,San Diego Padres,6,7,1.91,1.91,0
2024-08-08,MLB,Toronto Blue Jays,Baltimore Orioles,7,6,1.91,1.91,1
2024-08-08,MLB,Atlanta Braves,Milwaukee Brewers,7,16,1.77,2.1,0
2024-08-08,MLB,St. Louis Cardinals,Tampa Bay Rays,4,6,1.8,2.05,0
2024-08-08,MLB,Arizona Diamondbacks,Philadelphia Phillies,4,6,1.77,2.1,0
2024-08-08,MLB,Seattle Mariners,Detroit Tigers,4,3,1.5,2.65,1
2024-08-09,MLB,Atlanta Braves,Milwaukee Brewers,7,16,1.77,2.1,0
2024-08-09,MLB,Colorado Rockies,New York Mets,1,9,2.25,1.67,0
2024-08-09,MLB,Pittsburgh Pirates,San Diego Padres,6,7,1.91,1.91,0
2024-08-09,MLB,New York Yankees,Los Angeles Angels,4,9,1.42,2.95,0
2024-08-09,MLB,St. Louis Cardinals,Tampa Bay Rays,4,6,1.8,2.05,0
2024-08-09,MLB,Toronto Blue Jays,Baltimore Orioles,7,6,1.91,1.91,1
2024-08-09,MLB,Arizona Diamondbacks,Philadelphia Phillies,4,6,1.77,2.1,0
2024-08-09,MLB,Seattle Mariners,Detroit Tigers,4,3,1.5,2.65,1
2024-08-09,MLB,Boston Red Sox,Houston Astros,4,8,1.74,2.15,0
2024-08-09,MLB,Toronto Blue Jays,Athletics,3,1,1.65,2.3,1
2024-08-09,MLB,Tampa Bay Rays,Baltimore Orioles,1,4,2.1,1.77,0
2024-08-09,MLB,Milwaukee Brewers,Cincinnati Reds,8,3,1.65,2.3,1
2024-08-09,MLB,Chicago White Sox,Chicago Cubs,6,7,2.25,1.67,0
2024-08-09,MLB,Arizona Diamondbacks,Philadelphia Phillies,3,2,2.15,1.74,1
2024-08-09,MLB,Kansas City Royals,St. Louis Cardinals,5,8,1.83,2.0,0
2024-08-09,MLB,Colorado Rockies,Atlanta Braves,6,5,2.35,1.63,1
2024-08-09,MLB,Seattle Mariners,New York Mets,6,0,1.74,2.15,1
2024-08-09,MLB,San Francisco Giants,Detroit Tigers,3,2,1.5,2.65,1
2024-08-09,MLB,Los Angeles Dodgers,Pittsburgh Pirates,9,5,1.45,2.8,1
2024-08-10,MLB,Tampa Bay Rays,Baltimore Orioles,1,4,2.1,1.77,0
2024-08-10,MLB,Toronto Blue Jays,Athletics,3,1,1.65,2.3,1
2024-08-10,MLB,Boston Red Sox,Houston Astros,4,8,1.74,2.15,0
2024-08-10,MLB,Kansas City Royals,St. Louis Cardinals,5,8,1.83,2.0,0
2024-08-10,MLB,Chicago White Sox,Chicago Cubs,6,7,2.25,1.67,0
2024-08-10,MLB,Milwaukee Brewers,Cincinnati Reds,8,3,1.65,2.3,1
2024-08-10,MLB,Colorado Rockies,Atlanta Braves,6,5,2.35,1.63,1
2024-08-10,MLB,Los Angeles Dodgers,Pittsburgh Pirates,9,5,1.45,2.8,1
2024-08-10,MLB,Arizona Diamondbacks,Philadelphia Phillies,3,2,2.15,1.74,1
2024-08-10,MLB,Seattle Mariners,New York Mets,6,0,1.74,2.15,1
2024-08-10,MLB,San Francisco Giants,Detroit Tigers,3,2,1.5,2.65,1
2024-08-10,MLB,New York Yankees,Texas Rangers,4,9,1.56,2.5,0
2024-08-10,MLB,New York Yankees,Texas Rangers,8,0,1.63,2.35,1
2024-08-10,MLB,Toronto Blue Jays,Athletics,0,1,1.74,2.15,0
2024-08-10,MLB,Milwaukee Brewers,Cincinnati Reds,1,0,1.71,2.2,1
2024-08-10,MLB,Boston Red Sox,Houston Astros,4,5,1.87,1.95,0
2024-08-10,MLB,Kansas City Royals,St. Louis Cardinals,8,3,1.8,2.05,1
2024-08-10,MLB,Minnesota Twins,Cleveland Guardians,1,2,1.91,1.91,0
2024-08-10,MLB,San Francisco Giants,Detroit Tigers,3,1,1.38,3.1,1
2024-08-10,MLB,Chicago White Sox,Chicago Cubs,1,3,2.85,1.44,0
2024-08-10,MLB,Arizona Diamondbacks,Philadelphia Phillies,11,1,1.83,2.0,1
2024-08-10,MLB,Los Angeles Dodgers,Pittsburgh Pirates,4,1,1.91,1.91,1
2024-08-10,MLB,Colorado Rockies,Atlanta Braves,8,11,2.65,1.5,0
2024-08-10,MLB,Tampa Bay Rays,Baltimore Orioles,5,7,2.1,1.77,0
2024-08-10,MLB,Seattle Mariners,New York Mets,4,0,1.77,2.1,1
2024-08-11,MLB,New York Yankees,Texas Rangers,8,0,1.63,2.35,1
2024-08-11,MLB,Boston Red Sox,Houston Astros,4,5,1.87,1.95,0
2024-08-11,MLB,Boston Red Sox,Houston Astros,2,10,2.25,1.67,0
2024-08-11,MLB,Washington Nationals,Los Angeles Angels,4,6,1.63,2.35,0
2024-08-11,MLB,Toronto Blue Jays,Athletics,0,1,1.74,2.15,0
2024-08-11,MLB,San Francisco Giants,Detroit Tigers,3,1,1.38,3.1,1
2024-08-11,MLB,New York Yankees,Texas Rangers,4,9,1.56,2.5,0
2024-08-11,MLB,New York Yankees,Texas Rangers,8,7,1.67,2.25,1
2024-08-11,MLB,Tampa Bay Rays,Baltimore Orioles,5,7,2.1,1.77,0
2024-08-11,MLB,Milwaukee Brewers,Cincinnati Reds,1,0,1.71,2.2,1
2024-08-11,MLB,Kansas City Royals,St. Louis Cardinals,8,3,1.8,2.05,1
2024-08-11,MLB,Arizona Diamondbacks,Philadelphia Phillies,11,1,1.83,2.0,1
2024-08-11,MLB,Chicago White Sox,Chicago Cubs,1,3,2.85,1.44,0
2024-08-11,MLB,Minnesota Twins,Cleveland Guardians,1,2,1.91,1.91,0
2024-08-11,MLB,Los Angeles Dodgers,Pittsburgh Pirates,4,1,1.91,1.91,1
2024-08-11,MLB,Colorado Rockies,Atlanta Braves,8,11,2.65,1.5,0
2024-08-11,MLB,Milwaukee Brewers,Cincinnati Reds,3,4,1.77,2.1,0
2024-08-11,MLB,Minnesota Twins,Cleveland Guardians,3,5,1.83,2.0,0
2024-08-11,MLB,Toronto Blue Jays,Athletics,4,8,1.65,2.3,0
2024-08-11,MLB,Tampa Bay Rays,Baltimore Orioles,2,1,1.83,2.0,1
2024-08-11,MLB,Miami Marlins,San Diego Padres,7,6,2.65,1.5,1
2024-08-11,MLB,Colorado Rockies,Atlanta Braves,9,8,2.45,1.59,1
2024-08-11,MLB,Seattle Mariners,New York Mets,4,0,1.77,2.1,1
2024-08-11,MLB,San Francisco Giants,Detroit Tigers,4,5,1.54,2.55,0
2024-08-11,MLB,Arizona Diamondbacks,Philadelphia Phillies,12,5,2.1,1.77,1
2024-08-11,MLB,Seattle Mariners,New York Mets,12,1,1.77,2.1,1
2024-08-12,MLB,Boston Red Sox,Houston Astros,2,10,2.25,1.67,0
2024-08-12,MLB,Washington Nationals,Los Angeles Angels,4,6,1.63,2.35,0
2024-08-12,MLB,New York Yankees,Texas Rangers,8,7,1.67,2.25,1
2024-08-12,MLB,Miami Marlins,San Diego Padres,7,6,2.65,1.5,1
2024-08-12,MLB,Toronto Blue Jays,Athletics,4,8,1.65,2.3,0
2024-08-12,MLB,Milwaukee Brewers,Cincinnati Reds,3,4,1.77,2.1,0
2024-08-12,MLB,Tampa Bay Rays,Baltimore Orioles,2,1,1.83,2.0,1
2024-08-12,MLB,San Francisco Giants,Detroit Tigers,4,5,1.54,2.55,0
2024-08-12,MLB,Colorado Rockies,Atlanta Braves,9,8,2.45,1.59,1
2024-08-12,MLB,Minnesota Twins,Cleveland Guardians,3,5,1.83,2.0,0
2024-08-12,MLB,Minnesota Twins,Kansas City Royals,8,3,1.61,2.4,1
2024-08-12,MLB,Cincinnati Reds,St. Louis Cardinals,6,1,2.2,1.71,1
2024-08-12,MLB,Cleveland Guardians,Chicago Cubs,9,8,2.05,1.8,1
2024-08-12,MLB,Seattle Mariners,New York Mets,12,1,1.77,2.1,1
2024-08-12,MLB,Arizona Diamondbacks,Philadelphia Phillies,12,5,2.1,1.77,1
2024-08-12,MLB,Tampa Bay Rays,Houston Astros,1,6,2.1,1.77,0
2024-08-12,MLB,Chicago White Sox,New York Yankees,12,2,3.8,1.28,1
2024-08-12,MLB,Arizona Diamondbacks,Colorado Rockies,5,4,1.33,3.4,1
2024-08-12,MLB,Los Angeles Angels,Toronto Blue Jays,2,4,1.91,1.91,0
2024-08-12,MLB,San Diego Padres,Pittsburgh Pirates,2,1,1.5,2.65,1
2024-08-12,MLB,Milwaukee Brewers,Los Angeles Dodgers,2,5,1.91,1.91,0
2024-08-13,MLB,Cleveland Guardians,Chicago Cubs,9,8,2.05,1.8,1
2024-08-13,MLB,Cincinnati Reds,St. Louis Cardinals,6,1,2.2,1.71,1
2024-08-13,MLB,Milwaukee Brewers,Los Angeles Dodgers,2,5,1.91,1.91,0
2024-08-13,MLB,Minnesota Twins,Kansas City Royals,8,3,1.61,2.4,1
2024-08-13,MLB,Tampa Bay Rays,Houston Astros,1,6,2.1,1.77,0
2024-08-13,MLB,Chicago White Sox,New York Yankees,12,2,3.8,1.28,1
2024-08-13,MLB,Los Angeles Angels,Toronto Blue Jays,2,4,1.91,1.91,0
2024-08-13,MLB,Arizona Diamondbacks,Colorado Rockies,5,4,1.33,3.4,1
2024-08-13,MLB,San Diego Padres,Pittsburgh Pirates,2,1,1.5,2.65,1
2024-08-13,MLB,Baltimore Orioles,Washington Nationals,3,9,1.53,2.6,0
2024-08-13,MLB,Cincinnati Reds,St. Louis Cardinals,4,1,1.74,2.15,1
2024-08-13,MLB,Cleveland Guardians,Chicago Cubs,2,1,1.65,2.3,1
2024-08-13,MLB,Detroit Tigers,Seattle Mariners,15,1,1.8,2.05,1
2024-08-13,MLB,Tampa Bay Rays,Houston Astros,2,3,2.05,1.8,0
2024-08-13,MLB,New York Mets,Athletics,4,9,1.53,2.6,0
2024-08-13,MLB,Boston Red Sox,Texas Rangers,9,4,1.67,2.25,1
2024-08-13,MLB,Milwaukee Brewers,Los Angeles Dodgers,2,7,1.95,1.87,0
2024-08-13,MLB,Minnesota Twins,Kansas City Royals,13,3,1.8,2.05,1
2024-08-13,MLB,Philadelphia Phillies,Miami Marlins,0,5,1.5,2.65,0
2024-08-13,MLB,Chicago White Sox,New York Yankees,1,4,3.4,1.33,0
2024-08-13,MLB,Los Angeles Angels,Toronto Blue Jays,1,6,2.0,1.83,0
2024-08-13,MLB,Arizona Diamondbacks,Colorado Rockies,4,3,1.49,2.7,1
2024-08-13,MLB,San Diego Padres,Pittsburgh Pirates,3,0,1.38,3.1,1
2024-08-14,MLB,Baltimore Orioles,Washington Nationals,3,9,1.53,2.6,0
2024-08-14,MLB,Cincinnati Reds,St. Louis Cardinals,4,1,1.74,2.15,1
2024-08-14,MLB,Detroit Tigers,Seattle Mariners,15,1,1.8,2.05,1
2024-08-14,MLB,Cleveland Guardians,Chicago Cubs,2,1,1.65,2.3,1
2024-08-14,MLB,Philadelphia Phillies,Miami Marlins,0,5,1.5,2.65,0
2024-08-14,MLB,Tampa Bay Rays,Houston Astros,2,3,2.05,1.8,0
2024-08-14,MLB,Boston Red Sox,Texas Rangers,9,4,1.67,2.25,1
2024-08-14,MLB,Chicago White Sox,New York Yankees,1,4,3.4,1.33,0
2024-08-14,MLB,New York Mets,Athletics,4,9,1.53,2.6,0
2024-08-14,MLB,Minnesota Twins,Kansas City Royals,13,3,1.8,2.05,1
2024-08-14,MLB,Milwaukee Brewers,Los Angeles Dodgers,2,7,1.95,1.87,0
2024-08-14,MLB,Arizona Diamondbacks,Colorado Rockies,4,3,1.49,2.7,1
2024-08-14,MLB,Los Angeles Angels,Toronto Blue Jays,1,6,2.0,1.83,0
2024-08-14,MLB,San Diego Padres,Pittsburgh Pirates,3,0,1.38,3.1,1
2024-08-14,MLB,San Diego Padres,Pittsburgh Pirates,8,2,1.71,2.2,1
2024-08-14,MLB,Arizona Diamondbacks,Colorado Rockies,11,4,1.48,2.75,1
2024-08-14,MLB,Cincinnati Reds,St. Louis Cardinals,9,2,1.91,1.91,1
2024-08-14,MLB,Minnesota Twins,Kansas City Royals,1,4,1.91,1.91,0
2024-08-14,MLB,Cleveland Guardians,Chicago Cubs,6,1,1.74,2.15,1
2024-08-14,MLB,Baltimore Orioles,Washington Nationals,4,1,1.59,2.45,1
2024-08-14,MLB,Milwaukee Brewers,Los Angeles Dodgers,5,4,2.0,1.83,1
2024-08-14,MLB,Philadelphia Phillies,Miami Marlins,9,5,1.59,2.45,1
2024-08-14,MLB,New York Mets,Athletics,9,1,1.44,2.85,1
2024-08-14,MLB,San Francisco Giants,Atlanta Braves,2,13,1.74,2.15,0
2024-08-14,MLB,Los Angeles Angels,Toronto Blue Jays,2,9,1.91,1.91,0
2024-08-14,MLB,Chicago White Sox,New York Yankees,2,10,2.95,1.42,0
2024-08-15,MLB,Minnesota Twins,Kansas City Royals,1,4,1.91,1.91,0
2024-08-15,MLB,Arizona Diamondbacks,Colorado Rockies,11,4,1.48,2.75,1
2024-08-15,MLB,San Diego Padres,Pittsburgh Pirates,8,2,1.71,2.2,1
2024-08-15,MLB,Cleveland Guardians,Chicago Cubs,6,1,1.74,2.15,1
2024-08-15,MLB,Baltimore Orioles,Washington Nationals,4,1,1.59,2.45,1
2024-08-15,MLB,Cincinnati Reds,St. Louis Cardinals,9,2,1.91,1.91,1
2024-08-15,MLB,Milwaukee Brewers,Los Angeles Dodgers,5,4,2.0,1.83,1
2024-08-15,MLB,Philadelphia Phillies,Miami Marlins,9,5,1.59,2.45,1
2024-08-15,MLB,New York Mets,Athletics,9,1,1.44,2.85,1
2024-08-15,MLB,Los Angeles Angels,Toronto Blue Jays,2,9,1.91,1.91,0
2024-08-15,MLB,San Francisco Giants,Atlanta Braves,2,13,1.74,2.15,0
2024-08-15,MLB,Chicago White Sox,New York Yankees,2,10,2.95,1.42,0
2024-08-15,MLB,Detroit Tigers,Seattle Mariners,2,1,2.15,1.74,1
2024-08-15,MLB,New York Mets,Athletics,6,7,1.56,2.5,0
2024-08-15,MLB,Texas Rangers,Minnesota Twins,2,3,2.0,1.83,0
2024-08-15,MLB,Philadelphia Phillies,Washington Nationals,13,3,1.37,3.2,1
2024-08-15,MLB,San Francisco Giants,Atlanta Braves,6,0,1.83,2.0,1
2024-08-15,MLB,Baltimore Orioles,Boston Red Sox,5,1,1.65,2.3,1
2024-08-15,MLB,Milwaukee Brewers,Los Angeles Dodgers,6,4,2.15,1.74,1
2024-08-16,MLB,Detroit Tigers,Seattle Mariners,2,1,2.15,1.74,1
2024-08-16,MLB,New York Mets,Athletics,6,7,1.56,2.5,0
2024-08-16,MLB,San Francisco Giants,Atlanta Braves,6,0,1.83,2.0,1
2024-08-16,MLB,Milwaukee Brewers,Los Angeles Dodgers,6,4,2.15,1.74,1
2024-08-16,MLB,Philadelphia Phillies,Washington Nationals,13,3,1.37,3.2,1
2024-08-16,MLB,Baltimore Orioles,Boston Red Sox,5,1,1.65,2.3,1
2024-08-16,MLB,Tampa Bay Rays,Arizona Diamondbacks,5,4,1.95,1.87,1
2024-08-16,MLB,Baltimore Orioles,Boston Red Sox,10,12,1.54,2.55,0
2024-08-16,MLB,Philadelphia Phillies,Washington Nationals,3,2,1.36,3.3,1
2024-08-16,MLB,Cincinnati Reds,Kansas City Royals,1,7,1.71,2.2,0
2024-08-16,MLB,Texas Rangers,Minnesota Twins,3,4,1.8,2.05,0
2024-08-16,MLB,Texas Rangers,Minnesota Twins,2,3,2.0,1.83,0
2024-08-16,MLB,New York Mets,Miami Marlins,7,3,1.37,3.2,1
2024-08-16,MLB,Detroit Tigers,New York Yankees,0,3,2.65,1.5,0
2024-08-16,MLB,Pittsburgh Pirates,Seattle Mariners,5,3,1.83,2.0,1
2024-08-16,MLB,Milwaukee Brewers,Cleveland Guardians,5,3,1.91,1.91,1
2024-08-16,MLB,St. Louis Cardinals,Los Angeles Dodgers,6,7,2.1,1.77,0
2024-08-16,MLB,Los Angeles Angels,Atlanta Braves,3,2,2.4,1.61,1
2024-08-16,MLB,Colorado Rockies,San Diego Padres,7,3,2.4,1.61,1
2024-08-16,MLB,Houston Astros,Chicago White Sox,4,5,1.37,3.2,0
2024-08-17,MLB,Pittsburgh Pirates,Seattle Mariners,7,2,2.3,1.65,1
2024-08-17,MLB,Detroit Tigers,New York Yankees,4,0,2.95,1.42,1
2024-08-17,MLB,Philadelphia Phillies,Washington Nationals,3,2,1.36,3.3,1
2024-08-17,MLB,Cincinnati Reds,Kansas City Royals,1,7,1.71,2.2,0
2024-08-17,MLB,Pittsburgh Pirates,Seattle Mariners,5,3,1.83,2.0,1
2024-08-17,MLB,Detroit Tigers,New York Yankees,0,3,2.65,1.5,0
2024-08-17,MLB,Baltimore Orioles,Boston Red Sox,10,12,1.54,2.55,0
2024-08-17,MLB,New York Mets,Miami Marlins,7,3,1.37,3.2,1
2024-08-17,MLB,Houston Astros,Chicago White Sox,4,5,1.37,3.2,0
2024-08-17,MLB,Tampa Bay Rays,Arizona Diamondbacks,5,4,1.95,1.87,1
2024-08-17,MLB,Colorado Rockies,San Diego Padres,7,3,2.4,1.61,1
2024-08-17,MLB,St. Louis Cardinals,Los Angeles Dodgers,6,7,2.1,1.77,0
2024-08-17,MLB,Milwaukee Brewers,Cleveland Guardians,5,3,1.91,1.91,1
2024-08-17,MLB,Texas Rangers,Minnesota Twins,3,4,1.8,2.05,0
2024-08-17,MLB,Chicago Cubs,Toronto Blue Jays,3,2,1.56,2.5,1
2024-08-17,MLB,New York Mets,Miami Marlins,4,0,1.53,2.6,1
2024-08-17,MLB,Tampa Bay Rays,Arizona Diamondbacks,6,1,1.95,1.87,1
2024-08-17,MLB,Philadelphia Phillies,Washington Nationals,5,1,1.43,2.9,1
2024-08-17,MLB,Los Angeles Angels,Atlanta Braves,3,2,2.4,1.61,1
2024-08-17,MLB,Baltimore Orioles,Boston Red Sox,1,5,1.87,1.95,0
2024-08-17,MLB,Cincinnati Reds,Kansas City Royals,1,13,1.83,2.0,0
2024-08-17,MLB,Texas Rangers,Minnesota Twins,2,5,1.67,2.25,0
2024-08-17,MLB,Athletics,San Francisco Giants,2,0,2.0,1.83,1
2024-08-17,MLB,St. Louis Cardinals,Los Angeles Dodgers,5,2,2.0,1.83,1
2024-08-17,MLB,Milwaukee Brewers,Cleveland Guardians,2,1,1.74,2.15,1
2024-08-17,MLB,Houston Astros,Chicago White Sox,6,1,1.26,4.0,1
2024-08-17,MLB,Colorado Rockies,San Diego Padres,3,8,2.65,1.5,0
2024-08-17,MLB,Los Angeles Angels,Atlanta Braves,3,11,2.9,1.43,0
2024-08-18,MLB,Pittsburgh Pirates,Seattle Mariners,7,2,2.3,1.65,1
2024-08-18,MLB,New York Mets,Miami Marlins,2,3,1.5,2.65,0
2024-08-18,MLB,St. Louis Cardinals,Los Angeles Dodgers,5,2,2.0,1.83,1
2024-08-18,MLB,Philadelphia Phillies,Washington Nationals,5,1,1.43,2.9,1
2024-08-18,MLB,Chicago Cubs,Toronto Blue Jays,3,2,1.56,2.5,1
2024-08-18,MLB,Detroit Tigers,New York Yankees,4,0,2.95,1.42,1
2024-08-18,MLB,New York Mets,Miami Marlins,4,0,1.53,2.6,1
2024-08-18,MLB,Baltimore Orioles,Boston Red Sox,4,2,1.8,2.05,1
2024-08-18,MLB,Cincinnati Reds,Kansas City Royals,1,13,1.83,2.0,0
2024-08-18,MLB,Houston Astros,Chicago White Sox,6,1,1.26,4.0,1
2024-08-18,MLB,Tampa Bay Rays,Arizona Diamondbacks,6,1,1.95,1.87,1
2024-08-18,MLB,Athletics,San Francisco Giants,2,0,2.0,1.83,1
2024-08-18,MLB,Los Angeles Angels,Atlanta Braves,3,11,2.9,1.43,0
2024-08-18,MLB,Philadelphia Phillies,Washington Nationals,4,6,1.63,2.35,0
2024-08-18,MLB,Baltimore Orioles,Boston Red Sox,1,5,1.87,1.95,0
2024-08-18,MLB,Milwaukee Brewers,Cleveland Guardians,2,1,1.74,2.15,1
2024-08-18,MLB,Cincinnati Reds,Kansas City Royals,1,8,1.91,1.91,0
2024-08-18,MLB,Pittsburgh Pirates,Seattle Mariners,3,10,2.5,1.56,0
2024-08-18,MLB,Colorado Rockies,San Diego Padres,3,8,2.65,1.5,0
2024-08-18,MLB,Milwaukee Brewers,Cleveland Guardians,2,0,1.77,2.1,1
2024-08-18,MLB,Houston Astros,Chicago White Sox,2,0,1.27,3.9,1
2024-08-18,MLB,St. Louis Cardinals,Los Angeles Dodgers,1,2,1.87,1.95,0
2024-08-18,MLB,Texas Rangers,Minnesota Twins,2,5,1.67,2.25,0
2024-08-18,MLB,Chicago Cubs,Toronto Blue Jays,0,1,1.53,2.6,0
2024-08-18,MLB,Los Angeles Angels,Atlanta Braves,1,3,2.55,1.54,0
2024-08-18,MLB,Colorado Rockies,San Diego Padres,3,2,2.65,1.5,1
2024-08-19,MLB,Cincinnati Reds,Kansas City Royals,1,8,1.91,1.91,0
2024-08-19,MLB,St. Louis Cardinals,Los Angeles Dodgers,1,2,1.87,1.95,0
2024-08-19,MLB,Baltimore Orioles,Boston Red Sox,4,2,1.8,2.05,1
2024-08-19,MLB,New York Mets,Miami Marlins,2,3,1.5,2.65,0
2024-08-19,MLB,Pittsburgh Pirates,Seattle Mariners,3,10,2.5,1.56,0
2024-08-19,MLB,Milwaukee Brewers,Cleveland Guardians,2,0,1.77,2.1,1
2024-08-19,MLB,Philadelphia Phillies,Washington Nationals,4,6,1.63,2.35,0
2024-08-19,MLB,Houston Astros,Chicago White Sox,2,0,1.27,3.9,1
2024-08-19,MLB,Chicago Cubs,Toronto Blue Jays,0,1,1.53,2.6,0
2024-08-19,MLB,Colorado Rockies,San Diego Padres,3,2,2.65,1.5,1
2024-08-19,MLB,Los Angeles Angels,Atlanta Braves,1,3,2.55,1.54,0
2024-08-19,MLB,Miami Marlins,Arizona Diamondbacks,6,9,2.7,1.49,0
2024-08-19,MLB,Houston Astros,Boston Red Sox,5,4,1.67,2.25,1
2024-08-19,MLB,Toronto Blue Jays,Cincinnati Reds,3,6,1.65,2.3,0
2024-08-19,MLB,San Francisco Giants,Chicago White Sox,5,3,1.42,2.95,1
2024-08-19,MLB,New York Mets,Baltimore Orioles,4,3,1.74,2.15,1
2024-08-19,MLB,San Diego Padres,Minnesota Twins,5,3,1.56,2.5,1
2024-08-19,MLB,Los Angeles Dodgers,Seattle Mariners,3,0,1.67,2.25,1
2024-08-19,MLB,Kansas City Royals,Los Angeles Angels,5,3,1.41,3.0,1
2024-08-19,MLB,Texas Rangers,Pittsburgh Pirates,4,3,1.63,2.35,1
2024-08-19,MLB,Athletics,Tampa Bay Rays,3,0,2.0,1.83,1
2024-08-20,MLB,Miami Marlins,Arizona Diamondbacks,6,9,2.7,1.49,0
2024-08-20,MLB,Toronto Blue Jays,Cincinnati Reds,3,6,1.65,2.3,0
2024-08-20,MLB,New York Mets,Baltimore Orioles,4,3,1.74,2.15,1
2024-08-20,MLB,Texas Rangers,Pittsburgh Pirates,4,3,1.63,2.35,1
2024-08-20,MLB,Houston Astros,Boston Red Sox,5,4,1.67,2.25,1
2024-08-20,MLB,Athletics,Tampa Bay Rays,3,0,2.0,1.83,1
2024-08-20,MLB,San Diego Padres,Minnesota Twins,5,3,1.56,2.5,1
2024-08-20,MLB,Kansas City Royals,Los Angeles Angels,5,3,1.41,3.0,1
2024-08-20,MLB,Los Angeles Dodgers,Seattle Mariners,3,0,1.67,2.25,1
2024-08-20,MLB,San Francisco Giants,Chicago White Sox,5,3,1.42,2.95,1
2024-08-20,MLB,Miami Marlins,Arizona Diamondbacks,1,3,2.05,1.8,0
2024-08-20,MLB,Toronto Blue Jays,Cincinnati Reds,10,3,1.8,2.05,1
2024-08-20,MLB,New York Mets,Baltimore Orioles,5,9,1.8,2.05,0
2024-08-20,MLB,St. Louis Cardinals,Milwaukee Brewers,2,3,1.83,2.0,0
2024-08-20,MLB,Washington Nationals,Colorado Rockies,1,3,1.61,2.4,0
2024-08-20,MLB,Atlanta Braves,Philadelphia Phillies,3,1,2.3,1.65,1
2024-08-20,MLB,Texas Rangers,Pittsburgh Pirates,0,4,1.71,2.2,0
2024-08-20,MLB,Athletics,Tampa Bay Rays,0,1,2.0,1.83,0
2024-08-20,MLB,Houston Astros,Boston Red Sox,5,6,1.87,1.95,0
2024-08-20,MLB,Los Angeles Dodgers,Seattle Mariners,6,3,1.61,2.4,1
2024-08-20,MLB,Chicago Cubs,Detroit Tigers,3,1,1.67,2.25,1
2024-08-20,MLB,Kansas City Royals,Los Angeles Angels,5,9,1.5,2.65,0
2024-08-20,MLB,San Francisco Giants,Chicago White Sox,4,1,1.4,3.05,1
2024-08-20,MLB,San Diego Padres,Minnesota Twins,7,5,2.05,1.8,1
2024-08-21,MLB,New York Mets,Baltimore Orioles,5,9,1.8,2.05,0
2024-08-21,MLB,Toronto Blue Jays,Cincinnati Reds,10,3,1.8,2.05,1
2024-08-21,MLB,Miami Marlins,Arizona Diamondbacks,1,3,2.05,1.8,0
2024-08-21,MLB,Washington Nationals,Colorado Rockies,1,3,1.61,2.4,0
2024-08-21,MLB,Chicago Cubs,Detroit Tigers,3,1,1.67,2.25,1
2024-08-21,MLB,St. Louis Cardinals,Milwaukee Brewers,2,3,1.83,2.0,0
2024-08-21,MLB,Atlanta Braves,Philadelphia Phillies,3,1,2.3,1.65,1
2024-08-21,MLB,Texas Rangers,Pittsburgh Pirates,0,4,1.71,2.2,0
2024-08-21,MLB,Athletics,Tampa Bay Rays,0,1,2.0,1.83,0
2024-08-21,MLB,Kansas City Royals,Los Angeles Angels,5,9,1.5,2.65,0
2024-08-21,MLB,Houston Astros,Boston Red Sox,5,6,1.87,1.95,0
2024-08-21,MLB,San Francisco Giants,Chicago White Sox,4,1,1.4,3.05,1
2024-08-21,MLB,Los Angeles Dodgers,Seattle Mariners,6,3,1.61,2.4,1
2024-08-21,MLB,New York Mets,Baltimore Orioles,4,3,1.71,2.2,1
2024-08-21,MLB,San Diego Padres,Minnesota Twins,7,5,2.05,1.8,1
2024-08-21,MLB,San Francisco Giants,Chicago White Sox,2,6,1.42,2.95,0
2024-08-21,MLB,Houston Astros,Boston Red Sox,1,4,1.71,2.2,0
2024-08-21,MLB,San Diego Padres,Minnesota Twins,4,11,1.77,2.1,0
2024-08-21,MLB,Washington Nationals,Colorado Rockies,6,1,1.63,2.35,1
2024-08-21,MLB,Miami Marlins,Arizona Diamondbacks,8,10,2.45,1.59,0
2024-08-21,MLB,Texas Rangers,Pittsburgh Pirates,1,0,1.65,2.3,1
2024-08-21,MLB,Toronto Blue Jays,Cincinnati Reds,7,11,1.95,1.87,0
2024-08-21,MLB,Atlanta Braves,Philadelphia Phillies,2,3,1.91,1.91,0
2024-08-21,MLB,New York Yankees,Cleveland Guardians,8,1,1.49,2.7,1
2024-08-21,MLB,Kansas City Royals,Los Angeles Angels,3,0,1.54,2.55,1
2024-08-21,MLB,Chicago Cubs,Detroit Tigers,2,8,1.74,2.15,0
2024-08-21,MLB,Athletics,Tampa Bay Rays,2,4,2.15,1.74,0
2024-08-21,MLB,Los Angeles Dodgers,Seattle Mariners,8,4,1.53,2.6,1
2024-08-22,MLB,Houston Astros,Boston Red Sox,1,4,1.71,2.2,0
2024-08-22,MLB,New York Mets,Baltimore Orioles,4,3,1.71,2.2,1
2024-08-22,MLB,Miami Marlins,Arizona Diamondbacks,8,10,2.45,1.59,0
2024-08-22,MLB,San Diego Padres,Minnesota Twins,4,11,1.77,2.1,0
2024-08-22,MLB,Texas Rangers,Pittsburgh Pirates,1,0,1.65,2.3,1
2024-08-22,MLB,San Francisco Giants,Chicago White Sox,2,6,1.42,2.95,0
2024-08-22,MLB,Washington Nationals,Colorado Rockies,6,1,1.63,2.35,1
2024-08-22,MLB,Toronto Blue Jays,Cincinnati Reds,7,11,1.95,1.87,0
2024-08-22,MLB,New York Yankees,Cleveland Guardians,8,1,1.49,2.7,1
2024-08-22,MLB,Atlanta Braves,Philadelphia Phillies,2,3,1.91,1.91,0
2024-08-22,MLB,Chicago Cubs,Detroit Tigers,2,8,1.74,2.15,0
2024-08-22,MLB,Los Angeles Dodgers,Seattle Mariners,8,4,1.53,2.6,1
2024-08-22,MLB,Athletics,Tampa Bay Rays,2,4,2.15,1.74,0
2024-08-22,MLB,Kansas City Royals,Los Angeles Angels,3,0,1.54,2.55,1
2024-08-22,MLB,New York Yankees,Cleveland Guardians,6,0,1.5,2.65,1
2024-08-22,MLB,St. Louis Cardinals,Milwaukee Brewers,3,0,2.1,1.77,1
2024-08-22,MLB,Washington Nationals,Colorado Rockies,8,3,1.67,2.25,1
2024-08-22,MLB,Athletics,Tampa Bay Rays,3,1,2.0,1.83,1
2024-08-22,MLB,Pittsburgh Pirates,Cincinnati Reds,7,0,1.67,2.25,1
2024-08-22,MLB,Toronto Blue Jays,Los Angeles Angels,5,3,1.65,2.3,1
2024-08-22,MLB,Chicago Cubs,Detroit Tigers,10,2,1.54,2.55,1
2024-08-22,MLB,Atlanta Braves,Philadelphia Phillies,3,2,1.87,1.95,1
2024-08-22,MLB,Baltimore Orioles,Houston Astros,0,6,1.63,2.35,0
2024-08-22,MLB,San Diego Padres,New York Mets,3,8,1.63,2.35,0
2024-08-23,MLB,Washington Nationals,Colorado Rockies,8,3,1.67,2.25,1
2024-08-23,MLB,New York Yankees,Cleveland Guardians,6,0,1.5,2.65,1
2024-08-23,MLB,St. Louis Cardinals,Milwaukee Brewers,3,0,2.1,1.77,1
2024-08-23,MLB,Atlanta Braves,Philadelphia Phillies,3,2,1.87,1.95,1
2024-08-23,MLB,Chicago Cubs,Detroit Tigers,10,2,1.54,2.55,1
2024-08-23,MLB,Toronto Blue Jays,Los Angeles Angels,5,3,1.65,2.3,1
2024-08-23,MLB,Pittsburgh Pirates,Cincinnati Reds,7,0,1.67,2.25,1
2024-08-23,MLB,Athletics,Tampa Bay Rays,3,1,2.0,1.83,1
2024-08-23,MLB,Baltimore Orioles,Houston Astros,0,6,1.63,2.35,0
2024-08-23,MLB,San Diego Padres,New York Mets,3,8,1.63,2.35,0
2024-08-23,MLB,Pittsburgh Pirates,Cincinnati Reds,6,5,1.83,2.0,1
2024-08-23,MLB,Baltimore Orioles,Houston Astros,7,5,2.05,1.8,1
2024-08-23,MLB,Boston Red Sox,Arizona Diamondbacks,2,12,1.77,2.1,0
2024-08-23,MLB,Toronto Blue Jays,Los Angeles Angels,5,4,1.53,2.6,1
2024-08-23,MLB,New York Yankees,Colorado Rockies,3,0,1.3,3.65,1
2024-08-23,MLB,Cleveland Guardians,Texas Rangers,3,5,1.67,2.25,0
2024-08-23,MLB,Miami Marlins,Chicago Cubs,3,6,2.05,1.8,0
2024-08-23,MLB,Chicago White Sox,Detroit Tigers,2,5,2.3,1.65,0
2024-08-23,MLB,Minnesota Twins,St. Louis Cardinals,1,6,1.65,2.3,0
2024-08-23,MLB,San Diego Padres,New York Mets,7,0,1.71,2.2,1
2024-08-23,MLB,Kansas City Royals,Philadelphia Phillies,7,4,1.71,2.2,1
2024-08-23,MLB,Los Angeles Dodgers,Tampa Bay Rays,7,3,1.5,2.65,1
2024-08-23,MLB,Athletics,Milwaukee Brewers,3,11,1.95,1.87,0
2024-08-24,MLB,Pittsburgh Pirates,Cincinnati Reds,6,5,1.83,2.0,1
2024-08-24,MLB,Cleveland Guardians,Texas Rangers,3,5,1.67,2.25,0
2024-08-24,MLB,New York Yankees,Colorado Rockies,3,0,1.3,3.65,1
2024-08-24,MLB,Boston Red Sox,Arizona Diamondbacks,2,12,1.77,2.1,0
2024-08-24,MLB,Toronto Blue Jays,Los Angeles Angels,5,4,1.53,2.6,1
2024-08-24,MLB,Baltimore Orioles,Houston Astros,7,5,2.05,1.8,1
2024-08-24,MLB,Miami Marlins,Chicago Cubs,3,6,2.05,1.8,0
2024-08-24,MLB,Chicago White Sox,Detroit Tigers,2,5,2.3,1.65,0
2024-08-24,MLB,Kansas City Royals,Philadelphia Phillies,7,4,1.71,2.2,1
2024-08-24,MLB,Los Angeles Dodgers,Tampa Bay Rays,7,3,1.5,2.65,1
2024-08-24,MLB,Athletics,Milwaukee Brewers,3,11,1.95,1.87,0
2024-08-24,MLB,San Diego Padres,New York Mets,7,0,1.71,2.2,1
2024-08-24,MLB,Minnesota Twins,St. Louis Cardinals,1,6,1.65,2.3,0
2024-08-24,MLB,New York Yankees,Colorado Rockies,2,9,1.32,3.5,0
2024-08-24,MLB,Toronto Blue Jays,Los Angeles Angels,3,1,1.54,2.55,1
2024-08-24,MLB,Boston Red Sox,Arizona Diamondbacks,1,4,1.8,2.05,0
2024-08-24,MLB,Miami Marlins,Chicago Cubs,2,14,2.75,1.48,0
2024-08-24,MLB,Athletics,Milwaukee Brewers,5,9,2.0,1.83,0
2024-08-24,MLB,Baltimore Orioles,Houston Astros,3,2,1.87,1.95,1
2024-08-24,MLB,Seattle Mariners,San Francisco Giants,3,4,1.87,1.95,0
2024-08-24,MLB,Kansas City Royals,Philadelphia Phillies,2,11,1.87,1.95,0
2024-08-24,MLB,Pittsburgh Pirates,Cincinnati Reds,2,10,1.95,1.87,0
2024-08-24,MLB,Chicago White Sox,Detroit Tigers,4,13,2.95,1.42,0
2024-08-24,MLB,Minnesota Twins,St. Louis Cardinals,6,0,1.71,2.2,1
2024-08-24,MLB,Cleveland Guardians,Texas Rangers,13,5,1.74,2.15,1
2024-08-24,MLB,San Diego Padres,New York Mets,1,7,1.67,2.25,0
2024-08-24,MLB,Atlanta Braves,Washington Nationals,4,2,1.59,2.45,1
2024-08-25,MLB,New York Yankees,Colorado Rockies,2,9,1.32,3.5,0
2024-08-25,MLB,Toronto Blue Jays,Los Angeles Angels,3,1,1.54,2.55,1
2024-08-25,MLB,Baltimore Orioles,Houston Astros,3,2,1.87,1.95,1
2024-08-25,MLB,Athletics,Milwaukee Brewers,5,9,2.0,1.83,0
2024-08-25,MLB,Boston Red Sox,Arizona Diamondbacks,1,4,1.8,2.05,0
2024-08-25,MLB,Miami Marlins,Chicago Cubs,2,14,2.75,1.48,0
2024-08-25,MLB,Seattle Mariners,San Francisco Giants,3,4,1.87,1.95,0
2024-08-25,MLB,Pittsburgh Pirates,Cincinnati Reds,2,10,1.95,1.87,0
2024-08-25,MLB,Chicago White Sox,Detroit Tigers,4,13,2.95,1.42,0
2024-08-25,MLB,Minnesota Twins,St. Louis Cardinals,6,0,1.71,2.2,1
2024-08-25,MLB,Cleveland Guardians,Texas Rangers,13,5,1.74,2.15,1
2024-08-25,MLB,Kansas City Royals,Philadelphia Phillies,2,11,1.87,1.95,0
2024-08-25,MLB,Atlanta Braves,Washington Nationals,4,2,1.59,2.45,1
2024-08-25,MLB,San Diego Padres,New York Mets,1,7,1.67,2.25,0
2024-08-25,MLB,New York Yankees,Colorado Rockies,10,3,1.4,3.05,1
2024-08-25,MLB,Pittsburgh Pirates,Cincinnati Reds,4,3,1.87,1.95,1
2024-08-25,MLB,Toronto Blue Jays,Los Angeles Angels,8,2,1.61,2.4,1
2024-08-25,MLB,Atlanta Braves,Washington Nationals,1,5,1.53,2.6,0
2024-08-25,MLB,Boston Red Sox,Arizona Diamondbacks,5,7,1.77,2.1,0
2024-08-25,MLB,Miami Marlins,Chicago Cubs,7,2,2.5,1.56,1
2024-08-25,MLB,Cleveland Guardians,Texas Rangers,4,2,1.71,2.2,1
2024-08-25,MLB,Chicago White Sox,Detroit Tigers,4,9,2.35,1.63,0
2024-08-25,MLB,Kansas City Royals,Philadelphia Phillies,3,11,2.1,1.77,0
2024-08-25,MLB,Minnesota Twins,St. Louis Cardinals,2,3,1.71,2.2,0
2024-08-25,MLB,Los Angeles Dodgers,Tampa Bay Rays,3,1,1.43,2.9,1
2024-08-25,MLB,Seattle Mariners,San Francisco Giants,4,3,1.71,2.2,1
2024-08-25,MLB,San Diego Padres,New York Mets,3,2,1.83,2.0,1
2024-08-25,MLB,Athletics,Milwaukee Brewers,4,3,2.25,1.67,1
2024-08-25,MLB,Baltimore Orioles,Houston Astros,3,6,1.91,1.91,0
2024-08-26,MLB,Atlanta Braves,Washington Nationals,1,5,1.53,2.6,0
2024-08-26,MLB,Boston Red Sox,Arizona Diamondbacks,5,7,1.77,2.1,0
2024-08-26,MLB,New York Yankees,Colorado Rockies,10,3,1.4,3.05,1
2024-08-26,MLB,Miami Marlins,Chicago Cubs,7,2,2.5,1.56,1
2024-08-26,MLB,Toronto Blue Jays,Los Angeles Angels,8,2,1.61,2.4,1
2024-08-26,MLB,Cleveland Guardians,Texas Rangers,4,2,1.71,2.2,1
2024-08-26,MLB,Pittsburgh Pirates,Cincinnati Reds,4,3,1.87,1.95,1
2024-08-26,MLB,Chicago White Sox,Detroit Tigers,4,9,2.35,1.63,0
2024-08-26,MLB,Kansas City Royals,Philadelphia Phillies,3,11,2.1,1.77,0
2024-08-26,MLB,Minnesota Twins,St. Louis Cardinals,2,3,1.71,2.2,0
2024-08-26,MLB,Los Angeles Dodgers,Tampa Bay Rays,3,1,1.43,2.9,1
2024-08-26,MLB,Baltimore Orioles,Houston Astros,3,6,1.91,1.91,0
2024-08-26,MLB,Seattle Mariners,San Francisco Giants,4,3,1.71,2.2,1
2024-08-26,MLB,San Diego Padres,New York Mets,3,2,1.83,2.0,1
2024-08-26,MLB,Athletics,Milwaukee Brewers,4,3,2.25,1.67,1
2024-08-26,MLB,Boston Red Sox,Toronto Blue Jays,1,4,1.65,2.3,0
2024-08-26,MLB,Pittsburgh Pirates,Chicago Cubs,8,18,1.87,1.95,0
2024-08-26,MLB,Boston Red Sox,Toronto Blue Jays,3,7,1.63,2.35,0
2024-08-26,MLB,St. Louis Cardinals,San Diego Padres,4,7,1.8,2.05,0
2024-08-26,MLB,Washington Nationals,New York Yankees,2,5,2.6,1.53,0
2024-08-26,MLB,Minnesota Twins,Atlanta Braves,6,10,1.8,2.05,0
2024-08-26,MLB,Chicago White Sox,Detroit Tigers,3,6,2.15,1.74,0
2024-08-26,MLB,Seattle Mariners,Tampa Bay Rays,5,1,1.74,2.15,1
2024-08-26,MLB,Colorado Rockies,Miami Marlins,3,2,1.87,1.95,1
2024-08-27,MLB,Boston Red Sox,Toronto Blue Jays,1,4,1.65,2.3,0
2024-08-27,MLB,Washington Nationals,New York Yankees,2,5,2.6,1.53,0
2024-08-27,MLB,Pittsburgh Pirates,Chicago Cubs,8,18,1.87,1.95,0
2024-08-27,MLB,Boston Red Sox,Toronto Blue Jays,3,7,1.63,2.35,0
2024-08-27,MLB,Chicago White Sox,Detroit Tigers,3,6,2.15,1.74,0
2024-08-27,MLB,St. Louis Cardinals,San Diego Padres,4,7,1.8,2.05,0
2024-08-27,MLB,Minnesota Twins,Atlanta Braves,6,10,1.8,2.05,0
2024-08-27,MLB,Seattle Mariners,Tampa Bay Rays,5,1,1.74,2.15,1
2024-08-27,MLB,Colorado Rockies,Miami Marlins,3,2,1.87,1.95,1
2024-08-27,MLB,Cleveland Guardians,Kansas City Royals,1,6,1.61,2.4,0
2024-08-27,MLB,Detroit Tigers,Los Angeles Angels,6,2,1.65,2.3,1
2024-08-27,MLB,Cincinnati Reds,Athletics,4,5,1.71,2.2,0
2024-08-27,MLB,Philadelphia Phillies,Houston Astros,5,0,1.74,2.15,1
2024-08-27,MLB,Colorado Rockies,Miami Marlins,8,9,1.67,2.25,0
2024-08-27,MLB,Pittsburgh Pirates,Chicago Cubs,5,9,2.1,1.77,0
2024-08-27,MLB,St. Louis Cardinals,San Diego Padres,5,7,2.25,1.67,0
2024-08-27,MLB,Milwaukee Brewers,San Francisco Giants,4,5,1.87,1.95,0
2024-08-27,MLB,Washington Nationals,New York Yankees,4,2,3.05,1.4,1
2024-08-27,MLB,Arizona Diamondbacks,New York Mets,3,8,1.91,1.91,0
2024-08-27,MLB,Los Angeles Dodgers,Baltimore Orioles,2,3,1.5,2.65,0
2024-08-27,MLB,Seattle Mariners,Tampa Bay Rays,2,3,1.61,2.4,0
2024-08-27,MLB,Boston Red Sox,Toronto Blue Jays,6,3,1.74,2.15,1
2024-08-28,MLB,Cincinnati Reds,Athletics,4,5,1.71,2.2,0
2024-08-28,MLB,Detroit Tigers,Los Angeles Angels,6,2,1.65,2.3,1
2024-08-28,MLB,Cleveland Guardians,Kansas City Royals,1,6,1.61,2.4,0
2024-08-28,MLB,Washington Nationals,New York Yankees,4,2,3.05,1.4,1
2024-08-28,MLB,Pittsburgh Pirates,Chicago Cubs,5,9,2.1,1.77,0
2024-08-28,MLB,Philadelphia Phillies,Houston Astros,5,0,1.74,2.15,1
2024-08-28,MLB,St. Louis Cardinals,San Diego Padres,5,7,2.25,1.67,0
2024-08-28,MLB,Boston Red Sox,Toronto Blue Jays,6,3,1.74,2.15,1
2024-08-28,MLB,Colorado Rockies,Miami Marlins,8,9,1.67,2.25,0
2024-08-28,MLB,Milwaukee Brewers,San Francisco Giants,4,5,1.87,1.95,0
2024-08-28,MLB,Seattle Mariners,Tampa Bay Rays,2,3,1.61,2.4,0
2024-08-28,MLB,Los Angeles Dodgers,Baltimore Orioles,2,3,1.5,2.65,0
2024-08-28,MLB,Seattle Mariners,Tampa Bay Rays,6,2,1.63,2.35,1
2024-08-28,MLB,Pittsburgh Pirates,Chicago Cubs,10,14,1.59,2.45,0
2024-08-28,MLB,Cleveland Guardians,Kansas City Royals,7,5,1.65,2.3,1
2024-08-28,MLB,Arizona Diamondbacks,New York Mets,3,8,1.91,1.91,0
2024-08-28,MLB,Philadelphia Phillies,Houston Astros,0,10,2.0,1.83,0
2024-08-28,MLB,Chicago White Sox,Texas Rangers,1,3,2.2,1.71,0
2024-08-28,MLB,Washington Nationals,New York Yankees,5,2,2.8,1.45,1
2024-08-28,MLB,Cincinnati Reds,Athletics,6,9,1.8,2.05,0
2024-08-28,MLB,Detroit Tigers,Los Angeles Angels,3,2,1.61,2.4,1
2024-08-28,MLB,Boston Red Sox,Toronto Blue Jays,3,0,1.71,2.2,1
2024-08-28,MLB,Minnesota Twins,Atlanta Braves,1,5,2.2,1.71,0
2024-08-28,MLB,Chicago White Sox,Texas Rangers,3,4,1.0,1.0,0
2024-08-28,MLB,St. Louis Cardinals,San Diego Padres,4,3,2.05,1.8,1
2024-08-28,MLB,Colorado Rockies,Miami Marlins,8,2,1.71,2.2,1
2024-08-28,MLB,Milwaukee Brewers,San Francisco Giants,5,3,1.59,2.45,1
2024-08-28,MLB,Arizona Diamondbacks,New York Mets,8,5,1.77,2.1,1
2024-08-28,MLB,Los Angeles Dodgers,Baltimore Orioles,6,4,1.91,1.91,1
2024-08-29,MLB,Philadelphia Phillies,Houston Astros,0,10,2.0,1.83,0
2024-08-29,MLB,Cincinnati Reds,Athletics,6,9,1.8,2.05,0
2024-08-29,MLB,Chicago White Sox,Texas Rangers,1,3,2.2,1.71,0
2024-08-29,MLB,Pittsburgh Pirates,Chicago Cubs,10,14,1.59,2.45,0
2024-08-29,MLB,Cleveland Guardians,Kansas City Royals,7,5,1.65,2.3,1
2024-08-29,MLB,Washington Nationals,New York Yankees,5,2,2.8,1.45,1
2024-08-29,MLB,Detroit Tigers,Los Angeles Angels,3,2,1.61,2.4,1
2024-08-29,MLB,Minnesota Twins,Atlanta Braves,1,5,2.2,1.71,0
2024-08-29,MLB,Boston Red Sox,Toronto Blue Jays,3,0,1.71,2.2,1
2024-08-29,MLB,Seattle Mariners,Tampa Bay Rays,6,2,1.63,2.35,1
2024-08-29,MLB,Milwaukee Brewers,San Francisco Giants,5,3,1.59,2.45,1
2024-08-29,MLB,Arizona Diamondbacks,New York Mets,8,5,1.77,2.1,1
2024-08-29,MLB,Colorado Rockies,Miami Marlins,8,2,1.71,2.2,1
2024-08-29,MLB,St. Louis Cardinals,San Diego Padres,4,3,2.05,1.8,1
2024-08-29,MLB,Chicago White Sox,Texas Rangers,3,4,1.0,1.0,0
2024-08-29,MLB,Detroit Tigers,Los Angeles Angels,0,3,1.56,2.5,0
2024-08-29,MLB,St. Louis Cardinals,San Diego Padres,4,1,1.87,1.95,1
2024-08-29,MLB,Los Angeles Dodgers,Baltimore Orioles,6,4,1.91,1.91,1
2024-08-29,MLB,Milwaukee Brewers,San Francisco Giants,6,0,1.74,2.15,1
2024-08-29,MLB,Philadelphia Phillies,Atlanta Braves,5,4,1.61,2.4,1
2024-08-29,MLB,Colorado Rockies,Miami Marlins,8,12,1.74,2.15,0
2024-08-29,MLB,Cincinnati Reds,Athletics,10,9,1.74,2.15,1
2024-08-29,MLB,Chicago White Sox,Texas Rangers,1,2,3.25,1.36,0
2024-08-29,MLB,Boston Red Sox,Toronto Blue Jays,0,2,1.74,2.15,0
2024-08-29,MLB,Houston Astros,Kansas City Royals,6,3,1.61,2.4,1
2024-08-29,MLB,Los Angeles Dodgers,Baltimore Orioles,6,3,1.67,2.25,1
2024-08-29,MLB,Arizona Diamondbacks,New York Mets,2,3,1.8,2.05,0
2024-08-30,MLB,Detroit Tigers,Los Angeles Angels,0,3,1.56,2.5,0
2024-08-30,MLB,Milwaukee Brewers,San Francisco Giants,6,0,1.74,2.15,1
2024-08-30,MLB,Chicago White Sox,Texas Rangers,1,2,3.25,1.36,0
2024-08-30,MLB,St. Louis Cardinals,San Diego Padres,4,1,1.87,1.95,1
2024-08-30,MLB,Colorado Rockies,Miami Marlins,8,12,1.74,2.15,0
2024-08-30,MLB,Cincinnati Reds,Athletics,10,9,1.74,2.15,1
2024-08-30,MLB,Boston Red Sox,Toronto Blue Jays,0,2,1.74,2.15,0
2024-08-30,MLB,Arizona Diamondbacks,New York Mets,2,3,1.8,2.05,0
2024-08-30,MLB,Houston Astros,Kansas City Royals,6,3,1.61,2.4,1
2024-08-30,MLB,Philadelphia Phillies,Atlanta Braves,5,4,1.61,2.4,1
2024-08-30,MLB,Los Angeles Dodgers,Baltimore Orioles,6,3,1.67,2.25,1
2024-08-30,MLB,Cincinnati Reds,Milwaukee Brewers,0,14,1.83,2.0,0
2024-08-30,MLB,New York Yankees,St. Louis Cardinals,6,3,1.53,2.6,1
2024-08-30,MLB,Philadelphia Phillies,Atlanta Braves,2,7,1.74,2.15,0
2024-08-30,MLB,Texas Rangers,Athletics,2,9,1.74,2.15,0
2024-08-30,MLB,Washington Nationals,Chicago Cubs,6,7,2.3,1.65,0
2024-08-30,MLB,Cleveland Guardians,Pittsburgh Pirates,10,8,1.67,2.25,1
2024-08-30,MLB,Tampa Bay Rays,San Diego Padres,5,13,1.8,2.05,0
2024-08-30,MLB,Chicago White Sox,New York Mets,1,5,2.8,1.45,0
2024-08-30,MLB,Houston Astros,Kansas City Royals,3,2,1.54,2.55,1
2024-08-30,MLB,Colorado Rockies,Baltimore Orioles,3,5,2.2,1.71,0
2024-08-30,MLB,Los Angeles Angels,Seattle Mariners,5,9,2.6,1.53,0
2024-08-30,MLB,San Francisco Giants,Miami Marlins,3,1,1.34,3.35,1
2024-08-30,MLB,Arizona Diamondbacks,Los Angeles Dodgers,9,10,2.15,1.74,0
2024-08-30,MLB,Minnesota Twins,Toronto Blue Jays,2,0,1.53,2.6,1
2024-08-31,MLB,Washington Nationals,Chicago Cubs,6,7,2.3,1.65,0
2024-08-31,MLB,Philadelphia Phillies,Atlanta Braves,2,7,1.74,2.15,0
2024-08-31,MLB,New York Yankees,St. Louis Cardinals,6,3,1.53,2.6,1
2024-08-31,MLB,Houston Astros,Kansas City Royals,3,2,1.54,2.55,1
2024-08-31,MLB,Texas Rangers,Athletics,2,9,1.74,2.15,0
2024-08-31,MLB,Cleveland Guardians,Pittsburgh Pirates,10,8,1.67,2.25,1
2024-08-31,MLB,Cincinnati Reds,Milwaukee Brewers,0,14,1.83,2.0,0
2024-08-31,MLB,Chicago White Sox,New York Mets,1,5,2.8,1.45,0
2024-08-31,MLB,Minnesota Twins,Toronto Blue Jays,2,0,1.53,2.6,1
2024-08-31,MLB,Tampa Bay Rays,San Diego Padres,5,13,1.8,2.05,0
2024-08-31,MLB,Los Angeles Angels,Seattle Mariners,5,9,2.6,1.53,0
2024-08-31,MLB,Arizona Diamondbacks,Los Angeles Dodgers,9,10,2.15,1.74,0
2024-08-31,MLB,Colorado Rockies,Baltimore Orioles,3,5,2.2,1.71,0
2024-08-31,MLB,San Francisco Giants,Miami Marlins,3,1,1.34,3.35,1
2024-08-31,MLB,New York Yankees,St. Louis Cardinals,5,6,1.59,2.45,0
2024-08-31,MLB,Washington Nationals,Chicago Cubs,3,5,1.91,1.91,0
2024-08-31,MLB,Tampa Bay Rays,San Diego Padres,11,4,1.8,2.05,1
2024-08-31,MLB,Texas Rangers,Athletics,3,2,1.61,2.4,1
2024-08-31,MLB,Cincinnati Reds,Milwaukee Brewers,4,5,2.1,1.77,0
2024-08-31,MLB,Cleveland Guardians,Pittsburgh Pirates,0,3,1.5,2.65,0
2024-08-31,MLB,Houston Astros,Kansas City Royals,5,2,1.77,2.1,1
2024-08-31,MLB,Chicago White Sox,New York Mets,3,5,2.6,1.53,0
2024-08-31,MLB,Minnesota Twins,Toronto Blue Jays,0,15,1.71,2.2,0
2024-08-31,MLB,Detroit Tigers,Boston Red Sox,2,1,1.71,2.2,1
2024-08-31,MLB,Philadelphia Phillies,Atlanta Braves,3,0,1.59,2.45,1
2024-08-31,MLB,San Francisco Giants,Miami Marlins,3,4,1.67,2.25,0
2024-08-31,MLB,Arizona Diamondbacks,Los Angeles Dodgers,6,8,2.15,1.74,0
2024-08-31,MLB,Colorado Rockies,Baltimore Orioles,7,5,2.35,1.63,1
2024-08-31,MLB,Los Angeles Angels,Seattle Mariners,5,4,2.4,1.61,1
2024-09-01,MLB,New York Yankees,St. Louis Cardinals,5,6,1.59,2.45,0
2024-09-01,MLB,Washington Nationals,Chicago Cubs,3,5,1.91,1.91,0
2024-09-01,MLB,Tampa Bay Rays,San Diego Padres,11,4,1.8,2.05,1
2024-09-01,MLB,Cleveland Guardians,Pittsburgh Pirates,0,3,1.5,2.65,0
2024-09-01,MLB,New York Yankees,St. Louis Cardinals,7,14,1.42,2.95,0
2024-09-01,MLB,Detroit Tigers,Boston Red Sox,4,1,1.91,1.91,1
2024-09-01,MLB,Cleveland Guardians,Pittsburgh Pirates,6,1,1.65,2.3,1
2024-09-01,MLB,Washington Nationals,Chicago Cubs,1,14,2.1,1.77,0
2024-09-01,MLB,Detroit Tigers,Boston Red Sox,2,1,1.71,2.2,1
2024-09-01,MLB,Texas Rangers,Athletics,3,2,1.61,2.4,1
2024-09-01,MLB,Minnesota Twins,Toronto Blue Jays,0,15,1.71,2.2,0
2024-09-01,MLB,Tampa Bay Rays,San Diego Padres,3,4,2.0,1.83,0
2024-09-01,MLB,Los Angeles Angels,Seattle Mariners,5,4,2.4,1.61,1
2024-09-01,MLB,Cincinnati Reds,Milwaukee Brewers,4,5,2.1,1.77,0
2024-09-01,MLB,Houston Astros,Kansas City Royals,5,2,1.77,2.1,1
2024-09-01,MLB,Colorado Rockies,Baltimore Orioles,7,5,2.35,1.63,1
2024-09-01,MLB,Arizona Diamondbacks,Los Angeles Dodgers,6,8,2.15,1.74,0
2024-09-01,MLB,San Francisco Giants,Miami Marlins,3,4,1.67,2.25,0
2024-09-01,MLB,Philadelphia Phillies,Atlanta Braves,3,0,1.59,2.45,1
2024-09-01,MLB,Chicago White Sox,New York Mets,3,5,2.6,1.53,0
2024-09-01,MLB,Minnesota Twins,Toronto Blue Jays,4,3,1.38,3.1,1
2024-09-01,MLB,Houston Astros,Kansas City Royals,7,2,1.61,2.4,1
2024-09-01,MLB,Colorado Rockies,Baltimore Orioles,1,6,2.6,1.53,0
2024-09-01,MLB,Chicago White Sox,New York Mets,0,2,2.45,1.59,0
2024-09-01,MLB,San Francisco Giants,Miami Marlins,5,7,1.37,3.2,0
2024-09-01,MLB,Los Angeles Angels,Seattle Mariners,3,2,2.5,1.56,1
2024-09-01,MLB,Arizona Diamondbacks,Los Angeles Dodgers,14,3,1.87,1.95,1
2024-09-02,MLB,New York Yankees,St. Louis Cardinals,7,14,1.42,2.95,0
2024-09-02,MLB,Washington Nationals,Chicago Cubs,1,14,2.1,1.77,0
2024-09-02,MLB,Cleveland Guardians,Pittsburgh Pirates,6,1,1.65,2.3,1
2024-09-02,MLB,Tampa Bay Rays,San Diego Padres,3,4,2.0,1.83,0
2024-09-02,MLB,Chicago White Sox,New York Mets,0,2,2.45,1.59,0
2024-09-02,MLB,Los Angeles Angels,Seattle Mariners,3,2,2.5,1.56,1
2024-09-02,MLB,Colorado Rockies,Baltimore Orioles,1,6,2.6,1.53,0
2024-09-02,MLB,Detroit Tigers,Boston Red Sox,4,1,1.91,1.91,1
2024-09-02,MLB,Houston Astros,Kansas City Royals,7,2,1.61,2.4,1
2024-09-02,MLB,Minnesota Twins,Toronto Blue Jays,4,3,1.38,3.1,1
2024-09-02,MLB,Arizona Diamondbacks,Los Angeles Dodgers,14,3,1.87,1.95,1
2024-09-02,MLB,Arizona Diamondbacks,Los Angeles Dodgers,6,11,2.15,1.74,0
2024-09-02,MLB,Milwaukee Brewers,St. Louis Cardinals,9,3,1.56,2.5,1
2024-09-02,MLB,San Francisco Giants,Miami Marlins,5,7,1.37,3.2,0
2024-09-02,MLB,Baltimore Orioles,Chicago White Sox,13,3,1.22,4.5,1
2024-09-02,MLB,Cincinnati Reds,Houston Astros,5,3,2.35,1.63,1
2024-09-02,MLB,San Diego Padres,Detroit Tigers,3,0,1.48,2.75,1
2024-09-02,MLB,Kansas City Royals,Cleveland Guardians,2,4,1.91,1.91,0
2024-09-02,MLB,Chicago Cubs,Pittsburgh Pirates,3,5,1.67,2.25,0
2024-09-02,MLB,Athletics,Seattle Mariners,5,4,2.2,1.71,1
2024-09-02,MLB,Texas Rangers,New York Yankees,4,8,2.5,1.56,0
2024-09-02,MLB,New York Mets,Boston Red Sox,4,1,1.83,2.0,1
2024-09-02,MLB,Tampa Bay Rays,Minnesota Twins,4,5,1.91,1.91,0
2024-09-03,MLB,Milwaukee Brewers,St. Louis Cardinals,9,3,1.56,2.5,1
2024-09-03,MLB,Baltimore Orioles,Chicago White Sox,13,3,1.22,4.5,1
2024-09-03,MLB,Arizona Diamondbacks,Los Angeles Dodgers,6,11,2.15,1.74,0
2024-09-03,MLB,Cincinnati Reds,Houston Astros,5,3,2.35,1.63,1
2024-09-03,MLB,San Diego Padres,Detroit Tigers,3,0,1.48,2.75,1
2024-09-03,MLB,Kansas City Royals,Cleveland Guardians,2,4,1.91,1.91,0
2024-09-03,MLB,Athletics,Seattle Mariners,5,4,2.2,1.71,1
2024-09-03,MLB,Chicago Cubs,Pittsburgh Pirates,3,5,1.67,2.25,0
2024-09-03,MLB,Texas Rangers,New York Yankees,4,8,2.5,1.56,0
2024-09-03,MLB,New York Mets,Boston Red Sox,4,1,1.83,2.0,1
2024-09-03,MLB,Tampa Bay Rays,Minnesota Twins,4,5,1.91,1.91,0
2024-09-03,MLB,Baltimore Orioles,Chicago White Sox,9,0,1.29,3.7,1
2024-09-03,MLB,Miami Marlins,Washington Nationals,2,6,1.87,1.95,0
2024-09-03,MLB,Toronto Blue Jays,Philadelphia Phillies,9,10,1.83,2.0,0
2024-09-03,MLB,Tampa Bay Rays,Minnesota Twins,2,1,1.91,1.91,1
2024-09-03,MLB,New York Mets,Boston Red Sox,7,2,1.71,2.2,1
2024-09-03,MLB,San Francisco Giants,Arizona Diamondbacks,7,8,1.95,1.87,0
2024-09-03,MLB,Kansas City Royals,Cleveland Guardians,1,7,2.2,1.71,0
2024-09-03,MLB,Chicago Cubs,Pittsburgh Pirates,0,5,2.0,1.83,0
2024-09-03,MLB,Atlanta Braves,Colorado Rockies,3,0,1.27,3.9,1
2024-09-03,MLB,Athletics,Seattle Mariners,3,2,2.3,1.65,1
2024-09-03,MLB,Texas Rangers,New York Yankees,7,4,2.4,1.61,1
2024-09-04,MLB,Baltimore Orioles,Chicago White Sox,9,0,1.29,3.7,1
2024-09-04,MLB,Tampa Bay Rays,Minnesota Twins,2,1,1.91,1.91,1
2024-09-04,MLB,Miami Marlins,Washington Nationals,2,6,1.87,1.95,0
2024-09-04,MLB,New York Mets,Boston Red Sox,7,2,1.71,2.2,1
2024-09-04,MLB,Chicago Cubs,Pittsburgh Pirates,0,5,2.0,1.83,0
2024-09-04,MLB,Kansas City Royals,Cleveland Guardians,1,7,2.2,1.71,0
2024-09-04,MLB,Texas Rangers,New York Yankees,7,4,2.4,1.61,1
2024-09-04,MLB,Atlanta Braves,Colorado Rockies,3,0,1.27,3.9,1
2024-09-04,MLB,Toronto Blue Jays,Philadelphia Phillies,9,10,1.83,2.0,0
2024-09-04,MLB,Athletics,Seattle Mariners,3,2,2.3,1.65,1
2024-09-04,MLB,San Francisco Giants,Arizona Diamondbacks,7,8,1.95,1.87,0
2024-09-04,MLB,Baltimore Orioles,Chicago White Sox,1,8,1.27,3.9,0
2024-09-04,MLB,Toronto Blue Jays,Philadelphia Phillies,2,4,2.1,1.77,0
2024-09-04,MLB,Tampa Bay Rays,Minnesota Twins,9,4,2.0,1.83,1
2024-09-04,MLB,Cincinnati Reds,Houston Astros,12,5,2.25,1.67,1
2024-09-04,MLB,New York Mets,Boston Red Sox,8,3,1.83,2.0,1
2024-09-04,MLB,Atlanta Braves,Colorado Rockies,5,2,1.34,3.35,1
2024-09-04,MLB,Kansas City Royals,Cleveland Guardians,4,1,1.74,2.15,1
2024-09-04,MLB,Chicago Cubs,Pittsburgh Pirates,12,0,1.45,2.8,1
2024-09-04,MLB,Los Angeles Angels,Los Angeles Dodgers,10,1,2.7,1.49,1
2024-09-04,MLB,Texas Rangers,New York Yankees,10,6,1.95,1.87,1
2024-09-04,MLB,Athletics,Seattle Mariners,3,16,2.25,1.67,0
2024-09-04,MLB,San Francisco Giants,Arizona Diamondbacks,4,6,2.1,1.77,0
2024-09-05,MLB,Baltimore Orioles,Chicago White Sox,1,8,1.27,3.9,0
2024-09-05,MLB,Toronto Blue Jays,Philadelphia Phillies,2,4,2.1,1.77,0
2024-09-05,MLB,Cincinnati Reds,Houston Astros,12,5,2.25,1.67,1
2024-09-05,MLB,Chicago Cubs,Pittsburgh Pirates,12,0,1.45,2.8,1
2024-09-05,MLB,Atlanta Braves,Colorado Rockies,5,2,1.34,3.35,1
2024-09-05,MLB,Tampa Bay Rays,Minnesota Twins,9,4,2.0,1.83,1
2024-09-05,MLB,New York Mets,Boston Red Sox,8,3,1.83,2.0,1
2024-09-05,MLB,Texas Rangers,New York Yankees,10,6,1.95,1.87,1
2024-09-05,MLB,Kansas City Royals,Cleveland Guardians,4,1,1.74,2.15,1
2024-09-05,MLB,Los Angeles Angels,Los Angeles Dodgers,10,1,2.7,1.49,1
2024-09-05,MLB,San Francisco Giants,Arizona Diamondbacks,4,6,2.1,1.77,0
2024-09-05,MLB,Athletics,Seattle Mariners,3,16,2.25,1.67,0
2024-09-05,MLB,Cincinnati Reds,Houston Astros,1,0,2.4,1.61,1
2024-09-05,MLB,Tampa Bay Rays,Minnesota Twins,3,4,2.3,1.65,0
2024-09-05,MLB,San Francisco Giants,Arizona Diamondbacks,3,2,1.63,2.35,1
2024-09-05,MLB,Miami Marlins,Philadelphia Phillies,2,5,2.95,1.42,0
2024-09-05,MLB,San Diego Padres,Detroit Tigers,3,4,1.63,2.35,0
2024-09-05,MLB,Pittsburgh Pirates,Washington Nationals,9,4,1.8,2.05,1
2024-09-05,MLB,Athletics,Seattle Mariners,4,6,2.2,1.71,0
2024-09-05,MLB,Atlanta Braves,Colorado Rockies,1,3,1.34,3.35,0
2024-09-05,MLB,Texas Rangers,Los Angeles Angels,3,1,1.53,2.6,1
2024-09-06,MLB,Cincinnati Reds,Houston Astros,1,0,2.4,1.61,1
2024-09-06,MLB,Tampa Bay Rays,Minnesota Twins,3,4,2.3,1.65,0
2024-09-06,MLB,Athletics,Seattle Mariners,4,6,2.2,1.71,0
2024-09-06,MLB,Atlanta Braves,Colorado Rockies,1,3,1.34,3.35,0
2024-09-06,MLB,Pittsburgh Pirates,Washington Nationals,9,4,1.8,2.05,1
2024-09-06,MLB,San Francisco Giants,Arizona Diamondbacks,3,2,1.63,2.35,1
2024-09-06,MLB,Miami Marlins,Philadelphia Phillies,2,5,2.95,1.42,0
2024-09-06,MLB,San Diego Padres,Detroit Tigers,3,4,1.63,2.35,0
2024-09-06,MLB,Baltimore Orioles,Tampa Bay Rays,2,0,1.59,2.45,1
2024-09-06,MLB,Texas Rangers,Los Angeles Angels,1,5,1.65,2.3,0
2024-09-06,MLB,Boston Red Sox,Chicago White Sox,3,1,1.36,3.3,1
2024-09-06,MLB,Milwaukee Brewers,Colorado Rockies,2,3,1.42,2.95,0
2024-09-06,MLB,Texas Rangers,Los Angeles Angels,3,1,1.53,2.6,1
2024-09-06,MLB,Houston Astros,Arizona Diamondbacks,8,0,1.61,2.4,1
2024-09-06,MLB,Chicago Cubs,New York Yankees,0,3,2.0,1.83,0
2024-09-06,MLB,Kansas City Royals,Minnesota Twins,5,0,1.71,2.2,1
2024-09-06,MLB,Miami Marlins,Philadelphia Phillies,2,16,3.25,1.36,0
2024-09-06,MLB,San Diego Padres,San Francisco Giants,5,1,1.48,2.75,1
2024-09-06,MLB,Los Angeles Dodgers,Cleveland Guardians,1,3,1.67,2.25,0
2024-09-06,MLB,Atlanta Braves,Toronto Blue Jays,3,1,1.59,2.45,1
2024-09-06,MLB,St. Louis Cardinals,Seattle Mariners,1,6,1.91,1.91,0
2024-09-07,MLB,Chicago Cubs,New York Yankees,0,3,2.0,1.83,0
2024-09-07,MLB,Miami Marlins,Philadelphia Phillies,2,16,3.25,1.36,0
2024-09-07,MLB,Milwaukee Brewers,Colorado Rockies,2,3,1.42,2.95,0
2024-09-07,MLB,Houston Astros,Arizona Diamondbacks,8,0,1.61,2.4,1
2024-09-07,MLB,Baltimore Orioles,Tampa Bay Rays,2,0,1.59,2.45,1
2024-09-07,MLB,Texas Rangers,Los Angeles Angels,1,5,1.65,2.3,0
2024-09-07,MLB,St. Louis Cardinals,Seattle Mariners,1,6,1.91,1.91,0
2024-09-07,MLB,San Diego Padres,San Francisco Giants,5,1,1.48,2.75,1
2024-09-07,MLB,Atlanta Braves,Toronto Blue Jays,3,1,1.59,2.45,1
2024-09-07,MLB,Boston Red Sox,Chicago White Sox,3,1,1.36,3.3,1
2024-09-07,MLB,Kansas City Royals,Minnesota Twins,5,0,1.71,2.2,1
2024-09-07,MLB,Chicago Cubs,New York Yankees,0,2,2.25,1.67,0
2024-09-07,MLB,Pittsburgh Pirates,Washington Nationals,3,5,1.87,1.95,0
2024-09-07,MLB,Los Angeles Dodgers,Cleveland Guardians,1,3,1.67,2.25,0
2024-09-07,MLB,Baltimore Orioles,Tampa Bay Rays,1,7,1.54,2.55,0
2024-09-07,MLB,Athletics,Detroit Tigers,1,2,1.91,1.91,0
2024-09-07,MLB,Houston Astros,Arizona Diamondbacks,11,5,1.65,2.3,1
2024-09-07,MLB,Texas Rangers,Los Angeles Angels,6,4,1.71,2.2,1
2024-09-07,MLB,Miami Marlins,Philadelphia Phillies,9,5,3.1,1.38,1
2024-09-07,MLB,San Diego Padres,San Francisco Giants,3,6,1.8,2.05,0
2024-09-07,MLB,Atlanta Braves,Toronto Blue Jays,5,9,1.63,2.35,0
2024-09-07,MLB,Pittsburgh Pirates,Washington Nationals,6,8,1.74,2.15,0
2024-09-07,MLB,Boston Red Sox,Chicago White Sox,7,5,1.49,2.7,1
2024-09-07,MLB,New York Mets,Cincinnati Reds,4,0,1.65,2.3,1
2024-09-07,MLB,Kansas City Royals,Minnesota Twins,4,2,2.15,1.74,1
2024-09-07,MLB,Los Angeles Dodgers,Cleveland Guardians,7,2,1.65,2.3,1
2024-09-07,MLB,St. Louis Cardinals,Seattle Mariners,2,0,2.15,1.74,1
2024-09-07,MLB,Milwaukee Brewers,Colorado Rockies,5,2,1.36,3.3,1
2024-09-08,MLB,Pittsburgh Pirates,Washington Nationals,3,5,1.87,1.95,0
2024-09-08,MLB,Chicago Cubs,New York Yankees,0,2,2.25,1.67,0
2024-09-08,MLB,Baltimore Orioles,Tampa Bay Rays,1,7,1.54,2.55,0
2024-09-08,MLB,New York Mets,Cincinnati Reds,4,0,1.65,2.3,1
2024-09-08,MLB,Pittsburgh Pirates,Washington Nationals,6,8,1.74,2.15,0
2024-09-08,MLB,Miami Marlins,Philadelphia Phillies,9,5,3.1,1.38,1
2024-09-08,MLB,Texas Rangers,Los Angeles Angels,6,4,1.71,2.2,1
2024-09-08,MLB,Houston Astros,Arizona Diamondbacks,11,5,1.65,2.3,1
2024-09-08,MLB,Athletics,Detroit Tigers,1,2,1.91,1.91,0
2024-09-08,MLB,Boston Red Sox,Chicago White Sox,7,5,1.49,2.7,1
2024-09-08,MLB,Milwaukee Brewers,Colorado Rockies,5,2,1.36,3.3,1
2024-09-08,MLB,San Diego Padres,San Francisco Giants,3,6,1.8,2.05,0
2024-09-08,MLB,Atlanta Braves,Toronto Blue Jays,5,9,1.63,2.35,0
2024-09-08,MLB,St. Louis Cardinals,Seattle Mariners,2,0,2.15,1.74,1
2024-09-08,MLB,Los Angeles Dodgers,Cleveland Guardians,7,2,1.65,2.3,1
2024-09-08,MLB,Kansas City Royals,Minnesota Twins,4,2,2.15,1.74,1
2024-09-08,MLB,Baltimore Orioles,Tampa Bay Rays,0,2,1.45,2.8,0
2024-09-08,MLB,Boston Red Sox,Chicago White Sox,2,7,1.37,3.2,0
2024-09-08,MLB,New York Mets,Cincinnati Reds,1,3,1.48,2.75,0
2024-09-08,MLB,St. Louis Cardinals,Seattle Mariners,4,10,2.15,1.74,0
2024-09-08,MLB,Milwaukee Brewers,Colorado Rockies,1,4,1.33,3.4,0
2024-09-08,MLB,Texas Rangers,Los Angeles Angels,7,4,1.56,2.5,1
2024-09-08,MLB,Pittsburgh Pirates,Washington Nationals,7,3,1.63,2.35,1
2024-09-08,MLB,Miami Marlins,Philadelphia Phillies,10,1,2.15,1.74,1
2024-09-08,MLB,Chicago Cubs,New York Yankees,2,1,2.35,1.63,1
2024-09-08,MLB,Kansas City Royals,Minnesota Twins,2,0,1.77,2.1,1
2024-09-08,MLB,Los Angeles Dodgers,Cleveland Guardians,4,0,1.61,2.4,1
2024-09-08,MLB,San Diego Padres,San Francisco Giants,6,7,1.5,2.65,0
2024-09-08,MLB,Houston Astros,Arizona Diamondbacks,6,12,1.74,2.15,0
2024-09-08,MLB,Athletics,Detroit Tigers,1,9,1.87,1.95,0
2024-09-09,MLB,Baltimore Orioles,Tampa Bay Rays,0,2,1.45,2.8,0
2024-09-09,MLB,Miami Marlins,Philadelphia Phillies,10,1,2.15,1.74,1
2024-09-09,MLB,New York Mets,Cincinnati Reds,1,3,1.48,2.75,0
2024-09-09,MLB,Pittsburgh Pirates,Washington Nationals,7,3,1.63,2.35,1
2024-09-09,MLB,Kansas City Royals,Minnesota Twins,2,0,1.77,2.1,1
2024-09-09,MLB,Boston Red Sox,Chicago White Sox,2,7,1.37,3.2,0
2024-09-09,MLB,Texas Rangers,Los Angeles Angels,7,4,1.56,2.5,1
2024-09-09,MLB,Milwaukee Brewers,Colorado Rockies,1,4,1.33,3.4,0
2024-09-09,MLB,St. Louis Cardinals,Seattle Mariners,4,10,2.15,1.74,0
2024-09-09,MLB,Chicago Cubs,New York Yankees,2,1,2.35,1.63,1
2024-09-09,MLB,Athletics,Detroit Tigers,1,9,1.87,1.95,0
2024-09-09,MLB,Los Angeles Dodgers,Cleveland Guardians,4,0,1.61,2.4,1
2024-09-09,MLB,Houston Astros,Arizona Diamondbacks,6,12,1.74,2.15,0
2024-09-09,MLB,San Diego Padres,San Francisco Giants,6,7,1.5,2.65,0
2024-09-09,MLB,Atlanta Braves,Cincinnati Reds,0,1,1.63,2.35,0
2024-09-09,MLB,Toronto Blue Jays,New York Mets,2,3,2.15,1.74,0
2024-09-09,MLB,Pittsburgh Pirates,Miami Marlins,3,2,1.36,3.25,1
2024-09-09,MLB,Philadelphia Phillies,Tampa Bay Rays,2,1,1.5,2.65,1
2024-09-09,MLB,Chicago White Sox,Cleveland Guardians,3,5,2.75,1.48,0
2024-09-09,MLB,Boston Red Sox,Baltimore Orioles,12,3,1.8,2.05,1
2024-09-09,MLB,New York Yankees,Kansas City Royals,10,4,1.53,2.6,1
2024-09-09,MLB,Los Angeles Dodgers,Chicago Cubs,4,10,1.5,2.65,0
2024-09-09,MLB,Minnesota Twins,Los Angeles Angels,2,6,1.56,2.5,0
2024-09-10,MLB,Atlanta Braves,Cincinnati Reds,0,1,1.63,2.35,0
2024-09-10,MLB,Pittsburgh Pirates,Miami Marlins,3,2,1.36,3.25,1
2024-09-10,MLB,Philadelphia Phillies,Tampa Bay Rays,2,1,1.5,2.65,1
2024-09-10,MLB,New York Yankees,Kansas City Royals,10,4,1.53,2.6,1
2024-09-10,MLB,Toronto Blue Jays,New York Mets,2,3,2.15,1.74,0
2024-09-10,MLB,Chicago White Sox,Cleveland Guardians,3,5,2.75,1.48,0
2024-09-10,MLB,Boston Red Sox,Baltimore Orioles,12,3,1.8,2.05,1
2024-09-10,MLB,Minnesota Twins,Los Angeles Angels,2,6,1.56,2.5,0
2024-09-10,MLB,Los Angeles Dodgers,Chicago Cubs,4,10,1.5,2.65,0
2024-09-10,MLB,Pittsburgh Pirates,Miami Marlins,6,4,1.61,2.4,1
2024-09-10,MLB,Chicago White Sox,Cleveland Guardians,0,5,2.85,1.44,0
2024-09-10,MLB,Toronto Blue Jays,New York Mets,6,2,2.05,1.8,1
2024-09-10,MLB,Boston Red Sox,Baltimore Orioles,3,5,1.74,2.15,0
2024-09-10,MLB,Detroit Tigers,Colorado Rockies,11,0,1.5,2.65,1
2024-09-10,MLB,Washington Nationals,Atlanta Braves,0,12,2.2,1.71,0
2024-09-10,MLB,New York Yankees,Kansas City Royals,0,5,1.67,2.25,0
2024-09-10,MLB,Philadelphia Phillies,Tampa Bay Rays,9,4,1.56,2.5,1
2024-09-10,MLB,Minnesota Twins,Los Angeles Angels,10,5,1.38,3.1,1
2024-09-10,MLB,St. Louis Cardinals,Cincinnati Reds,0,3,1.77,2.1,0
2024-09-10,MLB,Arizona Diamondbacks,Texas Rangers,6,0,1.56,2.5,1
2024-09-10,MLB,San Francisco Giants,Milwaukee Brewers,2,3,2.0,1.83,0
2024-09-10,MLB,Seattle Mariners,San Diego Padres,3,7,1.77,2.1,0
2024-09-10,MLB,Los Angeles Dodgers,Chicago Cubs,3,6,1.65,2.3,0
2024-09-11,MLB,Detroit Tigers,Colorado Rockies,11,0,1.5,2.65,1
2024-09-11,MLB,Philadelphia Phillies,Tampa Bay Rays,9,4,1.56,2.5,1
2024-09-11,MLB,Pittsburgh Pirates,Miami Marlins,6,4,1.61,2.4,1
2024-09-11,MLB,Washington Nationals,Atlanta Braves,0,12,2.2,1.71,0
2024-09-11,MLB,Boston Red Sox,Baltimore Orioles,3,5,1.74,2.15,0
2024-09-11,MLB,St. Louis Cardinals,Cincinnati Reds,0,3,1.77,2.1,0
2024-09-11,MLB,Toronto Blue Jays,New York Mets,6,2,2.05,1.8,1
2024-09-11,MLB,Chicago White Sox,Cleveland Guardians,0,5,2.85,1.44,0
2024-09-11,MLB,Minnesota Twins,Los Angeles Angels,10,5,1.38,3.1,1
2024-09-11,MLB,New York Yankees,Kansas City Royals,0,5,1.67,2.25,0
2024-09-11,MLB,Arizona Diamondbacks,Texas Rangers,6,0,1.56,2.5,1
2024-09-11,MLB,Los Angeles Dodgers,Chicago Cubs,3,6,1.65,2.3,0
2024-09-11,MLB,San Francisco Giants,Milwaukee Brewers,2,3,2.0,1.83,0
2024-09-11,MLB,Seattle Mariners,San Diego Padres,3,7,1.77,2.1,0
2024-09-11,MLB,Toronto Blue Jays,New York Mets,2,6,2.05,1.8,0
2024-09-11,MLB,Arizona Diamondbacks,Texas Rangers,14,4,1.61,2.4,1
2024-09-11,MLB,Chicago White Sox,Cleveland Guardians,4,6,2.95,1.42,0
2024-09-11,MLB,Pittsburgh Pirates,Miami Marlins,3,1,1.65,2.3,1
2024-09-11,MLB,Detroit Tigers,Colorado Rockies,7,4,1.5,2.65,1
2024-09-11,MLB,Philadelphia Phillies,Tampa Bay Rays,3,2,1.44,2.85,1
2024-09-11,MLB,Seattle Mariners,San Diego Padres,5,2,1.95,1.87,1
2024-09-11,MLB,San Francisco Giants,Milwaukee Brewers,13,2,1.71,2.2,1
2024-09-11,MLB,Washington Nationals,Atlanta Braves,5,1,2.45,1.59,1
2024-09-11,MLB,St. Louis Cardinals,Cincinnati Reds,2,1,1.65,2.3,1
2024-09-11,MLB,Houston Astros,Athletics,4,5,1.43,2.9,0
2024-09-11,MLB,Los Angeles Dodgers,Chicago Cubs,10,8,1.61,2.4,1
2024-09-11,MLB,Minnesota Twins,Los Angeles Angels,6,4,1.45,2.8,1
2024-09-12,MLB,Pittsburgh Pirates,Miami Marlins,3,1,1.65,2.3,1
2024-09-12,MLB,Chicago White Sox,Cleveland Guardians,4,6,2.95,1.42,0
2024-09-12,MLB,Toronto Blue Jays,New York Mets,2,6,2.05,1.8,0
2024-09-12,MLB,Arizona Diamondbacks,Texas Rangers,14,4,1.61,2.4,1
2024-09-12,MLB,Detroit Tigers,Colorado Rockies,7,4,1.5,2.65,1
2024-09-12,MLB,Philadelphia Phillies,Tampa Bay Rays,3,2,1.44,2.85,1
2024-09-12,MLB,Washington Nationals,Atlanta Braves,5,1,2.45,1.59,1
2024-09-12,MLB,Houston Astros,Athletics,4,5,1.43,2.9,0
2024-09-12,MLB,St. Louis Cardinals,Cincinnati Reds,2,1,1.65,2.3,1
2024-09-12,MLB,Minnesota Twins,Los Angeles Angels,6,4,1.45,2.8,1
2024-09-12,MLB,San Francisco Giants,Milwaukee Brewers,13,2,1.71,2.2,1
2024-09-12,MLB,Seattle Mariners,San Diego Padres,5,2,1.95,1.87,1
2024-09-12,MLB,Los Angeles Dodgers,Chicago Cubs,10,8,1.61,2.4,1
2024-09-12,MLB,Detroit Tigers,Colorado Rockies,2,4,1.33,3.4,0
2024-09-12,MLB,Houston Astros,Athletics,6,3,1.37,3.2,1
2024-09-12,MLB,Seattle Mariners,Texas Rangers,4,5,1.67,2.25,0
2024-09-12,MLB,Washington Nationals,Miami Marlins,3,6,1.53,2.6,0
2024-09-12,MLB,Cleveland Guardians,Tampa Bay Rays,2,5,1.71,2.2,0
2024-09-12,MLB,St. Louis Cardinals,Cincinnati Reds,6,1,1.67,2.25,1
2024-09-12,MLB,San Francisco Giants,Milwaukee Brewers,0,3,2.15,1.74,0
2024-09-13,MLB,St. Louis Cardinals,Cincinnati Reds,6,1,1.67,2.25,1
2024-09-13,MLB,Cleveland Guardians,Tampa Bay Rays,2,5,1.71,2.2,0
2024-09-13,MLB,Washington Nationals,Miami Marlins,3,6,1.53,2.6,0
2024-09-13,MLB,Detroit Tigers,Colorado Rockies,2,4,1.33,3.4,0
2024-09-13,MLB,Seattle Mariners,Texas Rangers,4,5,1.67,2.25,0
2024-09-13,MLB,San Francisco Giants,Milwaukee Brewers,0,3,2.15,1.74,0
2024-09-13,MLB,Houston Astros,Athletics,6,3,1.37,3.2,1
2024-09-13,MLB,Pittsburgh Pirates,Kansas City Royals,3,8,1.87,1.95,0
2024-09-13,MLB,Detroit Tigers,Baltimore Orioles,1,0,2.1,1.77,1
2024-09-13,MLB,Philadelphia Phillies,New York Mets,3,11,1.63,2.35,0
2024-09-13,MLB,Cleveland Guardians,Tampa Bay Rays,1,3,1.54,2.55,0
2024-09-13,MLB,Atlanta Braves,Los Angeles Dodgers,6,2,1.95,1.87,1
2024-09-13,MLB,Washington Nationals,Miami Marlins,4,1,1.71,2.2,1
2024-09-13,MLB,New York Yankees,Boston Red Sox,5,4,1.59,2.45,1
2024-09-13,MLB,Los Angeles Angels,Houston Astros,3,5,2.85,1.44,0
2024-09-13,MLB,Chicago White Sox,Athletics,0,2,2.15,1.74,0
2024-09-13,MLB,Colorado Rockies,Chicago Cubs,9,5,2.25,1.67,1
2024-09-13,MLB,Minnesota Twins,Cincinnati Reds,4,8,1.43,2.9,0
2024-09-13,MLB,Arizona Diamondbacks,Milwaukee Brewers,1,2,1.8,2.05,0
2024-09-13,MLB,Seattle Mariners,Texas Rangers,5,4,2.15,1.74,1
2024-09-13,MLB,San Francisco Giants,San Diego Padres,0,5,1.95,1.87,0
2024-09-14,MLB,Detroit Tigers,Baltimore Orioles,1,0,2.1,1.77,1
2024-09-14,MLB,Pittsburgh Pirates,Kansas City Royals,3,8,1.87,1.95,0
2024-09-14,MLB,Washington Nationals,Miami Marlins,4,1,1.71,2.2,1
2024-09-14,MLB,Cleveland Guardians,Tampa Bay Rays,1,3,1.54,2.55,0
2024-09-14,MLB,Philadelphia Phillies,New York Mets,3,11,1.63,2.35,0
2024-09-14,MLB,New York Yankees,Boston Red Sox,5,4,1.59,2.45,1
2024-09-14,MLB,Atlanta Braves,Los Angeles Dodgers,6,2,1.95,1.87,1
2024-09-14,MLB,Chicago White Sox,Athletics,0,2,2.15,1.74,0
2024-09-14,MLB,Seattle Mariners,Texas Rangers,5,4,2.15,1.74,1
2024-09-14,MLB,Arizona Diamondbacks,Milwaukee Brewers,1,2,1.8,2.05,0
2024-09-14,MLB,San Francisco Giants,San Diego Padres,0,5,1.95,1.87,0
2024-09-14,MLB,Colorado Rockies,Chicago Cubs,9,5,2.25,1.67,1
2024-09-14,MLB,Los Angeles Angels,Houston Astros,3,5,2.85,1.44,0
2024-09-14,MLB,New York Yankees,Boston Red Sox,1,7,1.5,2.65,0
2024-09-14,MLB,Minnesota Twins,Cincinnati Reds,4,8,1.43,2.9,0
2024-09-14,MLB,Toronto Blue Jays,St. Louis Cardinals,7,2,1.74,2.15,1
2024-09-14,MLB,Pittsburgh Pirates,Kansas City Royals,1,5,2.0,1.83,0
2024-09-14,MLB,Chicago White Sox,Athletics,7,6,2.45,1.59,1
2024-09-14,MLB,Cleveland Guardians,Tampa Bay Rays,6,1,1.71,2.2,1
2024-09-14,MLB,Philadelphia Phillies,New York Mets,6,4,1.83,2.0,1
2024-09-14,MLB,Detroit Tigers,Baltimore Orioles,2,4,2.25,1.67,0
2024-09-14,MLB,Minnesota Twins,Cincinnati Reds,1,11,1.65,2.3,0
2024-09-14,MLB,Los Angeles Angels,Houston Astros,3,5,2.35,1.63,0
2024-09-14,MLB,Atlanta Braves,Los Angeles Dodgers,10,1,1.8,2.05,1
2024-09-14,MLB,Seattle Mariners,Texas Rangers,5,4,1.59,2.45,1
2024-09-14,MLB,Washington Nationals,Miami Marlins,4,1,1.67,2.25,1
2024-09-14,MLB,Arizona Diamondbacks,Milwaukee Brewers,8,15,1.67,2.25,0
2024-09-14,MLB,San Francisco Giants,San Diego Padres,0,8,2.35,1.63,0
2024-09-15,MLB,Pittsburgh Pirates,Kansas City Royals,1,5,2.0,1.83,0
2024-09-15,MLB,New York Yankees,Boston Red Sox,1,7,1.5,2.65,0
2024-09-15,MLB,Toronto Blue Jays,St. Louis Cardinals,7,2,1.74,2.15,1
2024-09-15,MLB,Philadelphia Phillies,New York Mets,6,4,1.83,2.0,1
2024-09-15,MLB,Detroit Tigers,Baltimore Orioles,2,4,2.25,1.67,0
2024-09-15,MLB,Washington Nationals,Miami Marlins,4,1,1.67,2.25,1
2024-09-15,MLB,Cleveland Guardians,Tampa Bay Rays,6,1,1.71,2.2,1
2024-09-15,MLB,Chicago White Sox,Athletics,7,6,2.45,1.59,1
2024-09-15,MLB,Minnesota Twins,Cincinnati Reds,1,11,1.65,2.3,0
2024-09-15,MLB,Atlanta Braves,Los Angeles Dodgers,10,1,1.8,2.05,1
2024-09-15,MLB,Arizona Diamondbacks,Milwaukee Brewers,8,15,1.67,2.25,0
2024-09-15,MLB,San Francisco Giants,San Diego Padres,0,8,2.35,1.63,0
2024-09-15,MLB,Minnesota Twins,Cincinnati Reds,9,2,1.56,2.5,1
2024-09-15,MLB,Detroit Tigers,Baltimore Orioles,4,2,1.95,1.87,1
2024-09-15,MLB,Seattle Mariners,Texas Rangers,5,4,1.59,2.45,1
2024-09-15,MLB,Los Angeles Angels,Houston Astros,3,5,2.35,1.63,0
2024-09-15,MLB,New York Yankees,Boston Red Sox,5,2,1.59,2.45,1
2024-09-15,MLB,Philadelphia Phillies,New York Mets,2,1,1.74,2.15,1
2024-09-15,MLB,Washington Nationals,Miami Marlins,4,3,1.56,2.5,1
2024-09-15,MLB,Pittsburgh Pirates,Kansas City Royals,4,3,1.87,1.95,1
2024-09-15,MLB,Atlanta Braves,Los Angeles Dodgers,2,9,1.91,1.91,0
2024-09-15,MLB,Toronto Blue Jays,St. Louis Cardinals,3,2,1.8,2.05,1
2024-09-15,MLB,Los Angeles Angels,Houston Astros,4,6,2.7,1.49,0
2024-09-15,MLB,Cleveland Guardians,Tampa Bay Rays,2,0,1.77,2.1,1
2024-09-15,MLB,Colorado Rockies,Chicago Cubs,2,6,2.15,1.74,0
2024-09-15,MLB,Seattle Mariners,Texas Rangers,7,0,1.63,2.35,1
2024-09-15,MLB,Chicago White Sox,Athletics,4,3,2.45,1.59,1
2024-09-16,MLB,Cleveland Guardians,Minnesota Twins,4,3,2.0,1.83,1
2024-09-16,MLB,Detroit Tigers,Baltimore Orioles,4,2,1.95,1.87,1
2024-09-16,MLB,New York Yankees,Boston Red Sox,5,2,1.59,2.45,1
2024-09-16,MLB,Minnesota Twins,Cincinnati Reds,9,2,1.56,2.5,1
2024-09-16,MLB,Philadelphia Phillies,New York Mets,2,1,1.74,2.15,1
2024-09-16,MLB,Toronto Blue Jays,St. Louis Cardinals,3,2,1.8,2.05,1
2024-09-16,MLB,Chicago Cubs,Athletics,9,2,1.49,2.7,1
2024-09-16,MLB,Colorado Rockies,Chicago Cubs,2,6,2.15,1.74,0
2024-09-16,MLB,Kansas City Royals,Detroit Tigers,6,7,1.71,2.2,0
2024-09-16,MLB,Cleveland Guardians,Tampa Bay Rays,2,0,1.77,2.1,1
2024-09-16,MLB,Atlanta Braves,Los Angeles Dodgers,0,9,2.15,1.74,0
2024-09-16,MLB,Washington Nationals,Miami Marlins,4,3,1.56,2.5,1
2024-09-16,MLB,Pittsburgh Pirates,Kansas City Royals,4,3,1.87,1.95,1
2024-09-16,MLB,Atlanta Braves,Los Angeles Dodgers,2,9,1.91,1.91,0
2024-09-16,MLB,Los Angeles Angels,Houston Astros,4,6,2.7,1.49,0
2024-09-16,MLB,Chicago White Sox,Athletics,4,3,2.45,1.59,1
2024-09-16,MLB,Seattle Mariners,Texas Rangers,7,0,1.63,2.35,1
2024-09-16,MLB,Milwaukee Brewers,Philadelphia Phillies,6,2,1.91,1.91,1
2024-09-16,MLB,St. Louis Cardinals,Pittsburgh Pirates,4,0,2.1,1.77,1
2024-09-16,MLB,Colorado Rockies,Arizona Diamondbacks,3,2,2.5,1.56,1
2024-09-16,MLB,Los Angeles Angels,Chicago White Sox,4,8,1.5,2.65,0
2024-09-16,MLB,San Diego Padres,Houston Astros,3,1,1.87,1.95,1
2024-09-17,MLB,Milwaukee Brewers,Philadelphia Phillies,6,2,1.91,1.91,1
2024-09-17,MLB,St. Louis Cardinals,Pittsburgh Pirates,4,0,2.1,1.77,1
2024-09-17,MLB,Chicago Cubs,Athletics,9,2,1.49,2.7,1
2024-09-17,MLB,Atlanta Braves,Los Angeles Dodgers,0,9,2.15,1.74,0
2024-09-17,MLB,Kansas City Royals,Detroit Tigers,6,7,1.71,2.2,0
2024-09-17,MLB,Cleveland Guardians,Minnesota Twins,4,3,2.0,1.83,1
2024-09-17,MLB,Los Angeles Angels,Chicago White Sox,4,8,1.5,2.65,0
2024-09-17,MLB,Colorado Rockies,Arizona Diamondbacks,3,2,2.5,1.56,1
2024-09-17,MLB,Miami Marlins,Los Angeles Dodgers,11,9,2.8,1.45,1
2024-09-17,MLB,San Diego Padres,Houston Astros,3,1,1.87,1.95,1
2024-09-17,MLB,Colorado Rockies,Arizona Diamondbacks,8,2,2.25,1.67,1
2024-09-17,MLB,Los Angeles Angels,Chicago White Sox,5,0,1.63,2.35,1
2024-09-17,MLB,Tampa Bay Rays,Boston Red Sox,8,3,2.1,1.77,1
2024-09-17,MLB,Milwaukee Brewers,Philadelphia Phillies,1,5,2.2,1.71,0
2024-09-17,MLB,St. Louis Cardinals,Pittsburgh Pirates,3,1,1.67,2.25,1
2024-09-17,MLB,Cleveland Guardians,Minnesota Twins,1,4,1.67,2.25,0
2024-09-17,MLB,Texas Rangers,Toronto Blue Jays,13,8,1.74,2.15,1
2024-09-17,MLB,Chicago Cubs,Athletics,3,4,1.63,2.35,0
2024-09-17,MLB,Baltimore Orioles,San Francisco Giants,0,10,2.0,1.83,0
2024-09-17,MLB,Cincinnati Reds,Atlanta Braves,6,5,2.25,1.67,1
2024-09-17,MLB,New York Mets,Washington Nationals,10,1,1.63,2.35,1
2024-09-17,MLB,Seattle Mariners,New York Yankees,2,11,1.95,1.87,0
2024-09-18,MLB,Cleveland Guardians,Minnesota Twins,1,4,1.67,2.25,0
2024-09-18,MLB,Cincinnati Reds,Atlanta Braves,6,5,2.25,1.67,1
2024-09-18,MLB,Baltimore Orioles,San Francisco Giants,0,10,2.0,1.83,0
2024-09-18,MLB,Tampa Bay Rays,Boston Red Sox,8,3,2.1,1.77,1
2024-09-18,MLB,Miami Marlins,Los Angeles Dodgers,11,9,2.8,1.45,1
2024-09-18,MLB,New York Mets,Washington Nationals,10,1,1.63,2.35,1
2024-09-18,MLB,Chicago Cubs,Athletics,3,4,1.63,2.35,0
2024-09-18,MLB,Milwaukee Brewers,Philadelphia Phillies,1,5,2.2,1.71,0
2024-09-18,MLB,Texas Rangers,Toronto Blue Jays,13,8,1.74,2.15,1
2024-09-18,MLB,St. Louis Cardinals,Pittsburgh Pirates,3,1,1.67,2.25,1
2024-09-18,MLB,Colorado Rockies,Arizona Diamondbacks,8,2,2.25,1.67,1
2024-09-18,MLB,Seattle Mariners,New York Yankees,2,11,1.95,1.87,0
2024-09-18,MLB,Los Angeles Angels,Chicago White Sox,5,0,1.63,2.35,1
2024-09-18,MLB,Cincinnati Reds,Atlanta Braves,1,7,2.2,1.71,0
2024-09-18,MLB,Chicago Cubs,Athletics,3,5,1.56,2.5,0
2024-09-18,MLB,Colorado Rockies,Arizona Diamondbacks,4,9,2.45,1.59,0
2024-09-18,MLB,Miami Marlins,Los Angeles Dodgers,4,8,2.65,1.5,0
2024-09-18,MLB,San Diego Padres,Houston Astros,4,0,1.91,1.91,1
2024-09-18,MLB,Baltimore Orioles,San Francisco Giants,3,5,1.61,2.4,0
2024-09-18,MLB,Tampa Bay Rays,Boston Red Sox,1,2,1.87,1.95,0
2024-09-18,MLB,New York Mets,Washington Nationals,10,0,1.59,2.45,1
2024-09-18,MLB,Kansas City Royals,Detroit Tigers,2,4,2.15,1.74,0
2024-09-18,MLB,Milwaukee Brewers,Philadelphia Phillies,2,1,1.87,1.95,1
2024-09-18,MLB,St. Louis Cardinals,Pittsburgh Pirates,10,5,1.48,2.75,1
2024-09-18,MLB,Texas Rangers,Toronto Blue Jays,2,0,1.87,1.95,1
2024-09-19,MLB,Chicago Cubs,Athletics,3,5,1.56,2.5,0
2024-09-19,MLB,Colorado Rockies,Arizona Diamondbacks,4,9,2.45,1.59,0
2024-09-19,MLB,Baltimore Orioles,San Francisco Giants,3,5,1.61,2.4,0
2024-09-19,MLB,Miami Marlins,Los Angeles Dodgers,4,8,2.65,1.5,0
2024-09-19,MLB,Cincinnati Reds,Atlanta Braves,1,7,2.2,1.71,0
2024-09-19,MLB,San Diego Padres,Houston Astros,4,0,1.91,1.91,1
2024-09-19,MLB,New York Mets,Washington Nationals,10,0,1.59,2.45,1
2024-09-19,MLB,Kansas City Royals,Detroit Tigers,2,4,2.15,1.74,0
2024-09-19,MLB,Milwaukee Brewers,Philadelphia Phillies,2,1,1.87,1.95,1
2024-09-19,MLB,Baltimore Orioles,San Francisco Giants,5,3,1.65,2.3,1
2024-09-19,MLB,Texas Rangers,Toronto Blue Jays,0,4,1.77,2.1,0
2024-09-19,MLB,Tampa Bay Rays,Boston Red Sox,1,2,1.87,1.95,0
2024-09-19,MLB,Cincinnati Reds,Atlanta Braves,3,15,2.8,1.45,0
2024-09-19,MLB,Texas Rangers,Toronto Blue Jays,2,0,1.87,1.95,1
2024-09-19,MLB,St. Louis Cardinals,Pittsburgh Pirates,10,5,1.48,2.75,1
2024-09-19,MLB,Seattle Mariners,New York Yankees,3,2,1.8,2.05,1
2024-09-19,MLB,New York Mets,Philadelphia Phillies,10,6,1.71,2.2,1
2024-09-19,MLB,Miami Marlins,Los Angeles Dodgers,4,20,2.7,1.49,0
2024-09-19,MLB,Houston Astros,Los Angeles Angels,3,1,1.33,3.4,1
2024-09-19,MLB,Tampa Bay Rays,Boston Red Sox,2,0,1.95,1.87,1
2024-09-19,MLB,Milwaukee Brewers,Arizona Diamondbacks,1,5,2.05,1.8,0
2024-09-19,MLB,Chicago Cubs,Washington Nationals,7,6,1.54,2.55,1
2024-09-19,MLB,St. Louis Cardinals,Pittsburgh Pirates,2,3,1.67,2.25,0
2024-09-20,MLB,Baltimore Orioles,San Francisco Giants,5,3,1.65,2.3,1
2024-09-20,MLB,Texas Rangers,Toronto Blue Jays,0,4,1.77,2.1,0
2024-09-20,MLB,Miami Marlins,Los Angeles Dodgers,4,20,2.7,1.49,0
2024-09-20,MLB,Cincinnati Reds,Atlanta Braves,3,15,2.8,1.45,0
2024-09-20,MLB,Seattle Mariners,New York Yankees,3,2,1.8,2.05,1
2024-09-20,MLB,Tampa Bay Rays,Boston Red Sox,2,0,1.95,1.87,1
2024-09-20,MLB,Milwaukee Brewers,Arizona Diamondbacks,1,5,2.05,1.8,0
2024-09-20,MLB,Chicago Cubs,Washington Nationals,7,6,1.54,2.55,1
2024-09-20,MLB,New York Mets,Philadelphia Phillies,10,6,1.71,2.2,1
2024-09-20,MLB,St. Louis Cardinals,Pittsburgh Pirates,2,3,1.67,2.25,0
2024-09-20,MLB,Houston Astros,Los Angeles Angels,3,1,1.33,3.4,1
2024-09-20,MLB,Baltimore Orioles,Detroit Tigers,7,1,1.61,2.4,1
2024-09-20,MLB,Chicago Cubs,Washington Nationals,3,1,1.59,2.45,1
2024-09-20,MLB,Tampa Bay Rays,Toronto Blue Jays,1,0,2.0,1.83,1
2024-09-20,MLB,Miami Marlins,Atlanta Braves,4,3,2.8,1.45,1
2024-09-20,MLB,New York Mets,Philadelphia Phillies,2,12,2.0,1.83,0
2024-09-20,MLB,Texas Rangers,Seattle Mariners,2,8,1.8,2.05,0
2024-09-20,MLB,Cincinnati Reds,Pittsburgh Pirates,8,3,1.8,2.05,1
2024-09-20,MLB,Houston Astros,Los Angeles Angels,9,7,1.38,3.1,1
2024-09-20,MLB,Kansas City Royals,San Francisco Giants,1,2,1.5,2.65,0
2024-09-20,MLB,Milwaukee Brewers,Arizona Diamondbacks,4,7,2.15,1.74,0
2024-09-20,MLB,St. Louis Cardinals,Cleveland Guardians,1,5,1.83,2.0,0
2024-09-20,MLB,Los Angeles Dodgers,Colorado Rockies,6,4,1.38,3.1,1
2024-09-21,MLB,Chicago Cubs,Washington Nationals,3,1,1.59,2.45,1
2024-09-21,MLB,Cincinnati Reds,Pittsburgh Pirates,8,3,1.8,2.05,1
2024-09-21,MLB,Tampa Bay Rays,Toronto Blue Jays,1,0,2.0,1.83,1
2024-09-21,MLB,Baltimore Orioles,Detroit Tigers,7,1,1.61,2.4,1
2024-09-21,MLB,New York Mets,Philadelphia Phillies,2,12,2.0,1.83,0
2024-09-21,MLB,Miami Marlins,Atlanta Braves,4,3,2.8,1.45,1
2024-09-21,MLB,Texas Rangers,Seattle Mariners,2,8,1.8,2.05,0
2024-09-21,MLB,Houston Astros,Los Angeles Angels,9,7,1.38,3.1,1
2024-09-21,MLB,St. Louis Cardinals,Cleveland Guardians,1,5,1.83,2.0,0
2024-09-21,MLB,Kansas City Royals,San Francisco Giants,1,2,1.5,2.65,0
2024-09-21,MLB,Milwaukee Brewers,Arizona Diamondbacks,4,7,2.15,1.74,0
2024-09-21,MLB,Los Angeles Dodgers,Colorado Rockies,6,4,1.38,3.1,1
2024-09-21,MLB,Chicago Cubs,Washington Nationals,1,5,1.71,2.2,0
2024-09-21,MLB,Cincinnati Reds,Pittsburgh Pirates,7,1,1.8,2.05,1
2024-09-21,MLB,Miami Marlins,Atlanta Braves,2,6,3.25,1.36,0
2024-09-21,MLB,New York Mets,Philadelphia Phillies,6,3,1.83,2.0,1
2024-09-21,MLB,Tampa Bay Rays,Toronto Blue Jays,3,2,1.71,2.2,1
2024-09-21,MLB,Texas Rangers,Seattle Mariners,4,8,1.95,1.87,0
2024-09-21,MLB,Kansas City Royals,San Francisco Giants,0,9,1.67,2.25,0
2024-09-21,MLB,St. Louis Cardinals,Cleveland Guardians,6,5,2.1,1.77,1
2024-09-21,MLB,Athletics,New York Yankees,0,10,2.5,1.56,0
2024-09-21,MLB,San Diego Padres,Chicago White Sox,6,2,1.33,3.45,1
2024-09-21,MLB,Houston Astros,Los Angeles Angels,10,4,1.43,2.9,1
2024-09-21,MLB,Milwaukee Brewers,Arizona Diamondbacks,0,5,1.87,1.95,0
2024-09-21,MLB,Los Angeles Dodgers,Colorado Rockies,3,6,1.34,3.35,0
2024-09-22,MLB,Boston Red Sox,Minnesota Twins,8,1,2.25,1.67,1
2024-09-22,MLB,Cincinnati Reds,Pittsburgh Pirates,7,1,1.8,2.05,1
2024-09-22,MLB,Miami Marlins,Atlanta Braves,2,6,3.25,1.36,0
2024-09-22,MLB,San Diego Padres,Chicago White Sox,6,2,1.33,3.45,1
2024-09-22,MLB,Cincinnati Reds,Pittsburgh Pirates,0,2,1.87,1.95,0
2024-09-22,MLB,New York Mets,Philadelphia Phillies,6,3,1.83,2.0,1
2024-09-22,MLB,Chicago Cubs,Washington Nationals,1,5,1.71,2.2,0
2024-09-22,MLB,Tampa Bay Rays,Toronto Blue Jays,3,2,1.71,2.2,1
2024-09-22,MLB,Kansas City Royals,San Francisco Giants,0,9,1.67,2.25,0
2024-09-22,MLB,Texas Rangers,Seattle Mariners,4,8,1.95,1.87,0
2024-09-22,MLB,Milwaukee Brewers,Arizona Diamondbacks,0,5,1.87,1.95,0
2024-09-22,MLB,Houston Astros,Los Angeles Angels,10,4,1.43,2.9,1
2024-09-22,MLB,St. Louis Cardinals,Cleveland Guardians,6,5,2.1,1.77,1
2024-09-22,MLB,Baltimore Orioles,Detroit Tigers,3,4,1.8,2.05,0
2024-09-22,MLB,Tampa Bay Rays,Toronto Blue Jays,4,3,1.74,2.15,1
2024-09-22,MLB,Athletics,New York Yankees,0,10,2.5,1.56,0
2024-09-22,MLB,Houston Astros,Los Angeles Angels,8,9,1.36,3.3,0
2024-09-22,MLB,Kansas City Royals,San Francisco Giants,0,2,1.95,1.87,0
2024-09-22,MLB,Milwaukee Brewers,Arizona Diamondbacks,10,9,1.74,2.15,1
2024-09-22,MLB,Miami Marlins,Atlanta Braves,4,5,2.65,1.5,0
2024-09-22,MLB,Los Angeles Dodgers,Colorado Rockies,3,6,1.34,3.35,0
2024-09-22,MLB,St. Louis Cardinals,Cleveland Guardians,2,1,1.8,2.05,1
2024-09-22,MLB,Chicago Cubs,Washington Nationals,5,0,1.49,2.7,1
2024-09-22,MLB,Texas Rangers,Seattle Mariners,6,5,2.2,1.71,1
2024-09-22,MLB,San Diego Padres,Chicago White Sox,4,2,1.3,3.65,1
2024-09-22,MLB,Athletics,New York Yankees,4,7,2.5,1.56,0
2024-09-22,MLB,Los Angeles Dodgers,Colorado Rockies,6,5,1.26,4.0,1
2024-09-22,MLB,New York Mets,Philadelphia Phillies,2,1,2.2,1.71,1
2024-09-22,MLB,Boston Red Sox,Minnesota Twins,9,3,2.0,1.83,1
2024-09-23,MLB,Cincinnati Reds,Pittsburgh Pirates,0,2,1.87,1.95,0
2024-09-23,MLB,Boston Red Sox,Minnesota Twins,8,1,2.25,1.67,1
2024-09-23,MLB,Tampa Bay Rays,Toronto Blue Jays,4,3,1.74,2.15,1
2024-09-23,MLB,Baltimore Orioles,Detroit Tigers,3,4,1.8,2.05,0
2024-09-23,MLB,Houston Astros,Los Angeles Angels,8,9,1.36,3.3,0
2024-09-23,MLB,Miami Marlins,Atlanta Braves,4,5,2.65,1.5,0
2024-09-23,MLB,Kansas City Royals,San Francisco Giants,0,2,1.95,1.87,0
2024-09-23,MLB,Milwaukee Brewers,Arizona Diamondbacks,10,9,1.74,2.15,1
2024-09-23,MLB,St. Louis Cardinals,Cleveland Guardians,2,1,1.8,2.05,1
2024-09-23,MLB,Philadelphia Phillies,Chicago Cubs,6,2,1.49,2.7,1
2024-09-23,MLB,Houston Astros,Seattle Mariners,1,6,1.77,2.1,0
2024-09-23,MLB,Toronto Blue Jays,Boston Red Sox,1,4,1.87,1.95,0
2024-09-23,MLB,Texas Rangers,Seattle Mariners,6,5,2.2,1.71,1
2024-09-23,MLB,Arizona Diamondbacks,San Francisco Giants,3,6,1.53,2.6,0
2024-09-23,MLB,San Diego Padres,Chicago White Sox,4,2,1.3,3.65,1
2024-09-23,MLB,Athletics,New York Yankees,4,7,2.5,1.56,0
2024-09-23,MLB,Chicago Cubs,Washington Nationals,5,0,1.49,2.7,1
2024-09-23,MLB,Boston Red Sox,Minnesota Twins,9,3,2.0,1.83,1
2024-09-23,MLB,Los Angeles Dodgers,Colorado Rockies,6,5,1.26,4.0,1
2024-09-23,MLB,New York Mets,Philadelphia Phillies,2,1,2.2,1.71,1
2024-09-24,MLB,Philadelphia Phillies,Chicago Cubs,6,2,1.49,2.7,1
2024-09-24,MLB,New York Yankees,Baltimore Orioles,3,5,1.59,2.45,0
2024-09-24,MLB,Chicago White Sox,Los Angeles Angels,3,2,1.91,1.91,1
2024-09-24,MLB,Atlanta Braves,New York Mets,5,1,1.67,2.25,1
2024-09-24,MLB,Detroit Tigers,Tampa Bay Rays,2,1,1.54,2.55,1
2024-09-24,MLB,Houston Astros,Seattle Mariners,1,6,1.77,2.1,0
2024-09-24,MLB,Philadelphia Phillies,Chicago Cubs,4,10,1.87,1.95,0
2024-09-24,MLB,Toronto Blue Jays,Boston Red Sox,1,4,1.87,1.95,0
2024-09-24,MLB,Arizona Diamondbacks,San Francisco Giants,3,6,1.53,2.6,0
2024-09-24,MLB,Houston Astros,Seattle Mariners,4,3,1.77,2.1,1
2024-09-24,MLB,Minnesota Twins,Miami Marlins,1,4,1.41,3.0,0
2024-09-24,MLB,Cleveland Guardians,Cincinnati Reds,6,1,1.5,2.65,1
2024-09-24,MLB,Pittsburgh Pirates,Milwaukee Brewers,2,7,2.25,1.67,0
2024-09-24,MLB,Colorado Rockies,St. Louis Cardinals,3,7,1.95,1.87,0
2024-09-24,MLB,Arizona Diamondbacks,San Francisco Giants,0,11,1.63,2.35,0
2024-09-24,MLB,Athletics,Texas Rangers,5,4,1.95,1.87,1
2024-09-24,MLB,Los Angeles Dodgers,San Diego Padres,2,4,1.83,2.0,0
2024-09-25,MLB,Detroit Tigers,Tampa Bay Rays,2,1,1.54,2.55,1
2024-09-25,MLB,Cleveland Guardians,Cincinnati Reds,6,1,1.5,2.65,1
2024-09-25,MLB,Philadelphia Phillies,Chicago Cubs,4,10,1.87,1.95,0
2024-09-25,MLB,Pittsburgh Pirates,Milwaukee Brewers,2,7,2.25,1.67,0
2024-09-25,MLB,Atlanta Braves,New York Mets,5,1,1.67,2.25,1
2024-09-25,MLB,Chicago White Sox,Los Angeles Angels,3,2,1.91,1.91,1
2024-09-25,MLB,New York Yankees,Baltimore Orioles,3,5,1.59,2.45,0
2024-09-25,MLB,Houston Astros,Seattle Mariners,4,3,1.77,2.1,1
2024-09-25,MLB,Colorado Rockies,St. Louis Cardinals,3,7,1.95,1.87,0
2024-09-25,MLB,Athletics,Texas Rangers,5,4,1.95,1.87,1
2024-09-25,MLB,Minnesota Twins,Miami Marlins,1,4,1.41,3.0,0
2024-09-25,MLB,Houston Astros,Seattle Mariners,1,8,2.25,1.67,0
2024-09-25,MLB,Los Angeles Dodgers,San Diego Padres,2,4,1.83,2.0,0
2024-09-25,MLB,Arizona Diamondbacks,San Francisco Giants,0,11,1.63,2.35,0
2024-09-25,MLB,Philadelphia Phillies,Chicago Cubs,9,6,1.48,2.75,1
2024-09-25,MLB,Cleveland Guardians,Cincinnati Reds,5,2,1.67,2.25,1
2024-09-25,MLB,Detroit Tigers,Tampa Bay Rays,7,1,1.77,2.1,1
2024-09-25,MLB,Pittsburgh Pirates,Milwaukee Brewers,2,1,2.35,1.63,1
2024-09-25,MLB,Toronto Blue Jays,Boston Red Sox,6,1,1.74,2.15,1
2024-09-25,MLB,Washington Nationals,Kansas City Royals,0,3,2.15,1.74,0
2024-09-25,MLB,New York Yankees,Baltimore Orioles,7,9,1.77,2.1,0
2024-09-25,MLB,Minnesota Twins,Miami Marlins,8,3,1.53,2.6,1
2024-09-25,MLB,Colorado Rockies,St. Louis Cardinals,2,5,2.1,1.77,0
2024-09-25,MLB,Los Angeles Dodgers,San Diego Padres,4,3,1.71,2.2,1
2024-09-25,MLB,Athletics,Texas Rangers,1,5,1.8,2.05,0
2024-09-25,MLB,Arizona Diamondbacks,San Francisco Giants,8,2,1.38,3.1,1
2024-09-26,MLB,Cleveland Guardians,Cincinnati Reds,5,2,1.67,2.25,1
2024-09-26,MLB,Pittsburgh Pirates,Milwaukee Brewers,2,1,2.35,1.63,1
2024-09-26,MLB,Detroit Tigers,Tampa Bay Rays,7,1,1.77,2.1,1
2024-09-26,MLB,Philadelphia Phillies,Chicago Cubs,9,6,1.48,2.75,1
2024-09-26,MLB,Houston Astros,Seattle Mariners,1,8,2.25,1.67,0
2024-09-26,MLB,Detroit Tigers,Tampa Bay Rays,4,3,1.59,2.45,1
2024-09-26,MLB,Chicago White Sox,Los Angeles Angels,7,0,2.15,1.74,1
2024-09-26,MLB,Pittsburgh Pirates,Milwaukee Brewers,2,5,2.0,1.83,0
2024-09-26,MLB,Washington Nationals,Kansas City Royals,4,7,2.5,1.56,0
2024-09-26,MLB,Colorado Rockies,St. Louis Cardinals,10,8,1.95,1.87,1
2024-09-26,MLB,Athletics,Texas Rangers,3,2,1.87,1.95,1
2024-09-26,MLB,New York Yankees,Baltimore Orioles,10,1,1.63,2.35,1
2024-09-26,MLB,Washington Nationals,Kansas City Royals,0,3,2.15,1.74,0
2024-09-26,MLB,New York Yankees,Baltimore Orioles,7,9,1.77,2.1,0
2024-09-26,MLB,Los Angeles Dodgers,San Diego Padres,4,3,1.71,2.2,1
2024-09-26,MLB,Los Angeles Dodgers,San Diego Padres,7,2,1.91,1.91,1
2024-09-26,MLB,Toronto Blue Jays,Boston Red Sox,6,1,1.74,2.15,1
2024-09-26,MLB,Arizona Diamondbacks,San Francisco Giants,8,2,1.38,3.1,1
2024-09-26,MLB,Athletics,Texas Rangers,1,5,1.8,2.05,0
2024-09-26,MLB,Minnesota Twins,Miami Marlins,8,3,1.53,2.6,1
2024-09-26,MLB,Colorado Rockies,St. Louis Cardinals,2,5,2.1,1.77,0
2024-09-27,MLB,Pittsburgh Pirates,Milwaukee Brewers,2,5,2.0,1.83,0
2024-09-27,MLB,Chicago White Sox,Los Angeles Angels,7,0,2.15,1.74,1
2024-09-27,MLB,Colorado Rockies,St. Louis Cardinals,10,8,1.95,1.87,1
2024-09-27,MLB,Athletics,Texas Rangers,3,2,1.87,1.95,1
2024-09-27,MLB,New York Yankees,Baltimore Orioles,10,1,1.63,2.35,1
2024-09-27,MLB,Detroit Tigers,Tampa Bay Rays,4,3,1.59,2.45,1
2024-09-27,MLB,Washington Nationals,Kansas City Royals,4,7,2.5,1.56,0
2024-09-27,MLB,Washington Nationals,Philadelphia Phillies,9,1,2.55,1.54,1
2024-09-27,MLB,Toronto Blue Jays,Miami Marlins,5,15,1.43,2.9,0
2024-09-27,MLB,Chicago Cubs,Cincinnati Reds,1,0,1.8,2.05,1
2024-09-27,MLB,Los Angeles Dodgers,San Diego Padres,7,2,1.91,1.91,1
2024-09-27,MLB,New York Yankees,Pittsburgh Pirates,2,4,1.61,2.4,0
2024-09-27,MLB,Detroit Tigers,Chicago White Sox,4,1,1.49,2.7,1
2024-09-27,MLB,Boston Red Sox,Tampa Bay Rays,1,2,1.8,2.05,0
2024-09-27,MLB,Cleveland Guardians,Houston Astros,2,5,1.8,2.05,0
2024-09-27,MLB,Seattle Mariners,Athletics,2,0,1.56,2.5,1
2024-09-27,MLB,Minnesota Twins,Baltimore Orioles,2,7,1.65,2.3,0
2024-09-27,MLB,Colorado Rockies,Los Angeles Dodgers,4,11,2.45,1.59,0
2024-09-27,MLB,Los Angeles Angels,Texas Rangers,2,5,2.4,1.61,0
2024-09-27,MLB,Milwaukee Brewers,New York Mets,8,4,2.0,1.83,1
2024-09-27,MLB,San Francisco Giants,St. Louis Cardinals,3,6,1.74,2.15,0
2024-09-27,MLB,Atlanta Braves,Kansas City Royals,3,0,1.53,2.6,1
2024-09-27,MLB,Arizona Diamondbacks,San Diego Padres,3,5,1.74,2.15,0
2024-09-28,MLB,Chicago Cubs,Cincinnati Reds,1,0,1.8,2.05,1
2024-09-28,MLB,Detroit Tigers,Chicago White Sox,4,1,1.49,2.7,1
2024-09-28,MLB,New York Yankees,Pittsburgh Pirates,2,4,1.61,2.4,0
2024-09-28,MLB,Cleveland Guardians,Houston Astros,2,5,1.8,2.05,0
2024-09-28,MLB,Toronto Blue Jays,Miami Marlins,5,15,1.43,2.9,0
2024-09-28,MLB,Washington Nationals,Philadelphia Phillies,9,1,2.55,1.54,1
2024-09-28,MLB,Milwaukee Brewers,New York Mets,8,4,2.0,1.83,1
2024-09-28,MLB,Colorado Rockies,Los Angeles Dodgers,4,11,2.45,1.59,0
2024-09-28,MLB,Boston Red Sox,Tampa Bay Rays,1,2,1.8,2.05,0
2024-09-28,MLB,Minnesota Twins,Baltimore Orioles,2,7,1.65,2.3,0
2024-09-28,MLB,Arizona Diamondbacks,San Diego Padres,3,5,1.74,2.15,0
2024-09-28,MLB,Los Angeles Angels,Texas Rangers,2,5,2.4,1.61,0
2024-09-28,MLB,Atlanta Braves,Kansas City Royals,3,0,1.53,2.6,1
2024-09-28,MLB,Seattle Mariners,Athletics,2,0,1.56,2.5,1
2024-09-28,MLB,San Francisco Giants,St. Louis Cardinals,3,6,1.74,2.15,0
2024-09-28,MLB,New York Yankees,Pittsburgh Pirates,4,9,1.77,2.1,0
2024-09-28,MLB,Chicago Cubs,Cincinnati Reds,3,0,1.77,2.1,1
2024-09-28,MLB,Toronto Blue Jays,Miami Marlins,1,8,1.59,2.45,0
2024-09-28,MLB,Detroit Tigers,Chicago White Sox,0,4,1.45,2.8,0
2024-09-28,MLB,San Francisco Giants,St. Louis Cardinals,6,5,1.8,2.05,1
2024-09-28,MLB,Milwaukee Brewers,New York Mets,6,0,1.87,1.95,1
2024-09-28,MLB,Cleveland Guardians,Houston Astros,3,4,1.71,2.2,0
2024-09-28,MLB,Boston Red Sox,Tampa Bay Rays,2,7,1.83,2.0,0
2024-09-28,MLB,Washington Nationals,Philadelphia Phillies,6,3,2.75,1.48,1
2024-09-28,MLB,Minnesota Twins,Baltimore Orioles,2,9,1.87,1.95,0
2024-09-28,MLB,Atlanta Braves,Kansas City Royals,2,1,1.41,3.0,1
2024-09-28,MLB,Arizona Diamondbacks,San Diego Padres,0,5,1.44,2.85,0
2024-09-28,MLB,Colorado Rockies,Los Angeles Dodgers,2,13,3.0,1.41,0
2024-09-28,MLB,Los Angeles Angels,Texas Rangers,8,9,2.2,1.71,0
2024-09-29,MLB,New York Yankees,Pittsburgh Pirates,4,9,1.77,2.1,0
2024-09-29,MLB,Detroit Tigers,Chicago White Sox,0,4,1.45,2.8,0
2024-09-29,MLB,Chicago Cubs,Cincinnati Reds,3,0,1.77,2.1,1
2024-09-29,MLB,Toronto Blue Jays,Miami Marlins,1,8,1.59,2.45,0
2024-09-29,MLB,San Francisco Giants,St. Louis Cardinals,6,5,1.8,2.05,1
2024-09-29,MLB,Washington Nationals,Philadelphia Phillies,6,3,2.75,1.48,1
2024-09-29,MLB,Cleveland Guardians,Houston Astros,3,4,1.71,2.2,0
2024-09-29,MLB,Boston Red Sox,Tampa Bay Rays,2,7,1.83,2.0,0
2024-09-29,MLB,Milwaukee Brewers,New York Mets,6,0,1.87,1.95,1
2024-09-29,MLB,Minnesota Twins,Baltimore Orioles,2,9,1.87,1.95,0
2024-09-29,MLB,Los Angeles Angels,Texas Rangers,8,9,2.2,1.71,0
2024-09-29,MLB,Atlanta Braves,Kansas City Royals,2,1,1.41,3.0,1
2024-09-29,MLB,Arizona Diamondbacks,San Diego Padres,0,5,1.44,2.85,0
2024-09-29,MLB,Colorado Rockies,Los Angeles Dodgers,2,13,3.0,1.41,0
2024-09-29,MLB,Boston Red Sox,Tampa Bay Rays,3,1,1.91,1.91,1
2024-09-29,MLB,New York Yankees,Pittsburgh Pirates,6,4,1.59,2.45,1
2024-09-29,MLB,Toronto Blue Jays,Miami Marlins,1,3,1.8,2.05,0
2024-09-29,MLB,Los Angeles Angels,Texas Rangers,0,8,2.3,1.65,0
2024-09-29,MLB,Washington Nationals,Philadelphia Phillies,3,6,2.2,1.71,0
2024-09-29,MLB,San Francisco Giants,St. Louis Cardinals,1,6,1.8,2.05,0
2024-09-29,MLB,Colorado Rockies,Los Angeles Dodgers,1,2,2.35,1.63,0
2024-09-29,MLB,Arizona Diamondbacks,San Diego Padres,11,2,1.48,2.75,1
2024-09-29,MLB,Milwaukee Brewers,New York Mets,0,5,2.15,1.74,0
2024-09-29,MLB,Detroit Tigers,Chicago White Sox,5,9,1.42,2.95,0
2024-09-29,MLB,Seattle Mariners,Athletics,6,4,1.54,2.55,1
2024-09-29,MLB,Atlanta Braves,Kansas City Royals,2,4,1.48,2.75,0
2024-09-29,MLB,Minnesota Twins,Baltimore Orioles,2,6,1.77,2.1,0
2024-09-30,MLB,Boston Red Sox,Tampa Bay Rays,3,1,1.91,1.91,1
2024-09-30,MLB,New York Yankees,Pittsburgh Pirates,6,4,1.59,2.45,1
2024-09-30,MLB,Los Angeles Angels,Texas Rangers,0,8,2.3,1.65,0
2024-09-30,MLB,Washington Nationals,Philadelphia Phillies,3,6,2.2,1.71,0
2024-09-30,MLB,Toronto Blue Jays,Miami Marlins,1,3,1.8,2.05,0
2024-09-30,MLB,San Francisco Giants,St. Louis Cardinals,1,6,1.8,2.05,0
2024-09-30,MLB,Colorado Rockies,Los Angeles Dodgers,1,2,2.35,1.63,0
2024-09-30,MLB,Arizona Diamondbacks,San Diego Padres,11,2,1.48,2.75,1
2024-09-30,MLB,Detroit Tigers,Chicago White Sox,5,9,1.42,2.95,0
2024-09-30,MLB,Milwaukee Brewers,New York Mets,0,5,2.15,1.74,0
2024-09-30,MLB,Atlanta Braves,Kansas City Royals,2,4,1.48,2.75,0
2024-09-30,MLB,Seattle Mariners,Athletics,6,4,1.54,2.55,1
2024-09-30,MLB,Atlanta Braves,New York Mets,7,8,1.67,2.25,0
2024-09-30,MLB,Minnesota Twins,Baltimore Orioles,2,6,1.77,2.1,0
