date,league,home,away,hs,as,home_odds,away_odds,home_won
2024-10-22,NBA,Boston Celtics,New York Knicks,132,109,1.38,3.1,1
2024-10-22,NBA,Los Angeles Lakers,Minnesota Timberwolves,110,103,1.95,1.87,1
2024-10-23,NBA,Boston Celtics,New York Knicks,132,109,1.38,3.1,1
2024-10-23,NBA,Los Angeles Lakers,Minnesota Timberwolves,110,103,1.95,1.87,1
2024-10-23,NBA,Philadelphia 76ers,Milwaukee Bucks,109,124,2.5,1.56,0
2024-10-23,NBA,Detroit Pistons,Indiana Pacers,109,115,2.8,1.45,0
2024-10-23,NBA,Atlanta Hawks,Brooklyn Nets,120,116,1.36,3.25,1
2024-10-23,NBA,Utah Jazz,Memphis Grizzlies,124,126,2.15,1.74,0
2024-10-23,NBA,Portland Trail Blazers,Golden State Warriors,104,140,3.25,1.36,0
2024-10-23,NBA,Houston Rockets,Charlotte Hornets,105,110,1.3,3.65,0
2024-10-23,NBA,Toronto Raptors,Cleveland Cavaliers,106,136,3.05,1.4,0
2024-10-23,NBA,New Orleans Pelicans,Chicago Bulls,123,111,1.5,2.65,1
2024-10-23,NBA,Miami Heat,Orlando Magic,97,116,1.77,2.1,0
2024-10-24,NBA,Atlanta Hawks,Brooklyn Nets,120,116,1.36,3.25,1
2024-10-24,NBA,Philadelphia 76ers,Milwaukee Bucks,109,124,2.5,1.56,0
2024-10-24,NBA,Miami Heat,Orlando Magic,97,116,1.77,2.1,0
2024-10-24,NBA,Toronto Raptors,Cleveland Cavaliers,106,136,3.05,1.4,0
2024-10-24,NBA,Detroit Pistons,Indiana Pacers,109,115,2.8,1.45,0
2024-10-24,NBA,Houston Rockets,Charlotte Hornets,105,110,1.3,3.65,0
2024-10-24,NBA,Utah Jazz,Memphis Grizzlies,124,126,2.15,1.74,0
2024-10-24,NBA,Portland Trail Blazers,Golden State Warriors,104,140,3.25,1.36,0
2024-10-24,NBA,New Orleans Pelicans,Chicago Bulls,123,111,1.5,2.65,1
2024-10-24,NBA,Denver Nuggets,Oklahoma City Thunder,87,102,1.77,2.1,0
2024-10-24,NBA,Sacramento Kings,Minnesota Timberwolves,115,117,1.95,1.87,0
2024-10-24,NBA,Washington Wizards,Boston Celtics,102,122,8.0,1.09,0
2024-10-24,NBA,Dallas Mavericks,San Antonio Spurs,120,109,1.27,3.9,1
2024-10-25,NBA,Denver Nuggets,Oklahoma City Thunder,87,102,1.77,2.1,0
2024-10-25,NBA,Atlanta Hawks,Charlotte Hornets,125,120,1.44,2.85,1
2024-10-25,NBA,Toronto Raptors,Philadelphia 76ers,115,107,2.75,1.48,1
2024-10-25,NBA,Washington Wizards,Boston Celtics,102,122,8.0,1.09,0
2024-10-25,NBA,Sacramento Kings,Minnesota Timberwolves,115,117,1.95,1.87,0
2024-10-25,NBA,Dallas Mavericks,San Antonio Spurs,120,109,1.27,3.9,1
2024-10-25,NBA,Orlando Magic,Brooklyn Nets,116,101,1.17,5.5,1
2024-10-25,NBA,New York Knicks,Indiana Pacers,123,98,1.53,2.6,1
2024-10-25,NBA,Cleveland Cavaliers,Detroit Pistons,113,101,1.17,5.25,1
2024-10-25,NBA,Houston Rockets,Memphis Grizzlies,128,108,1.59,2.45,1
2024-10-25,NBA,Los Angeles Lakers,Phoenix Suns,123,116,1.83,2.0,1
2024-10-25,NBA,Milwaukee Bucks,Chicago Bulls,122,133,1.24,4.25,0
2024-10-25,NBA,Portland Trail Blazers,New Orleans Pelicans,103,105,3.0,1.41,0
2024-10-25,NBA,Utah Jazz,Golden State Warriors,86,127,3.1,1.38,0
2024-10-26,NBA,Orlando Magic,Brooklyn Nets,116,101,1.17,5.5,1
2024-10-26,NBA,Toronto Raptors,Philadelphia 76ers,115,107,2.75,1.48,1
2024-10-26,NBA,Atlanta Hawks,Charlotte Hornets,125,120,1.44,2.85,1
2024-10-26,NBA,New York Knicks,Indiana Pacers,123,98,1.53,2.6,1
2024-10-26,NBA,Houston Rockets,Memphis Grizzlies,128,108,1.59,2.45,1
2024-10-26,NBA,Milwaukee Bucks,Chicago Bulls,122,133,1.24,4.25,0
2024-10-26,NBA,Cleveland Cavaliers,Detroit Pistons,113,101,1.17,5.25,1
2024-10-26,NBA,Los Angeles Lakers,Phoenix Suns,123,116,1.83,2.0,1
2024-10-26,NBA,Portland Trail Blazers,New Orleans Pelicans,103,105,3.0,1.41,0
2024-10-26,NBA,Utah Jazz,Golden State Warriors,86,127,3.1,1.38,0
2024-10-26,NBA,Denver Nuggets,Los Angeles Clippers,104,109,1.31,3.6,0
2024-10-26,NBA,Washington Wizards,Cleveland Cavaliers,116,135,4.5,1.22,0
2024-10-26,NBA,Chicago Bulls,Oklahoma City Thunder,95,114,4.5,1.22,0
2024-10-26,NBA,Detroit Pistons,Boston Celtics,118,124,7.25,1.11,0
2024-10-26,NBA,Memphis Grizzlies,Orlando Magic,124,111,1.95,1.87,1
2024-10-26,NBA,Charlotte Hornets,Miami Heat,106,114,2.95,1.42,0
2024-10-26,NBA,Minnesota Timberwolves,Toronto Raptors,112,101,1.09,8.0,1
2024-10-26,NBA,Phoenix Suns,Dallas Mavericks,114,102,2.35,1.63,1
2024-10-26,NBA,Los Angeles Lakers,Sacramento Kings,131,127,1.87,1.95,1
2024-10-26,NBA,San Antonio Spurs,Houston Rockets,109,106,2.05,1.8,1
2024-10-27,NBA,Denver Nuggets,Los Angeles Clippers,104,109,1.31,3.6,0
2024-10-27,NBA,Washington Wizards,Cleveland Cavaliers,116,135,4.5,1.22,0
2024-10-27,NBA,Chicago Bulls,Oklahoma City Thunder,95,114,4.5,1.22,0
2024-10-27,NBA,Detroit Pistons,Boston Celtics,118,124,7.25,1.11,0
2024-10-27,NBA,Charlotte Hornets,Miami Heat,106,114,2.95,1.42,0
2024-10-27,NBA,Memphis Grizzlies,Orlando Magic,124,111,1.95,1.87,1
2024-10-27,NBA,Minnesota Timberwolves,Toronto Raptors,112,101,1.09,8.0,1
2024-10-27,NBA,San Antonio Spurs,Houston Rockets,109,106,2.05,1.8,1
2024-10-27,NBA,Phoenix Suns,Dallas Mavericks,114,102,2.35,1.63,1
2024-10-27,NBA,Portland Trail Blazers,New Orleans Pelicans,125,103,3.05,1.4,1
2024-10-27,NBA,Brooklyn Nets,Milwaukee Bucks,115,102,3.9,1.27,1
2024-10-27,NBA,Golden State Warriors,Los Angeles Clippers,104,112,1.24,4.25,0
2024-10-27,NBA,Los Angeles Lakers,Sacramento Kings,131,127,1.87,1.95,1
2024-10-27,NBA,Oklahoma City Thunder,Atlanta Hawks,128,104,1.18,5.0,1
2024-10-28,NBA,Boston Celtics,Milwaukee Bucks,119,108,1.26,4.1,1
2024-10-28,NBA,Atlanta Hawks,Washington Wizards,119,121,1.33,3.4,0
2024-10-28,NBA,Orlando Magic,Indiana Pacers,119,115,1.45,2.8,1
2024-10-28,NBA,Miami Heat,Detroit Pistons,106,98,1.27,3.9,1
2024-10-28,NBA,New York Knicks,Cleveland Cavaliers,104,110,1.67,2.25,0
2024-10-28,NBA,Memphis Grizzlies,Chicago Bulls,123,126,1.49,2.7,0
2024-10-28,NBA,Dallas Mavericks,Utah Jazz,110,102,1.14,6.0,1
2024-10-28,NBA,Phoenix Suns,Los Angeles Lakers,109,105,1.53,2.6,1
2024-10-28,NBA,Oklahoma City Thunder,Atlanta Hawks,128,104,1.18,5.0,1
2024-10-28,NBA,Sacramento Kings,Portland Trail Blazers,111,98,1.13,6.5,1
2024-10-28,NBA,Brooklyn Nets,Milwaukee Bucks,115,102,3.9,1.27,1
2024-10-28,NBA,Golden State Warriors,Los Angeles Clippers,104,112,1.24,4.25,0
2024-10-28,NBA,Portland Trail Blazers,New Orleans Pelicans,125,103,3.05,1.4,1
2024-10-28,NBA,San Antonio Spurs,Houston Rockets,101,106,2.2,1.71,0
2024-10-29,NBA,San Antonio Spurs,Houston Rockets,101,106,2.2,1.71,0
2024-10-29,NBA,Orlando Magic,Indiana Pacers,119,115,1.45,2.8,1
2024-10-29,NBA,Memphis Grizzlies,Chicago Bulls,123,126,1.49,2.7,0
2024-10-29,NBA,Boston Celtics,Milwaukee Bucks,119,108,1.26,4.1,1
2024-10-29,NBA,Dallas Mavericks,Utah Jazz,110,102,1.14,6.0,1
2024-10-29,NBA,New York Knicks,Cleveland Cavaliers,104,110,1.67,2.25,0
2024-10-29,NBA,Utah Jazz,Sacramento Kings,96,113,3.1,1.38,0
2024-10-29,NBA,Sacramento Kings,Portland Trail Blazers,111,98,1.13,6.5,1
2024-10-29,NBA,Miami Heat,Detroit Pistons,106,98,1.27,3.9,1
2024-10-29,NBA,Atlanta Hawks,Washington Wizards,119,121,1.33,3.4,0
2024-10-29,NBA,Golden State Warriors,New Orleans Pelicans,124,106,2.05,1.8,1
2024-10-29,NBA,Minnesota Timberwolves,Dallas Mavericks,114,120,1.56,2.5,0
2024-10-29,NBA,Phoenix Suns,Los Angeles Lakers,109,105,1.53,2.6,1
2024-10-30,NBA,Minnesota Timberwolves,Dallas Mavericks,114,120,1.56,2.5,0
2024-10-30,NBA,Golden State Warriors,New Orleans Pelicans,124,106,2.05,1.8,1
2024-10-30,NBA,Utah Jazz,Sacramento Kings,96,113,3.1,1.38,0
2024-10-30,NBA,Charlotte Hornets,Toronto Raptors,138,133,1.42,2.95,1
2024-10-30,NBA,Cleveland Cavaliers,Los Angeles Lakers,134,110,1.59,2.45,1
2024-10-30,NBA,Philadelphia 76ers,Detroit Pistons,95,105,1.56,2.5,0
2024-10-30,NBA,Miami Heat,New York Knicks,107,116,2.05,1.8,0
2024-10-30,NBA,Oklahoma City Thunder,San Antonio Spurs,105,93,1.13,6.25,1
2024-10-30,NBA,Chicago Bulls,Orlando Magic,102,99,2.75,1.48,1
2024-10-30,NBA,Washington Wizards,Atlanta Hawks,133,120,2.65,1.5,1
2024-10-30,NBA,Golden State Warriors,New Orleans Pelicans,104,89,1.59,2.45,1
2024-10-30,NBA,Memphis Grizzlies,Brooklyn Nets,106,119,1.14,6.0,0
2024-10-30,NBA,Los Angeles Clippers,Portland Trail Blazers,105,106,1.29,3.7,0
2024-10-31,NBA,Charlotte Hornets,Toronto Raptors,138,133,1.42,2.95,1
2024-10-31,NBA,Philadelphia 76ers,Detroit Pistons,95,105,1.56,2.5,0
2024-10-31,NBA,Washington Wizards,Atlanta Hawks,133,120,2.65,1.5,1
2024-10-31,NBA,Miami Heat,New York Knicks,107,116,2.05,1.8,0
2024-10-31,NBA,Memphis Grizzlies,Brooklyn Nets,106,119,1.14,6.0,0
2024-10-31,NBA,Oklahoma City Thunder,San Antonio Spurs,105,93,1.13,6.25,1
2024-10-31,NBA,Chicago Bulls,Orlando Magic,102,99,2.75,1.48,1
2024-10-31,NBA,Golden State Warriors,New Orleans Pelicans,104,89,1.59,2.45,1
2024-10-31,NBA,Los Angeles Clippers,Portland Trail Blazers,105,106,1.29,3.7,0
2024-10-31,NBA,Utah Jazz,San Antonio Spurs,88,106,2.2,1.71,0
2024-10-31,NBA,Los Angeles Clippers,Phoenix Suns,119,125,2.5,1.56,0
2024-10-31,NBA,Dallas Mavericks,Houston Rockets,102,108,1.38,3.1,0
2024-10-31,NBA,Memphis Grizzlies,Milwaukee Bucks,122,99,3.0,1.41,1
2024-10-31,NBA,Cleveland Cavaliers,Los Angeles Lakers,134,110,1.59,2.45,1
2024-11-01,NBA,Utah Jazz,San Antonio Spurs,88,106,2.2,1.71,0
2024-11-01,NBA,Charlotte Hornets,Boston Celtics,109,124,4.9,1.19,0
2024-11-01,NBA,Los Angeles Clippers,Phoenix Suns,119,125,2.5,1.56,0
2024-11-01,NBA,Cleveland Cavaliers,Orlando Magic,120,109,1.33,3.45,1
2024-11-01,NBA,Detroit Pistons,New York Knicks,98,128,3.2,1.37,0
2024-11-01,NBA,Memphis Grizzlies,Milwaukee Bucks,122,99,3.0,1.41,1
2024-11-01,NBA,Dallas Mavericks,Houston Rockets,102,108,1.38,3.1,0
2024-11-01,NBA,Toronto Raptors,Los Angeles Lakers,125,131,4.1,1.26,0
2024-11-01,NBA,Atlanta Hawks,Sacramento Kings,115,123,2.9,1.43,0
2024-11-01,NBA,Brooklyn Nets,Chicago Bulls,120,112,1.83,2.0,1
2024-11-01,NBA,New Orleans Pelicans,Indiana Pacers,125,118,2.55,1.54,1
2024-11-01,NBA,Portland Trail Blazers,Oklahoma City Thunder,114,137,5.5,1.17,0
2024-11-01,NBA,Minnesota Timberwolves,Denver Nuggets,119,116,1.61,2.4,1
2024-11-02,NBA,Cleveland Cavaliers,Orlando Magic,120,109,1.33,3.45,1
2024-11-02,NBA,Charlotte Hornets,Boston Celtics,109,124,4.9,1.19,0
2024-11-02,NBA,Atlanta Hawks,Sacramento Kings,115,123,2.9,1.43,0
2024-11-02,NBA,Detroit Pistons,New York Knicks,98,128,3.2,1.37,0
2024-11-02,NBA,Brooklyn Nets,Chicago Bulls,120,112,1.83,2.0,1
2024-11-02,NBA,Toronto Raptors,Los Angeles Lakers,125,131,4.1,1.26,0
2024-11-02,NBA,New Orleans Pelicans,Indiana Pacers,125,118,2.55,1.54,1
2024-11-02,NBA,Portland Trail Blazers,Oklahoma City Thunder,114,137,5.5,1.17,0
2024-11-02,NBA,Minnesota Timberwolves,Denver Nuggets,119,116,1.61,2.4,1
2024-11-02,NBA,Charlotte Hornets,Boston Celtics,103,113,5.0,1.18,0
2024-11-02,NBA,Philadelphia 76ers,Memphis Grizzlies,107,124,1.91,1.91,0
2024-11-02,NBA,San Antonio Spurs,Minnesota Timberwolves,113,103,2.45,1.59,1
2024-11-02,NBA,Milwaukee Bucks,Cleveland Cavaliers,113,114,1.77,2.1,0
2024-11-02,NBA,Denver Nuggets,Utah Jazz,129,103,1.17,5.25,1
2024-11-02,NBA,Phoenix Suns,Portland Trail Blazers,103,97,1.11,7.0,1
2024-11-02,NBA,Washington Wizards,Miami Heat,98,118,4.5,1.22,0
2024-11-02,NBA,Los Angeles Clippers,Oklahoma City Thunder,92,105,2.85,1.44,0
2024-11-03,NBA,Charlotte Hornets,Boston Celtics,103,113,5.0,1.18,0
2024-11-03,NBA,Philadelphia 76ers,Memphis Grizzlies,107,124,1.91,1.91,0
2024-11-03,NBA,Milwaukee Bucks,Cleveland Cavaliers,113,114,1.77,2.1,0
2024-11-03,NBA,San Antonio Spurs,Minnesota Timberwolves,113,103,2.45,1.59,1
2024-11-03,NBA,Washington Wizards,Miami Heat,98,118,4.5,1.22,0
2024-11-03,NBA,Denver Nuggets,Utah Jazz,129,103,1.17,5.25,1
2024-11-03,NBA,Dallas Mavericks,Orlando Magic,108,85,1.37,3.2,1
2024-11-03,NBA,Phoenix Suns,Portland Trail Blazers,103,97,1.11,7.0,1
2024-11-03,NBA,New Orleans Pelicans,Atlanta Hawks,111,126,1.95,1.87,0
2024-11-03,NBA,Los Angeles Clippers,Oklahoma City Thunder,92,105,2.85,1.44,0
2024-11-03,NBA,Brooklyn Nets,Detroit Pistons,92,106,1.65,2.3,0
2024-11-04,NBA,Cleveland Cavaliers,Milwaukee Bucks,116,114,1.36,3.25,1
2024-11-04,NBA,Detroit Pistons,Los Angeles Lakers,115,103,3.3,1.36,1
2024-11-04,NBA,Washington Wizards,Golden State Warriors,112,125,4.5,1.22,0
2024-11-04,NBA,Atlanta Hawks,Boston Celtics,93,123,4.75,1.2,0
2024-11-04,NBA,Dallas Mavericks,Orlando Magic,108,85,1.37,3.2,1
2024-11-04,NBA,Chicago Bulls,Utah Jazz,126,135,1.33,3.4,0
2024-11-04,NBA,Miami Heat,Sacramento Kings,110,111,1.91,1.91,0
2024-11-04,NBA,Brooklyn Nets,Memphis Grizzlies,106,104,2.6,1.53,1
2024-11-04,NBA,Houston Rockets,New York Knicks,109,97,2.1,1.77,1
2024-11-04,NBA,Oklahoma City Thunder,Orlando Magic,102,86,1.12,6.75,1
2024-11-04,NBA,New Orleans Pelicans,Portland Trail Blazers,100,118,1.91,1.91,0
2024-11-04,NBA,Minnesota Timberwolves,Charlotte Hornets,114,93,1.22,4.5,1
2024-11-04,NBA,Brooklyn Nets,Detroit Pistons,92,106,1.65,2.3,0
2024-11-04,NBA,New Orleans Pelicans,Atlanta Hawks,111,126,1.95,1.87,0
2024-11-04,NBA,Dallas Mavericks,Indiana Pacers,127,134,1.53,2.6,0
2024-11-04,NBA,Denver Nuggets,Toronto Raptors,121,119,1.18,5.0,1
2024-11-04,NBA,Phoenix Suns,Philadelphia 76ers,118,116,1.34,3.35,1
2024-11-04,NBA,Los Angeles Clippers,San Antonio Spurs,113,104,1.56,2.5,1
2024-11-05,NBA,Cleveland Cavaliers,Milwaukee Bucks,116,114,1.36,3.25,1
2024-11-05,NBA,Detroit Pistons,Los Angeles Lakers,115,103,3.3,1.36,1
2024-11-05,NBA,New Orleans Pelicans,Portland Trail Blazers,100,118,1.91,1.91,0
2024-11-05,NBA,Brooklyn Nets,Memphis Grizzlies,106,104,2.6,1.53,1
2024-11-05,NBA,Minnesota Timberwolves,Charlotte Hornets,114,93,1.22,4.5,1
2024-11-05,NBA,Washington Wizards,Golden State Warriors,112,125,4.5,1.22,0
2024-11-05,NBA,Oklahoma City Thunder,Orlando Magic,102,86,1.12,6.75,1
2024-11-05,NBA,Houston Rockets,New York Knicks,109,97,2.1,1.77,1
2024-11-05,NBA,Dallas Mavericks,Indiana Pacers,127,134,1.53,2.6,0
2024-11-05,NBA,Chicago Bulls,Utah Jazz,126,135,1.33,3.4,0
2024-11-05,NBA,Atlanta Hawks,Boston Celtics,93,123,4.75,1.2,0
2024-11-05,NBA,Denver Nuggets,Toronto Raptors,121,119,1.18,5.0,1
2024-11-05,NBA,Miami Heat,Sacramento Kings,110,111,1.91,1.91,0
2024-11-05,NBA,Phoenix Suns,Philadelphia 76ers,118,116,1.34,3.35,1
2024-11-05,NBA,Los Angeles Clippers,San Antonio Spurs,113,104,1.56,2.5,1
2024-11-06,NBA,Charlotte Hornets,Detroit Pistons,108,107,1.87,1.95,1
2024-11-06,NBA,Memphis Grizzlies,Los Angeles Lakers,131,114,1.59,2.45,1
2024-11-06,NBA,Denver Nuggets,Oklahoma City Thunder,124,122,3.3,1.36,1
2024-11-06,NBA,Atlanta Hawks,New York Knicks,121,116,3.25,1.36,1
2024-11-06,NBA,Houston Rockets,San Antonio Spurs,127,100,1.36,3.25,1
2024-11-06,NBA,New Orleans Pelicans,Cleveland Cavaliers,122,131,3.1,1.38,0
2024-11-06,NBA,Boston Celtics,Golden State Warriors,112,118,1.37,3.2,0
2024-11-06,NBA,Dallas Mavericks,Chicago Bulls,119,99,1.2,4.75,1
2024-11-06,NBA,Indiana Pacers,Orlando Magic,118,111,1.48,2.75,1
2024-11-06,NBA,Sacramento Kings,Toronto Raptors,122,107,1.15,5.75,1
2024-11-06,NBA,Phoenix Suns,Miami Heat,115,112,1.5,2.65,1
2024-11-06,NBA,Los Angeles Clippers,Philadelphia 76ers,110,98,1.83,2.0,1
2024-11-07,NBA,Charlotte Hornets,Detroit Pistons,108,107,1.87,1.95,1
2024-11-07,NBA,Indiana Pacers,Orlando Magic,118,111,1.48,2.75,1
2024-11-07,NBA,Atlanta Hawks,New York Knicks,121,116,3.25,1.36,1
2024-11-07,NBA,Boston Celtics,Golden State Warriors,112,118,1.37,3.2,0
2024-11-07,NBA,Memphis Grizzlies,Los Angeles Lakers,131,114,1.59,2.45,1
2024-11-07,NBA,Houston Rockets,San Antonio Spurs,127,100,1.36,3.25,1
2024-11-07,NBA,New Orleans Pelicans,Cleveland Cavaliers,122,131,3.1,1.38,0
2024-11-07,NBA,Denver Nuggets,Oklahoma City Thunder,124,122,3.3,1.36,1
2024-11-07,NBA,Phoenix Suns,Miami Heat,115,112,1.5,2.65,1
2024-11-07,NBA,Los Angeles Clippers,Philadelphia 76ers,110,98,1.83,2.0,1
2024-11-07,NBA,Sacramento Kings,Toronto Raptors,122,107,1.15,5.75,1
2024-11-07,NBA,Dallas Mavericks,Chicago Bulls,119,99,1.2,4.75,1
2024-11-07,NBA,Milwaukee Bucks,Utah Jazz,123,100,1.22,4.5,1
2024-11-07,NBA,Chicago Bulls,Minnesota Timberwolves,119,135,4.25,1.24,0
2024-11-07,NBA,San Antonio Spurs,Portland Trail Blazers,118,105,1.59,2.45,1
2024-11-08,NBA,Milwaukee Bucks,Utah Jazz,123,100,1.22,4.5,1
2024-11-08,NBA,Chicago Bulls,Minnesota Timberwolves,119,135,4.25,1.24,0
2024-11-08,NBA,Oklahoma City Thunder,Houston Rockets,126,107,1.29,3.75,1
2024-11-08,NBA,San Antonio Spurs,Portland Trail Blazers,118,105,1.59,2.45,1
2024-11-08,NBA,Denver Nuggets,Miami Heat,135,122,1.65,2.3,1
2024-11-08,NBA,Charlotte Hornets,Indiana Pacers,103,83,3.2,1.37,1
2024-11-08,NBA,Detroit Pistons,Atlanta Hawks,122,121,1.83,2.0,1
2024-11-08,NBA,Dallas Mavericks,Phoenix Suns,113,114,1.71,2.2,0
2024-11-08,NBA,Orlando Magic,New Orleans Pelicans,115,88,1.29,3.7,1
2024-11-08,NBA,Cleveland Cavaliers,Golden State Warriors,136,117,1.61,2.4,1
2024-11-08,NBA,Memphis Grizzlies,Washington Wizards,128,104,1.33,3.4,1
2024-11-08,NBA,New York Knicks,Milwaukee Bucks,116,94,1.38,3.1,1
2024-11-08,NBA,Los Angeles Lakers,Philadelphia 76ers,116,106,1.33,3.45,1
2024-11-08,NBA,Minnesota Timberwolves,Portland Trail Blazers,127,102,1.13,6.25,1
2024-11-08,NBA,Sacramento Kings,Los Angeles Clippers,98,107,1.4,3.05,0
2024-11-09,NBA,Dallas Mavericks,Phoenix Suns,113,114,1.71,2.2,0
2024-11-09,NBA,Detroit Pistons,Atlanta Hawks,122,121,1.83,2.0,1
2024-11-09,NBA,Cleveland Cavaliers,Golden State Warriors,136,117,1.61,2.4,1
2024-11-09,NBA,Orlando Magic,New Orleans Pelicans,115,88,1.29,3.7,1
2024-11-09,NBA,Charlotte Hornets,Indiana Pacers,103,83,3.2,1.37,1
2024-11-09,NBA,Minnesota Timberwolves,Portland Trail Blazers,127,102,1.13,6.25,1
2024-11-09,NBA,Oklahoma City Thunder,Houston Rockets,126,107,1.29,3.75,1
2024-11-09,NBA,Los Angeles Lakers,Philadelphia 76ers,116,106,1.33,3.45,1
2024-11-09,NBA,Memphis Grizzlies,Washington Wizards,128,104,1.33,3.4,1
2024-11-09,NBA,Denver Nuggets,Miami Heat,135,122,1.65,2.3,1
2024-11-09,NBA,Sacramento Kings,Los Angeles Clippers,98,107,1.4,3.05,0
2024-11-09,NBA,San Antonio Spurs,Utah Jazz,110,111,1.38,3.1,0
2024-11-09,NBA,New York Knicks,Milwaukee Bucks,116,94,1.38,3.1,1
2024-11-09,NBA,Los Angeles Clippers,Toronto Raptors,105,103,1.41,3.0,1
2024-11-09,NBA,Atlanta Hawks,Chicago Bulls,113,125,1.71,2.2,0
2024-11-09,NBA,Cleveland Cavaliers,Brooklyn Nets,105,100,1.12,6.75,1
2024-11-10,NBA,Atlanta Hawks,Chicago Bulls,113,125,1.71,2.2,0
2024-11-10,NBA,San Antonio Spurs,Utah Jazz,110,111,1.38,3.1,0
2024-11-10,NBA,Cleveland Cavaliers,Brooklyn Nets,105,100,1.12,6.75,1
2024-11-10,NBA,Los Angeles Clippers,Toronto Raptors,105,103,1.41,3.0,1
2024-11-10,NBA,Detroit Pistons,Houston Rockets,99,101,2.45,1.59,0
2024-11-10,NBA,Milwaukee Bucks,Boston Celtics,107,113,2.65,1.5,0
2024-11-10,NBA,Minnesota Timberwolves,Miami Heat,94,95,1.33,3.4,0
2024-11-10,NBA,Orlando Magic,Washington Wizards,121,94,1.17,5.5,1
2024-11-10,NBA,Portland Trail Blazers,Memphis Grizzlies,89,134,1.95,1.87,0
2024-11-10,NBA,Denver Nuggets,Dallas Mavericks,122,120,1.71,2.2,1
2024-11-10,NBA,Indiana Pacers,New York Knicks,132,121,2.3,1.65,1
2024-11-10,NBA,Oklahoma City Thunder,Golden State Warriors,116,127,1.37,3.2,0
2024-11-10,NBA,Los Angeles Lakers,Toronto Raptors,123,103,1.17,5.25,1
2024-11-11,NBA,Oklahoma City Thunder,Golden State Warriors,116,127,1.37,3.2,0
2024-11-11,NBA,Chicago Bulls,Cleveland Cavaliers,113,119,3.75,1.29,0
2024-11-11,NBA,Houston Rockets,Washington Wizards,107,92,1.14,6.0,1
2024-11-11,NBA,Minnesota Timberwolves,Miami Heat,94,95,1.33,3.4,0
2024-11-11,NBA,Portland Trail Blazers,Memphis Grizzlies,89,134,1.95,1.87,0
2024-11-11,NBA,Detroit Pistons,Houston Rockets,99,101,2.45,1.59,0
2024-11-11,NBA,Denver Nuggets,Dallas Mavericks,122,120,1.71,2.2,1
2024-11-11,NBA,Oklahoma City Thunder,Los Angeles Clippers,134,128,1.37,3.2,1
2024-11-11,NBA,Orlando Magic,Washington Wizards,121,94,1.17,5.5,1
2024-11-11,NBA,Indiana Pacers,New York Knicks,132,121,2.3,1.65,1
2024-11-11,NBA,Los Angeles Lakers,Toronto Raptors,123,103,1.17,5.25,1
2024-11-11,NBA,New Orleans Pelicans,Brooklyn Nets,105,107,2.05,1.8,0
2024-11-11,NBA,San Antonio Spurs,Sacramento Kings,116,96,2.15,1.74,1
2024-11-11,NBA,Milwaukee Bucks,Boston Celtics,107,113,2.65,1.5,0
2024-11-12,NBA,Houston Rockets,Washington Wizards,107,92,1.14,6.0,1
2024-11-12,NBA,New Orleans Pelicans,Brooklyn Nets,105,107,2.05,1.8,0
2024-11-12,NBA,Chicago Bulls,Cleveland Cavaliers,113,119,3.75,1.29,0
2024-11-12,NBA,San Antonio Spurs,Sacramento Kings,116,96,2.15,1.74,1
2024-11-12,NBA,Oklahoma City Thunder,Los Angeles Clippers,134,128,1.37,3.2,1
2024-11-12,NBA,Orlando Magic,Charlotte Hornets,114,89,1.26,4.0,1
2024-11-12,NBA,Utah Jazz,Phoenix Suns,112,120,2.75,1.48,0
2024-11-12,NBA,Golden State Warriors,Dallas Mavericks,120,117,1.71,2.2,1
2024-11-12,NBA,Boston Celtics,Atlanta Hawks,116,117,1.07,9.5,0
2024-11-12,NBA,Philadelphia 76ers,New York Knicks,99,111,2.4,1.61,0
2024-11-12,NBA,Milwaukee Bucks,Toronto Raptors,99,85,1.26,4.1,1
2024-11-12,NBA,Portland Trail Blazers,Minnesota Timberwolves,122,108,4.25,1.24,1
2024-11-13,NBA,Orlando Magic,Charlotte Hornets,114,89,1.26,4.0,1
2024-11-13,NBA,Philadelphia 76ers,New York Knicks,99,111,2.4,1.61,0
2024-11-13,NBA,Boston Celtics,Atlanta Hawks,116,117,1.07,9.5,0
2024-11-13,NBA,Milwaukee Bucks,Toronto Raptors,99,85,1.26,4.1,1
2024-11-13,NBA,Utah Jazz,Phoenix Suns,112,120,2.75,1.48,0
2024-11-13,NBA,Golden State Warriors,Dallas Mavericks,120,117,1.71,2.2,1
2024-11-13,NBA,Portland Trail Blazers,Minnesota Timberwolves,122,108,4.25,1.24,1
2024-11-13,NBA,Brooklyn Nets,Boston Celtics,114,139,4.5,1.22,0
2024-11-13,NBA,Orlando Magic,Indiana Pacers,94,90,1.87,1.95,1
2024-11-13,NBA,Oklahoma City Thunder,New Orleans Pelicans,106,88,1.09,8.0,1
2024-11-13,NBA,New York Knicks,Chicago Bulls,123,124,1.28,3.8,0
2024-11-13,NBA,Philadelphia 76ers,Cleveland Cavaliers,106,114,5.5,1.17,0
2024-11-13,NBA,Houston Rockets,Los Angeles Clippers,111,103,1.5,2.65,1
2024-11-13,NBA,San Antonio Spurs,Washington Wizards,139,130,1.22,4.5,1
2024-11-13,NBA,Sacramento Kings,Phoenix Suns,127,104,1.29,3.7,1
2024-11-13,NBA,Portland Trail Blazers,Minnesota Timberwolves,106,98,4.75,1.2,1
2024-11-13,NBA,Los Angeles Lakers,Memphis Grizzlies,128,123,1.33,3.4,1
2024-11-14,NBA,Brooklyn Nets,Boston Celtics,114,139,4.5,1.22,0
2024-11-14,NBA,Orlando Magic,Indiana Pacers,94,90,1.87,1.95,1
2024-11-14,NBA,Oklahoma City Thunder,New Orleans Pelicans,106,88,1.09,8.0,1
2024-11-14,NBA,Philadelphia 76ers,Cleveland Cavaliers,106,114,5.5,1.17,0
2024-11-14,NBA,New York Knicks,Chicago Bulls,123,124,1.28,3.8,0
2024-11-14,NBA,Houston Rockets,Los Angeles Clippers,111,103,1.5,2.65,1
2024-11-14,NBA,San Antonio Spurs,Washington Wizards,139,130,1.22,4.5,1
2024-11-14,NBA,Portland Trail Blazers,Minnesota Timberwolves,106,98,4.75,1.2,1
2024-11-14,NBA,Los Angeles Lakers,Memphis Grizzlies,128,123,1.33,3.4,1
2024-11-14,NBA,Utah Jazz,Dallas Mavericks,115,113,4.1,1.26,1
2024-11-14,NBA,Sacramento Kings,Phoenix Suns,127,104,1.29,3.7,1
2024-11-15,NBA,Orlando Magic,Philadelphia 76ers,98,86,1.74,2.15,1
2024-11-15,NBA,Toronto Raptors,Detroit Pistons,95,99,2.2,1.71,0
2024-11-15,NBA,Utah Jazz,Dallas Mavericks,115,113,4.1,1.26,1
2024-11-15,NBA,Indiana Pacers,Miami Heat,111,124,1.53,2.6,0
2024-11-15,NBA,Atlanta Hawks,Washington Wizards,129,117,1.26,4.1,1
2024-11-15,NBA,New York Knicks,Brooklyn Nets,124,122,1.27,3.9,1
2024-11-15,NBA,Golden State Warriors,Memphis Grizzlies,123,118,1.33,3.45,1
2024-11-15,NBA,San Antonio Spurs,Los Angeles Lakers,115,120,2.2,1.71,0
2024-11-15,NBA,Cleveland Cavaliers,Chicago Bulls,144,126,1.2,4.75,1
2024-11-15,NBA,Houston Rockets,Los Angeles Clippers,125,104,1.5,2.65,1
2024-11-15,NBA,New Orleans Pelicans,Denver Nuggets,101,94,2.15,1.74,1
2024-11-15,NBA,Oklahoma City Thunder,Phoenix Suns,99,83,1.31,3.6,1
2024-11-16,NBA,Indiana Pacers,Miami Heat,111,124,1.53,2.6,0
2024-11-16,NBA,Toronto Raptors,Detroit Pistons,95,99,2.2,1.71,0
2024-11-16,NBA,Orlando Magic,Philadelphia 76ers,98,86,1.74,2.15,1
2024-11-16,NBA,Atlanta Hawks,Washington Wizards,129,117,1.26,4.1,1
2024-11-16,NBA,Cleveland Cavaliers,Chicago Bulls,144,126,1.2,4.75,1
2024-11-16,NBA,New York Knicks,Brooklyn Nets,124,122,1.27,3.9,1
2024-11-16,NBA,San Antonio Spurs,Los Angeles Lakers,115,120,2.2,1.71,0
2024-11-16,NBA,New Orleans Pelicans,Denver Nuggets,101,94,2.15,1.74,1
2024-11-16,NBA,Houston Rockets,Los Angeles Clippers,125,104,1.5,2.65,1
2024-11-16,NBA,Golden State Warriors,Memphis Grizzlies,123,118,1.33,3.45,1
2024-11-16,NBA,Oklahoma City Thunder,Phoenix Suns,99,83,1.31,3.6,1
2024-11-16,NBA,Charlotte Hornets,Milwaukee Bucks,115,114,2.4,1.61,1
2024-11-16,NBA,New Orleans Pelicans,Los Angeles Lakers,99,104,3.5,1.32,0
2024-11-16,NBA,Dallas Mavericks,San Antonio Spurs,110,93,1.13,6.5,1
2024-11-16,NBA,Sacramento Kings,Utah Jazz,121,117,1.36,3.3,1
2024-11-17,NBA,New Orleans Pelicans,Los Angeles Lakers,99,104,3.5,1.32,0
2024-11-17,NBA,Charlotte Hornets,Milwaukee Bucks,115,114,2.4,1.61,1
2024-11-17,NBA,Minnesota Timberwolves,Phoenix Suns,120,117,1.33,3.4,1
2024-11-17,NBA,Sacramento Kings,Utah Jazz,121,117,1.36,3.3,1
2024-11-17,NBA,Dallas Mavericks,San Antonio Spurs,110,93,1.13,6.5,1
2024-11-17,NBA,Cleveland Cavaliers,Charlotte Hornets,128,114,1.2,4.75,1
2024-11-17,NBA,Portland Trail Blazers,Atlanta Hawks,114,110,2.5,1.56,1
2024-11-17,NBA,Indiana Pacers,Miami Heat,119,110,1.61,2.4,1
2024-11-17,NBA,Washington Wizards,Detroit Pistons,104,124,2.8,1.45,0
2024-11-17,NBA,Memphis Grizzlies,Denver Nuggets,105,90,1.44,2.85,1
2024-11-17,NBA,Chicago Bulls,Houston Rockets,107,143,2.6,1.53,0
2024-11-17,NBA,Oklahoma City Thunder,Dallas Mavericks,119,121,1.34,3.35,0
2024-11-17,NBA,New York Knicks,Brooklyn Nets,114,104,1.24,4.25,1
2024-11-17,NBA,Los Angeles Clippers,Utah Jazz,116,105,1.22,4.5,1
2024-11-18,NBA,Miami Heat,Philadelphia 76ers,106,89,1.71,2.2,1
2024-11-18,NBA,Detroit Pistons,Chicago Bulls,112,122,1.59,2.45,0
2024-11-18,NBA,Toronto Raptors,Indiana Pacers,130,119,2.3,1.65,1
2024-11-18,NBA,New York Knicks,Washington Wizards,134,106,1.09,8.0,1
2024-11-18,NBA,Milwaukee Bucks,Houston Rockets,101,100,1.65,2.3,1
2024-11-18,NBA,Cleveland Cavaliers,Charlotte Hornets,128,114,1.2,4.75,1
2024-11-18,NBA,Washington Wizards,Detroit Pistons,104,124,2.8,1.45,0
2024-11-18,NBA,Indiana Pacers,Miami Heat,119,110,1.61,2.4,1
2024-11-18,NBA,Memphis Grizzlies,Denver Nuggets,105,90,1.44,2.85,1
2024-11-18,NBA,Portland Trail Blazers,Atlanta Hawks,114,110,2.5,1.56,1
2024-11-18,NBA,Minnesota Timberwolves,Phoenix Suns,120,117,1.33,3.4,1
2024-11-18,NBA,New York Knicks,Brooklyn Nets,114,104,1.24,4.25,1
2024-11-18,NBA,Phoenix Suns,Orlando Magic,99,109,2.55,1.54,0
2024-11-18,NBA,Sacramento Kings,Atlanta Hawks,108,109,1.61,2.4,0
2024-11-18,NBA,Los Angeles Clippers,Utah Jazz,116,105,1.22,4.5,1
2024-11-18,NBA,Oklahoma City Thunder,Dallas Mavericks,119,121,1.34,3.35,0
2024-11-18,NBA,Chicago Bulls,Houston Rockets,107,143,2.6,1.53,0
2024-11-18,NBA,Los Angeles Clippers,Golden State Warriors,102,99,2.8,1.45,1
2024-11-19,NBA,Miami Heat,Philadelphia 76ers,106,89,1.71,2.2,1
2024-11-19,NBA,New York Knicks,Washington Wizards,134,106,1.09,8.0,1
2024-11-19,NBA,Toronto Raptors,Indiana Pacers,130,119,2.3,1.65,1
2024-11-19,NBA,Detroit Pistons,Chicago Bulls,112,122,1.59,2.45,0
2024-11-19,NBA,Milwaukee Bucks,Houston Rockets,101,100,1.65,2.3,1
2024-11-19,NBA,Los Angeles Clippers,Golden State Warriors,102,99,2.8,1.45,1
2024-11-19,NBA,Boston Celtics,Cleveland Cavaliers,120,117,1.38,3.1,1
2024-11-19,NBA,Phoenix Suns,Orlando Magic,99,109,2.55,1.54,0
2024-11-19,NBA,Memphis Grizzlies,Denver Nuggets,110,122,1.41,3.0,0
2024-11-19,NBA,Brooklyn Nets,Charlotte Hornets,116,115,1.8,2.05,1
2024-11-19,NBA,Sacramento Kings,Atlanta Hawks,108,109,1.61,2.4,0
2024-11-19,NBA,Dallas Mavericks,New Orleans Pelicans,132,91,1.11,7.25,1
2024-11-19,NBA,Los Angeles Lakers,Utah Jazz,124,118,1.18,5.0,1
2024-11-19,NBA,San Antonio Spurs,Oklahoma City Thunder,110,104,4.75,1.2,1
2024-11-20,NBA,Boston Celtics,Cleveland Cavaliers,120,117,1.38,3.1,1
2024-11-20,NBA,Brooklyn Nets,Charlotte Hornets,116,115,1.8,2.05,1
2024-11-20,NBA,Memphis Grizzlies,Denver Nuggets,110,122,1.41,3.0,0
2024-11-20,NBA,Los Angeles Lakers,Utah Jazz,124,118,1.18,5.0,1
2024-11-20,NBA,San Antonio Spurs,Oklahoma City Thunder,110,104,4.75,1.2,1
2024-11-20,NBA,Dallas Mavericks,New Orleans Pelicans,132,91,1.11,7.25,1
2024-11-20,NBA,Cleveland Cavaliers,New Orleans Pelicans,128,100,1.1,7.5,1
2024-11-20,NBA,Oklahoma City Thunder,Portland Trail Blazers,109,99,1.13,6.5,1
2024-11-20,NBA,Houston Rockets,Indiana Pacers,130,113,1.4,3.05,1
2024-11-20,NBA,Golden State Warriors,Atlanta Hawks,120,97,1.29,3.7,1
2024-11-20,NBA,Memphis Grizzlies,Philadelphia 76ers,117,111,2.55,1.54,1
2024-11-20,NBA,Milwaukee Bucks,Chicago Bulls,122,106,1.27,3.9,1
2024-11-20,NBA,Los Angeles Clippers,Orlando Magic,104,93,2.3,1.65,1
2024-11-20,NBA,Phoenix Suns,New York Knicks,122,138,2.65,1.5,0
2024-11-21,NBA,Cleveland Cavaliers,New Orleans Pelicans,128,100,1.1,7.5,1
2024-11-21,NBA,Oklahoma City Thunder,Portland Trail Blazers,109,99,1.13,6.5,1
2024-11-21,NBA,Houston Rockets,Indiana Pacers,130,113,1.4,3.05,1
2024-11-21,NBA,Golden State Warriors,Atlanta Hawks,120,97,1.29,3.7,1
2024-11-21,NBA,Memphis Grizzlies,Philadelphia 76ers,117,111,2.55,1.54,1
2024-11-21,NBA,Milwaukee Bucks,Chicago Bulls,122,106,1.27,3.9,1
2024-11-21,NBA,Los Angeles Clippers,Orlando Magic,104,93,2.3,1.65,1
2024-11-21,NBA,Phoenix Suns,New York Knicks,122,138,2.65,1.5,0
2024-11-21,NBA,Toronto Raptors,Minnesota Timberwolves,110,105,3.1,1.38,1
2024-11-21,NBA,San Antonio Spurs,Utah Jazz,126,118,1.67,2.25,1
2024-11-21,NBA,Los Angeles Lakers,Orlando Magic,118,119,1.44,2.85,0
2024-11-22,NBA,San Antonio Spurs,Utah Jazz,126,118,1.67,2.25,1
2024-11-22,NBA,Toronto Raptors,Minnesota Timberwolves,110,105,3.1,1.38,1
2024-11-22,NBA,New Orleans Pelicans,Golden State Warriors,108,112,4.75,1.2,0
2024-11-22,NBA,Los Angeles Lakers,Orlando Magic,118,119,1.44,2.85,0
2024-11-22,NBA,Chicago Bulls,Atlanta Hawks,136,122,2.0,1.83,1
2024-11-22,NBA,Philadelphia 76ers,Brooklyn Nets,113,98,1.49,2.7,1
2024-11-22,NBA,Houston Rockets,Portland Trail Blazers,116,88,1.13,6.5,1
2024-11-22,NBA,Denver Nuggets,Dallas Mavericks,120,123,1.5,2.65,0
2024-11-22,NBA,Los Angeles Clippers,Sacramento Kings,104,88,2.45,1.59,1
2024-11-22,NBA,Washington Wizards,Boston Celtics,96,108,9.5,1.07,0
2024-11-22,NBA,Milwaukee Bucks,Indiana Pacers,129,117,1.45,2.8,1
2024-11-23,NBA,Washington Wizards,Boston Celtics,96,108,9.5,1.07,0
2024-11-23,NBA,Philadelphia 76ers,Brooklyn Nets,113,98,1.49,2.7,1
2024-11-23,NBA,Chicago Bulls,Atlanta Hawks,136,122,2.0,1.83,1
2024-11-23,NBA,Houston Rockets,Portland Trail Blazers,116,88,1.13,6.5,1
2024-11-23,NBA,New Orleans Pelicans,Golden State Warriors,108,112,4.75,1.2,0
2024-11-23,NBA,Milwaukee Bucks,Indiana Pacers,129,117,1.45,2.8,1
2024-11-23,NBA,Denver Nuggets,Dallas Mavericks,120,123,1.5,2.65,0
2024-11-23,NBA,Los Angeles Clippers,Sacramento Kings,104,88,2.45,1.59,1
2024-11-23,NBA,Utah Jazz,New York Knicks,121,106,4.0,1.26,1
2024-11-23,NBA,Orlando Magic,Detroit Pistons,111,100,1.24,4.25,1
2024-11-23,NBA,Chicago Bulls,Memphis Grizzlies,131,142,2.5,1.56,0
2024-11-23,NBA,Houston Rockets,Portland Trail Blazers,98,104,1.13,6.5,0
2024-11-23,NBA,Milwaukee Bucks,Charlotte Hornets,125,119,1.33,3.4,1
2024-11-23,NBA,San Antonio Spurs,Golden State Warriors,104,94,2.4,1.61,1
2024-11-23,NBA,Los Angeles Lakers,Denver Nuggets,102,127,1.59,2.45,0
2024-11-24,NBA,Boston Celtics,Minnesota Timberwolves,107,105,1.29,3.75,1
2024-11-24,NBA,Utah Jazz,New York Knicks,121,106,4.0,1.26,1
2024-11-24,NBA,Orlando Magic,Detroit Pistons,111,100,1.24,4.25,1
2024-11-24,NBA,Chicago Bulls,Memphis Grizzlies,131,142,2.5,1.56,0
2024-11-24,NBA,Houston Rockets,Portland Trail Blazers,98,104,1.13,6.5,0
2024-11-24,NBA,Milwaukee Bucks,Charlotte Hornets,125,119,1.33,3.4,1
2024-11-24,NBA,San Antonio Spurs,Golden State Warriors,104,94,2.4,1.61,1
2024-11-24,NBA,Indiana Pacers,Washington Wizards,115,103,1.13,6.25,1
2024-11-24,NBA,Los Angeles Lakers,Denver Nuggets,102,127,1.59,2.45,0
2024-11-24,NBA,Cleveland Cavaliers,Toronto Raptors,122,108,1.14,6.0,1
2024-11-24,NBA,Philadelphia 76ers,Los Angeles Clippers,99,125,2.0,1.83,0
2024-11-24,NBA,Sacramento Kings,Brooklyn Nets,103,108,1.22,4.5,0
2024-11-25,NBA,Boston Celtics,Minnesota Timberwolves,107,105,1.29,3.75,1
2024-11-25,NBA,Indiana Pacers,Washington Wizards,115,103,1.13,6.25,1
2024-11-25,NBA,Philadelphia 76ers,Los Angeles Clippers,99,125,2.0,1.83,0
2024-11-25,NBA,Cleveland Cavaliers,Toronto Raptors,122,108,1.14,6.0,1
2024-11-25,NBA,Sacramento Kings,Brooklyn Nets,103,108,1.22,4.5,0
2024-11-25,NBA,Charlotte Hornets,Orlando Magic,84,95,2.55,1.54,0
2024-11-25,NBA,Detroit Pistons,Toronto Raptors,102,100,1.54,2.55,1
2024-11-25,NBA,Indiana Pacers,New Orleans Pelicans,114,110,1.34,3.35,1
2024-11-25,NBA,Atlanta Hawks,Dallas Mavericks,119,129,1.71,2.2,0
2024-11-25,NBA,Memphis Grizzlies,Portland Trail Blazers,123,98,1.19,4.9,1
2024-11-25,NBA,Golden State Warriors,Brooklyn Nets,120,128,1.11,7.0,0
2024-11-25,NBA,Denver Nuggets,New York Knicks,118,145,1.59,2.45,0
2024-11-25,NBA,Sacramento Kings,Oklahoma City Thunder,109,130,2.4,1.61,0
2024-11-25,NBA,Boston Celtics,Los Angeles Clippers,126,94,1.2,4.75,1
2024-11-26,NBA,Charlotte Hornets,Orlando Magic,84,95,2.55,1.54,0
2024-11-26,NBA,Detroit Pistons,Toronto Raptors,102,100,1.54,2.55,1
2024-11-26,NBA,Atlanta Hawks,Dallas Mavericks,119,129,1.71,2.2,0
2024-11-26,NBA,Indiana Pacers,New Orleans Pelicans,114,110,1.34,3.35,1
2024-11-26,NBA,Memphis Grizzlies,Portland Trail Blazers,123,98,1.19,4.9,1
2024-11-26,NBA,Golden State Warriors,Brooklyn Nets,120,128,1.11,7.0,0
2024-11-26,NBA,Denver Nuggets,New York Knicks,118,145,1.59,2.45,0
2024-11-26,NBA,Sacramento Kings,Oklahoma City Thunder,109,130,2.4,1.61,0
2024-11-26,NBA,Boston Celtics,Los Angeles Clippers,126,94,1.2,4.75,1
2024-11-26,NBA,Phoenix Suns,Los Angeles Lakers,127,100,1.71,2.2,1
2024-11-26,NBA,Washington Wizards,Chicago Bulls,108,127,2.75,1.48,0
2024-11-26,NBA,Miami Heat,Milwaukee Bucks,103,106,1.45,2.8,0
2024-11-26,NBA,Utah Jazz,San Antonio Spurs,115,128,2.15,1.74,0
2024-11-27,NBA,Phoenix Suns,Los Angeles Lakers,127,100,1.71,2.2,1
2024-11-27,NBA,Charlotte Hornets,Miami Heat,94,98,2.45,1.59,0
2024-11-27,NBA,Washington Wizards,Chicago Bulls,108,127,2.75,1.48,0
2024-11-27,NBA,Miami Heat,Milwaukee Bucks,103,106,1.45,2.8,0
2024-11-27,NBA,Cleveland Cavaliers,Atlanta Hawks,124,135,1.24,4.25,0
2024-11-27,NBA,Indiana Pacers,Portland Trail Blazers,121,114,1.24,4.25,1
2024-11-27,NBA,Memphis Grizzlies,Detroit Pistons,131,111,1.29,3.7,1
2024-11-27,NBA,Utah Jazz,San Antonio Spurs,115,128,2.15,1.74,0
2024-11-27,NBA,Washington Wizards,Los Angeles Clippers,96,121,4.75,1.2,0
2024-11-27,NBA,Dallas Mavericks,New York Knicks,129,114,2.45,1.59,1
2024-11-27,NBA,Orlando Magic,Chicago Bulls,133,119,1.24,4.25,1
2024-11-27,NBA,New Orleans Pelicans,Toronto Raptors,93,119,1.83,2.0,0
2024-11-27,NBA,Minnesota Timberwolves,Sacramento Kings,104,115,1.63,2.35,0
2024-11-27,NBA,Utah Jazz,Denver Nuggets,103,122,5.0,1.18,0
2024-11-27,NBA,Phoenix Suns,Brooklyn Nets,117,127,1.25,4.2,0
2024-11-27,NBA,San Antonio Spurs,Los Angeles Lakers,101,119,2.1,1.77,0
2024-11-27,NBA,Golden State Warriors,Oklahoma City Thunder,101,105,2.55,1.54,0
2024-11-28,NBA,Charlotte Hornets,Miami Heat,94,98,2.45,1.59,0
2024-11-28,NBA,Cleveland Cavaliers,Atlanta Hawks,124,135,1.24,4.25,0
2024-11-28,NBA,Orlando Magic,Chicago Bulls,133,119,1.24,4.25,1
2024-11-28,NBA,Dallas Mavericks,New York Knicks,129,114,2.45,1.59,1
2024-11-28,NBA,Washington Wizards,Los Angeles Clippers,96,121,4.75,1.2,0
2024-11-28,NBA,Minnesota Timberwolves,Sacramento Kings,104,115,1.63,2.35,0
2024-11-28,NBA,San Antonio Spurs,Los Angeles Lakers,101,119,2.1,1.77,0
2024-11-28,NBA,Utah Jazz,Denver Nuggets,103,122,5.0,1.18,0
2024-11-28,NBA,New Orleans Pelicans,Toronto Raptors,93,119,1.83,2.0,0
2024-11-28,NBA,Golden State Warriors,Oklahoma City Thunder,101,105,2.55,1.54,0
2024-11-28,NBA,Phoenix Suns,Brooklyn Nets,117,127,1.25,4.2,0
2024-11-28,NBA,Indiana Pacers,Portland Trail Blazers,121,114,1.24,4.25,1
2024-11-28,NBA,Memphis Grizzlies,Detroit Pistons,131,111,1.29,3.7,1
2024-11-29,NBA,Memphis Grizzlies,New Orleans Pelicans,120,109,1.1,6.25,1
2024-11-29,NBA,Atlanta Hawks,Cleveland Cavaliers,117,101,2.85,1.44,1
2024-11-29,NBA,Charlotte Hornets,New York Knicks,98,99,6.5,1.13,0
2024-11-29,NBA,Brooklyn Nets,Orlando Magic,100,123,3.4,1.33,0
2024-11-29,NBA,Minnesota Timberwolves,Los Angeles Clippers,93,92,1.38,3.1,1
2024-11-29,NBA,Indiana Pacers,Detroit Pistons,106,130,1.48,2.75,0
2024-11-29,NBA,Miami Heat,Toronto Raptors,121,111,1.29,3.7,1
2024-11-29,NBA,Chicago Bulls,Boston Celtics,129,138,6.0,1.14,0
2024-11-29,NBA,Portland Trail Blazers,Sacramento Kings,115,106,3.3,1.36,1
2024-11-29,NBA,Los Angeles Lakers,Oklahoma City Thunder,93,101,2.35,1.63,0
2024-11-30,NBA,Charlotte Hornets,New York Knicks,98,99,6.5,1.13,0
2024-11-30,NBA,Atlanta Hawks,Cleveland Cavaliers,117,101,2.85,1.44,1
2024-11-30,NBA,Brooklyn Nets,Orlando Magic,100,123,3.4,1.33,0
2024-11-30,NBA,Minnesota Timberwolves,Los Angeles Clippers,93,92,1.38,3.1,1
2024-11-30,NBA,Indiana Pacers,Detroit Pistons,106,130,1.48,2.75,0
2024-11-30,NBA,Chicago Bulls,Boston Celtics,129,138,6.0,1.14,0
2024-11-30,NBA,Miami Heat,Toronto Raptors,121,111,1.29,3.7,1
2024-11-30,NBA,Los Angeles Lakers,Oklahoma City Thunder,93,101,2.35,1.63,0
2024-11-30,NBA,Portland Trail Blazers,Sacramento Kings,115,106,3.3,1.36,1
2024-11-30,NBA,Detroit Pistons,Philadelphia 76ers,96,111,1.77,2.1,0
2024-11-30,NBA,Charlotte Hornets,Atlanta Hawks,104,107,2.8,1.45,0
2024-11-30,NBA,Milwaukee Bucks,Washington Wizards,124,114,1.09,8.0,1
2024-11-30,NBA,Phoenix Suns,Golden State Warriors,113,105,1.87,1.95,1
2024-11-30,NBA,Utah Jazz,Dallas Mavericks,94,106,3.0,1.41,0
2024-11-30,NBA,Memphis Grizzlies,New Orleans Pelicans,120,109,1.1,6.25,1
2024-12-01,NBA,Brooklyn Nets,Orlando Magic,92,100,3.2,1.37,0
2024-12-01,NBA,Charlotte Hornets,Atlanta Hawks,104,107,2.8,1.45,0
2024-12-01,NBA,Milwaukee Bucks,Washington Wizards,124,114,1.09,8.0,1
2024-12-01,NBA,Detroit Pistons,Philadelphia 76ers,96,111,1.77,2.1,0
2024-12-01,NBA,Phoenix Suns,Golden State Warriors,113,105,1.87,1.95,1
2024-12-01,NBA,New York Knicks,New Orleans Pelicans,118,85,1.13,6.25,1
2024-12-01,NBA,Cleveland Cavaliers,Boston Celtics,115,111,1.83,2.0,1
2024-12-01,NBA,Memphis Grizzlies,Indiana Pacers,136,121,1.43,2.9,1
2024-12-01,NBA,Toronto Raptors,Miami Heat,119,116,2.65,1.5,1
2024-12-01,NBA,Houston Rockets,Oklahoma City Thunder,119,116,2.0,1.83,1
2024-12-01,NBA,Sacramento Kings,San Antonio Spurs,125,127,1.41,3.0,0
2024-12-01,NBA,Utah Jazz,Los Angeles Lakers,104,105,2.8,1.45,0
2024-12-01,NBA,Portland Trail Blazers,Dallas Mavericks,131,137,2.9,1.43,0
2024-12-01,NBA,Los Angeles Clippers,Denver Nuggets,126,122,2.25,1.67,1
2024-12-01,NBA,Utah Jazz,Dallas Mavericks,94,106,3.0,1.41,0
2024-12-02,NBA,Utah Jazz,Los Angeles Lakers,104,105,2.8,1.45,0
2024-12-02,NBA,Brooklyn Nets,Orlando Magic,92,100,3.2,1.37,0
2024-12-02,NBA,Cleveland Cavaliers,Boston Celtics,115,111,1.83,2.0,1
2024-12-02,NBA,Portland Trail Blazers,Dallas Mavericks,131,137,2.9,1.43,0
2024-12-02,NBA,Memphis Grizzlies,Indiana Pacers,136,121,1.43,2.9,1
2024-12-02,NBA,Houston Rockets,Oklahoma City Thunder,119,116,2.0,1.83,1
2024-12-02,NBA,Toronto Raptors,Miami Heat,119,116,2.65,1.5,1
2024-12-02,NBA,New York Knicks,New Orleans Pelicans,118,85,1.13,6.25,1
2024-12-02,NBA,Sacramento Kings,San Antonio Spurs,125,127,1.41,3.0,0
2024-12-02,NBA,Boston Celtics,Miami Heat,108,89,1.22,4.5,1
2024-12-02,NBA,Los Angeles Clippers,Denver Nuggets,126,122,2.25,1.67,1
2024-12-02,NBA,Minnesota Timberwolves,Los Angeles Lakers,109,80,1.34,3.35,1
2024-12-02,NBA,Chicago Bulls,Brooklyn Nets,128,102,1.33,3.4,1
2024-12-02,NBA,Atlanta Hawks,New Orleans Pelicans,124,112,1.25,4.2,1
2024-12-03,NBA,Chicago Bulls,Brooklyn Nets,128,102,1.33,3.4,1
2024-12-03,NBA,Atlanta Hawks,New Orleans Pelicans,124,112,1.25,4.2,1
2024-12-03,NBA,Boston Celtics,Miami Heat,108,89,1.22,4.5,1
2024-12-03,NBA,Minnesota Timberwolves,Los Angeles Lakers,109,80,1.34,3.35,1
2024-12-03,NBA,Charlotte Hornets,Philadelphia 76ers,104,110,2.6,1.53,0
2024-12-03,NBA,Cleveland Cavaliers,Washington Wizards,118,87,1.06,10.0,1
2024-12-03,NBA,Detroit Pistons,Milwaukee Bucks,107,128,2.25,1.67,0
2024-12-03,NBA,New York Knicks,Orlando Magic,121,106,1.49,2.7,1
2024-12-03,NBA,Toronto Raptors,Indiana Pacers,122,111,2.3,1.65,1
2024-12-03,NBA,Oklahoma City Thunder,Utah Jazz,133,106,1.1,7.5,1
2024-12-03,NBA,Dallas Mavericks,Memphis Grizzlies,121,116,1.53,2.6,1
2024-12-03,NBA,Sacramento Kings,Houston Rockets,120,111,1.8,2.05,1
2024-12-03,NBA,Phoenix Suns,San Antonio Spurs,104,93,1.34,3.35,1
2024-12-03,NBA,Los Angeles Clippers,Portland Trail Blazers,127,105,1.27,3.9,1
2024-12-03,NBA,Denver Nuggets,Golden State Warriors,119,115,1.49,2.7,1
2024-12-04,NBA,Charlotte Hornets,Philadelphia 76ers,104,110,2.6,1.53,0
2024-12-04,NBA,Detroit Pistons,Milwaukee Bucks,107,128,2.25,1.67,0
2024-12-04,NBA,Cleveland Cavaliers,Washington Wizards,118,87,1.06,10.0,1
2024-12-04,NBA,Toronto Raptors,Indiana Pacers,122,111,2.3,1.65,1
2024-12-04,NBA,New York Knicks,Orlando Magic,121,106,1.49,2.7,1
2024-12-04,NBA,Dallas Mavericks,Memphis Grizzlies,121,116,1.53,2.6,1
2024-12-04,NBA,Oklahoma City Thunder,Utah Jazz,133,106,1.1,7.5,1
2024-12-04,NBA,Denver Nuggets,Golden State Warriors,119,115,1.49,2.7,1
2024-12-04,NBA,Phoenix Suns,San Antonio Spurs,104,93,1.34,3.35,1
2024-12-04,NBA,Boston Celtics,Detroit Pistons,130,120,1.11,7.0,1
2024-12-04,NBA,Sacramento Kings,Houston Rockets,120,111,1.8,2.05,1
2024-12-04,NBA,Los Angeles Clippers,Portland Trail Blazers,127,105,1.27,3.9,1
2024-12-04,NBA,Brooklyn Nets,Indiana Pacers,99,90,2.3,1.65,1
2024-12-04,NBA,Philadelphia 76ers,Orlando Magic,102,106,3.1,1.38,0
2024-12-04,NBA,Milwaukee Bucks,Atlanta Hawks,104,119,1.56,2.5,0
2024-12-04,NBA,Los Angeles Clippers,Minnesota Timberwolves,80,108,2.6,1.53,0
2024-12-04,NBA,Miami Heat,Los Angeles Lakers,134,93,1.59,2.45,1
2024-12-05,NBA,Boston Celtics,Detroit Pistons,130,120,1.11,7.0,1
2024-12-05,NBA,Brooklyn Nets,Indiana Pacers,99,90,2.3,1.65,1
2024-12-05,NBA,Miami Heat,Los Angeles Lakers,134,93,1.59,2.45,1
2024-12-05,NBA,Philadelphia 76ers,Orlando Magic,102,106,3.1,1.38,0
2024-12-05,NBA,Milwaukee Bucks,Atlanta Hawks,104,119,1.56,2.5,0
2024-12-05,NBA,Cleveland Cavaliers,Denver Nuggets,126,114,1.56,2.5,1
2024-12-05,NBA,Washington Wizards,Dallas Mavericks,101,137,8.0,1.09,0
2024-12-05,NBA,Los Angeles Clippers,Minnesota Timberwolves,80,108,2.6,1.53,0
2024-12-05,NBA,New York Knicks,Charlotte Hornets,125,101,1.09,8.0,1
2024-12-05,NBA,Toronto Raptors,Oklahoma City Thunder,92,129,4.75,1.2,0
2024-12-05,NBA,San Antonio Spurs,Chicago Bulls,124,139,1.77,2.1,0
2024-12-05,NBA,New Orleans Pelicans,Phoenix Suns,126,124,2.05,1.8,1
2024-12-05,NBA,Golden State Warriors,Houston Rockets,99,93,2.55,1.54,1
2024-12-05,NBA,Memphis Grizzlies,Sacramento Kings,115,110,1.63,2.35,1
2024-12-06,NBA,Cleveland Cavaliers,Denver Nuggets,126,114,1.56,2.5,1
2024-12-06,NBA,Washington Wizards,Dallas Mavericks,101,137,8.0,1.09,0
2024-12-06,NBA,Toronto Raptors,Oklahoma City Thunder,92,129,4.75,1.2,0
2024-12-06,NBA,Memphis Grizzlies,Sacramento Kings,115,110,1.63,2.35,1
2024-12-06,NBA,New Orleans Pelicans,Phoenix Suns,126,124,2.05,1.8,1
2024-12-06,NBA,Philadelphia 76ers,Orlando Magic,102,94,2.3,1.65,1
2024-12-06,NBA,San Antonio Spurs,Chicago Bulls,124,139,1.77,2.1,0
2024-12-06,NBA,Boston Celtics,Milwaukee Bucks,111,105,1.3,3.65,1
2024-12-06,NBA,Golden State Warriors,Houston Rockets,99,93,2.55,1.54,1
2024-12-06,NBA,Chicago Bulls,Indiana Pacers,123,132,2.35,1.63,0
2024-12-06,NBA,San Antonio Spurs,Sacramento Kings,113,140,3.05,1.4,0
2024-12-06,NBA,Portland Trail Blazers,Utah Jazz,99,141,1.59,2.45,0
2024-12-06,NBA,Golden State Warriors,Minnesota Timberwolves,90,107,2.05,1.8,0
2024-12-06,NBA,New York Knicks,Charlotte Hornets,125,101,1.09,8.0,1
2024-12-07,NBA,Philadelphia 76ers,Orlando Magic,102,94,2.3,1.65,1
2024-12-07,NBA,Boston Celtics,Milwaukee Bucks,111,105,1.3,3.65,1
2024-12-07,NBA,San Antonio Spurs,Sacramento Kings,113,140,3.05,1.4,0
2024-12-07,NBA,Golden State Warriors,Minnesota Timberwolves,90,107,2.05,1.8,0
2024-12-07,NBA,Chicago Bulls,Indiana Pacers,123,132,2.35,1.63,0
2024-12-07,NBA,Portland Trail Blazers,Utah Jazz,99,141,1.59,2.45,0
2024-12-07,NBA,Charlotte Hornets,Cleveland Cavaliers,102,116,7.0,1.11,0
2024-12-07,NBA,New York Knicks,Detroit Pistons,111,120,1.3,3.65,0
2024-12-07,NBA,Miami Heat,Phoenix Suns,121,111,1.49,2.7,1
2024-12-07,NBA,Boston Celtics,Memphis Grizzlies,121,127,1.36,3.25,0
2024-12-07,NBA,Washington Wizards,Denver Nuggets,122,113,6.5,1.13,1
2024-12-07,NBA,Toronto Raptors,Dallas Mavericks,118,125,3.7,1.29,0
2024-12-07,NBA,New Orleans Pelicans,Oklahoma City Thunder,109,119,3.7,1.29,0
2024-12-08,NBA,Charlotte Hornets,Cleveland Cavaliers,102,116,7.0,1.11,0
2024-12-08,NBA,New Orleans Pelicans,Oklahoma City Thunder,109,119,3.7,1.29,0
2024-12-08,NBA,Washington Wizards,Denver Nuggets,122,113,6.5,1.13,1
2024-12-08,NBA,New York Knicks,Detroit Pistons,111,120,1.3,3.65,0
2024-12-08,NBA,Toronto Raptors,Dallas Mavericks,118,125,3.7,1.29,0
2024-12-08,NBA,Chicago Bulls,Philadelphia 76ers,100,108,2.1,1.77,0
2024-12-08,NBA,Miami Heat,Phoenix Suns,121,111,1.49,2.7,1
2024-12-08,NBA,Boston Celtics,Memphis Grizzlies,121,127,1.36,3.25,0
2024-12-08,NBA,Brooklyn Nets,Milwaukee Bucks,113,118,3.0,1.41,0
2024-12-08,NBA,Atlanta Hawks,Denver Nuggets,111,141,1.83,2.0,0
2024-12-08,NBA,Miami Heat,Cleveland Cavaliers,122,113,2.2,1.71,1
2024-12-08,NBA,Indiana Pacers,Charlotte Hornets,109,113,1.15,5.75,0
2024-12-08,NBA,Orlando Magic,Phoenix Suns,115,110,1.74,2.15,1
2024-12-08,NBA,San Antonio Spurs,New Orleans Pelicans,121,116,1.36,3.25,1
2024-12-08,NBA,Washington Wizards,Memphis Grizzlies,112,140,4.5,1.22,0
2024-12-08,NBA,Golden State Warriors,Minnesota Timberwolves,114,106,1.83,2.0,1
2024-12-08,NBA,Los Angeles Clippers,Houston Rockets,106,117,2.35,1.63,0
2024-12-08,NBA,Los Angeles Lakers,Portland Trail Blazers,107,98,1.32,3.5,1
2024-12-08,NBA,Sacramento Kings,Utah Jazz,141,97,1.17,5.5,1
2024-12-09,NBA,Indiana Pacers,Charlotte Hornets,109,113,1.15,5.75,0
2024-12-09,NBA,Chicago Bulls,Philadelphia 76ers,100,108,2.1,1.77,0
2024-12-09,NBA,San Antonio Spurs,New Orleans Pelicans,121,116,1.36,3.25,1
2024-12-09,NBA,Atlanta Hawks,Denver Nuggets,111,141,1.83,2.0,0
2024-12-09,NBA,Orlando Magic,Phoenix Suns,115,110,1.74,2.15,1
2024-12-09,NBA,Los Angeles Clippers,Houston Rockets,106,117,2.35,1.63,0
2024-12-09,NBA,Miami Heat,Cleveland Cavaliers,122,113,2.2,1.71,1
2024-12-09,NBA,Washington Wizards,Memphis Grizzlies,112,140,4.5,1.22,0
2024-12-09,NBA,Brooklyn Nets,Milwaukee Bucks,113,118,3.0,1.41,0
2024-12-09,NBA,Golden State Warriors,Minnesota Timberwolves,114,106,1.83,2.0,1
2024-12-09,NBA,Toronto Raptors,New York Knicks,108,113,3.6,1.31,0
2024-12-09,NBA,Sacramento Kings,Utah Jazz,141,97,1.17,5.5,1
2024-12-09,NBA,Los Angeles Lakers,Portland Trail Blazers,107,98,1.32,3.5,1
2024-12-10,NBA,Toronto Raptors,New York Knicks,108,113,3.6,1.31,0
2024-12-10,NBA,Milwaukee Bucks,Orlando Magic,114,109,1.29,3.75,1
2024-12-10,NBA,Oklahoma City Thunder,Dallas Mavericks,118,104,1.54,2.55,1
2024-12-11,NBA,Oklahoma City Thunder,Dallas Mavericks,118,104,1.54,2.55,1
2024-12-11,NBA,Houston Rockets,Golden State Warriors,91,90,1.67,2.25,1
2024-12-11,NBA,Milwaukee Bucks,Orlando Magic,114,109,1.29,3.75,1
2024-12-11,NBA,New York Knicks,Atlanta Hawks,100,108,1.29,3.75,0
2024-12-12,NBA,Boston Celtics,Detroit Pistons,123,99,1.15,5.75,1
2024-12-12,NBA,New York Knicks,Atlanta Hawks,100,108,1.29,3.75,0
2024-12-12,NBA,Miami Heat,Toronto Raptors,114,104,1.2,4.75,1
2024-12-12,NBA,New Orleans Pelicans,Sacramento Kings,109,111,3.3,1.36,0
2024-12-12,NBA,Houston Rockets,Golden State Warriors,91,90,1.67,2.25,1
2024-12-13,NBA,Boston Celtics,Detroit Pistons,123,99,1.15,5.75,1
2024-12-13,NBA,Miami Heat,Toronto Raptors,114,104,1.2,4.75,1
2024-12-13,NBA,New Orleans Pelicans,Sacramento Kings,109,111,3.3,1.36,0
2024-12-13,NBA,Chicago Bulls,Charlotte Hornets,109,95,1.45,2.8,1
2024-12-13,NBA,Philadelphia 76ers,Indiana Pacers,107,121,1.4,3.05,0
2024-12-13,NBA,Cleveland Cavaliers,Washington Wizards,115,105,1.05,11.0,1
2024-12-13,NBA,Minnesota Timberwolves,Los Angeles Lakers,97,87,1.28,3.8,1
2024-12-13,NBA,Memphis Grizzlies,Brooklyn Nets,135,119,1.2,4.75,1
2024-12-13,NBA,Portland Trail Blazers,San Antonio Spurs,116,118,2.4,1.61,0
2024-12-13,NBA,Utah Jazz,Phoenix Suns,126,134,3.2,1.37,0
2024-12-13,NBA,Denver Nuggets,Los Angeles Clippers,120,98,1.37,3.2,1
2024-12-14,NBA,Memphis Grizzlies,Brooklyn Nets,135,119,1.2,4.75,1
2024-12-14,NBA,Cleveland Cavaliers,Washington Wizards,115,105,1.05,11.0,1
2024-12-14,NBA,Philadelphia 76ers,Indiana Pacers,107,121,1.4,3.05,0
2024-12-14,NBA,Denver Nuggets,Los Angeles Clippers,120,98,1.37,3.2,1
2024-12-14,NBA,Chicago Bulls,Charlotte Hornets,109,95,1.45,2.8,1
2024-12-14,NBA,Minnesota Timberwolves,Los Angeles Lakers,97,87,1.28,3.8,1
2024-12-14,NBA,Utah Jazz,Phoenix Suns,126,134,3.2,1.37,0
2024-12-14,NBA,Portland Trail Blazers,San Antonio Spurs,116,118,2.4,1.61,0
2024-12-14,NBA,Milwaukee Bucks,Atlanta Hawks,110,102,1.61,2.4,1
2024-12-14,NBA,Oklahoma City Thunder,Houston Rockets,111,96,1.41,3.0,1
2024-12-15,NBA,Oklahoma City Thunder,Houston Rockets,111,96,1.41,3.0,1
2024-12-15,NBA,Milwaukee Bucks,Atlanta Hawks,110,102,1.61,2.4,1
2024-12-15,NBA,Washington Wizards,Boston Celtics,98,112,11.0,1.05,0
2024-12-15,NBA,Orlando Magic,New York Knicks,91,100,2.5,1.56,0
2024-12-15,NBA,Indiana Pacers,New Orleans Pelicans,119,104,1.34,3.35,1
2024-12-15,NBA,San Antonio Spurs,Minnesota Timberwolves,92,106,2.5,1.56,0
2024-12-15,NBA,Golden State Warriors,Dallas Mavericks,133,143,1.87,1.95,0
2024-12-15,NBA,Los Angeles Lakers,Memphis Grizzlies,116,110,2.15,1.74,1
2024-12-15,NBA,Phoenix Suns,Portland Trail Blazers,116,109,1.17,5.25,1
2024-12-16,NBA,Orlando Magic,New York Knicks,91,100,2.5,1.56,0
2024-12-16,NBA,Indiana Pacers,New Orleans Pelicans,119,104,1.34,3.35,1
2024-12-16,NBA,Washington Wizards,Boston Celtics,98,112,11.0,1.05,0
2024-12-16,NBA,Charlotte Hornets,Philadelphia 76ers,108,121,2.15,1.74,0
2024-12-16,NBA,Brooklyn Nets,Cleveland Cavaliers,101,130,4.75,1.2,0
2024-12-16,NBA,Sacramento Kings,Denver Nuggets,129,130,1.87,1.95,0
2024-12-16,NBA,Los Angeles Clippers,Utah Jazz,144,107,1.32,3.5,1
2024-12-16,NBA,Toronto Raptors,Chicago Bulls,121,122,1.95,1.87,0
2024-12-16,NBA,San Antonio Spurs,Minnesota Timberwolves,92,106,2.5,1.56,0
2024-12-16,NBA,Phoenix Suns,Portland Trail Blazers,116,109,1.17,5.25,1
2024-12-16,NBA,Golden State Warriors,Dallas Mavericks,133,143,1.87,1.95,0
2024-12-16,NBA,Los Angeles Lakers,Memphis Grizzlies,116,110,2.15,1.74,1
2024-12-17,NBA,Charlotte Hornets,Philadelphia 76ers,108,121,2.15,1.74,0
2024-12-17,NBA,Brooklyn Nets,Cleveland Cavaliers,101,130,4.75,1.2,0
2024-12-17,NBA,Los Angeles Clippers,Utah Jazz,144,107,1.32,3.5,1
2024-12-17,NBA,Sacramento Kings,Denver Nuggets,129,130,1.87,1.95,0
2024-12-17,NBA,Toronto Raptors,Chicago Bulls,121,122,1.95,1.87,0
2024-12-19,NBA,Detroit Pistons,Utah Jazz,119,126,1.53,2.6,0
2024-12-19,NBA,Sacramento Kings,Los Angeles Lakers,100,113,1.5,2.65,0
2024-12-19,NBA,Washington Wizards,Charlotte Hornets,123,114,2.4,1.61,1
2024-12-19,NBA,Boston Celtics,Chicago Bulls,108,117,1.09,8.0,0
2024-12-19,NBA,Orlando Magic,Oklahoma City Thunder,99,105,3.2,1.37,0
2024-12-19,NBA,Dallas Mavericks,Los Angeles Clippers,95,118,1.91,1.91,0
2024-12-19,NBA,Phoenix Suns,Indiana Pacers,111,120,1.41,3.0,0
2024-12-19,NBA,Minnesota Timberwolves,New York Knicks,107,133,1.65,2.3,0
2024-12-19,NBA,Portland Trail Blazers,Denver Nuggets,126,124,3.8,1.28,1
2024-12-19,NBA,Houston Rockets,New Orleans Pelicans,133,113,1.25,4.2,1
2024-12-19,NBA,Memphis Grizzlies,Golden State Warriors,144,93,1.67,2.25,1
2024-12-19,NBA,Toronto Raptors,Brooklyn Nets,94,101,1.74,2.15,0
2024-12-20,NBA,Detroit Pistons,Utah Jazz,119,126,1.53,2.6,0
2024-12-20,NBA,Orlando Magic,Oklahoma City Thunder,99,105,3.2,1.37,0
2024-12-20,NBA,Toronto Raptors,Brooklyn Nets,94,101,1.74,2.15,0
2024-12-20,NBA,Boston Celtics,Chicago Bulls,108,117,1.09,8.0,0
2024-12-20,NBA,Washington Wizards,Charlotte Hornets,123,114,2.4,1.61,1
2024-12-20,NBA,Memphis Grizzlies,Golden State Warriors,144,93,1.67,2.25,1
2024-12-20,NBA,Houston Rockets,New Orleans Pelicans,133,113,1.25,4.2,1
2024-12-20,NBA,Dallas Mavericks,Los Angeles Clippers,95,118,1.91,1.91,0
2024-12-20,NBA,Sacramento Kings,Los Angeles Lakers,100,113,1.5,2.65,0
2024-12-20,NBA,Portland Trail Blazers,Denver Nuggets,126,124,3.8,1.28,1
2024-12-20,NBA,Minnesota Timberwolves,New York Knicks,107,133,1.65,2.3,0
2024-12-20,NBA,Phoenix Suns,Indiana Pacers,111,120,1.41,3.0,0
2024-12-20,NBA,Philadelphia 76ers,Charlotte Hornets,108,98,1.14,6.0,1
2024-12-20,NBA,Cleveland Cavaliers,Milwaukee Bucks,124,101,1.26,4.0,1
2024-12-20,NBA,Miami Heat,Oklahoma City Thunder,97,104,1.95,1.87,0
2024-12-21,NBA,Cleveland Cavaliers,Milwaukee Bucks,124,101,1.26,4.0,1
2024-12-21,NBA,Philadelphia 76ers,Charlotte Hornets,108,98,1.14,6.0,1
2024-12-21,NBA,Miami Heat,Oklahoma City Thunder,97,104,1.95,1.87,0
2024-12-21,NBA,Sacramento Kings,Los Angeles Lakers,99,103,1.45,2.8,0
2024-12-21,NBA,Orlando Magic,Miami Heat,121,114,1.67,2.25,1
2024-12-21,NBA,Brooklyn Nets,Utah Jazz,94,105,1.8,2.05,0
2024-12-21,NBA,Milwaukee Bucks,Washington Wizards,112,101,1.26,4.1,1
2024-12-21,NBA,Chicago Bulls,Boston Celtics,98,123,5.75,1.15,0
2024-12-21,NBA,Minnesota Timberwolves,Golden State Warriors,103,113,1.59,2.45,0
2024-12-21,NBA,New Orleans Pelicans,New York Knicks,93,104,3.6,1.31,0
2024-12-21,NBA,Cleveland Cavaliers,Philadelphia 76ers,126,99,1.22,4.5,1
2024-12-21,NBA,Atlanta Hawks,Memphis Grizzlies,112,128,2.1,1.77,0
2024-12-21,NBA,Phoenix Suns,Detroit Pistons,125,133,1.45,2.8,0
2024-12-21,NBA,San Antonio Spurs,Portland Trail Blazers,114,94,1.37,3.2,1
2024-12-21,NBA,Dallas Mavericks,Los Angeles Clippers,113,97,1.63,2.35,1
2024-12-22,NBA,Sacramento Kings,Los Angeles Lakers,99,103,1.45,2.8,0
2024-12-22,NBA,Orlando Magic,Miami Heat,121,114,1.67,2.25,1
2024-12-22,NBA,Brooklyn Nets,Utah Jazz,94,105,1.8,2.05,0
2024-12-22,NBA,Atlanta Hawks,Memphis Grizzlies,112,128,2.1,1.77,0
2024-12-22,NBA,Cleveland Cavaliers,Philadelphia 76ers,126,99,1.22,4.5,1
2024-12-22,NBA,Chicago Bulls,Boston Celtics,98,123,5.75,1.15,0
2024-12-22,NBA,New Orleans Pelicans,New York Knicks,93,104,3.6,1.31,0
2024-12-22,NBA,Milwaukee Bucks,Washington Wizards,112,101,1.26,4.1,1
2024-12-22,NBA,Minnesota Timberwolves,Golden State Warriors,103,113,1.59,2.45,0
2024-12-22,NBA,San Antonio Spurs,Portland Trail Blazers,114,94,1.37,3.2,1
2024-12-22,NBA,Dallas Mavericks,Los Angeles Clippers,113,97,1.63,2.35,1
2024-12-22,NBA,Sacramento Kings,Indiana Pacers,95,122,1.74,2.15,0
2024-12-22,NBA,Phoenix Suns,Detroit Pistons,125,133,1.45,2.8,0
2024-12-22,NBA,Toronto Raptors,Houston Rockets,110,114,4.0,1.26,0
2024-12-23,NBA,Cleveland Cavaliers,Utah Jazz,124,113,1.06,8.0,1
2024-12-23,NBA,Atlanta Hawks,Minnesota Timberwolves,117,104,2.35,1.59,1
2024-12-23,NBA,Charlotte Hornets,Houston Rockets,101,114,3.0,1.37,0
2024-12-23,NBA,Orlando Magic,Boston Celtics,108,104,4.5,1.19,1
2024-12-23,NBA,Philadelphia 76ers,San Antonio Spurs,111,106,1.44,2.75,1
2024-12-23,NBA,Chicago Bulls,Milwaukee Bucks,91,112,1.63,2.25,0
2024-12-23,NBA,New York Knicks,Toronto Raptors,139,125,1.08,7.25,1
2024-12-23,NBA,Oklahoma City Thunder,Washington Wizards,123,105,1.03,11.0,1
2024-12-23,NBA,Dallas Mavericks,Portland Trail Blazers,132,108,1.13,6.5,1
2024-12-23,NBA,Miami Heat,Brooklyn Nets,110,95,1.2,4.25,1
2024-12-23,NBA,Memphis Grizzlies,Los Angeles Clippers,110,114,1.37,3.0,0
2024-12-23,NBA,Denver Nuggets,Phoenix Suns,117,90,1.54,2.55,1
2024-12-23,NBA,Golden State Warriors,Indiana Pacers,105,111,1.49,2.7,0
2024-12-23,NBA,Sacramento Kings,Indiana Pacers,95,122,1.74,2.15,0
2024-12-23,NBA,Toronto Raptors,Houston Rockets,110,114,4.0,1.26,0
2024-12-23,NBA,Los Angeles Lakers,Detroit Pistons,114,117,1.38,3.1,0
2024-12-24,NBA,Orlando Magic,Boston Celtics,108,104,4.5,1.19,1
2024-12-24,NBA,Cleveland Cavaliers,Utah Jazz,124,113,1.06,8.0,1
2024-12-24,NBA,Charlotte Hornets,Houston Rockets,101,114,3.0,1.37,0
2024-12-24,NBA,Philadelphia 76ers,San Antonio Spurs,111,106,1.44,2.75,1
2024-12-24,NBA,Miami Heat,Brooklyn Nets,110,95,1.2,4.25,1
2024-12-24,NBA,Atlanta Hawks,Minnesota Timberwolves,117,104,2.35,1.59,1
2024-12-24,NBA,New York Knicks,Toronto Raptors,139,125,1.08,7.25,1
2024-12-24,NBA,Chicago Bulls,Milwaukee Bucks,91,112,1.63,2.25,0
2024-12-24,NBA,Oklahoma City Thunder,Washington Wizards,123,105,1.03,11.0,1
2024-12-24,NBA,Memphis Grizzlies,Los Angeles Clippers,110,114,1.37,3.0,0
2024-12-24,NBA,Denver Nuggets,Phoenix Suns,117,90,1.54,2.55,1
2024-12-24,NBA,Dallas Mavericks,Portland Trail Blazers,132,108,1.13,6.5,1
2024-12-24,NBA,Los Angeles Lakers,Detroit Pistons,114,117,1.38,3.1,0
2024-12-24,NBA,Golden State Warriors,Indiana Pacers,105,111,1.49,2.7,0
2024-12-25,NBA,Boston Celtics,Philadelphia 76ers,114,118,1.24,4.25,0
2024-12-25,NBA,New York Knicks,San Antonio Spurs,117,114,1.27,3.9,1
2024-12-25,NBA,Dallas Mavericks,Minnesota Timberwolves,99,105,1.48,2.75,0
2024-12-25,NBA,Golden State Warriors,Los Angeles Lakers,113,115,1.63,2.35,0
2024-12-25,NBA,Phoenix Suns,Denver Nuggets,110,100,2.15,1.74,1
2024-12-26,NBA,New York Knicks,San Antonio Spurs,117,114,1.27,3.9,1
2024-12-26,NBA,Boston Celtics,Philadelphia 76ers,114,118,1.24,4.25,0
2024-12-26,NBA,Dallas Mavericks,Minnesota Timberwolves,99,105,1.48,2.75,0
2024-12-26,NBA,Golden State Warriors,Los Angeles Lakers,113,115,1.63,2.35,0
2024-12-26,NBA,Phoenix Suns,Denver Nuggets,110,100,2.15,1.74,1
2024-12-26,NBA,Indiana Pacers,Oklahoma City Thunder,114,120,2.75,1.48,0
2024-12-26,NBA,Orlando Magic,Miami Heat,88,89,1.87,1.95,0
2024-12-26,NBA,Washington Wizards,Charlotte Hornets,113,110,2.6,1.53,1
2024-12-26,NBA,New Orleans Pelicans,Houston Rockets,111,128,3.3,1.36,0
2024-12-26,NBA,Milwaukee Bucks,Brooklyn Nets,105,111,1.38,3.1,0
2024-12-26,NBA,Memphis Grizzlies,Toronto Raptors,155,126,1.17,5.5,1
2024-12-26,NBA,Atlanta Hawks,Chicago Bulls,141,133,1.49,2.7,1
2024-12-26,NBA,Sacramento Kings,Detroit Pistons,113,114,1.5,2.65,0
2024-12-26,NBA,Portland Trail Blazers,Utah Jazz,122,120,1.63,2.35,1
2024-12-27,NBA,Washington Wizards,Charlotte Hornets,113,110,2.6,1.53,1
2024-12-27,NBA,Indiana Pacers,Oklahoma City Thunder,114,120,2.75,1.48,0
2024-12-27,NBA,Orlando Magic,Miami Heat,88,89,1.87,1.95,0
2024-12-27,NBA,Atlanta Hawks,Chicago Bulls,141,133,1.49,2.7,1
2024-12-27,NBA,Milwaukee Bucks,Brooklyn Nets,105,111,1.38,3.1,0
2024-12-27,NBA,Memphis Grizzlies,Toronto Raptors,155,126,1.17,5.5,1
2024-12-27,NBA,Sacramento Kings,Detroit Pistons,113,114,1.5,2.65,0
2024-12-27,NBA,Portland Trail Blazers,Utah Jazz,122,120,1.63,2.35,1
2024-12-27,NBA,New Orleans Pelicans,Houston Rockets,111,128,3.3,1.36,0
2024-12-27,NBA,Brooklyn Nets,San Antonio Spurs,87,96,3.55,1.32,0
2024-12-27,NBA,Denver Nuggets,Cleveland Cavaliers,135,149,2.2,1.71,0
2024-12-27,NBA,Boston Celtics,Indiana Pacers,142,105,1.15,5.75,1
2024-12-27,NBA,Orlando Magic,New York Knicks,85,108,3.05,1.4,0
2024-12-27,NBA,New Orleans Pelicans,Memphis Grizzlies,124,132,3.6,1.31,0
2024-12-27,NBA,Houston Rockets,Minnesota Timberwolves,112,113,1.87,1.95,0
2024-12-27,NBA,Los Angeles Clippers,Golden State Warriors,102,92,1.41,3.0,1
2024-12-27,NBA,Phoenix Suns,Dallas Mavericks,89,98,1.87,1.95,0
2024-12-28,NBA,Orlando Magic,New York Knicks,85,108,3.05,1.4,0
2024-12-28,NBA,Boston Celtics,Indiana Pacers,142,105,1.15,5.75,1
2024-12-28,NBA,Houston Rockets,Minnesota Timberwolves,112,113,1.87,1.95,0
2024-12-28,NBA,Brooklyn Nets,San Antonio Spurs,87,96,3.55,1.32,0
2024-12-28,NBA,New Orleans Pelicans,Memphis Grizzlies,124,132,3.6,1.31,0
2024-12-28,NBA,Phoenix Suns,Dallas Mavericks,89,98,1.87,1.95,0
2024-12-28,NBA,Denver Nuggets,Cleveland Cavaliers,135,149,2.2,1.71,0
2024-12-28,NBA,Los Angeles Clippers,Golden State Warriors,102,92,1.41,3.0,1
2024-12-28,NBA,Chicago Bulls,Milwaukee Bucks,116,111,2.15,1.74,1
2024-12-28,NBA,Atlanta Hawks,Miami Heat,120,110,1.8,2.05,1
2024-12-28,NBA,Denver Nuggets,Detroit Pistons,134,121,1.43,2.9,1
2024-12-28,NBA,Golden State Warriors,Phoenix Suns,109,105,1.4,3.05,1
2024-12-28,NBA,Charlotte Hornets,Oklahoma City Thunder,94,106,7.5,1.1,0
2024-12-28,NBA,Utah Jazz,Philadelphia 76ers,111,114,3.2,1.37,0
2024-12-28,NBA,Los Angeles Lakers,Sacramento Kings,132,122,2.25,1.67,1
2024-12-28,NBA,Portland Trail Blazers,Dallas Mavericks,126,122,2.5,1.56,1
2024-12-29,NBA,Chicago Bulls,Milwaukee Bucks,116,111,2.15,1.74,1
2024-12-29,NBA,Denver Nuggets,Detroit Pistons,134,121,1.43,2.9,1
2024-12-29,NBA,Atlanta Hawks,Miami Heat,120,110,1.8,2.05,1
2024-12-29,NBA,Golden State Warriors,Phoenix Suns,109,105,1.4,3.05,1
2024-12-29,NBA,Charlotte Hornets,Oklahoma City Thunder,94,106,7.5,1.1,0
2024-12-29,NBA,Utah Jazz,Philadelphia 76ers,111,114,3.2,1.37,0
2024-12-29,NBA,Portland Trail Blazers,Dallas Mavericks,126,122,2.5,1.56,1
2024-12-29,NBA,Los Angeles Lakers,Sacramento Kings,132,122,2.25,1.67,1
2024-12-29,NBA,Minnesota Timberwolves,San Antonio Spurs,112,110,1.42,2.95,1
2024-12-29,NBA,Toronto Raptors,Atlanta Hawks,107,136,1.95,1.87,0
2024-12-29,NBA,Oklahoma City Thunder,Memphis Grizzlies,130,106,1.33,3.45,1
2024-12-29,NBA,Houston Rockets,Miami Heat,100,104,1.27,3.9,0
2024-12-29,NBA,Boston Celtics,Indiana Pacers,114,123,1.17,5.25,0
2024-12-29,NBA,Orlando Magic,Brooklyn Nets,102,101,1.29,3.7,1
2024-12-30,NBA,Orlando Magic,Brooklyn Nets,102,101,1.29,3.7,1
2024-12-30,NBA,Boston Celtics,Indiana Pacers,114,123,1.17,5.25,0
2024-12-30,NBA,Toronto Raptors,Atlanta Hawks,107,136,1.95,1.87,0
2024-12-30,NBA,Oklahoma City Thunder,Memphis Grizzlies,130,106,1.33,3.45,1
2024-12-30,NBA,Washington Wizards,New York Knicks,106,126,6.25,1.13,0
2024-12-30,NBA,Minnesota Timberwolves,San Antonio Spurs,112,110,1.42,2.95,1
2024-12-30,NBA,Houston Rockets,Miami Heat,100,104,1.27,3.9,0
2024-12-30,NBA,New Orleans Pelicans,Los Angeles Clippers,113,116,2.6,1.53,0
2024-12-30,NBA,Utah Jazz,Denver Nuggets,121,132,3.4,1.33,0
2024-12-30,NBA,Golden State Warriors,Cleveland Cavaliers,95,113,2.45,1.59,0
2024-12-30,NBA,Portland Trail Blazers,Philadelphia 76ers,103,125,3.2,1.37,0
2024-12-30,NBA,Sacramento Kings,Dallas Mavericks,110,100,1.3,3.65,1
2024-12-31,NBA,Washington Wizards,New York Knicks,106,126,6.25,1.13,0
2024-12-31,NBA,Utah Jazz,Denver Nuggets,121,132,3.4,1.33,0
2024-12-31,NBA,Golden State Warriors,Cleveland Cavaliers,95,113,2.45,1.59,0
2024-12-31,NBA,Indiana Pacers,Milwaukee Bucks,112,120,2.05,1.8,0
2024-12-31,NBA,Portland Trail Blazers,Philadelphia 76ers,103,125,3.2,1.37,0
2024-12-31,NBA,New Orleans Pelicans,Los Angeles Clippers,113,116,2.6,1.53,0
2024-12-31,NBA,Sacramento Kings,Dallas Mavericks,110,100,1.3,3.65,1
2024-12-31,NBA,Boston Celtics,Toronto Raptors,125,71,1.06,10.0,1
2024-12-31,NBA,Phoenix Suns,Memphis Grizzlies,112,117,1.45,2.8,0
2024-12-31,NBA,Los Angeles Lakers,Cleveland Cavaliers,110,122,2.55,1.54,0
2024-12-31,NBA,San Antonio Spurs,Los Angeles Clippers,122,86,1.61,2.4,1
2024-12-31,NBA,Oklahoma City Thunder,Minnesota Timberwolves,113,105,1.37,3.2,1
2025-01-01,NBA,Boston Celtics,Toronto Raptors,125,71,1.06,10.0,1
2025-01-01,NBA,Indiana Pacers,Milwaukee Bucks,112,120,2.05,1.8,0
2025-01-01,NBA,Phoenix Suns,Memphis Grizzlies,112,117,1.45,2.8,0
2025-01-01,NBA,Los Angeles Lakers,Cleveland Cavaliers,110,122,2.55,1.54,0
2025-01-01,NBA,San Antonio Spurs,Los Angeles Clippers,122,86,1.61,2.4,1
2025-01-01,NBA,Oklahoma City Thunder,Minnesota Timberwolves,113,105,1.37,3.2,1
2025-01-01,NBA,Washington Wizards,Chicago Bulls,125,107,2.95,1.42,1
2025-01-01,NBA,New York Knicks,Utah Jazz,119,103,1.12,5.75,1
2025-01-01,NBA,Detroit Pistons,Orlando Magic,105,96,1.74,2.15,1
2025-01-01,NBA,Toronto Raptors,Brooklyn Nets,130,113,1.8,2.0,1
2025-01-01,NBA,Houston Rockets,Dallas Mavericks,110,99,1.47,2.65,1
2025-01-01,NBA,Miami Heat,New Orleans Pelicans,119,108,1.23,4.0,1
2025-01-01,NBA,Denver Nuggets,Atlanta Hawks,139,120,1.27,3.9,1
2025-01-01,NBA,Sacramento Kings,Philadelphia 76ers,113,107,1.38,3.1,1
2025-01-02,NBA,Miami Heat,New Orleans Pelicans,119,108,1.23,4.0,1
2025-01-02,NBA,Detroit Pistons,Orlando Magic,105,96,1.74,2.15,1
2025-01-02,NBA,New York Knicks,Utah Jazz,119,103,1.12,5.75,1
2025-01-02,NBA,Washington Wizards,Chicago Bulls,125,107,2.95,1.42,1
2025-01-02,NBA,Toronto Raptors,Brooklyn Nets,130,113,1.8,2.0,1
2025-01-02,NBA,Denver Nuggets,Atlanta Hawks,139,120,1.27,3.9,1
2025-01-02,NBA,Houston Rockets,Dallas Mavericks,110,99,1.47,2.65,1
2025-01-02,NBA,Sacramento Kings,Philadelphia 76ers,113,107,1.38,3.1,1
2025-01-02,NBA,Milwaukee Bucks,Brooklyn Nets,110,113,1.12,6.75,0
2025-01-02,NBA,Golden State Warriors,Philadelphia 76ers,139,105,1.56,2.5,1
2025-01-02,NBA,Minnesota Timberwolves,Boston Celtics,115,118,2.15,1.74,0
2025-01-02,NBA,Los Angeles Lakers,Portland Trail Blazers,114,106,1.37,3.2,1
2025-01-02,NBA,Miami Heat,Indiana Pacers,115,128,1.77,2.1,0
2025-01-02,NBA,Oklahoma City Thunder,Los Angeles Clippers,116,98,1.15,5.75,1
2025-01-03,NBA,Golden State Warriors,Philadelphia 76ers,139,105,1.56,2.5,1
2025-01-03,NBA,Los Angeles Lakers,Portland Trail Blazers,114,106,1.37,3.2,1
2025-01-03,NBA,Milwaukee Bucks,Brooklyn Nets,110,113,1.12,6.75,0
2025-01-03,NBA,Miami Heat,Indiana Pacers,115,128,1.77,2.1,0
2025-01-03,NBA,Oklahoma City Thunder,Los Angeles Clippers,116,98,1.15,5.75,1
2025-01-03,NBA,Minnesota Timberwolves,Boston Celtics,115,118,2.15,1.74,0
2025-01-03,NBA,Houston Rockets,Boston Celtics,86,109,2.25,1.67,0
2025-01-03,NBA,New Orleans Pelicans,Washington Wizards,132,120,1.36,3.3,1
2025-01-03,NBA,Detroit Pistons,Charlotte Hornets,98,94,1.33,3.45,1
2025-01-03,NBA,Oklahoma City Thunder,New York Knicks,117,107,1.54,2.55,1
2025-01-03,NBA,Toronto Raptors,Orlando Magic,97,106,2.05,1.8,0
2025-01-03,NBA,Dallas Mavericks,Cleveland Cavaliers,122,134,4.25,1.24,0
2025-01-03,NBA,Denver Nuggets,San Antonio Spurs,110,113,1.44,2.85,0
2025-01-03,NBA,Los Angeles Lakers,Atlanta Hawks,119,102,1.71,2.2,1
2025-01-03,NBA,Sacramento Kings,Memphis Grizzlies,138,133,1.65,2.3,1
2025-01-04,NBA,Detroit Pistons,Charlotte Hornets,98,94,1.33,3.45,1
2025-01-04,NBA,Houston Rockets,Boston Celtics,86,109,2.25,1.67,0
2025-01-04,NBA,Oklahoma City Thunder,New York Knicks,117,107,1.54,2.55,1
2025-01-04,NBA,Toronto Raptors,Orlando Magic,97,106,2.05,1.8,0
2025-01-04,NBA,New Orleans Pelicans,Washington Wizards,132,120,1.36,3.3,1
2025-01-04,NBA,Sacramento Kings,Memphis Grizzlies,138,133,1.65,2.3,1
2025-01-04,NBA,Dallas Mavericks,Cleveland Cavaliers,122,134,4.25,1.24,0
2025-01-04,NBA,Denver Nuggets,San Antonio Spurs,110,113,1.44,2.85,0
2025-01-04,NBA,Los Angeles Lakers,Atlanta Hawks,119,102,1.71,2.2,1
2025-01-04,NBA,Detroit Pistons,Minnesota Timberwolves,119,105,3.1,1.38,1
2025-01-04,NBA,Indiana Pacers,Phoenix Suns,126,108,1.67,2.25,1
2025-01-04,NBA,Miami Heat,Utah Jazz,100,136,1.28,3.8,0
2025-01-04,NBA,Brooklyn Nets,Philadelphia 76ers,94,123,3.65,1.3,0
2025-01-04,NBA,Chicago Bulls,New York Knicks,139,126,2.85,1.44,1
2025-01-04,NBA,Milwaukee Bucks,Portland Trail Blazers,102,105,1.13,6.25,0
2025-01-04,NBA,Golden State Warriors,Memphis Grizzlies,121,113,1.65,2.3,1
2025-01-04,NBA,Los Angeles Clippers,Atlanta Hawks,131,105,1.36,3.3,1
2025-01-05,NBA,Detroit Pistons,Minnesota Timberwolves,119,105,3.1,1.38,1
2025-01-05,NBA,Brooklyn Nets,Philadelphia 76ers,94,123,3.65,1.3,0
2025-01-05,NBA,Indiana Pacers,Phoenix Suns,126,108,1.67,2.25,1
2025-01-05,NBA,Miami Heat,Utah Jazz,100,136,1.28,3.8,0
2025-01-05,NBA,Chicago Bulls,New York Knicks,139,126,2.85,1.44,1
2025-01-05,NBA,Milwaukee Bucks,Portland Trail Blazers,102,105,1.13,6.25,0
2025-01-05,NBA,Golden State Warriors,Memphis Grizzlies,121,113,1.65,2.3,1
2025-01-05,NBA,Oklahoma City Thunder,Boston Celtics,105,92,1.91,1.91,1
2025-01-05,NBA,Cleveland Cavaliers,Charlotte Hornets,115,105,1.07,9.5,1
2025-01-05,NBA,Los Angeles Clippers,Atlanta Hawks,131,105,1.36,3.3,1
2025-01-05,NBA,Houston Rockets,Los Angeles Lakers,119,115,1.54,2.55,1
2025-01-05,NBA,Orlando Magic,Utah Jazz,92,105,1.26,4.0,0
2025-01-05,NBA,Washington Wizards,New Orleans Pelicans,98,110,2.8,1.45,0
2025-01-05,NBA,Golden State Warriors,Sacramento Kings,99,129,1.63,2.35,0
2025-01-06,NBA,Detroit Pistons,Portland Trail Blazers,118,115,1.38,3.1,1
2025-01-06,NBA,Cleveland Cavaliers,Charlotte Hornets,115,105,1.07,9.5,1
2025-01-06,NBA,Philadelphia 76ers,Phoenix Suns,99,109,2.0,1.83,0
2025-01-06,NBA,Brooklyn Nets,Indiana Pacers,99,113,5.25,1.17,0
2025-01-06,NBA,Orlando Magic,Utah Jazz,92,105,1.26,4.0,0
2025-01-06,NBA,Houston Rockets,Los Angeles Lakers,119,115,1.54,2.55,1
2025-01-06,NBA,Golden State Warriors,Sacramento Kings,99,129,1.63,2.35,0
2025-01-06,NBA,Oklahoma City Thunder,Boston Celtics,105,92,1.91,1.91,1
2025-01-06,NBA,Washington Wizards,New Orleans Pelicans,98,110,2.8,1.45,0
2025-01-06,NBA,New York Knicks,Orlando Magic,94,103,1.18,5.0,0
2025-01-06,NBA,Chicago Bulls,San Antonio Spurs,114,110,2.25,1.67,1
2025-01-06,NBA,Toronto Raptors,Milwaukee Bucks,104,128,3.0,1.41,0
2025-01-06,NBA,Memphis Grizzlies,Dallas Mavericks,119,104,1.5,2.65,1
2025-01-06,NBA,Minnesota Timberwolves,Los Angeles Clippers,108,106,1.74,2.15,1
2025-01-07,NBA,Detroit Pistons,Portland Trail Blazers,118,115,1.38,3.1,1
2025-01-07,NBA,Philadelphia 76ers,Phoenix Suns,99,109,2.0,1.83,0
2025-01-07,NBA,New York Knicks,Orlando Magic,94,103,1.18,5.0,0
2025-01-07,NBA,Brooklyn Nets,Indiana Pacers,99,113,5.25,1.17,0
2025-01-07,NBA,Chicago Bulls,San Antonio Spurs,114,110,2.25,1.67,1
2025-01-07,NBA,Memphis Grizzlies,Dallas Mavericks,119,104,1.5,2.65,1
2025-01-07,NBA,Minnesota Timberwolves,Los Angeles Clippers,108,106,1.74,2.15,1
2025-01-07,NBA,Toronto Raptors,Milwaukee Bucks,104,128,3.0,1.41,0
2025-01-07,NBA,Dallas Mavericks,Los Angeles Lakers,118,97,3.05,1.4,1
2025-01-07,NBA,Charlotte Hornets,Phoenix Suns,115,104,2.7,1.49,1
2025-01-07,NBA,New Orleans Pelicans,Minnesota Timberwolves,97,104,2.5,1.56,0
2025-01-07,NBA,Washington Wizards,Houston Rockets,112,135,7.5,1.1,0
2025-01-07,NBA,Utah Jazz,Atlanta Hawks,121,124,2.75,1.48,0
2025-01-07,NBA,Denver Nuggets,Boston Celtics,106,118,4.5,1.22,0
2025-01-07,NBA,Golden State Warriors,Miami Heat,98,114,1.24,4.25,0
2025-01-08,NBA,Charlotte Hornets,Phoenix Suns,115,104,2.7,1.49,1
2025-01-08,NBA,Dallas Mavericks,Los Angeles Lakers,118,97,3.05,1.4,1
2025-01-08,NBA,New Orleans Pelicans,Minnesota Timberwolves,97,104,2.5,1.56,0
2025-01-08,NBA,Washington Wizards,Houston Rockets,112,135,7.5,1.1,0
2025-01-08,NBA,Utah Jazz,Atlanta Hawks,121,124,2.75,1.48,0
2025-01-08,NBA,Denver Nuggets,Boston Celtics,106,118,4.5,1.22,0
2025-01-08,NBA,Golden State Warriors,Miami Heat,98,114,1.24,4.25,0
2025-01-08,NBA,Cleveland Cavaliers,Oklahoma City Thunder,129,122,1.71,2.2,1
2025-01-08,NBA,Brooklyn Nets,Detroit Pistons,98,113,4.2,1.25,0
2025-01-08,NBA,Milwaukee Bucks,San Antonio Spurs,121,105,1.56,2.5,1
2025-01-08,NBA,Indiana Pacers,Chicago Bulls,129,113,1.45,2.8,1
2025-01-08,NBA,Philadelphia 76ers,Washington Wizards,109,103,1.19,4.9,1
2025-01-08,NBA,New Orleans Pelicans,Portland Trail Blazers,100,119,1.8,2.05,0
2025-01-08,NBA,Denver Nuggets,Los Angeles Clippers,126,103,2.6,1.53,1
2025-01-09,NBA,Cleveland Cavaliers,Oklahoma City Thunder,129,122,1.71,2.2,1
2025-01-09,NBA,Indiana Pacers,Chicago Bulls,129,113,1.45,2.8,1
2025-01-09,NBA,Philadelphia 76ers,Washington Wizards,109,103,1.19,4.9,1
2025-01-09,NBA,Brooklyn Nets,Detroit Pistons,98,113,4.2,1.25,0
2025-01-09,NBA,New Orleans Pelicans,Portland Trail Blazers,100,119,1.8,2.05,0
2025-01-09,NBA,Milwaukee Bucks,San Antonio Spurs,121,105,1.56,2.5,1
2025-01-09,NBA,Denver Nuggets,Los Angeles Clippers,126,103,2.6,1.53,1
2025-01-09,NBA,Detroit Pistons,Golden State Warriors,104,107,2.25,1.67,0
2025-01-09,NBA,Dallas Mavericks,Portland Trail Blazers,117,111,1.32,3.5,1
2025-01-09,NBA,Orlando Magic,Minnesota Timberwolves,89,104,2.8,1.45,0
2025-01-09,NBA,Cleveland Cavaliers,Toronto Raptors,132,126,1.09,8.0,1
2025-01-09,NBA,Utah Jazz,Miami Heat,92,97,2.8,1.45,0
2025-01-09,NBA,Phoenix Suns,Atlanta Hawks,123,115,1.41,3.0,1
2025-01-09,NBA,Memphis Grizzlies,Houston Rockets,115,119,1.71,2.2,0
2025-01-10,NBA,Orlando Magic,Minnesota Timberwolves,89,104,2.8,1.45,0
2025-01-10,NBA,Memphis Grizzlies,Houston Rockets,115,119,1.71,2.2,0
2025-01-10,NBA,Cleveland Cavaliers,Toronto Raptors,132,126,1.09,8.0,1
2025-01-10,NBA,Phoenix Suns,Atlanta Hawks,123,115,1.41,3.0,1
2025-01-10,NBA,Dallas Mavericks,Portland Trail Blazers,117,111,1.32,3.5,1
2025-01-10,NBA,Detroit Pistons,Golden State Warriors,104,107,2.25,1.67,0
2025-01-10,NBA,Orlando Magic,Milwaukee Bucks,106,109,3.05,1.4,0
2025-01-10,NBA,Boston Celtics,Sacramento Kings,97,114,1.15,5.75,0
2025-01-10,NBA,Denver Nuggets,Brooklyn Nets,124,105,1.08,8.5,1
2025-01-10,NBA,Philadelphia 76ers,New Orleans Pelicans,115,123,1.37,3.2,0
2025-01-10,NBA,Utah Jazz,Miami Heat,92,97,2.8,1.45,0
2025-01-10,NBA,New York Knicks,Oklahoma City Thunder,101,126,2.2,1.71,0
2025-01-10,NBA,Chicago Bulls,Washington Wizards,138,105,1.19,4.9,1
2025-01-10,NBA,Indiana Pacers,Golden State Warriors,108,96,1.18,5.0,1
2025-01-11,NBA,Indiana Pacers,Golden State Warriors,108,96,1.18,5.0,1
2025-01-11,NBA,Orlando Magic,Milwaukee Bucks,106,109,3.05,1.4,0
2025-01-11,NBA,Boston Celtics,Sacramento Kings,97,114,1.15,5.75,0
2025-01-11,NBA,Philadelphia 76ers,New Orleans Pelicans,115,123,1.37,3.2,0
2025-01-11,NBA,Chicago Bulls,Washington Wizards,138,105,1.19,4.9,1
2025-01-11,NBA,New York Knicks,Oklahoma City Thunder,101,126,2.2,1.71,0
2025-01-11,NBA,Denver Nuggets,Brooklyn Nets,124,105,1.08,8.5,1
2025-01-11,NBA,Phoenix Suns,Utah Jazz,114,106,1.17,5.5,1
2025-01-11,NBA,Detroit Pistons,Toronto Raptors,123,114,1.45,2.8,1
2025-01-11,NBA,Portland Trail Blazers,Miami Heat,98,119,2.55,1.54,0
2025-01-11,NBA,Minnesota Timberwolves,Memphis Grizzlies,125,127,1.8,2.05,0
2025-01-12,NBA,Phoenix Suns,Utah Jazz,114,106,1.17,5.5,1
2025-01-12,NBA,Portland Trail Blazers,Miami Heat,98,119,2.55,1.54,0
2025-01-12,NBA,Detroit Pistons,Toronto Raptors,123,114,1.45,2.8,1
2025-01-12,NBA,Dallas Mavericks,Denver Nuggets,101,112,3.1,1.38,0
2025-01-12,NBA,Minnesota Timberwolves,Memphis Grizzlies,125,127,1.8,2.05,0
2025-01-12,NBA,New York Knicks,Milwaukee Bucks,140,106,1.53,2.6,1
2025-01-12,NBA,Chicago Bulls,Sacramento Kings,119,124,2.7,1.49,0
2025-01-12,NBA,Boston Celtics,New Orleans Pelicans,120,119,1.08,8.5,1
2025-01-12,NBA,Cleveland Cavaliers,Indiana Pacers,93,108,1.24,4.25,0
2025-01-12,NBA,Orlando Magic,Philadelphia 76ers,104,99,2.05,1.8,1
2025-01-12,NBA,Washington Wizards,Oklahoma City Thunder,95,136,10.0,1.06,0
2025-01-12,NBA,Phoenix Suns,Charlotte Hornets,120,113,1.36,3.25,1
2025-01-13,NBA,New York Knicks,Milwaukee Bucks,140,106,1.53,2.6,1
2025-01-13,NBA,Toronto Raptors,Golden State Warriors,104,101,2.8,1.45,1
2025-01-13,NBA,Houston Rockets,Memphis Grizzlies,120,118,1.71,2.2,1
2025-01-13,NBA,Los Angeles Lakers,San Antonio Spurs,102,126,1.56,2.5,0
2025-01-13,NBA,Cleveland Cavaliers,Indiana Pacers,93,108,1.24,4.25,0
2025-01-13,NBA,Dallas Mavericks,Denver Nuggets,101,112,3.1,1.38,0
2025-01-13,NBA,Washington Wizards,Oklahoma City Thunder,95,136,10.0,1.06,0
2025-01-13,NBA,Chicago Bulls,Sacramento Kings,119,124,2.7,1.49,0
2025-01-13,NBA,Boston Celtics,New Orleans Pelicans,120,119,1.08,8.5,1
2025-01-13,NBA,Washington Wizards,Minnesota Timberwolves,106,120,7.5,1.1,0
2025-01-13,NBA,Phoenix Suns,Charlotte Hornets,120,113,1.36,3.25,1
2025-01-13,NBA,Los Angeles Clippers,Miami Heat,109,98,1.29,3.7,1
2025-01-13,NBA,New York Knicks,Detroit Pistons,119,124,1.31,3.6,0
2025-01-13,NBA,Orlando Magic,Philadelphia 76ers,104,99,2.05,1.8,1
2025-01-14,NBA,Washington Wizards,Minnesota Timberwolves,106,120,7.5,1.1,0
2025-01-14,NBA,Los Angeles Clippers,Miami Heat,109,98,1.29,3.7,1
2025-01-14,NBA,Toronto Raptors,Golden State Warriors,104,101,2.8,1.45,1
2025-01-14,NBA,Los Angeles Lakers,San Antonio Spurs,102,126,1.56,2.5,0
2025-01-14,NBA,Atlanta Hawks,Phoenix Suns,122,117,2.15,1.74,1
2025-01-14,NBA,New York Knicks,Detroit Pistons,119,124,1.31,3.6,0
2025-01-14,NBA,Houston Rockets,Memphis Grizzlies,120,118,1.71,2.2,1
2025-01-14,NBA,Chicago Bulls,New Orleans Pelicans,113,119,1.8,2.05,0
2025-01-14,NBA,Dallas Mavericks,Denver Nuggets,99,118,2.1,1.77,0
2025-01-14,NBA,Indiana Pacers,Cleveland Cavaliers,117,127,3.75,1.29,0
2025-01-14,NBA,Milwaukee Bucks,Sacramento Kings,130,115,1.74,2.15,1
2025-01-14,NBA,Portland Trail Blazers,Brooklyn Nets,114,132,1.56,2.5,0
2025-01-14,NBA,Philadelphia 76ers,Oklahoma City Thunder,102,118,7.5,1.1,0
2025-01-15,NBA,Indiana Pacers,Cleveland Cavaliers,117,127,3.75,1.29,0
2025-01-15,NBA,Milwaukee Bucks,Sacramento Kings,130,115,1.74,2.15,1
2025-01-15,NBA,Atlanta Hawks,Phoenix Suns,122,117,2.15,1.74,1
2025-01-15,NBA,Chicago Bulls,New Orleans Pelicans,113,119,1.8,2.05,0
2025-01-15,NBA,Dallas Mavericks,Denver Nuggets,99,118,2.1,1.77,0
2025-01-15,NBA,Philadelphia 76ers,Oklahoma City Thunder,102,118,7.5,1.1,0
2025-01-15,NBA,Portland Trail Blazers,Brooklyn Nets,114,132,1.56,2.5,0
2025-01-15,NBA,Toronto Raptors,Boston Celtics,110,97,7.5,1.1,1
2025-01-15,NBA,Los Angeles Lakers,Miami Heat,117,108,1.54,2.55,1
2025-01-15,NBA,Milwaukee Bucks,Orlando Magic,122,93,1.42,2.95,1
2025-01-15,NBA,San Antonio Spurs,Memphis Grizzlies,115,129,2.2,1.71,0
2025-01-15,NBA,Denver Nuggets,Houston Rockets,108,128,2.5,1.56,0
2025-01-15,NBA,New Orleans Pelicans,Dallas Mavericks,119,116,1.87,1.95,1
2025-01-15,NBA,Chicago Bulls,Atlanta Hawks,94,110,1.43,2.9,0
2025-01-15,NBA,Utah Jazz,Charlotte Hornets,112,117,2.8,1.45,0
2025-01-15,NBA,Los Angeles Clippers,Brooklyn Nets,126,67,1.1,7.5,1
2025-01-15,NBA,Minnesota Timberwolves,Golden State Warriors,115,116,1.38,3.1,0
2025-01-16,NBA,Toronto Raptors,Boston Celtics,110,97,7.5,1.1,1
2025-01-16,NBA,Chicago Bulls,Atlanta Hawks,94,110,1.43,2.9,0
2025-01-16,NBA,Milwaukee Bucks,Orlando Magic,122,93,1.42,2.95,1
2025-01-16,NBA,New Orleans Pelicans,Dallas Mavericks,119,116,1.87,1.95,1
2025-01-16,NBA,San Antonio Spurs,Memphis Grizzlies,115,129,2.2,1.71,0
2025-01-16,NBA,Los Angeles Clippers,Brooklyn Nets,126,67,1.1,7.5,1
2025-01-16,NBA,Minnesota Timberwolves,Golden State Warriors,115,116,1.38,3.1,0
2025-01-16,NBA,Utah Jazz,Charlotte Hornets,112,117,2.8,1.45,0
2025-01-16,NBA,Los Angeles Lakers,Miami Heat,117,108,1.54,2.55,1
2025-01-16,NBA,Denver Nuggets,Houston Rockets,108,128,2.5,1.56,0
2025-01-16,NBA,Detroit Pistons,Indiana Pacers,100,111,2.1,1.77,0
2025-01-16,NBA,Oklahoma City Thunder,Cleveland Cavaliers,134,114,1.67,2.25,1
2025-01-16,NBA,Portland Trail Blazers,Los Angeles Clippers,89,118,3.3,1.36,0
2025-01-16,NBA,Washington Wizards,Phoenix Suns,123,130,5.75,1.15,0
2025-01-16,NBA,Sacramento Kings,Houston Rockets,132,127,1.54,2.55,1
2025-01-17,NBA,Washington Wizards,Phoenix Suns,123,130,5.75,1.15,0
2025-01-17,NBA,Detroit Pistons,Indiana Pacers,100,111,2.1,1.77,0
2025-01-17,NBA,Oklahoma City Thunder,Cleveland Cavaliers,134,114,1.67,2.25,1
2025-01-17,NBA,Boston Celtics,Orlando Magic,121,94,1.09,8.0,1
2025-01-17,NBA,Chicago Bulls,Charlotte Hornets,123,125,1.56,2.5,0
2025-01-17,NBA,New York Knicks,Minnesota Timberwolves,99,116,1.67,2.25,0
2025-01-17,NBA,San Antonio Spurs,Memphis Grizzlies,112,140,1.8,2.05,0
2025-01-17,NBA,Portland Trail Blazers,Los Angeles Clippers,89,118,3.3,1.36,0
2025-01-17,NBA,Milwaukee Bucks,Toronto Raptors,130,112,1.17,5.25,1
2025-01-17,NBA,Miami Heat,Denver Nuggets,113,133,2.5,1.56,0
2025-01-17,NBA,Los Angeles Lakers,Brooklyn Nets,102,101,1.2,4.75,1
2025-01-17,NBA,Dallas Mavericks,Oklahoma City Thunder,106,98,2.3,1.65,1
2025-01-17,NBA,New Orleans Pelicans,Utah Jazz,136,123,1.17,5.5,1
2025-01-17,NBA,Sacramento Kings,Houston Rockets,132,127,1.54,2.55,1
2025-01-18,NBA,Boston Celtics,Orlando Magic,121,94,1.09,8.0,1
2025-01-18,NBA,New York Knicks,Minnesota Timberwolves,99,116,1.67,2.25,0
2025-01-18,NBA,Chicago Bulls,Charlotte Hornets,123,125,1.56,2.5,0
2025-01-18,NBA,Miami Heat,Denver Nuggets,113,133,2.5,1.56,0
2025-01-18,NBA,Milwaukee Bucks,Toronto Raptors,130,112,1.17,5.25,1
2025-01-18,NBA,New Orleans Pelicans,Utah Jazz,136,123,1.17,5.5,1
2025-01-18,NBA,Dallas Mavericks,Oklahoma City Thunder,106,98,2.3,1.65,1
2025-01-18,NBA,Los Angeles Lakers,Brooklyn Nets,102,101,1.2,4.75,1
2025-01-18,NBA,San Antonio Spurs,Memphis Grizzlies,112,140,1.8,2.05,0
2025-01-18,NBA,Indiana Pacers,Philadelphia 76ers,115,102,1.26,4.1,1
2025-01-18,NBA,Detroit Pistons,Phoenix Suns,121,125,1.91,1.91,0
2025-01-18,NBA,Golden State Warriors,Washington Wizards,122,114,1.11,7.0,1
2025-01-18,NBA,Portland Trail Blazers,Houston Rockets,103,125,5.0,1.18,0
2025-01-18,NBA,Minnesota Timberwolves,Cleveland Cavaliers,117,124,2.7,1.49,0
2025-01-19,NBA,Orlando Magic,Denver Nuggets,100,113,3.45,1.33,0
2025-01-19,NBA,Miami Heat,San Antonio Spurs,128,107,1.65,2.3,1
2025-01-19,NBA,Oklahoma City Thunder,Brooklyn Nets,127,101,1.06,10.0,1
2025-01-19,NBA,Los Angeles Clippers,Los Angeles Lakers,116,102,1.45,2.7,1
2025-01-19,NBA,Milwaukee Bucks,Philadelphia 76ers,123,109,1.14,6.0,1
2025-01-19,NBA,Indiana Pacers,Philadelphia 76ers,115,102,1.26,4.1,1
2025-01-19,NBA,Detroit Pistons,Phoenix Suns,121,125,1.91,1.91,0
2025-01-19,NBA,Golden State Warriors,Washington Wizards,122,114,1.11,7.0,1
2025-01-19,NBA,Portland Trail Blazers,Houston Rockets,103,125,5.0,1.18,0
2025-01-19,NBA,Minnesota Timberwolves,Cleveland Cavaliers,117,124,2.7,1.49,0
2025-01-19,NBA,Portland Trail Blazers,Chicago Bulls,113,102,2.65,1.47,1
2025-01-19,NBA,Sacramento Kings,Washington Wizards,123,100,1.04,10.5,1
2025-01-20,NBA,Milwaukee Bucks,Philadelphia 76ers,123,109,1.14,6.0,1
2025-01-20,NBA,Miami Heat,San Antonio Spurs,128,107,1.65,2.3,1
2025-01-20,NBA,Orlando Magic,Denver Nuggets,100,113,3.45,1.33,0
2025-01-20,NBA,Charlotte Hornets,Dallas Mavericks,110,105,2.5,1.56,1
2025-01-20,NBA,New York Knicks,Atlanta Hawks,119,110,1.36,3.3,1
2025-01-20,NBA,Houston Rockets,Detroit Pistons,96,107,1.3,3.65,0
2025-01-20,NBA,Memphis Grizzlies,Minnesota Timberwolves,108,106,1.49,2.7,1
2025-01-20,NBA,Cleveland Cavaliers,Phoenix Suns,118,92,1.33,3.45,1
2025-01-20,NBA,Golden State Warriors,Boston Celtics,85,125,4.5,1.22,0
2025-01-20,NBA,Los Angeles Clippers,Chicago Bulls,99,112,1.42,2.95,0
2025-01-20,NBA,Los Angeles Clippers,Los Angeles Lakers,116,102,1.45,2.7,1
2025-01-20,NBA,Portland Trail Blazers,Chicago Bulls,113,102,2.65,1.47,1
2025-01-20,NBA,Oklahoma City Thunder,Brooklyn Nets,127,101,1.06,10.0,1
2025-01-20,NBA,Sacramento Kings,Washington Wizards,123,100,1.04,10.5,1
2025-01-21,NBA,Golden State Warriors,Boston Celtics,85,125,4.5,1.22,0
2025-01-21,NBA,New York Knicks,Atlanta Hawks,119,110,1.36,3.3,1
2025-01-21,NBA,Miami Heat,Portland Trail Blazers,107,116,1.25,4.2,0
2025-01-21,NBA,Denver Nuggets,Philadelphia 76ers,144,109,1.13,6.25,1
2025-01-21,NBA,Memphis Grizzlies,Minnesota Timberwolves,108,106,1.49,2.7,1
2025-01-21,NBA,Houston Rockets,Detroit Pistons,96,107,1.3,3.65,0
2025-01-21,NBA,Charlotte Hornets,Dallas Mavericks,110,105,2.5,1.56,1
2025-01-21,NBA,Toronto Raptors,Orlando Magic,109,93,1.95,1.87,1
2025-01-21,NBA,Los Angeles Lakers,Washington Wizards,111,88,1.11,7.0,1
2025-01-21,NBA,Los Angeles Clippers,Chicago Bulls,99,112,1.42,2.95,0
2025-01-21,NBA,Cleveland Cavaliers,Phoenix Suns,118,92,1.33,3.45,1
2025-01-21,NBA,Brooklyn Nets,New York Knicks,95,99,6.0,1.14,0
2025-01-22,NBA,Toronto Raptors,Orlando Magic,109,93,1.95,1.87,1
2025-01-22,NBA,Denver Nuggets,Philadelphia 76ers,144,109,1.13,6.25,1
2025-01-22,NBA,Miami Heat,Portland Trail Blazers,107,116,1.25,4.2,0
2025-01-22,NBA,Brooklyn Nets,New York Knicks,95,99,6.0,1.14,0
2025-01-22,NBA,Los Angeles Lakers,Washington Wizards,111,88,1.11,7.0,1
2025-01-22,NBA,Brooklyn Nets,Phoenix Suns,84,108,6.5,1.13,0
2025-01-22,NBA,Memphis Grizzlies,Charlotte Hornets,132,120,1.15,5.75,1
2025-01-22,NBA,Atlanta Hawks,Detroit Pistons,104,114,1.56,2.5,0
2025-01-22,NBA,Dallas Mavericks,Minnesota Timberwolves,114,115,2.45,1.59,0
2025-01-22,NBA,Houston Rockets,Cleveland Cavaliers,109,108,2.0,1.83,1
2025-01-22,NBA,Oklahoma City Thunder,Utah Jazz,123,114,1.06,10.0,1
2025-01-22,NBA,Sacramento Kings,Golden State Warriors,123,117,1.33,3.4,1
2025-01-23,NBA,Atlanta Hawks,Detroit Pistons,104,114,1.56,2.5,0
2025-01-23,NBA,Brooklyn Nets,Phoenix Suns,84,108,6.5,1.13,0
2025-01-23,NBA,Dallas Mavericks,Minnesota Timberwolves,114,115,2.45,1.59,0
2025-01-23,NBA,Houston Rockets,Cleveland Cavaliers,109,108,2.0,1.83,1
2025-01-23,NBA,Memphis Grizzlies,Charlotte Hornets,132,120,1.15,5.75,1
2025-01-23,NBA,Oklahoma City Thunder,Utah Jazz,123,114,1.06,10.0,1
2025-01-23,NBA,Sacramento Kings,Golden State Warriors,123,117,1.33,3.4,1
2025-01-23,NBA,Golden State Warriors,Chicago Bulls,131,106,1.59,2.45,1
2025-01-23,NBA,Atlanta Hawks,Toronto Raptors,119,122,1.49,2.7,0
2025-01-23,NBA,Milwaukee Bucks,Miami Heat,125,96,1.4,3.05,1
2025-01-23,NBA,Indiana Pacers,San Antonio Spurs,110,140,1.67,2.25,0
2025-01-23,NBA,Orlando Magic,Portland Trail Blazers,79,101,1.37,3.2,0
2025-01-23,NBA,Denver Nuggets,Sacramento Kings,132,123,1.32,3.5,1
2025-01-23,NBA,Oklahoma City Thunder,Dallas Mavericks,115,121,1.15,5.75,0
2025-01-23,NBA,Los Angeles Clippers,Washington Wizards,110,93,1.09,8.0,1
2025-01-23,NBA,Los Angeles Lakers,Boston Celtics,117,96,3.0,1.41,1
2025-01-24,NBA,Orlando Magic,Portland Trail Blazers,79,101,1.37,3.2,0
2025-01-24,NBA,Indiana Pacers,San Antonio Spurs,110,140,1.67,2.25,0
2025-01-24,NBA,Oklahoma City Thunder,Dallas Mavericks,115,121,1.15,5.75,0
2025-01-24,NBA,Milwaukee Bucks,Miami Heat,125,96,1.4,3.05,1
2025-01-24,NBA,Atlanta Hawks,Toronto Raptors,119,122,1.49,2.7,0
2025-01-24,NBA,Denver Nuggets,Sacramento Kings,132,123,1.32,3.5,1
2025-01-24,NBA,Los Angeles Clippers,Washington Wizards,110,93,1.09,8.0,1
2025-01-24,NBA,Golden State Warriors,Chicago Bulls,131,106,1.59,2.45,1
2025-01-24,NBA,Los Angeles Lakers,Boston Celtics,117,96,3.0,1.41,1
2025-01-24,NBA,Philadelphia 76ers,Cleveland Cavaliers,132,129,4.75,1.2,1
2025-01-24,NBA,Charlotte Hornets,Portland Trail Blazers,97,102,1.87,1.95,0
2025-01-24,NBA,Memphis Grizzlies,New Orleans Pelicans,139,126,1.22,4.5,1
2025-01-25,NBA,Charlotte Hornets,Portland Trail Blazers,97,102,1.87,1.95,0
2025-01-25,NBA,Philadelphia 76ers,Cleveland Cavaliers,132,129,4.75,1.2,1
2025-01-25,NBA,San Antonio Spurs,Indiana Pacers,98,136,2.1,1.77,0
2025-01-25,NBA,Memphis Grizzlies,New Orleans Pelicans,139,126,1.22,4.5,1
2025-01-25,NBA,Minnesota Timberwolves,Denver Nuggets,133,104,2.6,1.53,1
2025-01-25,NBA,Charlotte Hornets,New Orleans Pelicans,123,92,2.05,1.8,1
2025-01-25,NBA,Cleveland Cavaliers,Houston Rockets,131,135,1.56,2.5,0
2025-01-25,NBA,Orlando Magic,Detroit Pistons,121,113,1.65,2.3,1
2025-01-25,NBA,Dallas Mavericks,Boston Celtics,107,122,4.1,1.26,0
2025-01-25,NBA,Atlanta Hawks,Toronto Raptors,94,117,1.43,2.9,0
2025-01-25,NBA,Brooklyn Nets,Miami Heat,97,106,3.4,1.33,0
2025-01-25,NBA,New York Knicks,Sacramento Kings,143,120,1.54,2.55,1
2025-01-25,NBA,Chicago Bulls,Philadelphia 76ers,97,109,1.59,2.45,0
2025-01-25,NBA,Memphis Grizzlies,Utah Jazz,125,103,1.18,5.0,1
2025-01-25,NBA,Golden State Warriors,Los Angeles Lakers,108,118,1.95,1.87,0
2025-01-25,NBA,Los Angeles Clippers,Milwaukee Bucks,127,117,1.63,2.35,1
2025-01-25,NBA,Phoenix Suns,Washington Wizards,119,109,1.1,7.5,1
2025-01-26,NBA,San Antonio Spurs,Indiana Pacers,98,136,2.1,1.77,0
2025-01-26,NBA,Minnesota Timberwolves,Denver Nuggets,133,104,2.6,1.53,1
2025-01-26,NBA,Dallas Mavericks,Boston Celtics,107,122,4.1,1.26,0
2025-01-26,NBA,Brooklyn Nets,Miami Heat,97,106,3.4,1.33,0
2025-01-26,NBA,Charlotte Hornets,New Orleans Pelicans,123,92,2.05,1.8,1
2025-01-26,NBA,Orlando Magic,Detroit Pistons,121,113,1.65,2.3,1
2025-01-26,NBA,Atlanta Hawks,Toronto Raptors,94,117,1.43,2.9,0
2025-01-26,NBA,Cleveland Cavaliers,Houston Rockets,131,135,1.56,2.5,0
2025-01-26,NBA,New York Knicks,Sacramento Kings,143,120,1.54,2.55,1
2025-01-26,NBA,Chicago Bulls,Philadelphia 76ers,97,109,1.59,2.45,0
2025-01-26,NBA,Memphis Grizzlies,Utah Jazz,125,103,1.18,5.0,1
2025-01-26,NBA,Phoenix Suns,Washington Wizards,119,109,1.1,7.5,1
2025-01-26,NBA,Los Angeles Clippers,Milwaukee Bucks,127,117,1.63,2.35,1
2025-01-26,NBA,Golden State Warriors,Los Angeles Lakers,108,118,1.95,1.87,0
2025-01-26,NBA,Portland Trail Blazers,Oklahoma City Thunder,108,118,7.5,1.1,0
2025-01-27,NBA,Chicago Bulls,Denver Nuggets,129,121,4.1,1.26,1
2025-01-27,NBA,Charlotte Hornets,Los Angeles Lakers,107,112,2.7,1.49,0
2025-01-27,NBA,Boston Celtics,Houston Rockets,112,114,1.44,2.85,0
2025-01-27,NBA,Portland Trail Blazers,Oklahoma City Thunder,108,118,7.5,1.1,0
2025-01-27,NBA,Cleveland Cavaliers,Detroit Pistons,110,91,1.2,4.75,1
2025-01-27,NBA,Toronto Raptors,New Orleans Pelicans,113,104,1.91,1.91,1
2025-01-27,NBA,New York Knicks,Memphis Grizzlies,143,106,1.61,2.4,1
2025-01-27,NBA,Brooklyn Nets,Sacramento Kings,96,110,6.0,1.14,0
2025-01-27,NBA,Dallas Mavericks,Washington Wizards,130,108,1.13,6.5,1
2025-01-27,NBA,Minnesota Timberwolves,Atlanta Hawks,100,92,1.19,4.9,1
2025-01-27,NBA,Utah Jazz,Milwaukee Bucks,110,125,4.25,1.24,0
2025-01-27,NBA,Phoenix Suns,Los Angeles Clippers,111,109,2.05,1.8,1
2025-01-28,NBA,Charlotte Hornets,Los Angeles Lakers,107,112,2.7,1.49,0
2025-01-28,NBA,New York Knicks,Memphis Grizzlies,143,106,1.61,2.4,1
2025-01-28,NBA,Boston Celtics,Houston Rockets,112,114,1.44,2.85,0
2025-01-28,NBA,Brooklyn Nets,Sacramento Kings,96,110,6.0,1.14,0
2025-01-28,NBA,Toronto Raptors,New Orleans Pelicans,113,104,1.91,1.91,1
2025-01-28,NBA,Cleveland Cavaliers,Detroit Pistons,110,91,1.2,4.75,1
2025-01-28,NBA,Chicago Bulls,Denver Nuggets,129,121,4.1,1.26,1
2025-01-28,NBA,Utah Jazz,Milwaukee Bucks,110,125,4.25,1.24,0
2025-01-28,NBA,Dallas Mavericks,Washington Wizards,130,108,1.13,6.5,1
2025-01-28,NBA,Minnesota Timberwolves,Atlanta Hawks,100,92,1.19,4.9,1
2025-01-28,NBA,Phoenix Suns,Los Angeles Clippers,111,109,2.05,1.8,1
2025-01-28,NBA,Philadelphia 76ers,Los Angeles Lakers,118,104,2.6,1.53,1
2025-01-28,NBA,Atlanta Hawks,Houston Rockets,96,100,2.55,1.54,0
2025-01-28,NBA,Golden State Warriors,Utah Jazz,114,103,1.22,4.5,1
2025-01-28,NBA,Portland Trail Blazers,Milwaukee Bucks,125,112,2.9,1.43,1
2025-01-29,NBA,Atlanta Hawks,Houston Rockets,96,100,2.55,1.54,0
2025-01-29,NBA,Philadelphia 76ers,Los Angeles Lakers,118,104,2.6,1.53,1
2025-01-29,NBA,Golden State Warriors,Utah Jazz,114,103,1.22,4.5,1
2025-01-29,NBA,Portland Trail Blazers,Milwaukee Bucks,125,112,2.9,1.43,1
2025-01-29,NBA,Charlotte Hornets,Brooklyn Nets,83,104,1.74,2.15,0
2025-01-29,NBA,Washington Wizards,Toronto Raptors,82,106,2.9,1.43,0
2025-01-29,NBA,Boston Celtics,Chicago Bulls,122,100,1.1,7.5,1
2025-01-29,NBA,Indiana Pacers,Detroit Pistons,133,119,1.44,2.85,1
2025-01-29,NBA,New Orleans Pelicans,Dallas Mavericks,136,137,1.91,1.91,0
2025-01-29,NBA,New York Knicks,Denver Nuggets,122,112,1.71,2.2,1
2025-01-29,NBA,San Antonio Spurs,Los Angeles Clippers,116,128,2.45,1.59,0
2025-01-29,NBA,Philadelphia 76ers,Sacramento Kings,117,104,3.7,1.29,1
2025-01-29,NBA,Phoenix Suns,Minnesota Timberwolves,113,121,1.8,2.05,0
2025-01-29,NBA,Golden State Warriors,Oklahoma City Thunder,116,109,4.5,1.22,1
2025-01-29,NBA,Miami Heat,Cleveland Cavaliers,106,126,2.9,1.43,0
2025-01-30,NBA,Charlotte Hornets,Brooklyn Nets,83,104,1.74,2.15,0
2025-01-30,NBA,Indiana Pacers,Detroit Pistons,133,119,1.44,2.85,1
2025-01-30,NBA,Washington Wizards,Toronto Raptors,82,106,2.9,1.43,0
2025-01-30,NBA,Boston Celtics,Chicago Bulls,122,100,1.1,7.5,1
2025-01-30,NBA,New York Knicks,Denver Nuggets,122,112,1.71,2.2,1
2025-01-30,NBA,Phoenix Suns,Minnesota Timberwolves,113,121,1.8,2.05,0
2025-01-30,NBA,Golden State Warriors,Oklahoma City Thunder,116,109,4.5,1.22,1
2025-01-30,NBA,Miami Heat,Cleveland Cavaliers,106,126,2.9,1.43,0
2025-01-30,NBA,San Antonio Spurs,Los Angeles Clippers,116,128,2.45,1.59,0
2025-01-30,NBA,New Orleans Pelicans,Dallas Mavericks,136,137,1.91,1.91,0
2025-01-30,NBA,Philadelphia 76ers,Sacramento Kings,117,104,3.7,1.29,1
2025-01-30,NBA,Cleveland Cavaliers,Atlanta Hawks,137,115,1.18,5.0,1
2025-01-30,NBA,Washington Wizards,Los Angeles Lakers,96,134,3.9,1.27,0
2025-01-30,NBA,Memphis Grizzlies,Houston Rockets,120,119,1.56,2.5,1
2025-01-30,NBA,Portland Trail Blazers,Orlando Magic,119,90,2.7,1.49,1
2025-01-30,NBA,Utah Jazz,Minnesota Timberwolves,113,138,2.95,1.42,0
2025-01-31,NBA,Washington Wizards,Los Angeles Lakers,96,134,3.9,1.27,0
2025-01-31,NBA,Memphis Grizzlies,Houston Rockets,120,119,1.56,2.5,1
2025-01-31,NBA,Utah Jazz,Minnesota Timberwolves,113,138,2.95,1.42,0
2025-01-31,NBA,Cleveland Cavaliers,Atlanta Hawks,137,115,1.18,5.0,1
2025-01-31,NBA,Charlotte Hornets,Los Angeles Clippers,104,112,6.5,1.13,0
2025-01-31,NBA,Portland Trail Blazers,Orlando Magic,119,90,2.7,1.49,1
2025-01-31,NBA,New Orleans Pelicans,Boston Celtics,116,118,5.75,1.15,0
2025-01-31,NBA,Detroit Pistons,Dallas Mavericks,117,102,1.95,1.87,1
2025-01-31,NBA,San Antonio Spurs,Milwaukee Bucks,144,118,2.1,1.77,1
2025-01-31,NBA,Toronto Raptors,Chicago Bulls,106,122,1.56,2.5,0
2025-01-31,NBA,Philadelphia 76ers,Denver Nuggets,134,137,4.2,1.25,0
2025-01-31,NBA,Golden State Warriors,Phoenix Suns,105,130,1.95,1.87,0
2025-02-01,NBA,Philadelphia 76ers,Denver Nuggets,134,137,4.2,1.25,0
2025-02-01,NBA,Charlotte Hornets,Los Angeles Clippers,104,112,6.5,1.13,0
2025-02-01,NBA,Detroit Pistons,Dallas Mavericks,117,102,1.95,1.87,1
2025-02-01,NBA,Toronto Raptors,Chicago Bulls,106,122,1.56,2.5,0
2025-02-01,NBA,Golden State Warriors,Phoenix Suns,105,130,1.95,1.87,0
2025-02-01,NBA,New Orleans Pelicans,Boston Celtics,116,118,5.75,1.15,0
2025-02-01,NBA,San Antonio Spurs,Milwaukee Bucks,144,118,2.1,1.77,1
2025-02-01,NBA,Minnesota Timberwolves,Washington Wizards,103,105,1.15,5.75,0
2025-02-01,NBA,Charlotte Hornets,Denver Nuggets,104,107,6.5,1.13,0
2025-02-01,NBA,Utah Jazz,Orlando Magic,113,99,2.45,1.59,1
2025-02-01,NBA,Houston Rockets,Brooklyn Nets,98,110,1.12,6.75,0
2025-02-01,NBA,Oklahoma City Thunder,Sacramento Kings,144,110,1.33,3.45,1
2025-02-01,NBA,Indiana Pacers,Atlanta Hawks,132,127,1.26,4.1,1
2025-02-01,NBA,San Antonio Spurs,Miami Heat,103,105,2.25,1.67,0
2025-02-01,NBA,New York Knicks,Los Angeles Lakers,112,128,1.2,4.75,0
2025-02-01,NBA,Portland Trail Blazers,Phoenix Suns,127,108,2.45,1.59,1
2025-02-02,NBA,Indiana Pacers,Atlanta Hawks,132,127,1.26,4.1,1
2025-02-02,NBA,Charlotte Hornets,Denver Nuggets,104,107,6.5,1.13,0
2025-02-02,NBA,Utah Jazz,Orlando Magic,113,99,2.45,1.59,1
2025-02-02,NBA,Houston Rockets,Brooklyn Nets,98,110,1.12,6.75,0
2025-02-02,NBA,Oklahoma City Thunder,Sacramento Kings,144,110,1.33,3.45,1
2025-02-02,NBA,San Antonio Spurs,Miami Heat,103,105,2.25,1.67,0
2025-02-02,NBA,New York Knicks,Los Angeles Lakers,112,128,1.2,4.75,0
2025-02-02,NBA,Minnesota Timberwolves,Washington Wizards,103,105,1.15,5.75,0
2025-02-02,NBA,Detroit Pistons,Chicago Bulls,127,119,1.43,2.9,1
2025-02-02,NBA,Portland Trail Blazers,Phoenix Suns,127,108,2.45,1.59,1
2025-02-02,NBA,Cleveland Cavaliers,Dallas Mavericks,144,101,1.07,9.5,1
2025-02-02,NBA,Philadelphia 76ers,Boston Celtics,110,118,5.25,1.17,0
2025-02-02,NBA,Toronto Raptors,Los Angeles Clippers,115,108,2.8,1.45,1
2025-02-02,NBA,Milwaukee Bucks,Memphis Grizzlies,119,132,1.59,2.45,0
2025-02-03,NBA,Charlotte Hornets,Washington Wizards,114,124,1.49,2.7,0
2025-02-03,NBA,Denver Nuggets,New Orleans Pelicans,125,113,1.24,4.25,1
2025-02-03,NBA,Toronto Raptors,Los Angeles Clippers,115,108,2.8,1.45,1
2025-02-03,NBA,Philadelphia 76ers,Boston Celtics,110,118,5.25,1.17,0
2025-02-03,NBA,Cleveland Cavaliers,Dallas Mavericks,144,101,1.07,9.5,1
2025-02-03,NBA,Milwaukee Bucks,Memphis Grizzlies,119,132,1.59,2.45,0
2025-02-03,NBA,New York Knicks,Houston Rockets,124,118,1.37,3.2,1
2025-02-03,NBA,Detroit Pistons,Atlanta Hawks,130,132,1.54,2.55,0
2025-02-03,NBA,Detroit Pistons,Chicago Bulls,127,119,1.43,2.9,1
2025-02-03,NBA,Oklahoma City Thunder,Milwaukee Bucks,125,96,1.05,11.0,1
2025-02-03,NBA,Minnesota Timberwolves,Sacramento Kings,114,116,1.53,2.6,0
2025-02-03,NBA,Utah Jazz,Indiana Pacers,111,112,3.1,1.38,0
2025-02-03,NBA,Memphis Grizzlies,San Antonio Spurs,128,109,1.63,2.35,1
2025-02-03,NBA,Golden State Warriors,Orlando Magic,104,99,1.63,2.35,1
2025-02-04,NBA,Charlotte Hornets,Washington Wizards,114,124,1.49,2.7,0
2025-02-04,NBA,Detroit Pistons,Atlanta Hawks,130,132,1.54,2.55,0
2025-02-04,NBA,New York Knicks,Houston Rockets,124,118,1.37,3.2,1
2025-02-04,NBA,Memphis Grizzlies,San Antonio Spurs,128,109,1.63,2.35,1
2025-02-04,NBA,Oklahoma City Thunder,Milwaukee Bucks,125,96,1.05,11.0,1
2025-02-04,NBA,Minnesota Timberwolves,Sacramento Kings,114,116,1.53,2.6,0
2025-02-04,NBA,Denver Nuggets,New Orleans Pelicans,125,113,1.24,4.25,1
2025-02-04,NBA,Utah Jazz,Indiana Pacers,111,112,3.1,1.38,0
2025-02-04,NBA,Golden State Warriors,Orlando Magic,104,99,1.63,2.35,1
2025-02-04,NBA,Brooklyn Nets,Houston Rockets,99,97,4.2,1.25,1
2025-02-04,NBA,Toronto Raptors,New York Knicks,115,121,2.85,1.44,0
2025-02-04,NBA,Cleveland Cavaliers,Boston Celtics,105,112,1.87,1.95,0
2025-02-04,NBA,Chicago Bulls,Miami Heat,133,124,2.35,1.63,1
2025-02-04,NBA,Philadelphia 76ers,Dallas Mavericks,118,116,1.54,2.55,1
2025-02-04,NBA,Portland Trail Blazers,Indiana Pacers,112,89,2.7,1.49,1
2025-02-04,NBA,Los Angeles Clippers,Los Angeles Lakers,97,122,1.29,3.75,0
2025-02-05,NBA,Brooklyn Nets,Houston Rockets,99,97,4.2,1.25,1
2025-02-05,NBA,Toronto Raptors,New York Knicks,115,121,2.85,1.44,0
2025-02-05,NBA,Cleveland Cavaliers,Boston Celtics,105,112,1.87,1.95,0
2025-02-05,NBA,Chicago Bulls,Miami Heat,133,124,2.35,1.63,1
2025-02-05,NBA,Philadelphia 76ers,Dallas Mavericks,118,116,1.54,2.55,1
2025-02-05,NBA,Portland Trail Blazers,Indiana Pacers,112,89,2.7,1.49,1
2025-02-05,NBA,Los Angeles Clippers,Los Angeles Lakers,97,122,1.29,3.75,0
2025-02-05,NBA,Atlanta Hawks,San Antonio Spurs,125,126,2.5,1.56,0
2025-02-05,NBA,Denver Nuggets,New Orleans Pelicans,144,119,1.18,5.0,1
2025-02-05,NBA,Brooklyn Nets,Washington Wizards,102,119,1.48,2.75,0
2025-02-05,NBA,Toronto Raptors,Memphis Grizzlies,107,138,4.75,1.2,0
2025-02-05,NBA,Detroit Pistons,Cleveland Cavaliers,115,118,2.45,1.59,0
2025-02-05,NBA,Charlotte Hornets,Milwaukee Bucks,102,112,5.0,1.18,0
2025-02-05,NBA,Utah Jazz,Golden State Warriors,131,128,3.0,1.41,1
2025-02-05,NBA,Oklahoma City Thunder,Phoenix Suns,140,109,1.14,6.0,1
2025-02-05,NBA,Minnesota Timberwolves,Chicago Bulls,127,108,1.17,5.5,1
2025-02-05,NBA,Sacramento Kings,Orlando Magic,111,130,1.59,2.45,0
2025-02-05,NBA,Philadelphia 76ers,Miami Heat,101,108,1.74,2.15,0
2025-02-06,NBA,Atlanta Hawks,San Antonio Spurs,125,126,2.5,1.56,0
2025-02-06,NBA,Charlotte Hornets,Milwaukee Bucks,102,112,5.0,1.18,0
2025-02-06,NBA,Detroit Pistons,Cleveland Cavaliers,115,118,2.45,1.59,0
2025-02-06,NBA,Brooklyn Nets,Washington Wizards,102,119,1.48,2.75,0
2025-02-06,NBA,Toronto Raptors,Memphis Grizzlies,107,138,4.75,1.2,0
2025-02-06,NBA,Philadelphia 76ers,Miami Heat,101,108,1.74,2.15,0
2025-02-06,NBA,Minnesota Timberwolves,Chicago Bulls,127,108,1.17,5.5,1
2025-02-06,NBA,Denver Nuggets,New Orleans Pelicans,144,119,1.18,5.0,1
2025-02-06,NBA,Utah Jazz,Golden State Warriors,131,128,3.0,1.41,1
2025-02-06,NBA,Sacramento Kings,Orlando Magic,111,130,1.59,2.45,0
2025-02-06,NBA,Oklahoma City Thunder,Phoenix Suns,140,109,1.14,6.0,1
2025-02-06,NBA,Boston Celtics,Dallas Mavericks,120,127,1.13,6.5,0
2025-02-06,NBA,Minnesota Timberwolves,Houston Rockets,127,114,1.87,1.95,1
2025-02-06,NBA,Denver Nuggets,Orlando Magic,112,90,1.42,2.95,1
2025-02-06,NBA,Los Angeles Lakers,Golden State Warriors,120,112,1.38,3.1,1
2025-02-06,NBA,Portland Trail Blazers,Sacramento Kings,108,102,1.95,1.87,1
2025-02-06,NBA,Los Angeles Clippers,Indiana Pacers,112,119,1.45,2.8,0
2025-02-07,NBA,Boston Celtics,Dallas Mavericks,120,127,1.13,6.5,0
2025-02-07,NBA,Minnesota Timberwolves,Houston Rockets,127,114,1.87,1.95,1
2025-02-07,NBA,Denver Nuggets,Orlando Magic,112,90,1.42,2.95,1
2025-02-07,NBA,Los Angeles Clippers,Indiana Pacers,112,119,1.45,2.8,0
2025-02-07,NBA,Portland Trail Blazers,Sacramento Kings,108,102,1.95,1.87,1
2025-02-07,NBA,Los Angeles Lakers,Golden State Warriors,120,112,1.38,3.1,1
2025-02-07,NBA,Charlotte Hornets,San Antonio Spurs,117,116,4.2,1.25,1
2025-02-07,NBA,Washington Wizards,Cleveland Cavaliers,124,134,10.0,1.06,0
2025-02-07,NBA,Oklahoma City Thunder,Toronto Raptors,121,109,1.06,10.5,1
2025-02-07,NBA,Brooklyn Nets,Miami Heat,102,86,2.7,1.49,1
2025-02-07,NBA,Atlanta Hawks,Milwaukee Bucks,115,110,2.2,1.71,1
2025-02-07,NBA,Detroit Pistons,Philadelphia 76ers,125,112,2.8,1.45,1
2025-02-08,NBA,Washington Wizards,Cleveland Cavaliers,124,134,10.0,1.06,0
2025-02-08,NBA,Charlotte Hornets,San Antonio Spurs,117,116,4.2,1.25,1
2025-02-08,NBA,Atlanta Hawks,Milwaukee Bucks,115,110,2.2,1.71,1
2025-02-08,NBA,Brooklyn Nets,Miami Heat,102,86,2.7,1.49,1
2025-02-08,NBA,Detroit Pistons,Philadelphia 76ers,125,112,2.8,1.45,1
2025-02-08,NBA,Oklahoma City Thunder,Toronto Raptors,121,109,1.06,10.5,1
2025-02-08,NBA,Orlando Magic,San Antonio Spurs,112,111,1.65,2.3,1
2025-02-08,NBA,Dallas Mavericks,Houston Rockets,116,105,1.67,2.25,1
2025-02-08,NBA,Los Angeles Lakers,Indiana Pacers,124,117,2.55,1.54,1
2025-02-08,NBA,Washington Wizards,Atlanta Hawks,111,125,3.25,1.36,0
2025-02-08,NBA,Phoenix Suns,Denver Nuggets,105,122,3.1,1.38,0
2025-02-08,NBA,Memphis Grizzlies,Oklahoma City Thunder,112,125,2.0,1.83,0
2025-02-08,NBA,Chicago Bulls,Golden State Warriors,111,132,3.0,1.41,0
2025-02-08,NBA,New York Knicks,Boston Celtics,104,131,2.25,1.67,0
2025-02-08,NBA,Minnesota Timberwolves,Portland Trail Blazers,114,98,1.61,2.4,1
2025-02-08,NBA,Sacramento Kings,New Orleans Pelicans,123,118,1.31,3.6,1
2025-02-08,NBA,Los Angeles Clippers,Utah Jazz,130,110,1.06,10.0,1
2025-02-09,NBA,Dallas Mavericks,Houston Rockets,116,105,1.67,2.25,1
2025-02-09,NBA,Los Angeles Lakers,Indiana Pacers,124,117,2.55,1.54,1
2025-02-09,NBA,Orlando Magic,San Antonio Spurs,112,111,1.65,2.3,1
2025-02-09,NBA,Memphis Grizzlies,Oklahoma City Thunder,112,125,2.0,1.83,0
2025-02-09,NBA,Minnesota Timberwolves,Portland Trail Blazers,114,98,1.61,2.4,1
2025-02-09,NBA,Chicago Bulls,Golden State Warriors,111,132,3.0,1.41,0
2025-02-09,NBA,Washington Wizards,Atlanta Hawks,111,125,3.25,1.36,0
2025-02-09,NBA,Sacramento Kings,New Orleans Pelicans,123,118,1.31,3.6,1
2025-02-09,NBA,Phoenix Suns,Denver Nuggets,105,122,3.1,1.38,0
2025-02-09,NBA,New York Knicks,Boston Celtics,104,131,2.25,1.67,0
2025-02-09,NBA,Los Angeles Clippers,Utah Jazz,130,110,1.06,10.0,1
2025-02-09,NBA,Detroit Pistons,Charlotte Hornets,112,102,1.15,5.75,1
2025-02-09,NBA,Houston Rockets,Toronto Raptors,94,87,1.25,4.2,1
2025-02-09,NBA,Milwaukee Bucks,Philadelphia 76ers,135,127,2.3,1.65,1
2025-02-10,NBA,Detroit Pistons,Charlotte Hornets,112,102,1.15,5.75,1
2025-02-10,NBA,Houston Rockets,Toronto Raptors,94,87,1.25,4.2,1
2025-02-10,NBA,Milwaukee Bucks,Philadelphia 76ers,135,127,2.3,1.65,1
2025-02-10,NBA,Cleveland Cavaliers,Minnesota Timberwolves,128,107,1.24,4.25,1
2025-02-10,NBA,Washington Wizards,San Antonio Spurs,121,131,5.25,1.17,0
2025-02-10,NBA,Orlando Magic,Atlanta Hawks,106,112,1.45,2.8,0
2025-02-10,NBA,Brooklyn Nets,Charlotte Hornets,97,89,1.48,2.75,1
2025-02-10,NBA,Milwaukee Bucks,Golden State Warriors,111,125,3.1,1.38,0
2025-02-10,NBA,Miami Heat,Boston Celtics,85,103,3.55,1.32,0
2025-02-10,NBA,Denver Nuggets,Portland Trail Blazers,146,117,1.25,4.2,1
2025-02-10,NBA,Oklahoma City Thunder,New Orleans Pelicans,137,101,1.06,10.0,1
2025-02-10,NBA,Los Angeles Lakers,Utah Jazz,132,113,1.13,6.25,1
2025-02-11,NBA,Denver Nuggets,Portland Trail Blazers,146,117,1.25,4.2,1
2025-02-11,NBA,Orlando Magic,Atlanta Hawks,106,112,1.45,2.8,0
2025-02-11,NBA,Washington Wizards,San Antonio Spurs,121,131,5.25,1.17,0
2025-02-11,NBA,Cleveland Cavaliers,Minnesota Timberwolves,128,107,1.24,4.25,1
2025-02-11,NBA,Oklahoma City Thunder,New Orleans Pelicans,137,101,1.06,10.0,1
2025-02-11,NBA,Los Angeles Lakers,Utah Jazz,132,113,1.13,6.25,1
2025-02-11,NBA,Miami Heat,Boston Celtics,85,103,3.55,1.32,0
2025-02-11,NBA,Brooklyn Nets,Charlotte Hornets,97,89,1.48,2.75,1
2025-02-11,NBA,Philadelphia 76ers,Toronto Raptors,103,106,1.24,4.25,0
2025-02-11,NBA,Milwaukee Bucks,Golden State Warriors,111,125,3.1,1.38,0
2025-02-11,NBA,Indiana Pacers,New York Knicks,115,128,2.1,1.77,0
2025-02-11,NBA,Chicago Bulls,Detroit Pistons,92,132,2.65,1.5,0
2025-02-11,NBA,Phoenix Suns,Memphis Grizzlies,112,119,2.55,1.54,0
2025-02-12,NBA,Chicago Bulls,Detroit Pistons,92,132,2.65,1.5,0
2025-02-12,NBA,Indiana Pacers,New York Knicks,115,128,2.1,1.77,0
2025-02-12,NBA,Philadelphia 76ers,Toronto Raptors,103,106,1.24,4.25,0
2025-02-12,NBA,Phoenix Suns,Memphis Grizzlies,112,119,2.55,1.54,0
2025-02-12,NBA,Orlando Magic,Charlotte Hornets,102,86,1.14,6.0,1
2025-02-12,NBA,Toronto Raptors,Cleveland Cavaliers,108,131,6.75,1.12,0
2025-02-12,NBA,Boston Celtics,San Antonio Spurs,116,103,1.31,3.6,1
2025-02-12,NBA,Brooklyn Nets,Philadelphia 76ers,100,96,1.8,2.05,1
2025-02-12,NBA,New Orleans Pelicans,Sacramento Kings,111,119,2.9,1.43,0
2025-02-12,NBA,Chicago Bulls,Detroit Pistons,110,128,3.0,1.41,0
2025-02-12,NBA,Minnesota Timberwolves,Milwaukee Bucks,101,103,1.24,4.25,0
2025-02-12,NBA,Oklahoma City Thunder,Miami Heat,115,101,1.11,7.0,1
2025-02-12,NBA,Los Angeles Clippers,Memphis Grizzlies,128,114,1.42,2.95,1
2025-02-12,NBA,Denver Nuggets,Portland Trail Blazers,132,121,1.24,4.25,1
2025-02-12,NBA,Houston Rockets,Phoenix Suns,119,111,1.24,4.25,1
2025-02-12,NBA,Utah Jazz,Los Angeles Lakers,131,119,4.1,1.26,1
2025-02-12,NBA,Dallas Mavericks,Golden State Warriors,111,107,3.6,1.31,1
2025-02-13,NBA,Boston Celtics,San Antonio Spurs,116,103,1.31,3.6,1
2025-02-13,NBA,Orlando Magic,Charlotte Hornets,102,86,1.14,6.0,1
2025-02-13,NBA,Brooklyn Nets,Philadelphia 76ers,100,96,1.8,2.05,1
2025-02-13,NBA,New Orleans Pelicans,Sacramento Kings,111,119,2.9,1.43,0
2025-02-13,NBA,Oklahoma City Thunder,Miami Heat,115,101,1.11,7.0,1
2025-02-13,NBA,Chicago Bulls,Detroit Pistons,110,128,3.0,1.41,0
2025-02-13,NBA,Houston Rockets,Phoenix Suns,119,111,1.24,4.25,1
2025-02-13,NBA,Denver Nuggets,Portland Trail Blazers,132,121,1.24,4.25,1
2025-02-13,NBA,Minnesota Timberwolves,Milwaukee Bucks,101,103,1.24,4.25,0
2025-02-13,NBA,Utah Jazz,Los Angeles Lakers,131,119,4.1,1.26,1
2025-02-13,NBA,Dallas Mavericks,Golden State Warriors,111,107,3.6,1.31,1
2025-02-13,NBA,Los Angeles Clippers,Memphis Grizzlies,128,114,1.42,2.95,1
2025-02-13,NBA,Houston Rockets,Golden State Warriors,98,105,1.87,1.95,0
2025-02-13,NBA,Dallas Mavericks,Miami Heat,118,113,2.3,1.65,1
2025-02-13,NBA,Minnesota Timberwolves,Oklahoma City Thunder,116,101,4.5,1.22,1
2025-02-13,NBA,Toronto Raptors,Cleveland Cavaliers,108,131,6.75,1.12,0
2025-02-14,NBA,Dallas Mavericks,Miami Heat,118,113,2.3,1.65,1
2025-02-14,NBA,Houston Rockets,Golden State Warriors,98,105,1.87,1.95,0
2025-02-14,NBA,Minnesota Timberwolves,Oklahoma City Thunder,116,101,4.5,1.22,1
2025-02-19,NBA,Los Angeles Lakers,Charlotte Hornets,97,100,1.13,6.5,0
2025-02-20,NBA,Atlanta Hawks,Orlando Magic,108,114,2.0,1.83,0
2025-02-20,NBA,Los Angeles Lakers,Charlotte Hornets,97,100,1.13,6.5,0
2025-02-20,NBA,Denver Nuggets,Charlotte Hornets,129,115,1.06,10.5,1
2025-02-20,NBA,Brooklyn Nets,Cleveland Cavaliers,97,110,6.25,1.13,0
2025-02-20,NBA,Philadelphia 76ers,Boston Celtics,104,124,3.4,1.33,0
2025-02-20,NBA,Indiana Pacers,Memphis Grizzlies,127,113,2.05,1.8,1
2025-02-20,NBA,San Antonio Spurs,Phoenix Suns,120,109,2.25,1.67,1
2025-02-20,NBA,Portland Trail Blazers,Los Angeles Lakers,102,110,2.25,1.67,0
2025-02-20,NBA,Milwaukee Bucks,Los Angeles Clippers,116,110,1.91,1.91,1
2025-02-21,NBA,Brooklyn Nets,Cleveland Cavaliers,97,110,6.25,1.13,0
2025-02-21,NBA,Philadelphia 76ers,Boston Celtics,104,124,3.4,1.33,0
2025-02-21,NBA,Indiana Pacers,Memphis Grizzlies,127,113,2.05,1.8,1
2025-02-21,NBA,Atlanta Hawks,Orlando Magic,108,114,2.0,1.83,0
2025-02-21,NBA,Milwaukee Bucks,Los Angeles Clippers,116,110,1.91,1.91,1
2025-02-21,NBA,Denver Nuggets,Charlotte Hornets,129,115,1.06,10.5,1
2025-02-21,NBA,Portland Trail Blazers,Los Angeles Lakers,102,110,2.25,1.67,0
2025-02-21,NBA,San Antonio Spurs,Phoenix Suns,120,109,2.25,1.67,1
2025-02-21,NBA,Cleveland Cavaliers,New York Knicks,142,105,1.32,3.55,1
2025-02-21,NBA,Orlando Magic,Memphis Grizzlies,104,105,2.1,1.77,0
2025-02-21,NBA,Washington Wizards,Milwaukee Bucks,101,104,2.75,1.48,0
2025-02-21,NBA,San Antonio Spurs,Detroit Pistons,110,125,2.55,1.54,0
2025-02-21,NBA,Utah Jazz,Oklahoma City Thunder,107,130,8.5,1.08,0
2025-02-21,NBA,Houston Rockets,Minnesota Timberwolves,121,115,1.59,2.45,1
2025-02-21,NBA,Sacramento Kings,Golden State Warriors,108,132,2.1,1.77,0
2025-02-21,NBA,Dallas Mavericks,New Orleans Pelicans,111,103,1.44,2.85,1
2025-02-22,NBA,Cleveland Cavaliers,New York Knicks,142,105,1.32,3.55,1
2025-02-22,NBA,San Antonio Spurs,Detroit Pistons,110,125,2.55,1.54,0
2025-02-22,NBA,Dallas Mavericks,New Orleans Pelicans,111,103,1.44,2.85,1
2025-02-22,NBA,Utah Jazz,Oklahoma City Thunder,107,130,8.5,1.08,0
2025-02-22,NBA,Orlando Magic,Memphis Grizzlies,104,105,2.1,1.77,0
2025-02-22,NBA,Washington Wizards,Milwaukee Bucks,101,104,2.75,1.48,0
2025-02-22,NBA,Houston Rockets,Minnesota Timberwolves,121,115,1.59,2.45,1
2025-02-22,NBA,Sacramento Kings,Golden State Warriors,108,132,2.1,1.77,0
2025-02-22,NBA,Philadelphia 76ers,Brooklyn Nets,103,105,1.18,5.0,0
2025-02-22,NBA,Chicago Bulls,Phoenix Suns,117,121,2.7,1.49,0
2025-02-22,NBA,Denver Nuggets,Los Angeles Lakers,100,123,1.38,3.1,0
2025-02-22,NBA,Utah Jazz,Houston Rockets,124,115,3.75,1.29,1
2025-02-22,NBA,Portland Trail Blazers,Charlotte Hornets,141,88,1.49,2.7,1
2025-02-23,NBA,Golden State Warriors,Dallas Mavericks,126,102,1.26,4.1,1
2025-02-23,NBA,Indiana Pacers,Los Angeles Clippers,129,111,1.56,2.5,1
2025-02-23,NBA,Atlanta Hawks,Detroit Pistons,143,148,2.2,1.71,0
2025-02-23,NBA,Boston Celtics,New York Knicks,118,105,1.29,3.7,1
2025-02-23,NBA,Philadelphia 76ers,Brooklyn Nets,103,105,1.18,5.0,0
2025-02-23,NBA,Chicago Bulls,Phoenix Suns,117,121,2.7,1.49,0
2025-02-23,NBA,Denver Nuggets,Los Angeles Lakers,100,123,1.38,3.1,0
2025-02-23,NBA,Milwaukee Bucks,Miami Heat,120,113,1.53,2.6,1
2025-02-23,NBA,Utah Jazz,Houston Rockets,124,115,3.75,1.29,1
2025-02-23,NBA,Portland Trail Blazers,Charlotte Hornets,141,88,1.49,2.7,1
2025-02-23,NBA,Cleveland Cavaliers,Memphis Grizzlies,129,123,1.44,2.85,1
2025-02-23,NBA,Orlando Magic,Washington Wizards,110,90,1.13,6.25,1
2025-02-23,NBA,New Orleans Pelicans,San Antonio Spurs,114,96,1.77,2.1,1
2025-02-23,NBA,Toronto Raptors,Phoenix Suns,127,109,2.25,1.67,1
2025-02-23,NBA,Minnesota Timberwolves,Oklahoma City Thunder,123,130,4.0,1.26,0
2025-02-24,NBA,Boston Celtics,New York Knicks,118,105,1.29,3.7,1
2025-02-24,NBA,Orlando Magic,Washington Wizards,110,90,1.13,6.25,1
2025-02-24,NBA,Indiana Pacers,Los Angeles Clippers,129,111,1.56,2.5,1
2025-02-24,NBA,Golden State Warriors,Dallas Mavericks,126,102,1.26,4.1,1
2025-02-24,NBA,Atlanta Hawks,Detroit Pistons,143,148,2.2,1.71,0
2025-02-24,NBA,Milwaukee Bucks,Miami Heat,120,113,1.53,2.6,1
2025-02-24,NBA,Toronto Raptors,Phoenix Suns,127,109,2.25,1.67,1
2025-02-24,NBA,Cleveland Cavaliers,Memphis Grizzlies,129,123,1.44,2.85,1
2025-02-24,NBA,New Orleans Pelicans,San Antonio Spurs,114,96,1.77,2.1,1
2025-02-24,NBA,Philadelphia 76ers,Chicago Bulls,110,142,1.48,2.75,0
2025-02-24,NBA,Minnesota Timberwolves,Oklahoma City Thunder,123,130,4.0,1.26,0
2025-02-24,NBA,Detroit Pistons,Los Angeles Clippers,106,97,1.71,2.2,1
2025-02-24,NBA,Indiana Pacers,Denver Nuggets,116,125,2.55,1.54,0
2025-02-24,NBA,Sacramento Kings,Charlotte Hornets,130,88,1.18,5.0,1
2025-02-24,NBA,Washington Wizards,Brooklyn Nets,107,99,2.25,1.67,1
2025-02-24,NBA,Atlanta Hawks,Miami Heat,98,86,1.74,2.15,1
2025-02-24,NBA,Utah Jazz,Portland Trail Blazers,112,114,3.35,1.34,0
2025-02-25,NBA,Philadelphia 76ers,Chicago Bulls,110,142,1.48,2.75,0
2025-02-25,NBA,Indiana Pacers,Denver Nuggets,116,125,2.55,1.54,0
2025-02-25,NBA,Detroit Pistons,Los Angeles Clippers,106,97,1.71,2.2,1
2025-02-25,NBA,Washington Wizards,Brooklyn Nets,107,99,2.25,1.67,1
2025-02-25,NBA,Atlanta Hawks,Miami Heat,98,86,1.74,2.15,1
2025-02-25,NBA,Utah Jazz,Portland Trail Blazers,112,114,3.35,1.34,0
2025-02-25,NBA,Sacramento Kings,Charlotte Hornets,130,88,1.18,5.0,1
2025-02-25,NBA,Los Angeles Lakers,Dallas Mavericks,107,99,1.26,4.1,1
2025-02-25,NBA,Golden State Warriors,Charlotte Hornets,128,92,1.06,10.0,1
2025-02-25,NBA,Orlando Magic,Cleveland Cavaliers,82,122,3.05,1.4,0
2025-02-25,NBA,New Orleans Pelicans,San Antonio Spurs,109,103,1.67,2.25,1
2025-02-25,NBA,Toronto Raptors,Boston Celtics,101,111,5.0,1.18,0
2025-02-25,NBA,Houston Rockets,Milwaukee Bucks,100,97,1.67,2.25,1
2025-02-26,NBA,New Orleans Pelicans,San Antonio Spurs,109,103,1.67,2.25,1
2025-02-26,NBA,Golden State Warriors,Charlotte Hornets,128,92,1.06,10.0,1
2025-02-26,NBA,Houston Rockets,Milwaukee Bucks,100,97,1.67,2.25,1
2025-02-26,NBA,Orlando Magic,Cleveland Cavaliers,82,122,3.05,1.4,0
2025-02-26,NBA,Los Angeles Lakers,Dallas Mavericks,107,99,1.26,4.1,1
2025-02-26,NBA,Toronto Raptors,Boston Celtics,101,111,5.0,1.18,0
2025-02-26,NBA,Detroit Pistons,Boston Celtics,117,97,2.55,1.54,1
2025-02-26,NBA,New York Knicks,Philadelphia 76ers,110,105,1.22,4.5,1
2025-02-26,NBA,Indiana Pacers,Toronto Raptors,111,91,1.15,5.75,1
2025-02-26,NBA,Chicago Bulls,Los Angeles Clippers,117,122,4.1,1.26,0
2025-02-26,NBA,Brooklyn Nets,Oklahoma City Thunder,121,129,9.5,1.07,0
2025-02-26,NBA,Miami Heat,Atlanta Hawks,131,109,1.65,2.3,1
2025-02-26,NBA,Washington Wizards,Portland Trail Blazers,121,129,2.95,1.42,0
2025-02-26,NBA,Utah Jazz,Sacramento Kings,101,118,4.0,1.26,0
2025-02-26,NBA,Houston Rockets,San Antonio Spurs,118,106,1.26,3.7,1
2025-02-27,NBA,Detroit Pistons,Boston Celtics,117,97,2.55,1.54,1
2025-02-27,NBA,Indiana Pacers,Toronto Raptors,111,91,1.15,5.75,1
2025-02-27,NBA,New York Knicks,Philadelphia 76ers,110,105,1.22,4.5,1
2025-02-27,NBA,Washington Wizards,Portland Trail Blazers,121,129,2.95,1.42,0
2025-02-27,NBA,Chicago Bulls,Los Angeles Clippers,117,122,4.1,1.26,0
2025-02-27,NBA,Utah Jazz,Sacramento Kings,101,118,4.0,1.26,0
2025-02-27,NBA,Miami Heat,Atlanta Hawks,131,109,1.65,2.3,1
2025-02-27,NBA,Houston Rockets,San Antonio Spurs,118,106,1.26,3.7,1
2025-02-27,NBA,Brooklyn Nets,Oklahoma City Thunder,121,129,9.5,1.07,0
2025-02-27,NBA,Orlando Magic,Golden State Warriors,115,121,2.6,1.53,0
2025-02-27,NBA,Milwaukee Bucks,Denver Nuggets,121,112,2.35,1.63,1
2025-02-27,NBA,Dallas Mavericks,Charlotte Hornets,103,96,1.18,5.0,1
2025-02-27,NBA,Los Angeles Lakers,Minnesota Timberwolves,111,102,1.41,3.0,1
2025-02-27,NBA,Phoenix Suns,New Orleans Pelicans,116,124,1.41,3.0,0
2025-02-28,NBA,Orlando Magic,Golden State Warriors,115,121,2.6,1.53,0
2025-02-28,NBA,Atlanta Hawks,Oklahoma City Thunder,119,135,4.9,1.19,0
2025-02-28,NBA,Los Angeles Lakers,Minnesota Timberwolves,111,102,1.41,3.0,1
2025-02-28,NBA,Dallas Mavericks,Charlotte Hornets,103,96,1.18,5.0,1
2025-02-28,NBA,Phoenix Suns,New Orleans Pelicans,116,124,1.41,3.0,0
2025-02-28,NBA,Memphis Grizzlies,New York Knicks,113,114,1.67,2.25,0
2025-02-28,NBA,Detroit Pistons,Denver Nuggets,119,134,1.87,1.95,0
2025-02-28,NBA,Milwaukee Bucks,Denver Nuggets,121,112,2.35,1.63,1
2025-02-28,NBA,Boston Celtics,Cleveland Cavaliers,116,123,1.87,1.95,0
2025-02-28,NBA,Phoenix Suns,New Orleans Pelicans,125,108,1.24,4.25,1
2025-02-28,NBA,Brooklyn Nets,Portland Trail Blazers,102,121,2.05,1.8,0
2025-02-28,NBA,Los Angeles Lakers,Los Angeles Clippers,106,102,1.91,1.91,1
2025-02-28,NBA,Utah Jazz,Minnesota Timberwolves,117,116,2.55,1.54,1
2025-02-28,NBA,Miami Heat,Indiana Pacers,125,120,2.25,1.67,1
2025-03-01,NBA,Detroit Pistons,Denver Nuggets,119,134,1.87,1.95,0
2025-03-01,NBA,Atlanta Hawks,Oklahoma City Thunder,119,135,4.9,1.19,0
2025-03-01,NBA,Boston Celtics,Cleveland Cavaliers,116,123,1.87,1.95,0
2025-03-01,NBA,Brooklyn Nets,Portland Trail Blazers,102,121,2.05,1.8,0
2025-03-01,NBA,Miami Heat,Indiana Pacers,125,120,2.25,1.67,1
2025-03-01,NBA,Phoenix Suns,New Orleans Pelicans,125,108,1.24,4.25,1
2025-03-01,NBA,Utah Jazz,Minnesota Timberwolves,117,116,2.55,1.54,1
2025-03-01,NBA,Memphis Grizzlies,New York Knicks,113,114,1.67,2.25,0
2025-03-01,NBA,Los Angeles Lakers,Los Angeles Clippers,106,102,1.91,1.91,1
2025-03-01,NBA,Charlotte Hornets,Washington Wizards,100,113,1.56,2.5,0
2025-03-01,NBA,Detroit Pistons,Brooklyn Nets,115,94,1.17,5.5,1
2025-03-01,NBA,Memphis Grizzlies,San Antonio Spurs,128,130,1.43,2.9,0
2025-03-01,NBA,Houston Rockets,Sacramento Kings,103,113,1.54,2.55,0
2025-03-01,NBA,Philadelphia 76ers,Golden State Warriors,126,119,3.1,1.38,1
2025-03-01,NBA,Dallas Mavericks,Milwaukee Bucks,117,132,2.25,1.67,0
2025-03-02,NBA,Detroit Pistons,Brooklyn Nets,115,94,1.17,5.5,1
2025-03-02,NBA,Charlotte Hornets,Washington Wizards,100,113,1.56,2.5,0
2025-03-02,NBA,Houston Rockets,Sacramento Kings,103,113,1.54,2.55,0
2025-03-02,NBA,Memphis Grizzlies,San Antonio Spurs,128,130,1.43,2.9,0
2025-03-02,NBA,Dallas Mavericks,Milwaukee Bucks,117,132,2.25,1.67,0
2025-03-02,NBA,Boston Celtics,Denver Nuggets,110,103,1.49,2.7,1
2025-03-02,NBA,Philadelphia 76ers,Golden State Warriors,126,119,3.1,1.38,1
2025-03-02,NBA,Indiana Pacers,Chicago Bulls,127,112,1.15,5.0,1
2025-03-02,NBA,San Antonio Spurs,Oklahoma City Thunder,132,146,6.5,1.13,0
2025-03-02,NBA,Orlando Magic,Toronto Raptors,102,104,1.37,3.2,0
2025-03-02,NBA,Los Angeles Lakers,Los Angeles Clippers,108,102,2.1,1.77,1
2025-03-02,NBA,Utah Jazz,New Orleans Pelicans,121,128,3.35,1.34,0
2025-03-02,NBA,Phoenix Suns,Minnesota Timberwolves,98,116,2.0,1.83,0
2025-03-03,NBA,Philadelphia 76ers,Portland Trail Blazers,102,119,1.95,1.87,0
2025-03-03,NBA,Oklahoma City Thunder,Houston Rockets,137,128,1.17,5.25,1
2025-03-03,NBA,Charlotte Hornets,Golden State Warriors,101,119,6.25,1.13,0
2025-03-03,NBA,Dallas Mavericks,Sacramento Kings,98,122,2.1,1.77,0
2025-03-03,NBA,Miami Heat,Washington Wizards,106,90,1.29,3.75,1
2025-03-03,NBA,Memphis Grizzlies,Atlanta Hawks,130,132,1.32,3.55,0
2025-03-03,NBA,Utah Jazz,Detroit Pistons,106,134,4.75,1.2,0
2025-03-03,NBA,Los Angeles Lakers,Los Angeles Clippers,108,102,2.1,1.77,1
2025-03-03,NBA,Boston Celtics,Denver Nuggets,110,103,1.49,2.7,1
2025-03-03,NBA,Orlando Magic,Toronto Raptors,102,104,1.37,3.2,0
2025-03-03,NBA,Indiana Pacers,Chicago Bulls,127,112,1.15,5.0,1
2025-03-03,NBA,San Antonio Spurs,Oklahoma City Thunder,132,146,6.5,1.13,0
2025-03-03,NBA,Utah Jazz,New Orleans Pelicans,121,128,3.35,1.34,0
2025-03-03,NBA,Phoenix Suns,Minnesota Timberwolves,98,116,2.0,1.83,0
2025-03-04,NBA,Charlotte Hornets,Golden State Warriors,101,119,6.25,1.13,0
2025-03-04,NBA,Dallas Mavericks,Sacramento Kings,98,122,2.1,1.77,0
2025-03-04,NBA,Minnesota Timberwolves,Philadelphia 76ers,126,112,1.11,7.25,1
2025-03-04,NBA,Oklahoma City Thunder,Houston Rockets,137,128,1.17,5.25,1
2025-03-04,NBA,Los Angeles Lakers,New Orleans Pelicans,136,115,1.31,3.6,1
2025-03-04,NBA,New York Knicks,Golden State Warriors,102,114,1.87,1.95,0
2025-03-04,NBA,Atlanta Hawks,Milwaukee Bucks,121,127,2.8,1.45,0
2025-03-04,NBA,Chicago Bulls,Cleveland Cavaliers,117,139,6.75,1.12,0
2025-03-04,NBA,Miami Heat,Washington Wizards,106,90,1.29,3.75,1
2025-03-04,NBA,Orlando Magic,Toronto Raptors,113,114,1.36,3.3,0
2025-03-04,NBA,Memphis Grizzlies,Atlanta Hawks,130,132,1.32,3.55,0
2025-03-04,NBA,Phoenix Suns,Los Angeles Clippers,119,117,2.25,1.67,1
2025-03-04,NBA,San Antonio Spurs,Brooklyn Nets,127,113,1.61,2.4,1
2025-03-04,NBA,Philadelphia 76ers,Portland Trail Blazers,102,119,1.95,1.87,0
2025-03-04,NBA,Utah Jazz,Detroit Pistons,106,134,4.75,1.2,0
2025-03-04,NBA,Indiana Pacers,Houston Rockets,115,102,1.59,2.45,1
2025-03-05,NBA,Indiana Pacers,Houston Rockets,115,102,1.59,2.45,1
2025-03-05,NBA,Atlanta Hawks,Milwaukee Bucks,121,127,2.8,1.45,0
2025-03-05,NBA,Orlando Magic,Toronto Raptors,113,114,1.36,3.3,0
2025-03-05,NBA,Minnesota Timberwolves,Philadelphia 76ers,126,112,1.11,7.25,1
2025-03-05,NBA,New York Knicks,Golden State Warriors,102,114,1.87,1.95,0
2025-03-05,NBA,San Antonio Spurs,Brooklyn Nets,127,113,1.61,2.4,1
2025-03-05,NBA,Los Angeles Lakers,New Orleans Pelicans,136,115,1.31,3.6,1
2025-03-05,NBA,Phoenix Suns,Los Angeles Clippers,119,117,2.25,1.67,1
2025-03-05,NBA,Chicago Bulls,Cleveland Cavaliers,117,139,6.75,1.12,0
2025-03-05,NBA,Charlotte Hornets,Minnesota Timberwolves,110,125,3.65,1.3,0
2025-03-05,NBA,Washington Wizards,Utah Jazz,125,122,1.45,2.8,1
2025-03-05,NBA,Boston Celtics,Portland Trail Blazers,128,118,1.31,3.6,1
2025-03-05,NBA,Cleveland Cavaliers,Miami Heat,112,107,1.12,6.75,1
2025-03-05,NBA,Memphis Grizzlies,Oklahoma City Thunder,103,120,3.3,1.36,0
2025-03-05,NBA,Denver Nuggets,Sacramento Kings,116,110,1.27,3.9,1
2025-03-05,NBA,Milwaukee Bucks,Dallas Mavericks,137,107,1.14,6.0,1
2025-03-05,NBA,Los Angeles Clippers,Detroit Pistons,123,115,2.4,1.61,1
2025-03-06,NBA,Boston Celtics,Portland Trail Blazers,128,118,1.31,3.6,1
2025-03-06,NBA,Charlotte Hornets,Minnesota Timberwolves,110,125,3.65,1.3,0
2025-03-06,NBA,Cleveland Cavaliers,Miami Heat,112,107,1.12,6.75,1
2025-03-06,NBA,Denver Nuggets,Sacramento Kings,116,110,1.27,3.9,1
2025-03-06,NBA,Washington Wizards,Utah Jazz,125,122,1.45,2.8,1
2025-03-06,NBA,Milwaukee Bucks,Dallas Mavericks,137,107,1.14,6.0,1
2025-03-06,NBA,Los Angeles Clippers,Detroit Pistons,123,115,2.4,1.61,1
2025-03-06,NBA,Memphis Grizzlies,Oklahoma City Thunder,103,120,3.3,1.36,0
2025-03-06,NBA,Orlando Magic,Chicago Bulls,123,125,1.3,3.65,0
2025-03-06,NBA,Boston Celtics,Philadelphia 76ers,123,105,1.1,7.5,1
2025-03-06,NBA,New Orleans Pelicans,Houston Rockets,97,109,2.4,1.61,0
2025-03-06,NBA,Atlanta Hawks,Indiana Pacers,124,118,1.77,2.1,1
2025-03-06,NBA,Brooklyn Nets,Golden State Warriors,119,121,5.0,1.18,0
2025-03-07,NBA,Atlanta Hawks,Indiana Pacers,124,118,1.77,2.1,1
2025-03-07,NBA,Orlando Magic,Chicago Bulls,123,125,1.3,3.65,0
2025-03-07,NBA,Boston Celtics,Philadelphia 76ers,123,105,1.1,7.5,1
2025-03-07,NBA,New Orleans Pelicans,Houston Rockets,97,109,2.4,1.61,0
2025-03-07,NBA,Brooklyn Nets,Golden State Warriors,119,121,5.0,1.18,0
2025-03-07,NBA,Charlotte Hornets,Cleveland Cavaliers,117,118,9.5,1.05,0
2025-03-07,NBA,Oklahoma City Thunder,Portland Trail Blazers,107,89,1.8,2.05,1
2025-03-07,NBA,Toronto Raptors,Utah Jazz,118,109,1.45,2.8,1
2025-03-07,NBA,Miami Heat,Minnesota Timberwolves,104,106,2.3,1.65,0
2025-03-07,NBA,Dallas Mavericks,Memphis Grizzlies,111,122,4.5,1.22,0
2025-03-07,NBA,Sacramento Kings,San Antonio Spurs,127,109,1.38,3.1,1
2025-03-07,NBA,Los Angeles Clippers,New York Knicks,105,95,1.38,3.1,1
2025-03-08,NBA,Dallas Mavericks,Memphis Grizzlies,111,122,4.5,1.22,0
2025-03-08,NBA,Miami Heat,Minnesota Timberwolves,104,106,2.3,1.65,0
2025-03-08,NBA,Charlotte Hornets,Cleveland Cavaliers,117,118,9.5,1.05,0
2025-03-08,NBA,Toronto Raptors,Utah Jazz,118,109,1.45,2.8,1
2025-03-08,NBA,Sacramento Kings,San Antonio Spurs,127,109,1.38,3.1,1
2025-03-08,NBA,Los Angeles Clippers,New York Knicks,105,95,1.38,3.1,1
2025-03-08,NBA,Oklahoma City Thunder,Portland Trail Blazers,107,89,1.8,2.05,1
2025-03-08,NBA,Houston Rockets,New Orleans Pelicans,146,117,1.33,3.45,1
2025-03-08,NBA,Boston Celtics,Los Angeles Lakers,111,101,1.38,3.1,1
2025-03-08,NBA,Atlanta Hawks,Indiana Pacers,120,118,1.91,1.91,1
2025-03-08,NBA,Toronto Raptors,Washington Wizards,117,118,1.54,2.55,0
2025-03-08,NBA,Miami Heat,Chicago Bulls,109,114,1.5,2.65,0
2025-03-08,NBA,Milwaukee Bucks,Orlando Magic,109,111,1.37,3.2,0
2025-03-08,NBA,Golden State Warriors,Detroit Pistons,115,110,1.48,2.75,1
2025-03-08,NBA,Charlotte Hornets,Brooklyn Nets,105,102,2.65,1.5,1
2025-03-09,NBA,Charlotte Hornets,Brooklyn Nets,105,102,2.65,1.5,1
2025-03-09,NBA,Houston Rockets,New Orleans Pelicans,146,117,1.33,3.45,1
2025-03-09,NBA,Boston Celtics,Los Angeles Lakers,111,101,1.38,3.1,1
2025-03-09,NBA,Miami Heat,Chicago Bulls,109,114,1.5,2.65,0
2025-03-09,NBA,Milwaukee Bucks,Orlando Magic,109,111,1.37,3.2,0
2025-03-09,NBA,Toronto Raptors,Washington Wizards,117,118,1.54,2.55,0
2025-03-09,NBA,Oklahoma City Thunder,Denver Nuggets,127,103,1.32,3.5,1
2025-03-09,NBA,Golden State Warriors,Detroit Pistons,115,110,1.48,2.75,1
2025-03-09,NBA,Dallas Mavericks,Phoenix Suns,116,125,3.2,1.37,0
2025-03-09,NBA,New Orleans Pelicans,Memphis Grizzlies,104,107,4.9,1.19,0
2025-03-09,NBA,Atlanta Hawks,Indiana Pacers,120,118,1.91,1.91,1
2025-03-09,NBA,Philadelphia 76ers,Utah Jazz,126,122,1.38,3.1,1
2025-03-09,NBA,Milwaukee Bucks,Cleveland Cavaliers,100,112,3.35,1.34,0
2025-03-09,NBA,Portland Trail Blazers,Detroit Pistons,112,119,2.4,1.61,0
2025-03-09,NBA,Minnesota Timberwolves,San Antonio Spurs,141,124,1.19,4.9,1
2025-03-10,NBA,Philadelphia 76ers,Utah Jazz,126,122,1.38,3.1,1
2025-03-10,NBA,Oklahoma City Thunder,Denver Nuggets,127,103,1.32,3.5,1
2025-03-10,NBA,New Orleans Pelicans,Memphis Grizzlies,104,107,4.9,1.19,0
2025-03-10,NBA,Dallas Mavericks,Phoenix Suns,116,125,3.2,1.37,0
2025-03-10,NBA,Boston Celtics,Utah Jazz,114,108,1.08,9.0,1
2025-03-10,NBA,Milwaukee Bucks,Cleveland Cavaliers,100,112,3.35,1.34,0
2025-03-10,NBA,Atlanta Hawks,Philadelphia 76ers,132,123,1.24,4.25,1
2025-03-10,NBA,Brooklyn Nets,Los Angeles Lakers,111,108,2.85,1.44,1
2025-03-10,NBA,Minnesota Timberwolves,San Antonio Spurs,141,124,1.19,4.9,1
2025-03-10,NBA,Portland Trail Blazers,Detroit Pistons,112,119,2.4,1.61,0
2025-03-10,NBA,Toronto Raptors,Washington Wizards,119,104,1.36,3.3,1
2025-03-10,NBA,Miami Heat,Charlotte Hornets,102,105,1.26,4.1,0
2025-03-10,NBA,Memphis Grizzlies,Phoenix Suns,120,118,1.67,2.25,1
2025-03-10,NBA,Chicago Bulls,Indiana Pacers,121,103,2.55,1.54,1
2025-03-10,NBA,Houston Rockets,Orlando Magic,97,84,1.65,2.3,1
2025-03-10,NBA,San Antonio Spurs,Dallas Mavericks,129,133,1.38,3.1,0
2025-03-10,NBA,Oklahoma City Thunder,Denver Nuggets,127,140,1.26,4.0,0
2025-03-10,NBA,Golden State Warriors,Portland Trail Blazers,130,120,1.14,6.0,1
2025-03-10,NBA,Sacramento Kings,New York Knicks,104,133,2.0,1.83,0
2025-03-11,NBA,Boston Celtics,Utah Jazz,114,108,1.08,9.0,1
2025-03-11,NBA,Atlanta Hawks,Philadelphia 76ers,132,123,1.24,4.25,1
2025-03-11,NBA,Brooklyn Nets,Los Angeles Lakers,111,108,2.85,1.44,1
2025-03-11,NBA,Miami Heat,Charlotte Hornets,102,105,1.26,4.1,0
2025-03-11,NBA,Toronto Raptors,Washington Wizards,119,104,1.36,3.3,1
2025-03-11,NBA,Chicago Bulls,Indiana Pacers,121,103,2.55,1.54,1
2025-03-11,NBA,Oklahoma City Thunder,Denver Nuggets,127,140,1.26,4.0,0
2025-03-11,NBA,Memphis Grizzlies,Phoenix Suns,120,118,1.67,2.25,1
2025-03-11,NBA,Houston Rockets,Orlando Magic,97,84,1.65,2.3,1
2025-03-11,NBA,San Antonio Spurs,Dallas Mavericks,129,133,1.38,3.1,0
2025-03-11,NBA,Golden State Warriors,Portland Trail Blazers,130,120,1.14,6.0,1
2025-03-11,NBA,Sacramento Kings,New York Knicks,104,133,2.0,1.83,0
2025-03-11,NBA,Cleveland Cavaliers,Brooklyn Nets,109,104,1.09,8.0,1
2025-03-11,NBA,New Orleans Pelicans,Los Angeles Clippers,127,120,3.3,1.36,1
2025-03-11,NBA,Detroit Pistons,Washington Wizards,123,103,1.1,7.5,1
2025-03-11,NBA,Indiana Pacers,Milwaukee Bucks,115,114,1.91,1.91,1
2025-03-12,NBA,Boston Celtics,Oklahoma City Thunder,112,118,1.67,2.25,0
2025-03-12,NBA,Cleveland Cavaliers,Brooklyn Nets,109,104,1.09,8.0,1
2025-03-12,NBA,New Orleans Pelicans,Los Angeles Clippers,127,120,3.3,1.36,1
2025-03-12,NBA,Detroit Pistons,Washington Wizards,123,103,1.1,7.5,1
2025-03-12,NBA,Toronto Raptors,Philadelphia 76ers,118,105,1.71,2.2,1
2025-03-12,NBA,Houston Rockets,Phoenix Suns,111,104,1.56,2.5,1
2025-03-12,NBA,San Antonio Spurs,Dallas Mavericks,126,116,1.42,2.95,1
2025-03-12,NBA,Indiana Pacers,Milwaukee Bucks,115,114,1.91,1.91,1
2025-03-12,NBA,Atlanta Hawks,Charlotte Hornets,123,110,1.33,3.4,1
2025-03-12,NBA,Memphis Grizzlies,Utah Jazz,122,115,1.18,5.0,1
2025-03-12,NBA,Miami Heat,Los Angeles Clippers,104,119,1.77,2.1,0
2025-03-12,NBA,Denver Nuggets,Minnesota Timberwolves,95,115,1.71,2.2,0
2025-03-13,NBA,Boston Celtics,Oklahoma City Thunder,112,118,1.67,2.25,0
2025-03-13,NBA,Atlanta Hawks,Charlotte Hornets,123,110,1.33,3.4,1
2025-03-13,NBA,Toronto Raptors,Philadelphia 76ers,118,105,1.71,2.2,1
2025-03-13,NBA,Memphis Grizzlies,Utah Jazz,122,115,1.18,5.0,1
2025-03-13,NBA,Miami Heat,Los Angeles Clippers,104,119,1.77,2.1,0
2025-03-13,NBA,Houston Rockets,Phoenix Suns,111,104,1.56,2.5,1
2025-03-13,NBA,San Antonio Spurs,Dallas Mavericks,126,116,1.42,2.95,1
2025-03-13,NBA,Denver Nuggets,Minnesota Timberwolves,95,115,1.71,2.2,0
2025-03-13,NBA,Detroit Pistons,Washington Wizards,125,129,1.12,6.75,0
2025-03-13,NBA,Chicago Bulls,Brooklyn Nets,116,110,1.8,2.05,1
2025-03-13,NBA,Milwaukee Bucks,Los Angeles Lakers,126,106,1.42,2.95,1
2025-03-13,NBA,New Orleans Pelicans,Orlando Magic,93,113,2.1,1.77,0
2025-03-13,NBA,Golden State Warriors,Sacramento Kings,130,104,1.32,3.3,1
2025-03-14,NBA,Milwaukee Bucks,Los Angeles Lakers,126,106,1.42,2.95,1
2025-03-14,NBA,New Orleans Pelicans,Orlando Magic,93,113,2.1,1.77,0
2025-03-14,NBA,Chicago Bulls,Brooklyn Nets,116,110,1.8,2.05,1
2025-03-14,NBA,Detroit Pistons,Washington Wizards,125,129,1.12,6.75,0
2025-03-14,NBA,Golden State Warriors,Sacramento Kings,130,104,1.32,3.3,1
2025-03-14,NBA,Miami Heat,Boston Celtics,91,103,3.65,1.3,0
2025-03-14,NBA,Atlanta Hawks,Los Angeles Clippers,98,121,2.7,1.49,0
2025-03-14,NBA,Minnesota Timberwolves,Orlando Magic,118,111,1.18,5.0,1
2025-03-14,NBA,Philadelphia 76ers,Indiana Pacers,100,112,7.0,1.11,0
2025-03-14,NBA,Houston Rockets,Dallas Mavericks,133,96,1.15,5.75,1
2025-03-14,NBA,San Antonio Spurs,Charlotte Hornets,134,145,1.71,2.2,0
2025-03-14,NBA,Memphis Grizzlies,Cleveland Cavaliers,124,133,2.1,1.77,0
2025-03-14,NBA,Utah Jazz,Toronto Raptors,118,126,1.77,2.1,0
2025-03-14,NBA,Denver Nuggets,Los Angeles Lakers,131,126,1.09,8.0,1
2025-03-14,NBA,Phoenix Suns,Sacramento Kings,122,106,1.77,2.1,1
2025-03-15,NBA,Miami Heat,Boston Celtics,91,103,3.65,1.3,0
2025-03-15,NBA,Philadelphia 76ers,Indiana Pacers,100,112,7.0,1.11,0
2025-03-15,NBA,Atlanta Hawks,Los Angeles Clippers,98,121,2.7,1.49,0
2025-03-15,NBA,Memphis Grizzlies,Cleveland Cavaliers,124,133,2.1,1.77,0
2025-03-15,NBA,Minnesota Timberwolves,Orlando Magic,118,111,1.18,5.0,1
2025-03-15,NBA,Houston Rockets,Dallas Mavericks,133,96,1.15,5.75,1
2025-03-15,NBA,Denver Nuggets,Los Angeles Lakers,131,126,1.09,8.0,1
2025-03-15,NBA,Brooklyn Nets,Boston Celtics,113,115,5.25,1.17,0
2025-03-15,NBA,San Antonio Spurs,Charlotte Hornets,134,145,1.71,2.2,0
2025-03-15,NBA,Phoenix Suns,Sacramento Kings,122,106,1.77,2.1,1
2025-03-15,NBA,Houston Rockets,Chicago Bulls,117,114,1.28,3.8,1
2025-03-15,NBA,Utah Jazz,Toronto Raptors,118,126,1.77,2.1,0
2025-03-15,NBA,Memphis Grizzlies,Miami Heat,125,91,1.41,3.0,1
2025-03-15,NBA,Detroit Pistons,Oklahoma City Thunder,107,113,2.55,1.54,0
2025-03-15,NBA,Milwaukee Bucks,Indiana Pacers,126,119,1.61,2.4,1
2025-03-15,NBA,Denver Nuggets,Washington Wizards,123,126,1.15,5.75,0
2025-03-15,NBA,San Antonio Spurs,New Orleans Pelicans,119,115,2.0,1.83,1
2025-03-15,NBA,Golden State Warriors,New York Knicks,97,94,1.37,3.2,1
2025-03-16,NBA,Brooklyn Nets,Boston Celtics,113,115,5.25,1.17,0
2025-03-16,NBA,Detroit Pistons,Oklahoma City Thunder,107,113,2.55,1.54,0
2025-03-16,NBA,Houston Rockets,Chicago Bulls,117,114,1.28,3.8,1
2025-03-16,NBA,Dallas Mavericks,Philadelphia 76ers,125,130,1.37,3.2,0
2025-03-16,NBA,Memphis Grizzlies,Miami Heat,125,91,1.41,3.0,1
2025-03-16,NBA,Cleveland Cavaliers,Orlando Magic,103,108,1.18,5.0,0
2025-03-16,NBA,Golden State Warriors,New York Knicks,97,94,1.37,3.2,1
2025-03-16,NBA,Los Angeles Clippers,Charlotte Hornets,123,88,1.12,6.75,1
2025-03-16,NBA,Milwaukee Bucks,Oklahoma City Thunder,105,121,2.8,1.45,0
2025-03-16,NBA,Los Angeles Lakers,Phoenix Suns,107,96,1.74,2.15,1
2025-03-16,NBA,Minnesota Timberwolves,Utah Jazz,128,102,1.11,7.0,1
2025-03-16,NBA,Portland Trail Blazers,Toronto Raptors,105,102,1.37,3.2,1
2025-03-16,NBA,Brooklyn Nets,Atlanta Hawks,122,114,2.9,1.43,1
2025-03-16,NBA,Milwaukee Bucks,Indiana Pacers,126,119,1.61,2.4,1
2025-03-16,NBA,San Antonio Spurs,New Orleans Pelicans,119,115,2.0,1.83,1
2025-03-16,NBA,Denver Nuggets,Washington Wizards,123,126,1.15,5.75,0
2025-03-17,NBA,Cleveland Cavaliers,Orlando Magic,103,108,1.18,5.0,0
2025-03-17,NBA,Portland Trail Blazers,Toronto Raptors,105,102,1.37,3.2,1
2025-03-17,NBA,Dallas Mavericks,Philadelphia 76ers,125,130,1.37,3.2,0
2025-03-17,NBA,Los Angeles Clippers,Charlotte Hornets,123,88,1.12,6.75,1
2025-03-17,NBA,Los Angeles Lakers,Phoenix Suns,107,96,1.74,2.15,1
2025-03-17,NBA,Minnesota Timberwolves,Utah Jazz,128,102,1.11,7.0,1
2025-03-17,NBA,New York Knicks,Miami Heat,116,95,1.33,3.4,1
2025-03-17,NBA,Utah Jazz,Chicago Bulls,97,111,2.6,1.53,0
2025-03-17,NBA,Los Angeles Lakers,San Antonio Spurs,125,109,1.24,4.25,1
2025-03-17,NBA,Portland Trail Blazers,Washington Wizards,112,97,1.43,2.9,1
2025-03-17,NBA,Sacramento Kings,Memphis Grizzlies,132,122,1.74,2.15,1
2025-03-17,NBA,New Orleans Pelicans,Detroit Pistons,81,127,3.1,1.38,0
2025-03-17,NBA,Phoenix Suns,Toronto Raptors,129,89,1.25,4.2,1
2025-03-17,NBA,Golden State Warriors,Denver Nuggets,105,114,1.19,4.9,0
2025-03-17,NBA,Brooklyn Nets,Atlanta Hawks,122,114,2.9,1.43,1
2025-03-17,NBA,Milwaukee Bucks,Oklahoma City Thunder,105,121,2.8,1.45,0
2025-03-18,NBA,Golden State Warriors,Denver Nuggets,105,114,1.19,4.9,0
2025-03-18,NBA,New Orleans Pelicans,Detroit Pistons,81,127,3.1,1.38,0
2025-03-18,NBA,Utah Jazz,Chicago Bulls,97,111,2.6,1.53,0
2025-03-18,NBA,Phoenix Suns,Toronto Raptors,129,89,1.25,4.2,1
2025-03-18,NBA,New York Knicks,Miami Heat,116,95,1.33,3.4,1
2025-03-18,NBA,Portland Trail Blazers,Washington Wizards,112,97,1.43,2.9,1
2025-03-18,NBA,Charlotte Hornets,Atlanta Hawks,102,134,3.9,1.27,0
2025-03-18,NBA,Los Angeles Clippers,Cleveland Cavaliers,132,119,2.2,1.71,1
2025-03-18,NBA,Golden State Warriors,Milwaukee Bucks,104,93,2.15,1.74,1
2025-03-18,NBA,Sacramento Kings,Memphis Grizzlies,132,122,1.74,2.15,1
2025-03-18,NBA,Los Angeles Lakers,San Antonio Spurs,125,109,1.24,4.25,1
2025-03-18,NBA,Boston Celtics,Brooklyn Nets,104,96,1.13,6.5,1
2025-03-19,NBA,Boston Celtics,Brooklyn Nets,104,96,1.13,6.5,1
2025-03-19,NBA,Golden State Warriors,Milwaukee Bucks,104,93,2.15,1.74,1
2025-03-19,NBA,Los Angeles Clippers,Cleveland Cavaliers,132,119,2.2,1.71,1
2025-03-19,NBA,Charlotte Hornets,Atlanta Hawks,102,134,3.9,1.27,0
2025-03-19,NBA,Indiana Pacers,Dallas Mavericks,135,131,1.19,4.9,1
2025-03-19,NBA,Oklahoma City Thunder,Philadelphia 76ers,133,100,1.15,5.75,1
2025-03-19,NBA,Miami Heat,Detroit Pistons,113,116,2.6,1.53,0
2025-03-19,NBA,Utah Jazz,Washington Wizards,128,112,1.71,2.2,1
2025-03-19,NBA,Phoenix Suns,Chicago Bulls,127,121,1.43,2.9,1
2025-03-19,NBA,Orlando Magic,Houston Rockets,108,116,2.2,1.71,0
2025-03-19,NBA,Sacramento Kings,Cleveland Cavaliers,123,119,3.05,1.4,1
2025-03-19,NBA,Portland Trail Blazers,Memphis Grizzlies,115,99,2.5,1.56,1
2025-03-19,NBA,Minnesota Timberwolves,New Orleans Pelicans,115,119,1.13,6.25,0
2025-03-19,NBA,San Antonio Spurs,New York Knicks,120,105,3.9,1.27,1
2025-03-19,NBA,Los Angeles Lakers,Denver Nuggets,120,108,1.5,2.65,1
2025-03-20,NBA,Orlando Magic,Houston Rockets,108,116,2.2,1.71,0
2025-03-20,NBA,Minnesota Timberwolves,New Orleans Pelicans,115,119,1.13,6.25,0
2025-03-20,NBA,Miami Heat,Detroit Pistons,113,116,2.6,1.53,0
2025-03-20,NBA,Indiana Pacers,Dallas Mavericks,135,131,1.19,4.9,1
2025-03-20,NBA,San Antonio Spurs,New York Knicks,120,105,3.9,1.27,1
2025-03-20,NBA,Portland Trail Blazers,Memphis Grizzlies,115,99,2.5,1.56,1
2025-03-20,NBA,Utah Jazz,Washington Wizards,128,112,1.71,2.2,1
2025-03-20,NBA,Phoenix Suns,Chicago Bulls,127,121,1.43,2.9,1
2025-03-20,NBA,Sacramento Kings,Cleveland Cavaliers,123,119,3.05,1.4,1
2025-03-20,NBA,Oklahoma City Thunder,Philadelphia 76ers,133,100,1.15,5.75,1
2025-03-20,NBA,Los Angeles Lakers,Denver Nuggets,120,108,1.5,2.65,1
2025-03-20,NBA,Los Angeles Lakers,Milwaukee Bucks,89,118,3.6,1.31,0
2025-03-20,NBA,Charlotte Hornets,New York Knicks,115,98,3.6,1.31,1
2025-03-20,NBA,Sacramento Kings,Chicago Bulls,116,128,1.38,3.1,0
2025-03-20,NBA,Golden State Warriors,Toronto Raptors,117,114,1.09,8.0,1
2025-03-21,NBA,Los Angeles Lakers,Milwaukee Bucks,89,118,3.6,1.31,0
2025-03-21,NBA,Miami Heat,Houston Rockets,98,102,2.6,1.53,0
2025-03-21,NBA,Charlotte Hornets,New York Knicks,115,98,3.6,1.31,1
2025-03-21,NBA,Sacramento Kings,Chicago Bulls,116,128,1.38,3.1,0
2025-03-21,NBA,Minnesota Timberwolves,New Orleans Pelicans,134,93,1.08,8.5,1
2025-03-21,NBA,San Antonio Spurs,Philadelphia 76ers,128,120,1.45,2.8,1
2025-03-21,NBA,Golden State Warriors,Toronto Raptors,117,114,1.09,8.0,1
2025-03-21,NBA,Dallas Mavericks,Detroit Pistons,123,117,4.25,1.24,1
2025-03-21,NBA,Oklahoma City Thunder,Charlotte Hornets,141,106,1.04,13.0,1
2025-03-21,NBA,Washington Wizards,Orlando Magic,105,120,3.7,1.29,0
2025-03-21,NBA,Utah Jazz,Boston Celtics,99,121,8.5,1.08,0
2025-03-21,NBA,Phoenix Suns,Cleveland Cavaliers,123,112,3.75,1.29,1
2025-03-21,NBA,Portland Trail Blazers,Denver Nuggets,128,109,2.1,1.77,1
2025-03-21,NBA,Los Angeles Clippers,Memphis Grizzlies,128,108,1.4,3.05,1
2025-03-22,NBA,Miami Heat,Houston Rockets,98,102,2.6,1.53,0
2025-03-22,NBA,Washington Wizards,Orlando Magic,105,120,3.7,1.29,0
2025-03-22,NBA,Minnesota Timberwolves,New Orleans Pelicans,134,93,1.08,8.5,1
2025-03-22,NBA,Oklahoma City Thunder,Charlotte Hornets,141,106,1.04,13.0,1
2025-03-22,NBA,Utah Jazz,Boston Celtics,99,121,8.5,1.08,0
2025-03-22,NBA,Dallas Mavericks,Detroit Pistons,123,117,4.25,1.24,1
2025-03-22,NBA,San Antonio Spurs,Philadelphia 76ers,128,120,1.45,2.8,1
2025-03-22,NBA,Los Angeles Clippers,Memphis Grizzlies,128,108,1.4,3.05,1
2025-03-22,NBA,Phoenix Suns,Cleveland Cavaliers,123,112,3.75,1.29,1
2025-03-22,NBA,Portland Trail Blazers,Denver Nuggets,128,109,2.1,1.77,1
2025-03-22,NBA,Indiana Pacers,Brooklyn Nets,108,103,1.17,5.5,1
2025-03-22,NBA,New York Knicks,Washington Wizards,122,103,1.08,9.0,1
2025-03-22,NBA,Atlanta Hawks,Golden State Warriors,124,115,2.15,1.74,1
2025-03-22,NBA,Sacramento Kings,Milwaukee Bucks,108,114,1.83,2.0,0
2025-03-22,NBA,Los Angeles Lakers,Chicago Bulls,115,146,1.19,4.9,0
2025-03-23,NBA,Utah Jazz,Cleveland Cavaliers,91,120,9.5,1.07,0
2025-03-23,NBA,Atlanta Hawks,Golden State Warriors,124,115,2.15,1.74,1
2025-03-23,NBA,Detroit Pistons,New Orleans Pelicans,136,130,1.11,7.25,1
2025-03-23,NBA,Indiana Pacers,Brooklyn Nets,108,103,1.17,5.5,1
2025-03-23,NBA,Atlanta Hawks,Philadelphia 76ers,132,119,1.2,4.75,1
2025-03-23,NBA,Miami Heat,Charlotte Hornets,122,105,1.36,3.25,1
2025-03-23,NBA,Los Angeles Clippers,Oklahoma City Thunder,101,103,2.15,1.74,0
2025-03-23,NBA,Portland Trail Blazers,Boston Celtics,116,129,3.2,1.37,0
2025-03-23,NBA,Los Angeles Lakers,Chicago Bulls,115,146,1.19,4.9,0
2025-03-23,NBA,New York Knicks,Washington Wizards,122,103,1.08,9.0,1
2025-03-23,NBA,Toronto Raptors,San Antonio Spurs,89,123,1.95,1.87,0
2025-03-23,NBA,Sacramento Kings,Milwaukee Bucks,108,114,1.83,2.0,0
2025-03-23,NBA,Houston Rockets,Denver Nuggets,111,116,1.34,3.35,0
2025-03-24,NBA,Utah Jazz,Cleveland Cavaliers,91,120,9.5,1.07,0
2025-03-24,NBA,Washington Wizards,Toronto Raptors,104,112,1.77,2.1,0
2025-03-24,NBA,Indiana Pacers,Minnesota Timberwolves,119,103,1.91,1.91,1
2025-03-24,NBA,New Orleans Pelicans,Philadelphia 76ers,112,99,1.67,2.25,1
2025-03-24,NBA,Miami Heat,Charlotte Hornets,122,105,1.36,3.25,1
2025-03-24,NBA,Orlando Magic,Los Angeles Lakers,118,106,2.55,1.54,1
2025-03-24,NBA,Toronto Raptors,San Antonio Spurs,89,123,1.95,1.87,0
2025-03-24,NBA,Atlanta Hawks,Philadelphia 76ers,132,119,1.2,4.75,1
2025-03-24,NBA,Portland Trail Blazers,Boston Celtics,116,129,3.2,1.37,0
2025-03-24,NBA,Los Angeles Clippers,Oklahoma City Thunder,101,103,2.15,1.74,0
2025-03-24,NBA,Brooklyn Nets,Dallas Mavericks,101,120,2.3,1.65,0
2025-03-24,NBA,Detroit Pistons,New Orleans Pelicans,136,130,1.11,7.25,1
2025-03-24,NBA,Houston Rockets,Denver Nuggets,111,116,1.34,3.35,0
2025-03-24,NBA,Phoenix Suns,Milwaukee Bucks,108,106,1.59,2.35,1
2025-03-24,NBA,Denver Nuggets,Chicago Bulls,119,129,1.71,2.2,0
2025-03-24,NBA,Sacramento Kings,Boston Celtics,95,113,2.65,1.47,0
2025-03-25,NBA,New Orleans Pelicans,Philadelphia 76ers,112,99,1.67,2.25,1
2025-03-25,NBA,Washington Wizards,Toronto Raptors,104,112,1.77,2.1,0
2025-03-25,NBA,Orlando Magic,Los Angeles Lakers,118,106,2.55,1.54,1
2025-03-25,NBA,Brooklyn Nets,Dallas Mavericks,101,120,2.3,1.65,0
2025-03-25,NBA,Indiana Pacers,Minnesota Timberwolves,119,103,1.91,1.91,1
2025-03-25,NBA,Phoenix Suns,Milwaukee Bucks,108,106,1.59,2.35,1
2025-03-25,NBA,Denver Nuggets,Chicago Bulls,119,129,1.71,2.2,0
2025-03-25,NBA,Charlotte Hornets,Orlando Magic,104,111,2.65,1.5,0
2025-03-25,NBA,Sacramento Kings,Boston Celtics,95,113,2.65,1.47,0
2025-03-25,NBA,Detroit Pistons,San Antonio Spurs,122,96,1.2,4.75,1
2025-03-25,NBA,Miami Heat,Golden State Warriors,112,86,2.55,1.54,1
2025-03-25,NBA,New York Knicks,Dallas Mavericks,128,113,1.17,5.25,1
2025-03-25,NBA,Utah Jazz,Memphis Grizzlies,103,140,5.0,1.18,0
2025-03-25,NBA,Houston Rockets,Atlanta Hawks,121,114,1.32,3.55,1
2025-03-25,NBA,Portland Trail Blazers,Cleveland Cavaliers,111,122,3.1,1.38,0
2025-03-25,NBA,Sacramento Kings,Oklahoma City Thunder,105,121,4.25,1.24,0
2025-03-26,NBA,Charlotte Hornets,Orlando Magic,104,111,2.65,1.5,0
2025-03-26,NBA,Miami Heat,Golden State Warriors,112,86,2.55,1.54,1
2025-03-26,NBA,Detroit Pistons,San Antonio Spurs,122,96,1.2,4.75,1
2025-03-26,NBA,New York Knicks,Dallas Mavericks,128,113,1.17,5.25,1
2025-03-26,NBA,Utah Jazz,Memphis Grizzlies,103,140,5.0,1.18,0
2025-03-26,NBA,Houston Rockets,Atlanta Hawks,121,114,1.32,3.55,1
2025-03-26,NBA,Portland Trail Blazers,Cleveland Cavaliers,111,122,3.1,1.38,0
2025-03-26,NBA,Sacramento Kings,Oklahoma City Thunder,105,121,4.25,1.24,0
2025-03-26,NBA,Philadelphia 76ers,Washington Wizards,114,119,1.67,2.25,0
2025-03-26,NBA,Denver Nuggets,Milwaukee Bucks,127,117,1.18,5.0,1
2025-03-26,NBA,Indiana Pacers,Los Angeles Lakers,119,120,1.95,1.87,0
2025-03-26,NBA,New York Knicks,Los Angeles Clippers,113,126,2.55,1.54,0
2025-03-26,NBA,Brooklyn Nets,Toronto Raptors,86,116,1.74,2.15,0
2025-03-26,NBA,Phoenix Suns,Boston Celtics,102,132,2.6,1.53,0
2025-03-27,NBA,Philadelphia 76ers,Washington Wizards,114,119,1.67,2.25,0
2025-03-27,NBA,Indiana Pacers,Los Angeles Lakers,119,120,1.95,1.87,0
2025-03-27,NBA,Denver Nuggets,Milwaukee Bucks,127,117,1.18,5.0,1
2025-03-27,NBA,New York Knicks,Los Angeles Clippers,113,126,2.55,1.54,0
2025-03-27,NBA,Brooklyn Nets,Toronto Raptors,86,116,1.74,2.15,0
2025-03-27,NBA,Phoenix Suns,Boston Celtics,102,132,2.6,1.53,0
2025-03-27,NBA,Washington Wizards,Indiana Pacers,109,162,6.75,1.12,0
2025-03-27,NBA,Cleveland Cavaliers,San Antonio Spurs,124,116,1.11,7.25,1
2025-03-27,NBA,Miami Heat,Atlanta Hawks,122,112,1.87,1.95,1
2025-03-27,NBA,Orlando Magic,Dallas Mavericks,92,101,1.38,3.1,0
2025-03-27,NBA,Chicago Bulls,Los Angeles Lakers,119,117,2.5,1.56,1
2025-03-27,NBA,Sacramento Kings,Portland Trail Blazers,128,107,1.44,2.85,1
2025-03-27,NBA,Oklahoma City Thunder,Memphis Grizzlies,125,104,1.2,4.75,1
2025-03-27,NBA,Utah Jazz,Houston Rockets,110,121,7.0,1.11,0
2025-03-28,NBA,Cleveland Cavaliers,San Antonio Spurs,124,116,1.11,7.25,1
2025-03-28,NBA,Miami Heat,Atlanta Hawks,122,112,1.87,1.95,1
2025-03-28,NBA,Orlando Magic,Dallas Mavericks,92,101,1.38,3.1,0
2025-03-28,NBA,Washington Wizards,Indiana Pacers,109,162,6.75,1.12,0
2025-03-28,NBA,Chicago Bulls,Los Angeles Lakers,119,117,2.5,1.56,1
2025-03-28,NBA,Sacramento Kings,Portland Trail Blazers,128,107,1.44,2.85,1
2025-03-28,NBA,Oklahoma City Thunder,Memphis Grizzlies,125,104,1.2,4.75,1
2025-03-28,NBA,Utah Jazz,Houston Rockets,110,121,7.0,1.11,0
2025-03-28,NBA,Minnesota Timberwolves,Phoenix Suns,124,109,1.33,3.4,1
2025-03-28,NBA,Toronto Raptors,Charlotte Hornets,108,97,1.44,2.85,1
2025-03-28,NBA,Milwaukee Bucks,New York Knicks,107,116,1.83,2.0,0
2025-03-28,NBA,Denver Nuggets,Utah Jazz,129,93,1.04,12.0,1
2025-03-28,NBA,New Orleans Pelicans,Golden State Warriors,95,111,9.0,1.08,0
2025-03-28,NBA,Detroit Pistons,Cleveland Cavaliers,133,122,3.1,1.38,1
2025-03-28,NBA,Brooklyn Nets,Los Angeles Clippers,100,132,6.5,1.13,0
2025-03-29,NBA,Brooklyn Nets,Los Angeles Clippers,100,132,6.5,1.13,0
2025-03-29,NBA,Toronto Raptors,Charlotte Hornets,108,97,1.44,2.85,1
2025-03-29,NBA,New Orleans Pelicans,Golden State Warriors,95,111,9.0,1.08,0
2025-03-29,NBA,Minnesota Timberwolves,Phoenix Suns,124,109,1.33,3.4,1
2025-03-29,NBA,Detroit Pistons,Cleveland Cavaliers,133,122,3.1,1.38,1
2025-03-29,NBA,Denver Nuggets,Utah Jazz,129,93,1.04,12.0,1
2025-03-29,NBA,Milwaukee Bucks,New York Knicks,107,116,1.83,2.0,0
2025-03-29,NBA,Orlando Magic,Sacramento Kings,121,91,1.91,1.91,1
2025-03-29,NBA,Washington Wizards,Brooklyn Nets,112,115,1.77,2.1,0
2025-03-29,NBA,San Antonio Spurs,Boston Celtics,111,121,6.25,1.13,0
2025-03-29,NBA,Memphis Grizzlies,Los Angeles Lakers,127,134,1.77,2.1,0
2025-03-29,NBA,Philadelphia 76ers,Miami Heat,95,118,3.75,1.29,0
2025-03-29,NBA,Oklahoma City Thunder,Indiana Pacers,132,111,1.24,4.25,1
2025-03-29,NBA,Chicago Bulls,Dallas Mavericks,119,120,1.71,2.2,0
2025-03-30,NBA,Philadelphia 76ers,Miami Heat,95,118,3.75,1.29,0
2025-03-30,NBA,Orlando Magic,Sacramento Kings,121,91,1.91,1.91,1
2025-03-30,NBA,Oklahoma City Thunder,Indiana Pacers,132,111,1.24,4.25,1
2025-03-30,NBA,Chicago Bulls,Dallas Mavericks,119,120,1.71,2.2,0
2025-03-30,NBA,Washington Wizards,Brooklyn Nets,112,115,1.77,2.1,0
2025-03-30,NBA,San Antonio Spurs,Boston Celtics,111,121,6.25,1.13,0
2025-03-30,NBA,New York Knicks,Portland Trail Blazers,110,93,1.31,3.6,1
2025-03-30,NBA,Cleveland Cavaliers,Los Angeles Clippers,127,122,1.36,3.25,1
2025-03-30,NBA,Memphis Grizzlies,Los Angeles Lakers,127,134,1.77,2.1,0
2025-03-30,NBA,Milwaukee Bucks,Atlanta Hawks,124,145,1.56,2.5,0
2025-03-30,NBA,Minnesota Timberwolves,Detroit Pistons,123,104,1.36,3.25,1
2025-03-30,NBA,New Orleans Pelicans,Charlotte Hornets,98,94,1.71,2.2,1
2025-03-30,NBA,San Antonio Spurs,Golden State Warriors,106,148,5.5,1.17,0
2025-03-30,NBA,Philadelphia 76ers,Toronto Raptors,109,127,3.0,1.41,0
2025-03-30,NBA,Phoenix Suns,Houston Rockets,109,148,2.15,1.74,0
2025-03-31,NBA,Cleveland Cavaliers,Los Angeles Clippers,127,122,1.36,3.25,1
2025-03-31,NBA,Milwaukee Bucks,Atlanta Hawks,124,145,1.56,2.5,0
2025-03-31,NBA,New York Knicks,Portland Trail Blazers,110,93,1.31,3.6,1
2025-03-31,NBA,New Orleans Pelicans,Charlotte Hornets,98,94,1.71,2.2,1
2025-03-31,NBA,San Antonio Spurs,Golden State Warriors,106,148,5.5,1.17,0
2025-03-31,NBA,Minnesota Timberwolves,Detroit Pistons,123,104,1.36,3.25,1
2025-03-31,NBA,Philadelphia 76ers,Toronto Raptors,109,127,3.0,1.41,0
2025-03-31,NBA,Charlotte Hornets,Utah Jazz,110,106,1.61,2.4,1
2025-03-31,NBA,Indiana Pacers,Sacramento Kings,111,109,1.59,2.45,1
2025-03-31,NBA,Orlando Magic,Los Angeles Clippers,87,96,2.25,1.67,0
2025-03-31,NBA,Washington Wizards,Miami Heat,94,120,4.25,1.24,0
2025-03-31,NBA,Dallas Mavericks,Brooklyn Nets,109,113,1.22,4.5,0
2025-03-31,NBA,Memphis Grizzlies,Boston Celtics,103,117,2.45,1.59,0
2025-03-31,NBA,Oklahoma City Thunder,Chicago Bulls,145,117,1.1,7.5,1
2025-03-31,NBA,Los Angeles Lakers,Houston Rockets,104,98,1.59,2.45,1
2025-03-31,NBA,Phoenix Suns,Houston Rockets,109,148,2.15,1.74,0
2025-04-01,NBA,Orlando Magic,Los Angeles Clippers,87,96,2.25,1.67,0
2025-04-01,NBA,Charlotte Hornets,Utah Jazz,110,106,1.61,2.4,1
2025-04-01,NBA,Washington Wizards,Miami Heat,94,120,4.25,1.24,0
2025-04-01,NBA,Oklahoma City Thunder,Chicago Bulls,145,117,1.1,7.5,1
2025-04-01,NBA,Indiana Pacers,Sacramento Kings,111,109,1.59,2.45,1
2025-04-01,NBA,Memphis Grizzlies,Boston Celtics,103,117,2.45,1.59,0
2025-04-01,NBA,Dallas Mavericks,Brooklyn Nets,109,113,1.22,4.5,0
2025-04-01,NBA,Los Angeles Lakers,Houston Rockets,104,98,1.59,2.45,1
2025-04-01,NBA,Milwaukee Bucks,Phoenix Suns,133,123,1.37,3.2,1
2025-04-01,NBA,Chicago Bulls,Toronto Raptors,137,118,1.59,2.45,1
2025-04-01,NBA,Atlanta Hawks,Portland Trail Blazers,113,127,1.45,2.8,0
2025-04-01,NBA,San Antonio Spurs,Orlando Magic,105,116,2.65,1.5,0
2025-04-01,NBA,New York Knicks,Philadelphia 76ers,105,91,1.11,7.0,1
2025-04-01,NBA,Memphis Grizzlies,Golden State Warriors,125,134,2.45,1.59,0
2025-04-02,NBA,Milwaukee Bucks,Phoenix Suns,133,123,1.37,3.2,1
2025-04-02,NBA,Chicago Bulls,Toronto Raptors,137,118,1.59,2.45,1
2025-04-02,NBA,Atlanta Hawks,Portland Trail Blazers,113,127,1.45,2.8,0
2025-04-02,NBA,San Antonio Spurs,Orlando Magic,105,116,2.65,1.5,0
2025-04-02,NBA,New York Knicks,Philadelphia 76ers,105,91,1.11,7.0,1
2025-04-02,NBA,Memphis Grizzlies,Golden State Warriors,125,134,2.45,1.59,0
2025-04-02,NBA,Boston Celtics,Miami Heat,103,124,1.19,4.9,0
2025-04-02,NBA,Indiana Pacers,Charlotte Hornets,119,105,1.08,8.5,1
2025-04-02,NBA,Cleveland Cavaliers,New York Knicks,124,105,1.19,4.9,1
2025-04-02,NBA,Houston Rockets,Utah Jazz,143,105,1.07,9.5,1
2025-04-02,NBA,Denver Nuggets,San Antonio Spurs,106,113,1.71,2.2,0
2025-04-02,NBA,Oklahoma City Thunder,Detroit Pistons,119,103,1.11,7.0,1
2025-04-02,NBA,Dallas Mavericks,Atlanta Hawks,120,118,1.63,2.35,1
2025-04-02,NBA,Los Angeles Clippers,New Orleans Pelicans,114,98,1.04,12.0,1
2025-04-02,NBA,Washington Wizards,Sacramento Kings,116,111,7.0,1.11,1
2025-04-03,NBA,Dallas Mavericks,Atlanta Hawks,120,118,1.63,2.35,1
2025-04-03,NBA,Indiana Pacers,Charlotte Hornets,119,105,1.08,8.5,1
2025-04-03,NBA,Boston Celtics,Miami Heat,103,124,1.19,4.9,0
2025-04-03,NBA,Cleveland Cavaliers,New York Knicks,124,105,1.19,4.9,1
2025-04-03,NBA,Denver Nuggets,San Antonio Spurs,106,113,1.71,2.2,0
2025-04-03,NBA,Houston Rockets,Utah Jazz,143,105,1.07,9.5,1
2025-04-03,NBA,Oklahoma City Thunder,Detroit Pistons,119,103,1.11,7.0,1
2025-04-03,NBA,Washington Wizards,Sacramento Kings,116,111,7.0,1.11,1
2025-04-03,NBA,Los Angeles Clippers,New Orleans Pelicans,114,98,1.04,12.0,1
2025-04-03,NBA,Washington Wizards,Orlando Magic,97,109,10.0,1.06,0
2025-04-03,NBA,Toronto Raptors,Portland Trail Blazers,103,112,2.6,1.53,0
2025-04-03,NBA,Miami Heat,Memphis Grizzlies,108,110,2.8,1.45,0
2025-04-03,NBA,Brooklyn Nets,Minnesota Timberwolves,90,105,7.5,1.1,0
2025-04-03,NBA,Los Angeles Lakers,Golden State Warriors,116,123,1.87,1.95,0
2025-04-03,NBA,Philadelphia 76ers,Milwaukee Bucks,113,126,6.0,1.14,0
2025-04-04,NBA,Washington Wizards,Orlando Magic,97,109,10.0,1.06,0
2025-04-04,NBA,Toronto Raptors,Portland Trail Blazers,103,112,2.6,1.53,0
2025-04-04,NBA,Brooklyn Nets,Minnesota Timberwolves,90,105,7.5,1.1,0
2025-04-04,NBA,Miami Heat,Memphis Grizzlies,108,110,2.8,1.45,0
2025-04-04,NBA,Los Angeles Lakers,Golden State Warriors,116,123,1.87,1.95,0
2025-04-04,NBA,Philadelphia 76ers,Milwaukee Bucks,113,126,6.0,1.14,0
2025-04-04,NBA,Charlotte Hornets,Sacramento Kings,102,125,4.9,1.19,0
2025-04-04,NBA,Boston Celtics,Phoenix Suns,123,103,1.09,8.0,1
2025-04-04,NBA,Indiana Pacers,Utah Jazz,140,112,1.06,10.0,1
2025-04-04,NBA,Toronto Raptors,Detroit Pistons,105,117,4.75,1.2,0
2025-04-04,NBA,Los Angeles Clippers,Dallas Mavericks,114,91,1.15,5.75,1
2025-04-04,NBA,Chicago Bulls,Portland Trail Blazers,118,113,1.38,3.1,1
2025-04-04,NBA,Houston Rockets,Oklahoma City Thunder,125,111,2.95,1.42,1
2025-04-04,NBA,San Antonio Spurs,Cleveland Cavaliers,113,114,6.5,1.13,0
2025-04-04,NBA,Los Angeles Lakers,New Orleans Pelicans,124,108,1.08,9.0,1
2025-04-04,NBA,Golden State Warriors,Denver Nuggets,118,104,1.87,1.95,1
2025-04-05,NBA,Charlotte Hornets,Sacramento Kings,102,125,4.9,1.19,0
2025-04-05,NBA,Indiana Pacers,Utah Jazz,140,112,1.06,10.0,1
2025-04-05,NBA,Boston Celtics,Phoenix Suns,123,103,1.09,8.0,1
2025-04-05,NBA,Chicago Bulls,Portland Trail Blazers,118,113,1.38,3.1,1
2025-04-05,NBA,Houston Rockets,Oklahoma City Thunder,125,111,2.95,1.42,1
2025-04-05,NBA,San Antonio Spurs,Cleveland Cavaliers,113,114,6.5,1.13,0
2025-04-05,NBA,Golden State Warriors,Denver Nuggets,118,104,1.87,1.95,1
2025-04-05,NBA,Toronto Raptors,Detroit Pistons,105,117,4.75,1.2,0
2025-04-05,NBA,Los Angeles Lakers,New Orleans Pelicans,124,108,1.08,9.0,1
2025-04-05,NBA,Los Angeles Clippers,Dallas Mavericks,114,91,1.15,5.75,1
2025-04-05,NBA,Philadelphia 76ers,Minnesota Timberwolves,109,114,9.5,1.07,0
2025-04-05,NBA,Atlanta Hawks,New York Knicks,105,121,2.05,1.8,0
2025-04-05,NBA,Detroit Pistons,Memphis Grizzlies,103,109,2.25,1.67,0
2025-04-05,NBA,Los Angeles Clippers,Dallas Mavericks,135,104,1.25,4.2,1
2025-04-06,NBA,Atlanta Hawks,New York Knicks,105,121,2.05,1.8,0
2025-04-06,NBA,Detroit Pistons,Memphis Grizzlies,103,109,2.25,1.67,0
2025-04-06,NBA,Los Angeles Clippers,Dallas Mavericks,135,104,1.25,4.2,1
2025-04-06,NBA,Philadelphia 76ers,Minnesota Timberwolves,109,114,9.5,1.07,0
2025-04-06,NBA,Charlotte Hornets,Chicago Bulls,117,131,4.2,1.25,0
2025-04-06,NBA,Brooklyn Nets,Toronto Raptors,109,120,2.15,1.74,0
2025-04-06,NBA,Oklahoma City Thunder,Los Angeles Lakers,99,126,1.26,4.0,0
2025-04-06,NBA,Atlanta Hawks,Utah Jazz,147,134,1.1,6.5,1
2025-04-06,NBA,Cleveland Cavaliers,Sacramento Kings,113,120,1.19,4.5,0
2025-04-06,NBA,Portland Trail Blazers,San Antonio Spurs,120,109,1.52,2.5,1
2025-04-06,NBA,Boston Celtics,Washington Wizards,124,90,1.03,12.0,1
2025-04-06,NBA,New York Knicks,Phoenix Suns,112,98,1.25,4.2,1
2025-04-06,NBA,Denver Nuggets,Indiana Pacers,120,125,1.4,3.05,0
2025-04-06,NBA,Golden State Warriors,Houston Rockets,96,106,1.49,2.7,0
2025-04-06,NBA,New Orleans Pelicans,Milwaukee Bucks,107,111,2.9,1.43,0
2025-04-07,NBA,Portland Trail Blazers,San Antonio Spurs,120,109,1.52,2.5,1
2025-04-07,NBA,Charlotte Hornets,Chicago Bulls,117,131,4.2,1.25,0
2025-04-07,NBA,Oklahoma City Thunder,Los Angeles Lakers,99,126,1.26,4.0,0
2025-04-07,NBA,New York Knicks,Phoenix Suns,112,98,1.25,4.2,1
2025-04-07,NBA,Brooklyn Nets,Toronto Raptors,109,120,2.15,1.74,0
2025-04-07,NBA,Cleveland Cavaliers,Sacramento Kings,113,120,1.19,4.5,0
2025-04-07,NBA,Atlanta Hawks,Utah Jazz,147,134,1.1,6.5,1
2025-04-07,NBA,Boston Celtics,Washington Wizards,124,90,1.03,12.0,1
2025-04-07,NBA,Golden State Warriors,Houston Rockets,96,106,1.49,2.7,0
2025-04-07,NBA,Miami Heat,Philadelphia 76ers,117,105,1.14,6.0,1
2025-04-07,NBA,Detroit Pistons,Sacramento Kings,117,127,1.44,2.85,0
2025-04-07,NBA,Denver Nuggets,Indiana Pacers,120,125,1.4,3.05,0
2025-04-07,NBA,New Orleans Pelicans,Milwaukee Bucks,107,111,2.9,1.43,0
2025-04-08,NBA,Miami Heat,Philadelphia 76ers,117,105,1.14,6.0,1
2025-04-08,NBA,Charlotte Hornets,Memphis Grizzlies,100,124,8.0,1.09,0
2025-04-08,NBA,Cleveland Cavaliers,Chicago Bulls,135,113,1.09,8.0,1
2025-04-08,NBA,Detroit Pistons,Sacramento Kings,117,127,1.44,2.85,0
2025-04-08,NBA,Oklahoma City Thunder,Los Angeles Lakers,136,120,1.25,4.2,1
2025-04-08,NBA,Indiana Pacers,Washington Wizards,104,98,1.04,13.0,1
2025-04-08,NBA,Brooklyn Nets,New Orleans Pelicans,119,114,1.83,2.0,1
2025-04-08,NBA,Orlando Magic,Atlanta Hawks,119,112,1.54,2.55,1
2025-04-08,NBA,Phoenix Suns,Golden State Warriors,95,133,4.5,1.22,0
2025-04-08,NBA,Los Angeles Clippers,San Antonio Spurs,122,117,1.13,6.5,1
2025-04-08,NBA,Milwaukee Bucks,Minnesota Timberwolves,110,103,2.9,1.43,1
2025-04-09,NBA,Charlotte Hornets,Memphis Grizzlies,100,124,8.0,1.09,0
2025-04-09,NBA,Cleveland Cavaliers,Chicago Bulls,135,113,1.09,8.0,1
2025-04-09,NBA,Brooklyn Nets,New Orleans Pelicans,119,114,1.83,2.0,1
2025-04-09,NBA,Indiana Pacers,Washington Wizards,104,98,1.04,13.0,1
2025-04-09,NBA,Orlando Magic,Atlanta Hawks,119,112,1.54,2.55,1
2025-04-09,NBA,Phoenix Suns,Golden State Warriors,95,133,4.5,1.22,0
2025-04-09,NBA,Los Angeles Clippers,San Antonio Spurs,122,117,1.13,6.5,1
2025-04-09,NBA,Milwaukee Bucks,Minnesota Timberwolves,110,103,2.9,1.43,1
2025-04-09,NBA,Oklahoma City Thunder,Los Angeles Lakers,136,120,1.25,4.2,1
2025-04-09,NBA,Orlando Magic,Boston Celtics,96,76,1.29,3.7,1
2025-04-09,NBA,Washington Wizards,Philadelphia 76ers,103,122,2.25,1.67,0
2025-04-09,NBA,Toronto Raptors,Charlotte Hornets,126,96,1.17,5.25,1
2025-04-09,NBA,Chicago Bulls,Miami Heat,119,111,2.1,1.77,1
2025-04-09,NBA,Phoenix Suns,Oklahoma City Thunder,112,125,3.3,1.36,0
2025-04-09,NBA,Golden State Warriors,San Antonio Spurs,111,114,1.06,10.5,0
2025-04-09,NBA,Dallas Mavericks,Los Angeles Lakers,97,112,2.65,1.5,0
2025-04-09,NBA,Los Angeles Clippers,Houston Rockets,134,117,1.22,4.5,1
2025-04-09,NBA,Sacramento Kings,Denver Nuggets,116,124,2.6,1.53,0
2025-04-10,NBA,Washington Wizards,Philadelphia 76ers,103,122,2.25,1.67,0
2025-04-10,NBA,Chicago Bulls,Miami Heat,119,111,2.1,1.77,1
2025-04-10,NBA,Orlando Magic,Boston Celtics,96,76,1.29,3.7,1
2025-04-10,NBA,Phoenix Suns,Oklahoma City Thunder,112,125,3.3,1.36,0
2025-04-10,NBA,Toronto Raptors,Charlotte Hornets,126,96,1.17,5.25,1
2025-04-10,NBA,Golden State Warriors,San Antonio Spurs,111,114,1.06,10.5,0
2025-04-10,NBA,Dallas Mavericks,Los Angeles Lakers,97,112,2.65,1.5,0
2025-04-10,NBA,Sacramento Kings,Denver Nuggets,116,124,2.6,1.53,0
2025-04-10,NBA,Los Angeles Clippers,Houston Rockets,134,117,1.22,4.5,1
2025-04-10,NBA,Indiana Pacers,Cleveland Cavaliers,114,112,1.24,4.25,1
2025-04-10,NBA,Brooklyn Nets,Atlanta Hawks,109,133,7.0,1.11,0
2025-04-10,NBA,Detroit Pistons,New York Knicks,115,106,1.61,2.4,1
2025-04-10,NBA,Memphis Grizzlies,Minnesota Timberwolves,125,141,2.15,1.74,0
2025-04-10,NBA,Milwaukee Bucks,New Orleans Pelicans,136,111,1.08,9.0,1
2025-04-11,NBA,Detroit Pistons,New York Knicks,115,106,1.61,2.4,1
2025-04-11,NBA,Detroit Pistons,Milwaukee Bucks,119,125,1.54,2.55,0
2025-04-11,NBA,Memphis Grizzlies,Minnesota Timberwolves,125,141,2.15,1.74,0
2025-04-11,NBA,Indiana Pacers,Cleveland Cavaliers,114,112,1.24,4.25,1
2025-04-11,NBA,Brooklyn Nets,Atlanta Hawks,109,133,7.0,1.11,0
2025-04-11,NBA,Indiana Pacers,Orlando Magic,115,129,1.65,2.3,0
2025-04-11,NBA,Milwaukee Bucks,New Orleans Pelicans,136,111,1.08,9.0,1
2025-04-11,NBA,Chicago Bulls,Washington Wizards,119,89,1.09,8.0,1
2025-04-11,NBA,New York Knicks,Cleveland Cavaliers,102,108,1.65,2.3,0
2025-04-11,NBA,Philadelphia 76ers,Atlanta Hawks,110,124,5.75,1.15,0
2025-04-11,NBA,Boston Celtics,Charlotte Hornets,130,94,1.04,13.5,1
2025-04-11,NBA,Portland Trail Blazers,Golden State Warriors,86,103,8.0,1.09,0
2025-04-11,NBA,Dallas Mavericks,Toronto Raptors,124,102,1.17,5.25,1
2025-04-11,NBA,New Orleans Pelicans,Miami Heat,104,153,8.0,1.09,0
2025-04-11,NBA,Phoenix Suns,San Antonio Spurs,117,98,1.54,2.55,1
2025-04-11,NBA,Denver Nuggets,Memphis Grizzlies,117,109,1.34,3.35,1
2025-04-11,NBA,Los Angeles Lakers,Houston Rockets,140,109,1.12,6.75,1
2025-04-11,NBA,Minnesota Timberwolves,Brooklyn Nets,117,91,1.03,14.0,1
2025-04-11,NBA,Utah Jazz,Oklahoma City Thunder,111,145,4.0,1.26,0
2025-04-11,NBA,Sacramento Kings,Los Angeles Clippers,100,101,3.2,1.37,0
2025-04-12,NBA,Chicago Bulls,Washington Wizards,119,89,1.09,8.0,1
2025-04-12,NBA,Boston Celtics,Charlotte Hornets,130,94,1.04,13.5,1
2025-04-12,NBA,Detroit Pistons,Milwaukee Bucks,119,125,1.54,2.55,0
2025-04-12,NBA,Indiana Pacers,Orlando Magic,115,129,1.65,2.3,0
2025-04-12,NBA,New York Knicks,Cleveland Cavaliers,102,108,1.65,2.3,0
2025-04-12,NBA,Dallas Mavericks,Toronto Raptors,124,102,1.17,5.25,1
2025-04-12,NBA,New Orleans Pelicans,Miami Heat,104,153,8.0,1.09,0
2025-04-12,NBA,Philadelphia 76ers,Atlanta Hawks,110,124,5.75,1.15,0
2025-04-12,NBA,Denver Nuggets,Memphis Grizzlies,117,109,1.34,3.35,1
2025-04-12,NBA,Utah Jazz,Oklahoma City Thunder,111,145,4.0,1.26,0
2025-04-12,NBA,Phoenix Suns,San Antonio Spurs,117,98,1.54,2.55,1
2025-04-12,NBA,Portland Trail Blazers,Golden State Warriors,86,103,8.0,1.09,0
2025-04-12,NBA,Los Angeles Lakers,Houston Rockets,140,109,1.12,6.75,1
2025-04-12,NBA,Sacramento Kings,Los Angeles Clippers,100,101,3.2,1.37,0
2025-04-12,NBA,Minnesota Timberwolves,Brooklyn Nets,117,91,1.03,14.0,1
2025-04-13,NBA,Atlanta Hawks,Orlando Magic,117,105,2.25,1.67,1
2025-04-13,NBA,Houston Rockets,Denver Nuggets,111,126,3.05,1.4,0
2025-04-13,NBA,Philadelphia 76ers,Chicago Bulls,102,122,3.8,1.28,0
2025-04-13,NBA,Memphis Grizzlies,Dallas Mavericks,132,97,2.1,1.77,1
2025-04-13,NBA,Miami Heat,Washington Wizards,118,119,1.29,3.75,0
2025-04-13,NBA,Minnesota Timberwolves,Utah Jazz,116,105,1.02,17.0,1
2025-04-13,NBA,Brooklyn Nets,New York Knicks,105,113,2.5,1.56,0
2025-04-13,NBA,Boston Celtics,Charlotte Hornets,93,86,1.2,4.75,1
2025-04-13,NBA,Portland Trail Blazers,Los Angeles Lakers,109,81,1.45,2.8,1
2025-04-13,NBA,San Antonio Spurs,Toronto Raptors,125,118,1.56,2.5,1
2025-04-13,NBA,Sacramento Kings,Phoenix Suns,109,98,1.1,7.5,1
2025-04-13,NBA,New Orleans Pelicans,Oklahoma City Thunder,100,115,6.25,1.13,0
