date,sport,league,category,home,away,hs,as,home_won,total_score,btts,odds_1,odds_x,odds_2,odds_over_0_5,odds_under_0_5,odds_over_1_5,odds_under_1_5,odds_over_2_5,odds_under_2_5,odds_over_3_5,odds_under_3_5,odds_btts_y,odds_btts_n
2025-01-12,tennis,"Australian Open, Melbourne, Australia",ATP,Hugo Gaston,Omar Jasika,3,1,True,4,True,1.36,,3.2,,,,,,,,,,
2025-01-12,tennis,"Australian Open, Melbourne, Australia",ATP,Otto Virtanen,Arthur Fils,1,3,False,4,True,6.0,,1.13,,,,,,,,,,
2025-01-12,tennis,"Australian Open, Melbourne, Australia",ATP,Kei Nishikori,Thiago Monteiro,3,2,True,5,True,1.2,,4.5,,,,,,,,,,
2025-01-12,tennis,"Australian Open, Melbourne, Australia",ATP,Casper Ruud,Jaume Munar,3,2,True,5,True,1.17,,5.0,,,,,,,,,,
2025-01-12,tennis,"Australian Open, Melbourne, Australia",ATP,Hady Habib,Yunchaokete Bu,3,0,True,3,False,3.2,,1.36,,,,,,,,,,
2025-01-12,tennis,"Australian Open, Melbourne, Australia",ATP,Jiri Lehečka,Li Tu,3,1,True,4,True,1.07,,9.0,,,,,,,,,,
2025-01-12,tennis,"Australian Open, Melbourne, Australia",ATP,Sumit Nagal,Tomaš Machač,0,3,False,3,False,11.0,,1.05,,,,,,,,,,
2025-01-12,tennis,"Australian Open, Melbourne, Australia",ATP,Ugo Humbert,Matteo Gigante,3,0,True,3,False,1.08,,8.0,,,,,,,,,,
2025-01-12,tennis,"Australian Open, Melbourne, Australia",ATP,Gauthier Onclin,Reilly Opelka,1,3,False,4,True,3.75,,1.29,,,,,,,,,,
2025-01-12,tennis,"Australian Open, Melbourne, Australia",ATP,Adam Walton,Quentin Halys,2,3,False,5,True,1.8,,2.0,,,,,,,,,,
2025-01-12,tennis,"Australian Open, Melbourne, Australia",ATP,Lucas Pouille,Alexander Zverev,0,3,False,3,False,19.0,,1.02,,,,,,,,,,
2025-01-12,tennis,"Australian Open, Melbourne, Australia",WTA,Bernarda Pera,Tatjana Maria,0,2,False,2,False,1.44,,2.75,,,,,,,,,,
2025-01-12,tennis,"Australian Open, Melbourne, Australia",WTA,Marie Bouzkova,Mirra Andreeva,0,2,False,2,False,3.75,,1.29,,,,,,,,,,
2025-01-12,tennis,"Australian Open, Melbourne, Australia",WTA,Veronika Erjavec,Suzan Lamens,0,2,False,2,False,2.63,,1.5,,,,,,,,,,
2025-01-12,tennis,"Australian Open, Melbourne, Australia",WTA,Yuliia Starodubtseva,Leylah Fernandez,0,2,False,2,False,5.5,,1.14,,,,,,,,,,
2025-01-12,tennis,"Australian Open, Melbourne, Australia",WTA,Anca Todoni,Qinwen Zheng,0,2,False,2,False,7.0,,1.1,,,,,,,,,,
2025-01-12,tennis,"Australian Open, Melbourne, Australia",WTA,Diane Parry,Donna Vekić,0,2,False,2,False,3.75,,1.29,,,,,,,,,,
2025-01-12,tennis,"Australian Open, Melbourne, Australia",WTA,Paula Badosa,Xinyu Wang,2,0,True,2,False,1.25,,4.0,,,,,,,,,,
2025-01-12,tennis,"Australian Open, Melbourne, Australia",WTA,Clara Tauson,Linda Noskova,2,1,True,3,True,2.0,,1.8,,,,,,,,,,
2025-01-12,tennis,"Australian Open, Melbourne, Australia",WTA,Sonay Kartal,Jessica Bouzas Maneiro,0,2,False,2,False,1.67,,2.2,,,,,,,,,,
2025-01-12,tennis,"Australian Open, Melbourne, Australia",WTA,Aryna Sabalenka,Sloane Stephens,2,0,True,2,False,1.03,,15.0,,,,,,,,,,
2025-01-12,tennis,"Australian Open, Melbourne, Australia",WTA,Cristina Bucsa,Chloe Paquet,2,0,True,2,False,1.36,,3.2,,,,,,,,,,
2025-01-12,tennis,"Australian Open, Melbourne, Australia",ATP,Hugo Gaston,Omar Jasika,3,1,True,4,True,1.36,,3.2,,,,,,,,,,
2025-01-12,tennis,"Australian Open, Melbourne, Australia",ATP,Otto Virtanen,Arthur Fils,1,3,False,4,True,6.0,,1.13,,,,,,,,,,
2025-01-12,tennis,"Australian Open, Melbourne, Australia",ATP,Kei Nishikori,Thiago Monteiro,3,2,True,5,True,1.2,,4.5,,,,,,,,,,
2025-01-12,tennis,"Australian Open, Melbourne, Australia",ATP,Casper Ruud,Jaume Munar,3,2,True,5,True,1.17,,5.0,,,,,,,,,,
2025-01-12,tennis,"Australian Open, Melbourne, Australia",ATP,Hady Habib,Yunchaokete Bu,3,0,True,3,False,3.2,,1.36,,,,,,,,,,
2025-01-12,tennis,"Australian Open, Melbourne, Australia",ATP,Jiri Lehečka,Li Tu,3,1,True,4,True,1.07,,9.0,,,,,,,,,,
2025-01-12,tennis,"Australian Open, Melbourne, Australia",ATP,Sumit Nagal,Tomaš Machač,0,3,False,3,False,11.0,,1.05,,,,,,,,,,
2025-01-12,tennis,"Australian Open, Melbourne, Australia",ATP,Ugo Humbert,Matteo Gigante,3,0,True,3,False,1.08,,8.0,,,,,,,,,,
2025-01-12,tennis,"Australian Open, Melbourne, Australia",ATP,Gauthier Onclin,Reilly Opelka,1,3,False,4,True,3.75,,1.29,,,,,,,,,,
2025-01-12,tennis,"Australian Open, Melbourne, Australia",ATP,Adam Walton,Quentin Halys,2,3,False,5,True,1.8,,2.0,,,,,,,,,,
2025-01-12,tennis,"Australian Open, Melbourne, Australia",ATP,Lucas Pouille,Alexander Zverev,0,3,False,3,False,19.0,,1.02,,,,,,,,,,
2025-01-12,tennis,"Australian Open, Melbourne, Australia",WTA,Bernarda Pera,Tatjana Maria,0,2,False,2,False,1.44,,2.75,,,,,,,,,,
2025-01-12,tennis,"Australian Open, Melbourne, Australia",WTA,Marie Bouzkova,Mirra Andreeva,0,2,False,2,False,3.75,,1.29,,,,,,,,,,
2025-01-12,tennis,"Australian Open, Melbourne, Australia",WTA,Veronika Erjavec,Suzan Lamens,0,2,False,2,False,2.63,,1.5,,,,,,,,,,
2025-01-12,tennis,"Australian Open, Melbourne, Australia",WTA,Yuliia Starodubtseva,Leylah Fernandez,0,2,False,2,False,5.5,,1.14,,,,,,,,,,
2025-01-12,tennis,"Australian Open, Melbourne, Australia",WTA,Anca Todoni,Qinwen Zheng,0,2,False,2,False,7.0,,1.1,,,,,,,,,,
2025-01-12,tennis,"Australian Open, Melbourne, Australia",WTA,Diane Parry,Donna Vekić,0,2,False,2,False,3.75,,1.29,,,,,,,,,,
2025-01-12,tennis,"Australian Open, Melbourne, Australia",WTA,Paula Badosa,Xinyu Wang,2,0,True,2,False,1.25,,4.0,,,,,,,,,,
2025-01-12,tennis,"Australian Open, Melbourne, Australia",WTA,Clara Tauson,Linda Noskova,2,1,True,3,True,2.0,,1.8,,,,,,,,,,
2025-01-12,tennis,"Australian Open, Melbourne, Australia",WTA,Sonay Kartal,Jessica Bouzas Maneiro,0,2,False,2,False,1.67,,2.2,,,,,,,,,,
2025-01-12,tennis,"Australian Open, Melbourne, Australia",WTA,Aryna Sabalenka,Sloane Stephens,2,0,True,2,False,1.03,,15.0,,,,,,,,,,
2025-01-12,tennis,"Australian Open, Melbourne, Australia",WTA,Cristina Bucsa,Chloe Paquet,2,0,True,2,False,1.36,,3.2,,,,,,,,,,
2025-01-13,tennis,"Australian Open, Melbourne, Australia",WTA,Anna Blinkova,Daria Saville,2,1,True,3,True,1.5,,2.63,,,,,,,,,,
2025-01-13,tennis,"Australian Open, Melbourne, Australia",ATP,Alejandro Tabilo,Roberto Carballés Baena,1,3,False,4,True,1.5,,2.63,,,,,,,,,,
2025-01-13,tennis,"Australian Open, Melbourne, Australia",ATP,Arthur Rinderknech,Frances Tiafoe,2,3,False,5,True,3.75,,1.29,,,,,,,,,,
2025-01-13,tennis,"Australian Open, Melbourne, Australia",ATP,Nikoloz Basilashvili,Jakub Menšik,1,3,False,4,True,5.0,,1.17,,,,,,,,,,
2025-01-13,tennis,"Australian Open, Melbourne, Australia",ATP,Stefanos Tsitsipas,Alex Michelsen,1,3,False,4,True,1.57,,2.38,,,,,,,,,,
2025-01-13,tennis,"Australian Open, Melbourne, Australia",ATP,Alexandre Muller,Nuno Borges,1,3,False,4,True,2.2,,1.67,,,,,,,,,,
2025-01-13,tennis,"Australian Open, Melbourne, Australia",ATP,Thiago Seyboth Wild,Fábián Marozsán,2,3,False,5,True,3.0,,1.4,,,,,,,,,,
2025-01-13,tennis,"Australian Open, Melbourne, Australia",ATP,James Duckworth,Dominic Stricker,3,0,True,3,False,1.73,,2.1,,,,,,,,,,
2025-01-13,tennis,"Australian Open, Melbourne, Australia",ATP,James McCabe,Martin Landaluce,3,0,True,3,False,3.5,,1.3,,,,,,,,,,
2025-01-13,tennis,"Australian Open, Melbourne, Australia",ATP,Jannik Sinner,Nicolas Jarry,3,0,True,3,False,1.01,,26.0,,,,,,,,,,
2025-01-13,tennis,"Australian Open, Melbourne, Australia",ATP,Damir Džumhur,Aleksandar Vukic,2,3,False,5,True,3.75,,1.29,,,,,,,,,,
2025-01-13,tennis,"Australian Open, Melbourne, Australia",ATP,Jordan Thompson,Dominik Koepfer,3,1,True,4,True,1.36,,3.2,,,,,,,,,,
2025-01-13,tennis,"Australian Open, Melbourne, Australia",ATP,Tristan Schoolkate,Taro Daniel,3,1,True,4,True,2.0,,1.8,,,,,,,,,,
2025-01-13,tennis,"Australian Open, Melbourne, Australia",ATP,Jack Draper,Mariano Navone,3,2,True,5,True,1.03,,11.0,,,,,,,,,,
2025-01-13,tennis,"Australian Open, Melbourne, Australia",ATP,Thanasi Kokkinakis,Roman Safiullin,3,1,True,4,True,1.54,,2.37,,,,,,,,,,
2025-01-13,tennis,"Australian Open, Melbourne, Australia",ATP,Sebastián Báez,Arthur Cazaux,2,3,False,5,True,3.0,,1.37,,,,,,,,,,
2025-01-13,tennis,"Australian Open, Melbourne, Australia",ATP,Yoshihito Nishioka,Aziz Dougaz,3,1,True,4,True,1.11,,5.5,,,,,,,,,,
2025-01-13,tennis,"Australian Open, Melbourne, Australia",ATP,Lukas Klein,Sebastian Korda,1,3,False,4,True,3.4,,1.33,,,,,,,,,,
2025-01-13,tennis,"Australian Open, Melbourne, Australia",ATP,Jaime Faria,Pavel Kotov,3,0,True,3,False,2.38,,1.57,,,,,,,,,,
2025-01-13,tennis,"Australian Open, Melbourne, Australia",ATP,Jan-Lennard Struff,Felix Auger-Aliassime,1,3,False,4,True,2.75,,1.44,,,,,,,,,,
2025-01-13,tennis,"Australian Open, Melbourne, Australia",ATP,Alexander Shevchenko,Carlos Alcaraz,0,3,False,3,False,29.0,,1.01,,,,,,,,,,
2025-01-13,tennis,"Australian Open, Melbourne, Australia",ATP,Jacob Fearnley,Nick Kyrgios,3,0,True,3,False,2.0,,1.8,,,,,,,,,,
2025-01-13,tennis,"Australian Open, Melbourne, Australia",ATP,Novak Djokovic,Nishesh Basavareddy,3,1,True,4,True,1.04,,13.0,,,,,,,,,,
2025-01-13,tennis,"Australian Open, Melbourne, Australia",ATP,David Goffin,Benjamin Bonzi,0,3,False,3,False,2.63,,1.5,,,,,,,,,,
2025-01-13,tennis,"Australian Open, Melbourne, Australia",ATP,Christopher O'Connell,Tommy Paul,2,3,False,5,True,5.0,,1.17,,,,,,,,,,
2025-01-13,tennis,"Australian Open, Melbourne, Australia",WTA,Anna Blinkova,Daria Saville,2,1,True,3,True,1.5,,2.63,,,,,,,,,,
2025-01-13,tennis,"Australian Open, Melbourne, Australia",WTA,Arantxa Rus,Olga Danilović,0,2,False,2,False,2.75,,1.44,,,,,,,,,,
2025-01-13,tennis,"Australian Open, Melbourne, Australia",WTA,Diana Shnaider,Elisabetta Cocciaretto,2,0,True,2,False,1.17,,5.0,,,,,,,,,,
2025-01-13,tennis,"Australian Open, Melbourne, Australia",WTA,Laura Siegemund,Hailey Baptiste,2,1,True,3,True,2.1,,1.73,,,,,,,,,,
2025-01-13,tennis,"Australian Open, Melbourne, Australia",WTA,Leolia Jeanjean,Jodie Burrage,0,2,False,2,False,2.2,,1.67,,,,,,,,,,
2025-01-13,tennis,"Australian Open, Melbourne, Australia",WTA,Liudmila Samsonova,Kamilla Rakhimova,2,0,True,2,False,1.2,,4.5,,,,,,,,,,
2025-01-13,tennis,"Australian Open, Melbourne, Australia",WTA,Moyuka Uchijima,Magda Linette,2,1,True,3,True,3.2,,1.36,,,,,,,,,,
2025-01-13,tennis,"Australian Open, Melbourne, Australia",WTA,Rebecca Šramková,Katie Volynets,2,1,True,3,True,2.1,,1.73,,,,,,,,,,
2025-01-13,tennis,"Australian Open, Melbourne, Australia",WTA,Zeynep Sönmez,Talia Gibson,1,2,False,3,True,1.5,,2.63,,,,,,,,,,
2025-01-13,tennis,"Australian Open, Melbourne, Australia",WTA,Ajla Tomljanovic,Ashlyn Krueger,2,1,True,3,True,3.0,,1.4,,,,,,,,,,
2025-01-13,tennis,"Australian Open, Melbourne, Australia",WTA,Coco Gauff,Sofia Kenin,2,0,True,2,False,1.05,,11.0,,,,,,,,,,
2025-01-13,tennis,"Australian Open, Melbourne, Australia",WTA,Magdalena Frech,Polina Kudermetova,2,0,True,2,False,2.3,,1.62,,,,,,,,,,
2025-01-13,tennis,"Australian Open, Melbourne, Australia",WTA,Elina Svitolina,Sorana Cirstea,2,0,True,2,False,1.25,,4.0,,,,,,,,,,
2025-01-13,tennis,"Australian Open, Melbourne, Australia",WTA,Lucia Bronzetti,Victoria Azarenka,2,0,True,2,False,3.75,,1.29,,,,,,,,,,
2025-01-13,tennis,"Australian Open, Melbourne, Australia",WTA,Sara Bejlek,Caroline Dolehide,0,2,False,2,False,1.44,,2.75,,,,,,,,,,
2025-01-13,tennis,"Australian Open, Melbourne, Australia",WTA,Katerina Siniakova,Iga Swiatek,0,2,False,2,False,10.0,,1.06,,,,,,,,,,
2025-01-13,tennis,"Australian Open, Melbourne, Australia",WTA,Tamara Zidanšek,Anastasia Potapova,0,2,False,2,False,3.75,,1.29,,,,,,,,,,
2025-01-13,tennis,"Australian Open, Melbourne, Australia",WTA,Belinda Bencic,Jelena Ostapenko,2,0,True,2,False,1.54,,2.37,,,,,,,,,,
2025-01-13,tennis,"Australian Open, Melbourne, Australia",WTA,Anastasia Pavlyuchenkova,Yue Yuan,2,1,True,3,True,1.63,,2.2,,,,,,,,,,
2025-01-13,tennis,"Australian Open, Melbourne, Australia",WTA,Jule Niemeier,Maja Chwalinska,2,0,True,2,False,2.62,,1.47,,,,,,,,,,
2025-01-13,tennis,"Australian Open, Melbourne, Australia",WTA,Maya Joint,Jessica Pegula,0,2,False,2,False,4.5,,1.17,,,,,,,,,,
2025-01-13,tennis,"Australian Open, Melbourne, Australia",WTA,Petra Martić,Jaqueline Cristian,1,2,False,3,True,2.5,,1.53,,,,,,,,,,
2025-01-13,tennis,"Australian Open, Melbourne, Australia",WTA,Nao Hibino,Marta Kostyuk,1,2,False,3,True,4.0,,1.25,,,,,,,,,,
2025-01-13,tennis,"Australian Open, Melbourne, Australia",WTA,Elise Mertens,Viktorija Golubic,2,1,True,3,True,1.44,,2.75,,,,,,,,,,
2025-01-13,tennis,"Australian Open, Melbourne, Australia",WTA,Greet Minnen,Destanee Aiava,1,2,False,3,True,1.67,,2.2,,,,,,,,,,
2025-01-13,tennis,"Australian Open, Melbourne, Australia",WTA,Karolina Muchova,Nadia Podoroska,2,0,True,2,False,1.04,,13.0,,,,,,,,,,
2025-01-13,tennis,"Australian Open, Melbourne, Australia",ATP,Alejandro Tabilo,Roberto Carballés Baena,1,3,False,4,True,1.5,,2.63,,,,,,,,,,
2025-01-13,tennis,"Australian Open, Melbourne, Australia",ATP,Arthur Rinderknech,Frances Tiafoe,2,3,False,5,True,3.75,,1.29,,,,,,,,,,
2025-01-13,tennis,"Australian Open, Melbourne, Australia",ATP,Nikoloz Basilashvili,Jakub Menšik,1,3,False,4,True,5.0,,1.17,,,,,,,,,,
2025-01-13,tennis,"Australian Open, Melbourne, Australia",ATP,Stefanos Tsitsipas,Alex Michelsen,1,3,False,4,True,1.57,,2.38,,,,,,,,,,
2025-01-13,tennis,"Australian Open, Melbourne, Australia",ATP,Alexandre Muller,Nuno Borges,1,3,False,4,True,2.2,,1.67,,,,,,,,,,
2025-01-13,tennis,"Australian Open, Melbourne, Australia",ATP,Thiago Seyboth Wild,Fábián Marozsán,2,3,False,5,True,3.0,,1.4,,,,,,,,,,
2025-01-13,tennis,"Australian Open, Melbourne, Australia",ATP,James Duckworth,Dominic Stricker,3,0,True,3,False,1.73,,2.1,,,,,,,,,,
2025-01-13,tennis,"Australian Open, Melbourne, Australia",ATP,James McCabe,Martin Landaluce,3,0,True,3,False,3.5,,1.3,,,,,,,,,,
2025-01-13,tennis,"Australian Open, Melbourne, Australia",ATP,Jannik Sinner,Nicolas Jarry,3,0,True,3,False,1.01,,26.0,,,,,,,,,,
2025-01-13,tennis,"Australian Open, Melbourne, Australia",ATP,Damir Džumhur,Aleksandar Vukic,2,3,False,5,True,3.75,,1.29,,,,,,,,,,
2025-01-13,tennis,"Australian Open, Melbourne, Australia",ATP,Jordan Thompson,Dominik Koepfer,3,1,True,4,True,1.36,,3.2,,,,,,,,,,
2025-01-13,tennis,"Australian Open, Melbourne, Australia",ATP,Tristan Schoolkate,Taro Daniel,3,1,True,4,True,2.0,,1.8,,,,,,,,,,
2025-01-13,tennis,"Australian Open, Melbourne, Australia",ATP,Jack Draper,Mariano Navone,3,2,True,5,True,1.03,,11.0,,,,,,,,,,
2025-01-13,tennis,"Australian Open, Melbourne, Australia",ATP,Thanasi Kokkinakis,Roman Safiullin,3,1,True,4,True,1.54,,2.37,,,,,,,,,,
2025-01-13,tennis,"Australian Open, Melbourne, Australia",ATP,Sebastián Báez,Arthur Cazaux,2,3,False,5,True,3.0,,1.37,,,,,,,,,,
2025-01-13,tennis,"Australian Open, Melbourne, Australia",ATP,Yoshihito Nishioka,Aziz Dougaz,3,1,True,4,True,1.11,,5.5,,,,,,,,,,
2025-01-13,tennis,"Australian Open, Melbourne, Australia",ATP,Lukas Klein,Sebastian Korda,1,3,False,4,True,3.4,,1.33,,,,,,,,,,
2025-01-13,tennis,"Australian Open, Melbourne, Australia",ATP,Jaime Faria,Pavel Kotov,3,0,True,3,False,2.38,,1.57,,,,,,,,,,
2025-01-13,tennis,"Australian Open, Melbourne, Australia",ATP,Jan-Lennard Struff,Felix Auger-Aliassime,1,3,False,4,True,2.75,,1.44,,,,,,,,,,
2025-01-13,tennis,"Australian Open, Melbourne, Australia",ATP,Alexander Shevchenko,Carlos Alcaraz,0,3,False,3,False,29.0,,1.01,,,,,,,,,,
2025-01-13,tennis,"Australian Open, Melbourne, Australia",ATP,Jacob Fearnley,Nick Kyrgios,3,0,True,3,False,2.0,,1.8,,,,,,,,,,
2025-01-13,tennis,"Australian Open, Melbourne, Australia",ATP,Novak Djokovic,Nishesh Basavareddy,3,1,True,4,True,1.04,,13.0,,,,,,,,,,
2025-01-13,tennis,"Australian Open, Melbourne, Australia",ATP,David Goffin,Benjamin Bonzi,0,3,False,3,False,2.63,,1.5,,,,,,,,,,
2025-01-13,tennis,"Australian Open, Melbourne, Australia",ATP,Christopher O'Connell,Tommy Paul,2,3,False,5,True,5.0,,1.17,,,,,,,,,,
2025-01-13,tennis,"Australian Open, Melbourne, Australia",WTA,Anna Blinkova,Daria Saville,2,1,True,3,True,1.5,,2.63,,,,,,,,,,
2025-01-13,tennis,"Australian Open, Melbourne, Australia",WTA,Arantxa Rus,Olga Danilović,0,2,False,2,False,2.75,,1.44,,,,,,,,,,
2025-01-13,tennis,"Australian Open, Melbourne, Australia",WTA,Diana Shnaider,Elisabetta Cocciaretto,2,0,True,2,False,1.17,,5.0,,,,,,,,,,
2025-01-13,tennis,"Australian Open, Melbourne, Australia",WTA,Laura Siegemund,Hailey Baptiste,2,1,True,3,True,2.1,,1.73,,,,,,,,,,
2025-01-13,tennis,"Australian Open, Melbourne, Australia",WTA,Leolia Jeanjean,Jodie Burrage,0,2,False,2,False,2.2,,1.67,,,,,,,,,,
2025-01-13,tennis,"Australian Open, Melbourne, Australia",WTA,Liudmila Samsonova,Kamilla Rakhimova,2,0,True,2,False,1.2,,4.5,,,,,,,,,,
2025-01-13,tennis,"Australian Open, Melbourne, Australia",WTA,Moyuka Uchijima,Magda Linette,2,1,True,3,True,3.2,,1.36,,,,,,,,,,
2025-01-13,tennis,"Australian Open, Melbourne, Australia",WTA,Rebecca Šramková,Katie Volynets,2,1,True,3,True,2.1,,1.73,,,,,,,,,,
2025-01-13,tennis,"Australian Open, Melbourne, Australia",WTA,Zeynep Sönmez,Talia Gibson,1,2,False,3,True,1.5,,2.63,,,,,,,,,,
2025-01-13,tennis,"Australian Open, Melbourne, Australia",WTA,Ajla Tomljanovic,Ashlyn Krueger,2,1,True,3,True,3.0,,1.4,,,,,,,,,,
2025-01-13,tennis,"Australian Open, Melbourne, Australia",WTA,Coco Gauff,Sofia Kenin,2,0,True,2,False,1.05,,11.0,,,,,,,,,,
2025-01-13,tennis,"Australian Open, Melbourne, Australia",WTA,Magdalena Frech,Polina Kudermetova,2,0,True,2,False,2.3,,1.62,,,,,,,,,,
2025-01-13,tennis,"Australian Open, Melbourne, Australia",WTA,Elina Svitolina,Sorana Cirstea,2,0,True,2,False,1.25,,4.0,,,,,,,,,,
2025-01-13,tennis,"Australian Open, Melbourne, Australia",WTA,Lucia Bronzetti,Victoria Azarenka,2,0,True,2,False,3.75,,1.29,,,,,,,,,,
2025-01-13,tennis,"Australian Open, Melbourne, Australia",WTA,Sara Bejlek,Caroline Dolehide,0,2,False,2,False,1.44,,2.75,,,,,,,,,,
2025-01-13,tennis,"Australian Open, Melbourne, Australia",WTA,Katerina Siniakova,Iga Swiatek,0,2,False,2,False,10.0,,1.06,,,,,,,,,,
2025-01-13,tennis,"Australian Open, Melbourne, Australia",WTA,Tamara Zidanšek,Anastasia Potapova,0,2,False,2,False,3.75,,1.29,,,,,,,,,,
2025-01-13,tennis,"Australian Open, Melbourne, Australia",WTA,Belinda Bencic,Jelena Ostapenko,2,0,True,2,False,1.54,,2.37,,,,,,,,,,
2025-01-13,tennis,"Australian Open, Melbourne, Australia",WTA,Anastasia Pavlyuchenkova,Yue Yuan,2,1,True,3,True,1.63,,2.2,,,,,,,,,,
2025-01-13,tennis,"Australian Open, Melbourne, Australia",WTA,Jule Niemeier,Maja Chwalinska,2,0,True,2,False,2.62,,1.47,,,,,,,,,,
2025-01-13,tennis,"Australian Open, Melbourne, Australia",WTA,Maya Joint,Jessica Pegula,0,2,False,2,False,4.5,,1.17,,,,,,,,,,
2025-01-13,tennis,"Australian Open, Melbourne, Australia",WTA,Petra Martić,Jaqueline Cristian,1,2,False,3,True,2.5,,1.53,,,,,,,,,,
2025-01-13,tennis,"Australian Open, Melbourne, Australia",WTA,Nao Hibino,Marta Kostyuk,1,2,False,3,True,4.0,,1.25,,,,,,,,,,
2025-01-13,tennis,"Australian Open, Melbourne, Australia",WTA,Elise Mertens,Viktorija Golubic,2,1,True,3,True,1.44,,2.75,,,,,,,,,,
2025-01-13,tennis,"Australian Open, Melbourne, Australia",WTA,Greet Minnen,Destanee Aiava,1,2,False,3,True,1.67,,2.2,,,,,,,,,,
2025-01-13,tennis,"Australian Open, Melbourne, Australia",WTA,Karolina Muchova,Nadia Podoroska,2,0,True,2,False,1.04,,13.0,,,,,,,,,,
2025-01-14,tennis,"Australian Open, Melbourne, Australia",WTA,Daria Snigur,Danielle Collins,0,2,False,2,False,3.5,,1.3,,,,,,,,,,
2025-01-14,tennis,"Australian Open, Melbourne, Australia",WTA,Naomi Osaka,Caroline Garcia,2,1,True,3,True,1.2,,4.5,,,,,,,,,,
2025-01-14,tennis,"Australian Open, Melbourne, Australia",ATP,Adrian Mannarino,Karen Khachanov,0,3,False,3,False,7.0,,1.1,,,,,,,,,,
2025-01-14,tennis,"Australian Open, Melbourne, Australia",ATP,Gabriel Diallo,Luca Nardi,3,2,True,5,True,1.44,,2.75,,,,,,,,,,
2025-01-14,tennis,"Australian Open, Melbourne, Australia",ATP,Matteo Berrettini,Cameron Norrie,3,1,True,4,True,1.36,,3.2,,,,,,,,,,
2025-01-14,tennis,"Australian Open, Melbourne, Australia",ATP,Miomir Kecmanović,Dušan Lajović,3,2,True,5,True,1.17,,5.0,,,,,,,,,,
2025-01-14,tennis,"Australian Open, Melbourne, Australia",ATP,Zhizhen Zhang,Holger Rune,2,3,False,5,True,3.5,,1.3,,,,,,,,,,
2025-01-14,tennis,"Australian Open, Melbourne, Australia",ATP,Camilo Ugo Carabelli,Learner Tien,2,3,False,5,True,5.5,,1.14,,,,,,,,,,
2025-01-14,tennis,"Australian Open, Melbourne, Australia",ATP,Taylor Fritz,Jenson Brooksby,3,0,True,3,False,1.02,,17.0,,,,,,,,,,
2025-01-14,tennis,"Australian Open, Melbourne, Australia",ATP,Borna Ćorić,Cristian Garin,0,3,False,3,False,1.8,,2.0,,,,,,,,,,
2025-01-14,tennis,"Australian Open, Melbourne, Australia",ATP,Francisco Cerundolo,Alexander Bublik,3,0,True,3,False,1.57,,2.38,,,,,,,,,,
2025-01-14,tennis,"Australian Open, Melbourne, Australia",ATP,Gael Monfils,Giovanni Mpetshi Perricard,3,2,True,5,True,2.3,,1.62,,,,,,,,,,
2025-01-14,tennis,"Australian Open, Melbourne, Australia",ATP,Hubert Hurkacz,Tallon Griekspoor,3,0,True,3,False,1.36,,3.2,,,,,,,,,,
2025-01-14,tennis,"Australian Open, Melbourne, Australia",ATP,Facundo Diaz Acosta,Zizou Bergs,3,2,True,5,True,2.75,,1.44,,,,,,,,,,
2025-01-14,tennis,"Australian Open, Melbourne, Australia",ATP,Kasidit Samrej,Daniil Medvedev,2,3,False,5,True,51.0,,1.0,,,,,,,,,,
2025-01-14,tennis,"Australian Open, Melbourne, Australia",ATP,Francisco Comesaña,Daniel Altmaier,2,3,False,5,True,2.0,,1.8,,,,,,,,,,
2025-01-14,tennis,"Australian Open, Melbourne, Australia",ATP,Matteo Arnaldi,Lorenzo Musetti,1,3,False,4,True,2.38,,1.57,,,,,,,,,,
2025-01-14,tennis,"Australian Open, Melbourne, Australia",ATP,Ben Shelton,Brandon Nakashima,3,0,True,3,False,1.44,,2.75,,,,,,,,,,
2025-01-14,tennis,"Australian Open, Melbourne, Australia",ATP,Lorenzo Sonego,Stan Wawrinka,3,1,True,4,True,1.4,,3.0,,,,,,,,,,
2025-01-14,tennis,"Australian Open, Melbourne, Australia",ATP,Tristan Boyer,Federico Coria,3,2,True,5,True,1.14,,5.5,,,,,,,,,,
2025-01-14,tennis,"Australian Open, Melbourne, Australia",ATP,Rinky Hijikata,Mitchell Krueger,0,3,False,3,False,1.4,,3.0,,,,,,,,,,
2025-01-14,tennis,"Australian Open, Melbourne, Australia",ATP,Tomas Martin Etcheverry,Flavio Cobolli,3,1,True,4,True,1.57,,2.38,,,,,,,,,,
2025-01-14,tennis,"Australian Open, Melbourne, Australia",ATP,Marcos Giron,Yannick Hanfmann,3,1,True,4,True,1.25,,4.0,,,,,,,,,,
2025-01-14,tennis,"Australian Open, Melbourne, Australia",ATP,Roberto Bautista Agut,Denis Shapovalov,1,3,False,4,True,3.2,,1.36,,,,,,,,,,
2025-01-14,tennis,"Australian Open, Melbourne, Australia",ATP,Alexei Popyrin,Corentin Moutet,1,3,False,4,True,1.25,,4.0,,,,,,,,,,
2025-01-14,tennis,"Australian Open, Melbourne, Australia",ATP,Botic Van de Zandschulp,Alex de Minaur,0,3,False,3,False,10.0,,1.06,,,,,,,,,,
2025-01-14,tennis,"Australian Open, Melbourne, Australia",ATP,Pablo Carreño Busta,Kamil Majchrzak,3,0,True,3,False,1.62,,2.3,,,,,,,,,,
2025-01-14,tennis,"Australian Open, Melbourne, Australia",ATP,Andrey Rublev,Joao Fonseca,0,3,False,3,False,1.62,,2.3,,,,,,,,,,
2025-01-14,tennis,"Australian Open, Melbourne, Australia",WTA,Daria Snigur,Danielle Collins,0,2,False,2,False,3.5,,1.3,,,,,,,,,,
2025-01-14,tennis,"Australian Open, Melbourne, Australia",WTA,Naomi Osaka,Caroline Garcia,2,1,True,3,True,1.2,,4.5,,,,,,,,,,
2025-01-14,tennis,"Australian Open, Melbourne, Australia",WTA,Anna Bondar,Yafan Wang,1,2,False,3,True,1.91,,1.91,,,,,,,,,,
2025-01-14,tennis,"Australian Open, Melbourne, Australia",WTA,Beatriz Haddad Maia,Julia Riera,2,1,True,3,True,1.2,,4.5,,,,,,,,,,
2025-01-14,tennis,"Australian Open, Melbourne, Australia",WTA,Ekaterina Alexandrova,Emma Raducanu,0,2,False,2,False,2.1,,1.73,,,,,,,,,,
2025-01-14,tennis,"Australian Open, Melbourne, Australia",WTA,Maria Carle,Amanda Anisimova,0,2,False,2,False,4.5,,1.2,,,,,,,,,,
2025-01-14,tennis,"Australian Open, Melbourne, Australia",WTA,Saisai Zheng,Erika Andreeva,0,2,False,2,False,4.5,,1.2,,,,,,,,,,
2025-01-14,tennis,"Australian Open, Melbourne, Australia",WTA,Viktoriya Tomova,Daria Kasatkina,0,2,False,2,False,5.0,,1.17,,,,,,,,,,
2025-01-14,tennis,"Australian Open, Melbourne, Australia",WTA,Xiyu Wang,Julia Grabher,2,0,True,2,False,1.1,,7.0,,,,,,,,,,
2025-01-14,tennis,"Australian Open, Melbourne, Australia",WTA,Emma Navarro,Peyton Stearns,2,1,True,3,True,1.67,,2.2,,,,,,,,,,
2025-01-14,tennis,"Australian Open, Melbourne, Australia",WTA,Mayar Sherif,Dayana Yastremska,0,2,False,2,False,2.75,,1.44,,,,,,,,,,
2025-01-14,tennis,"Australian Open, Melbourne, Australia",WTA,Nuria Parrizas Diaz,Iva Jovic,0,2,False,2,False,1.67,,2.2,,,,,,,,,,
2025-01-14,tennis,"Australian Open, Melbourne, Australia",WTA,Varvara Gracheva,Catherine McNally,2,0,True,2,False,1.8,,2.0,,,,,,,,,,
2025-01-14,tennis,"Australian Open, Melbourne, Australia",WTA,Danka Kovinic,Lulu Sun,2,0,True,2,False,11.0,,1.05,,,,,,,,,,
2025-01-14,tennis,"Australian Open, Melbourne, Australia",WTA,Elena Rybakina,Emerson Jones,2,0,True,2,False,1.05,,11.0,,,,,,,,,,
2025-01-14,tennis,"Australian Open, Melbourne, Australia",WTA,Irina-Camelia Begu,Elena-Gabriela Ruse,0,2,False,2,False,2.1,,1.73,,,,,,,,,,
2025-01-14,tennis,"Australian Open, Melbourne, Australia",WTA,Yulia Putintseva,Elina Avanesyan,2,1,True,3,True,1.44,,2.75,,,,,,,,,,
2025-01-14,tennis,"Australian Open, Melbourne, Australia",WTA,Shuai Zhang,McCartney Kessler,2,0,True,2,False,3.2,,1.36,,,,,,,,,,
2025-01-14,tennis,"Australian Open, Melbourne, Australia",WTA,Madison Keys,Ann Li,2,0,True,2,False,1.13,,6.0,,,,,,,,,,
2025-01-14,tennis,"Australian Open, Melbourne, Australia",WTA,Sijia Wei,Jasmine Paolini,0,2,False,2,False,5.0,,1.17,,,,,,,,,,
2025-01-14,tennis,"Australian Open, Melbourne, Australia",WTA,Taylor Townsend,Renata Zarazua,1,2,False,3,True,1.67,,2.2,,,,,,,,,,
2025-01-14,tennis,"Australian Open, Melbourne, Australia",WTA,Anhelina Kalinina,Ons Jabeur,0,2,False,2,False,2.63,,1.5,,,,,,,,,,
2025-01-14,tennis,"Australian Open, Melbourne, Australia",WTA,Camila Osorio,Maria Sakkari,2,1,True,3,True,2.63,,1.5,,,,,,,,,,
2025-01-14,tennis,"Australian Open, Melbourne, Australia",WTA,Rebecca Marino,Katie Boulter,1,2,False,3,True,5.5,,1.14,,,,,,,,,,
2025-01-14,tennis,"Australian Open, Melbourne, Australia",ATP,Adrian Mannarino,Karen Khachanov,0,3,False,3,False,7.0,,1.1,,,,,,,,,,
2025-01-14,tennis,"Australian Open, Melbourne, Australia",ATP,Gabriel Diallo,Luca Nardi,3,2,True,5,True,1.44,,2.75,,,,,,,,,,
2025-01-14,tennis,"Australian Open, Melbourne, Australia",ATP,Matteo Berrettini,Cameron Norrie,3,1,True,4,True,1.36,,3.2,,,,,,,,,,
2025-01-14,tennis,"Australian Open, Melbourne, Australia",ATP,Miomir Kecmanović,Dušan Lajović,3,2,True,5,True,1.17,,5.0,,,,,,,,,,
2025-01-14,tennis,"Australian Open, Melbourne, Australia",ATP,Zhizhen Zhang,Holger Rune,2,3,False,5,True,3.5,,1.3,,,,,,,,,,
2025-01-14,tennis,"Australian Open, Melbourne, Australia",ATP,Camilo Ugo Carabelli,Learner Tien,2,3,False,5,True,5.5,,1.14,,,,,,,,,,
2025-01-14,tennis,"Australian Open, Melbourne, Australia",ATP,Taylor Fritz,Jenson Brooksby,3,0,True,3,False,1.02,,17.0,,,,,,,,,,
2025-01-14,tennis,"Australian Open, Melbourne, Australia",ATP,Borna Ćorić,Cristian Garin,0,3,False,3,False,1.8,,2.0,,,,,,,,,,
2025-01-14,tennis,"Australian Open, Melbourne, Australia",ATP,Francisco Cerundolo,Alexander Bublik,3,0,True,3,False,1.57,,2.38,,,,,,,,,,
2025-01-14,tennis,"Australian Open, Melbourne, Australia",ATP,Gael Monfils,Giovanni Mpetshi Perricard,3,2,True,5,True,2.3,,1.62,,,,,,,,,,
2025-01-14,tennis,"Australian Open, Melbourne, Australia",ATP,Hubert Hurkacz,Tallon Griekspoor,3,0,True,3,False,1.36,,3.2,,,,,,,,,,
2025-01-14,tennis,"Australian Open, Melbourne, Australia",ATP,Facundo Diaz Acosta,Zizou Bergs,3,2,True,5,True,2.75,,1.44,,,,,,,,,,
2025-01-14,tennis,"Australian Open, Melbourne, Australia",ATP,Kasidit Samrej,Daniil Medvedev,2,3,False,5,True,51.0,,1.0,,,,,,,,,,
2025-01-14,tennis,"Australian Open, Melbourne, Australia",ATP,Francisco Comesaña,Daniel Altmaier,2,3,False,5,True,2.0,,1.8,,,,,,,,,,
2025-01-14,tennis,"Australian Open, Melbourne, Australia",ATP,Matteo Arnaldi,Lorenzo Musetti,1,3,False,4,True,2.38,,1.57,,,,,,,,,,
2025-01-14,tennis,"Australian Open, Melbourne, Australia",ATP,Ben Shelton,Brandon Nakashima,3,0,True,3,False,1.44,,2.75,,,,,,,,,,
2025-01-14,tennis,"Australian Open, Melbourne, Australia",ATP,Lorenzo Sonego,Stan Wawrinka,3,1,True,4,True,1.4,,3.0,,,,,,,,,,
2025-01-14,tennis,"Australian Open, Melbourne, Australia",ATP,Tristan Boyer,Federico Coria,3,2,True,5,True,1.14,,5.5,,,,,,,,,,
2025-01-14,tennis,"Australian Open, Melbourne, Australia",ATP,Rinky Hijikata,Mitchell Krueger,0,3,False,3,False,1.4,,3.0,,,,,,,,,,
2025-01-14,tennis,"Australian Open, Melbourne, Australia",ATP,Tomas Martin Etcheverry,Flavio Cobolli,3,1,True,4,True,1.57,,2.38,,,,,,,,,,
2025-01-14,tennis,"Australian Open, Melbourne, Australia",ATP,Marcos Giron,Yannick Hanfmann,3,1,True,4,True,1.25,,4.0,,,,,,,,,,
2025-01-14,tennis,"Australian Open, Melbourne, Australia",ATP,Roberto Bautista Agut,Denis Shapovalov,1,3,False,4,True,3.2,,1.36,,,,,,,,,,
2025-01-14,tennis,"Australian Open, Melbourne, Australia",ATP,Alexei Popyrin,Corentin Moutet,1,3,False,4,True,1.25,,4.0,,,,,,,,,,
2025-01-14,tennis,"Australian Open, Melbourne, Australia",ATP,Botic Van de Zandschulp,Alex de Minaur,0,3,False,3,False,10.0,,1.06,,,,,,,,,,
2025-01-14,tennis,"Australian Open, Melbourne, Australia",ATP,Pablo Carreño Busta,Kamil Majchrzak,3,0,True,3,False,1.62,,2.3,,,,,,,,,,
2025-01-14,tennis,"Australian Open, Melbourne, Australia",ATP,Andrey Rublev,Joao Fonseca,0,3,False,3,False,1.62,,2.3,,,,,,,,,,
2025-01-14,tennis,"Australian Open, Melbourne, Australia",WTA,Daria Snigur,Danielle Collins,0,2,False,2,False,3.5,,1.3,,,,,,,,,,
2025-01-14,tennis,"Australian Open, Melbourne, Australia",WTA,Naomi Osaka,Caroline Garcia,2,1,True,3,True,1.2,,4.5,,,,,,,,,,
2025-01-14,tennis,"Australian Open, Melbourne, Australia",WTA,Anna Bondar,Yafan Wang,1,2,False,3,True,1.91,,1.91,,,,,,,,,,
2025-01-14,tennis,"Australian Open, Melbourne, Australia",WTA,Beatriz Haddad Maia,Julia Riera,2,1,True,3,True,1.2,,4.5,,,,,,,,,,
2025-01-14,tennis,"Australian Open, Melbourne, Australia",WTA,Ekaterina Alexandrova,Emma Raducanu,0,2,False,2,False,2.1,,1.73,,,,,,,,,,
2025-01-14,tennis,"Australian Open, Melbourne, Australia",WTA,Maria Carle,Amanda Anisimova,0,2,False,2,False,4.5,,1.2,,,,,,,,,,
2025-01-14,tennis,"Australian Open, Melbourne, Australia",WTA,Saisai Zheng,Erika Andreeva,0,2,False,2,False,4.5,,1.2,,,,,,,,,,
2025-01-14,tennis,"Australian Open, Melbourne, Australia",WTA,Viktoriya Tomova,Daria Kasatkina,0,2,False,2,False,5.0,,1.17,,,,,,,,,,
2025-01-14,tennis,"Australian Open, Melbourne, Australia",WTA,Xiyu Wang,Julia Grabher,2,0,True,2,False,1.1,,7.0,,,,,,,,,,
2025-01-14,tennis,"Australian Open, Melbourne, Australia",WTA,Emma Navarro,Peyton Stearns,2,1,True,3,True,1.67,,2.2,,,,,,,,,,
2025-01-14,tennis,"Australian Open, Melbourne, Australia",WTA,Mayar Sherif,Dayana Yastremska,0,2,False,2,False,2.75,,1.44,,,,,,,,,,
2025-01-14,tennis,"Australian Open, Melbourne, Australia",WTA,Nuria Parrizas Diaz,Iva Jovic,0,2,False,2,False,1.67,,2.2,,,,,,,,,,
2025-01-14,tennis,"Australian Open, Melbourne, Australia",WTA,Varvara Gracheva,Catherine McNally,2,0,True,2,False,1.8,,2.0,,,,,,,,,,
2025-01-14,tennis,"Australian Open, Melbourne, Australia",WTA,Danka Kovinic,Lulu Sun,2,0,True,2,False,11.0,,1.05,,,,,,,,,,
2025-01-14,tennis,"Australian Open, Melbourne, Australia",WTA,Elena Rybakina,Emerson Jones,2,0,True,2,False,1.05,,11.0,,,,,,,,,,
2025-01-14,tennis,"Australian Open, Melbourne, Australia",WTA,Irina-Camelia Begu,Elena-Gabriela Ruse,0,2,False,2,False,2.1,,1.73,,,,,,,,,,
2025-01-14,tennis,"Australian Open, Melbourne, Australia",WTA,Yulia Putintseva,Elina Avanesyan,2,1,True,3,True,1.44,,2.75,,,,,,,,,,
2025-01-14,tennis,"Australian Open, Melbourne, Australia",WTA,Shuai Zhang,McCartney Kessler,2,0,True,2,False,3.2,,1.36,,,,,,,,,,
2025-01-14,tennis,"Australian Open, Melbourne, Australia",WTA,Madison Keys,Ann Li,2,0,True,2,False,1.13,,6.0,,,,,,,,,,
2025-01-14,tennis,"Australian Open, Melbourne, Australia",WTA,Sijia Wei,Jasmine Paolini,0,2,False,2,False,5.0,,1.17,,,,,,,,,,
2025-01-14,tennis,"Australian Open, Melbourne, Australia",WTA,Taylor Townsend,Renata Zarazua,1,2,False,3,True,1.67,,2.2,,,,,,,,,,
2025-01-14,tennis,"Australian Open, Melbourne, Australia",WTA,Anhelina Kalinina,Ons Jabeur,0,2,False,2,False,2.63,,1.5,,,,,,,,,,
2025-01-14,tennis,"Australian Open, Melbourne, Australia",WTA,Camila Osorio,Maria Sakkari,2,1,True,3,True,2.63,,1.5,,,,,,,,,,
2025-01-14,tennis,"Australian Open, Melbourne, Australia",WTA,Rebecca Marino,Katie Boulter,1,2,False,3,True,5.5,,1.14,,,,,,,,,,
2025-01-15,tennis,"Australian Open, Melbourne, Australia",WTA,Veronika Kudermetova,Olivia Gadecki,2,0,True,2,False,1.33,,3.4,,,,,,,,,,
2025-01-15,tennis,"Australian Open, Melbourne, Australia",ATP,Reilly Opelka,Tomaš Machač,2,3,False,5,True,3.4,,1.33,,,,,,,,,,
2025-01-15,tennis,"Australian Open, Melbourne, Australia",ATP,Yoshihito Nishioka,Carlos Alcaraz,0,3,False,3,False,19.0,,1.02,,,,,,,,,,
2025-01-15,tennis,"Australian Open, Melbourne, Australia",ATP,Benjamin Bonzi,Francesco Passaro,3,1,True,4,True,1.25,,4.0,,,,,,,,,,
2025-01-15,tennis,"Australian Open, Melbourne, Australia",ATP,Jordan Thompson,Nuno Borges,0,3,False,3,False,1.91,,1.91,,,,,,,,,,
2025-01-15,tennis,"Australian Open, Melbourne, Australia",ATP,Novak Djokovic,Jaime Faria,3,1,True,4,True,1.01,,23.0,,,,,,,,,,
2025-01-15,tennis,"Australian Open, Melbourne, Australia",ATP,Roberto Carballés Baena,James Duckworth,3,0,True,3,False,1.57,,2.38,,,,,,,,,,
2025-01-15,tennis,"Australian Open, Melbourne, Australia",ATP,Quentin Halys,Arthur Fils,1,3,False,4,True,4.33,,1.22,,,,,,,,,,
2025-01-15,tennis,"Australian Open, Melbourne, Australia",ATP,Aleksandar Vukic,Sebastian Korda,3,2,True,5,True,4.33,,1.22,,,,,,,,,,
2025-01-15,tennis,"Australian Open, Melbourne, Australia",ATP,Arthur Cazaux,Jacob Fearnley,1,3,False,4,True,2.2,,1.67,,,,,,,,,,
2025-01-15,tennis,"Australian Open, Melbourne, Australia",ATP,Casper Ruud,Jakub Menšik,1,3,False,4,True,1.73,,2.1,,,,,,,,,,
2025-01-15,tennis,"Australian Open, Melbourne, Australia",ATP,Jack Draper,Thanasi Kokkinakis,3,2,True,5,True,1.44,,2.75,,,,,,,,,,
2025-01-15,tennis,"Australian Open, Melbourne, Australia",ATP,Alejandro Davidovich Fokina,Felix Auger-Aliassime,3,2,True,5,True,3.75,,1.29,,,,,,,,,,
2025-01-15,tennis,"Australian Open, Melbourne, Australia",ATP,Ugo Humbert,Hady Habib,3,0,True,3,False,1.08,,8.0,,,,,,,,,,
2025-01-15,tennis,"Australian Open, Melbourne, Australia",WTA,Veronika Kudermetova,Olivia Gadecki,2,0,True,2,False,1.33,,3.4,,,,,,,,,,
2025-01-15,tennis,"Australian Open, Melbourne, Australia",WTA,Laura Siegemund,Qinwen Zheng,2,0,True,2,False,13.0,,1.04,,,,,,,,,,
2025-01-15,tennis,"Australian Open, Melbourne, Australia",WTA,Aryna Sabalenka,Jessica Bouzas Maneiro,2,0,True,2,False,1.01,,21.0,,,,,,,,,,
2025-01-15,tennis,"Australian Open, Melbourne, Australia",WTA,Elise Mertens,Jessica Pegula,0,2,False,2,False,4.0,,1.25,,,,,,,,,,
2025-01-15,tennis,"Australian Open, Melbourne, Australia",WTA,Liudmila Samsonova,Olga Danilović,0,2,False,2,False,1.36,,3.2,,,,,,,,,,
2025-01-15,tennis,"Australian Open, Melbourne, Australia",WTA,Moyuka Uchijima,Mirra Andreeva,1,2,False,3,True,15.0,,1.03,,,,,,,,,,
2025-01-15,tennis,"Australian Open, Melbourne, Australia",WTA,Tatjana Maria,Clara Tauson,0,2,False,2,False,5.0,,1.17,,,,,,,,,,
2025-01-15,tennis,"Australian Open, Melbourne, Australia",WTA,Magdalena Frech,Anna Blinkova,2,1,True,3,True,1.67,,2.2,,,,,,,,,,
2025-01-15,tennis,"Australian Open, Melbourne, Australia",WTA,Suzan Lamens,Belinda Bencic,0,2,False,2,False,5.0,,1.17,,,,,,,,,,
2025-01-15,tennis,"Australian Open, Melbourne, Australia",WTA,Karolina Muchova,Naomi Osaka,1,2,False,3,True,1.36,,3.2,,,,,,,,,,
2025-01-15,tennis,"Australian Open, Melbourne, Australia",WTA,Cristina Bucsa,Leylah Fernandez,1,2,False,3,True,6.0,,1.13,,,,,,,,,,
2025-01-15,tennis,"Australian Open, Melbourne, Australia",WTA,Anastasia Pavlyuchenkova,Anastasia Potapova,2,1,True,3,True,1.67,,2.2,,,,,,,,,,
2025-01-15,tennis,"Australian Open, Melbourne, Australia",WTA,Diana Shnaider,Ajla Tomljanovic,2,0,True,2,False,1.25,,4.0,,,,,,,,,,
2025-01-15,tennis,"Australian Open, Melbourne, Australia",WTA,Coco Gauff,Jodie Burrage,2,0,True,2,False,1.01,,21.0,,,,,,,,,,
2025-01-15,tennis,"Australian Open, Melbourne, Australia",WTA,Jule Niemeier,Marta Kostyuk,0,2,False,2,False,3.0,,1.4,,,,,,,,,,
2025-01-15,tennis,"Australian Open, Melbourne, Australia",WTA,Harriet Dart,Donna Vekić,1,2,False,3,True,5.0,,1.17,,,,,,,,,,
2025-01-15,tennis,"Australian Open, Melbourne, Australia",ATP,Reilly Opelka,Tomaš Machač,2,3,False,5,True,3.4,,1.33,,,,,,,,,,
2025-01-15,tennis,"Australian Open, Melbourne, Australia",ATP,Yoshihito Nishioka,Carlos Alcaraz,0,3,False,3,False,19.0,,1.02,,,,,,,,,,
2025-01-15,tennis,"Australian Open, Melbourne, Australia",ATP,Benjamin Bonzi,Francesco Passaro,3,1,True,4,True,1.25,,4.0,,,,,,,,,,
2025-01-15,tennis,"Australian Open, Melbourne, Australia",ATP,Jordan Thompson,Nuno Borges,0,3,False,3,False,1.91,,1.91,,,,,,,,,,
2025-01-15,tennis,"Australian Open, Melbourne, Australia",ATP,Novak Djokovic,Jaime Faria,3,1,True,4,True,1.01,,23.0,,,,,,,,,,
2025-01-15,tennis,"Australian Open, Melbourne, Australia",ATP,Roberto Carballés Baena,James Duckworth,3,0,True,3,False,1.57,,2.38,,,,,,,,,,
2025-01-15,tennis,"Australian Open, Melbourne, Australia",ATP,Quentin Halys,Arthur Fils,1,3,False,4,True,4.33,,1.22,,,,,,,,,,
2025-01-15,tennis,"Australian Open, Melbourne, Australia",ATP,Aleksandar Vukic,Sebastian Korda,3,2,True,5,True,4.33,,1.22,,,,,,,,,,
2025-01-15,tennis,"Australian Open, Melbourne, Australia",ATP,Arthur Cazaux,Jacob Fearnley,1,3,False,4,True,2.2,,1.67,,,,,,,,,,
2025-01-15,tennis,"Australian Open, Melbourne, Australia",ATP,Casper Ruud,Jakub Menšik,1,3,False,4,True,1.73,,2.1,,,,,,,,,,
2025-01-15,tennis,"Australian Open, Melbourne, Australia",ATP,Jack Draper,Thanasi Kokkinakis,3,2,True,5,True,1.44,,2.75,,,,,,,,,,
2025-01-15,tennis,"Australian Open, Melbourne, Australia",ATP,Alejandro Davidovich Fokina,Felix Auger-Aliassime,3,2,True,5,True,3.75,,1.29,,,,,,,,,,
2025-01-15,tennis,"Australian Open, Melbourne, Australia",ATP,Ugo Humbert,Hady Habib,3,0,True,3,False,1.08,,8.0,,,,,,,,,,
2025-01-15,tennis,"Australian Open, Melbourne, Australia",WTA,Veronika Kudermetova,Olivia Gadecki,2,0,True,2,False,1.33,,3.4,,,,,,,,,,
2025-01-15,tennis,"Australian Open, Melbourne, Australia",WTA,Laura Siegemund,Qinwen Zheng,2,0,True,2,False,13.0,,1.04,,,,,,,,,,
2025-01-15,tennis,"Australian Open, Melbourne, Australia",WTA,Aryna Sabalenka,Jessica Bouzas Maneiro,2,0,True,2,False,1.01,,21.0,,,,,,,,,,
2025-01-15,tennis,"Australian Open, Melbourne, Australia",WTA,Elise Mertens,Jessica Pegula,0,2,False,2,False,4.0,,1.25,,,,,,,,,,
2025-01-15,tennis,"Australian Open, Melbourne, Australia",WTA,Liudmila Samsonova,Olga Danilović,0,2,False,2,False,1.36,,3.2,,,,,,,,,,
2025-01-15,tennis,"Australian Open, Melbourne, Australia",WTA,Moyuka Uchijima,Mirra Andreeva,1,2,False,3,True,15.0,,1.03,,,,,,,,,,
2025-01-15,tennis,"Australian Open, Melbourne, Australia",WTA,Tatjana Maria,Clara Tauson,0,2,False,2,False,5.0,,1.17,,,,,,,,,,
2025-01-15,tennis,"Australian Open, Melbourne, Australia",WTA,Magdalena Frech,Anna Blinkova,2,1,True,3,True,1.67,,2.2,,,,,,,,,,
2025-01-15,tennis,"Australian Open, Melbourne, Australia",WTA,Suzan Lamens,Belinda Bencic,0,2,False,2,False,5.0,,1.17,,,,,,,,,,
2025-01-15,tennis,"Australian Open, Melbourne, Australia",WTA,Karolina Muchova,Naomi Osaka,1,2,False,3,True,1.36,,3.2,,,,,,,,,,
2025-01-15,tennis,"Australian Open, Melbourne, Australia",WTA,Cristina Bucsa,Leylah Fernandez,1,2,False,3,True,6.0,,1.13,,,,,,,,,,
2025-01-15,tennis,"Australian Open, Melbourne, Australia",WTA,Anastasia Pavlyuchenkova,Anastasia Potapova,2,1,True,3,True,1.67,,2.2,,,,,,,,,,
2025-01-15,tennis,"Australian Open, Melbourne, Australia",WTA,Diana Shnaider,Ajla Tomljanovic,2,0,True,2,False,1.25,,4.0,,,,,,,,,,
2025-01-15,tennis,"Australian Open, Melbourne, Australia",WTA,Coco Gauff,Jodie Burrage,2,0,True,2,False,1.01,,21.0,,,,,,,,,,
2025-01-15,tennis,"Australian Open, Melbourne, Australia",WTA,Jule Niemeier,Marta Kostyuk,0,2,False,2,False,3.0,,1.4,,,,,,,,,,
2025-01-15,tennis,"Australian Open, Melbourne, Australia",WTA,Harriet Dart,Donna Vekić,1,2,False,3,True,5.0,,1.17,,,,,,,,,,
2025-01-16,tennis,"Australian Open, Melbourne, Australia",ATP,Kei Nishikori,Tommy Paul,1,3,False,4,True,3.0,,1.4,,,,,,,,,,
2025-01-16,tennis,"Australian Open, Melbourne, Australia",ATP,Pedro Martinez,Alexander Zverev,0,3,False,3,False,21.0,,1.01,,,,,,,,,,
2025-01-16,tennis,"Australian Open, Melbourne, Australia",WTA,Paula Badosa,Talia Gibson,2,0,True,2,False,1.07,,9.0,,,,,,,,,,
2025-01-16,tennis,"Australian Open, Melbourne, Australia",ATP,Kei Nishikori,Tommy Paul,1,3,False,4,True,3.0,,1.4,,,,,,,,,,
2025-01-16,tennis,"Australian Open, Melbourne, Australia",ATP,Pedro Martinez,Alexander Zverev,0,3,False,3,False,21.0,,1.01,,,,,,,,,,
2025-01-16,tennis,"Australian Open, Melbourne, Australia",ATP,Hubert Hurkacz,Miomir Kecmanović,0,3,False,3,False,1.29,,3.75,,,,,,,,,,
2025-01-16,tennis,"Australian Open, Melbourne, Australia",ATP,Gabriel Diallo,Karen Khachanov,1,3,False,4,True,3.4,,1.33,,,,,,,,,,
2025-01-16,tennis,"Australian Open, Melbourne, Australia",ATP,Daniel Altmaier,Gael Monfils,0,3,False,3,False,4.5,,1.2,,,,,,,,,,
2025-01-16,tennis,"Australian Open, Melbourne, Australia",ATP,Denis Shapovalov,Lorenzo Musetti,0,3,False,3,False,1.73,,2.1,,,,,,,,,,
2025-01-16,tennis,"Australian Open, Melbourne, Australia",ATP,Ben Shelton,Pablo Carreño Busta,3,1,True,4,True,1.3,,3.5,,,,,,,,,,
2025-01-16,tennis,"Australian Open, Melbourne, Australia",ATP,Tristan Boyer,Alex de Minaur,0,3,False,3,False,15.0,,1.03,,,,,,,,,,
2025-01-16,tennis,"Australian Open, Melbourne, Australia",ATP,Corentin Moutet,Mitchell Krueger,3,1,True,4,True,1.5,,2.63,,,,,,,,,,
2025-01-16,tennis,"Australian Open, Melbourne, Australia",ATP,Taylor Fritz,Cristian Garin,3,0,True,3,False,1.04,,13.0,,,,,,,,,,
2025-01-16,tennis,"Australian Open, Melbourne, Australia",ATP,Marcos Giron,Tomas Martin Etcheverry,3,2,True,5,True,1.91,,1.91,,,,,,,,,,
2025-01-16,tennis,"Australian Open, Melbourne, Australia",ATP,Alex Michelsen,James McCabe,3,0,True,3,False,1.11,,6.5,,,,,,,,,,
2025-01-16,tennis,"Australian Open, Melbourne, Australia",ATP,Fábián Marozsán,Frances Tiafoe,3,2,True,5,True,2.75,,1.44,,,,,,,,,,
2025-01-16,tennis,"Australian Open, Melbourne, Australia",ATP,Joao Fonseca,Lorenzo Sonego,2,3,False,5,True,1.17,,5.0,,,,,,,,,,
2025-01-16,tennis,"Australian Open, Melbourne, Australia",ATP,Matteo Berrettini,Holger Rune,1,3,False,4,True,1.67,,2.2,,,,,,,,,,
2025-01-16,tennis,"Australian Open, Melbourne, Australia",ATP,Jannik Sinner,Tristan Schoolkate,3,1,True,4,True,1.0,,34.0,,,,,,,,,,
2025-01-16,tennis,"Australian Open, Melbourne, Australia",WTA,Paula Badosa,Talia Gibson,2,0,True,2,False,1.07,,9.0,,,,,,,,,,
2025-01-16,tennis,"Australian Open, Melbourne, Australia",WTA,Danka Kovinic,Dayana Yastremska,0,2,False,2,False,7.0,,1.1,,,,,,,,,,
2025-01-16,tennis,"Australian Open, Melbourne, Australia",WTA,Emma Raducanu,Amanda Anisimova,2,0,True,2,False,2.38,,1.57,,,,,,,,,,
2025-01-16,tennis,"Australian Open, Melbourne, Australia",WTA,Ons Jabeur,Camila Osorio,2,0,True,2,False,1.36,,3.2,,,,,,,,,,
2025-01-16,tennis,"Australian Open, Melbourne, Australia",WTA,Yafan Wang,Daria Kasatkina,0,2,False,2,False,6.0,,1.13,,,,,,,,,,
2025-01-16,tennis,"Australian Open, Melbourne, Australia",WTA,Emma Navarro,Xiyu Wang,2,1,True,3,True,1.44,,2.75,,,,,,,,,,
2025-01-16,tennis,"Australian Open, Melbourne, Australia",WTA,Rebecca Šramková,Iga Swiatek,0,2,False,2,False,19.0,,1.02,,,,,,,,,,
2025-01-16,tennis,"Australian Open, Melbourne, Australia",WTA,Yulia Putintseva,Shuai Zhang,2,0,True,2,False,1.17,,5.0,,,,,,,,,,
2025-01-16,tennis,"Australian Open, Melbourne, Australia",WTA,Elena Rybakina,Iva Jovic,2,0,True,2,False,1.05,,11.0,,,,,,,,,,
2025-01-16,tennis,"Australian Open, Melbourne, Australia",WTA,Eva Lys,Varvara Gracheva,2,1,True,3,True,1.57,,2.38,,,,,,,,,,
2025-01-16,tennis,"Australian Open, Melbourne, Australia",WTA,Beatriz Haddad Maia,Erika Andreeva,2,0,True,2,False,1.4,,3.0,,,,,,,,,,
2025-01-16,tennis,"Australian Open, Melbourne, Australia",WTA,Jaqueline Cristian,Lucia Bronzetti,2,0,True,2,False,2.2,,1.67,,,,,,,,,,
2025-01-16,tennis,"Australian Open, Melbourne, Australia",WTA,Elina Svitolina,Caroline Dolehide,2,0,True,2,False,1.25,,4.0,,,,,,,,,,
2025-01-16,tennis,"Australian Open, Melbourne, Australia",WTA,Veronika Kudermetova,Katie Boulter,2,1,True,3,True,2.2,,1.67,,,,,,,,,,
2025-01-16,tennis,"Australian Open, Melbourne, Australia",WTA,Madison Keys,Elena-Gabriela Ruse,2,1,True,3,True,1.11,,6.5,,,,,,,,,,
2025-01-16,tennis,"Australian Open, Melbourne, Australia",WTA,Destanee Aiava,Danielle Collins,1,2,False,3,True,3.2,,1.36,,,,,,,,,,
2025-01-16,tennis,"Australian Open, Melbourne, Australia, Mixed",ATP,Mattek-Sands B / Murray J,Bolt A / Hon P,1,2,False,3,True,1.17,,5.0,,,,,,,,,,
2025-01-16,tennis,"Australian Open, Melbourne, Australia, Mixed",ATP,Heliovaara H / Danilina A,Gille S / Dabrowski G,2,0,True,2,False,1.73,,2.0,,,,,,,,,,
2025-01-16,tennis,"Australian Open, Melbourne, Australia",ATP,Kei Nishikori,Tommy Paul,1,3,False,4,True,3.0,,1.4,,,,,,,,,,
2025-01-16,tennis,"Australian Open, Melbourne, Australia",ATP,Pedro Martinez,Alexander Zverev,0,3,False,3,False,21.0,,1.01,,,,,,,,,,
2025-01-16,tennis,"Australian Open, Melbourne, Australia",ATP,Hubert Hurkacz,Miomir Kecmanović,0,3,False,3,False,1.29,,3.75,,,,,,,,,,
2025-01-16,tennis,"Australian Open, Melbourne, Australia",ATP,Gabriel Diallo,Karen Khachanov,1,3,False,4,True,3.4,,1.33,,,,,,,,,,
2025-01-16,tennis,"Australian Open, Melbourne, Australia",ATP,Daniel Altmaier,Gael Monfils,0,3,False,3,False,4.5,,1.2,,,,,,,,,,
2025-01-16,tennis,"Australian Open, Melbourne, Australia",ATP,Denis Shapovalov,Lorenzo Musetti,0,3,False,3,False,1.73,,2.1,,,,,,,,,,
2025-01-16,tennis,"Australian Open, Melbourne, Australia",ATP,Ben Shelton,Pablo Carreño Busta,3,1,True,4,True,1.3,,3.5,,,,,,,,,,
2025-01-16,tennis,"Australian Open, Melbourne, Australia",ATP,Tristan Boyer,Alex de Minaur,0,3,False,3,False,15.0,,1.03,,,,,,,,,,
2025-01-16,tennis,"Australian Open, Melbourne, Australia",ATP,Corentin Moutet,Mitchell Krueger,3,1,True,4,True,1.5,,2.63,,,,,,,,,,
2025-01-16,tennis,"Australian Open, Melbourne, Australia",ATP,Taylor Fritz,Cristian Garin,3,0,True,3,False,1.04,,13.0,,,,,,,,,,
2025-01-16,tennis,"Australian Open, Melbourne, Australia",ATP,Marcos Giron,Tomas Martin Etcheverry,3,2,True,5,True,1.91,,1.91,,,,,,,,,,
2025-01-16,tennis,"Australian Open, Melbourne, Australia",ATP,Alex Michelsen,James McCabe,3,0,True,3,False,1.11,,6.5,,,,,,,,,,
2025-01-16,tennis,"Australian Open, Melbourne, Australia",ATP,Fábián Marozsán,Frances Tiafoe,3,2,True,5,True,2.75,,1.44,,,,,,,,,,
2025-01-16,tennis,"Australian Open, Melbourne, Australia",ATP,Joao Fonseca,Lorenzo Sonego,2,3,False,5,True,1.17,,5.0,,,,,,,,,,
2025-01-16,tennis,"Australian Open, Melbourne, Australia",ATP,Matteo Berrettini,Holger Rune,1,3,False,4,True,1.67,,2.2,,,,,,,,,,
2025-01-16,tennis,"Australian Open, Melbourne, Australia",ATP,Jannik Sinner,Tristan Schoolkate,3,1,True,4,True,1.0,,34.0,,,,,,,,,,
2025-01-16,tennis,"Australian Open, Melbourne, Australia",WTA,Paula Badosa,Talia Gibson,2,0,True,2,False,1.07,,9.0,,,,,,,,,,
2025-01-16,tennis,"Australian Open, Melbourne, Australia",WTA,Danka Kovinic,Dayana Yastremska,0,2,False,2,False,7.0,,1.1,,,,,,,,,,
2025-01-16,tennis,"Australian Open, Melbourne, Australia",WTA,Emma Raducanu,Amanda Anisimova,2,0,True,2,False,2.38,,1.57,,,,,,,,,,
2025-01-16,tennis,"Australian Open, Melbourne, Australia",WTA,Ons Jabeur,Camila Osorio,2,0,True,2,False,1.36,,3.2,,,,,,,,,,
2025-01-16,tennis,"Australian Open, Melbourne, Australia",WTA,Yafan Wang,Daria Kasatkina,0,2,False,2,False,6.0,,1.13,,,,,,,,,,
2025-01-16,tennis,"Australian Open, Melbourne, Australia",WTA,Emma Navarro,Xiyu Wang,2,1,True,3,True,1.44,,2.75,,,,,,,,,,
2025-01-16,tennis,"Australian Open, Melbourne, Australia",WTA,Rebecca Šramková,Iga Swiatek,0,2,False,2,False,19.0,,1.02,,,,,,,,,,
2025-01-16,tennis,"Australian Open, Melbourne, Australia",WTA,Yulia Putintseva,Shuai Zhang,2,0,True,2,False,1.17,,5.0,,,,,,,,,,
2025-01-16,tennis,"Australian Open, Melbourne, Australia",WTA,Elena Rybakina,Iva Jovic,2,0,True,2,False,1.05,,11.0,,,,,,,,,,
2025-01-16,tennis,"Australian Open, Melbourne, Australia",WTA,Eva Lys,Varvara Gracheva,2,1,True,3,True,1.57,,2.38,,,,,,,,,,
2025-01-16,tennis,"Australian Open, Melbourne, Australia",WTA,Beatriz Haddad Maia,Erika Andreeva,2,0,True,2,False,1.4,,3.0,,,,,,,,,,
2025-01-16,tennis,"Australian Open, Melbourne, Australia",WTA,Jaqueline Cristian,Lucia Bronzetti,2,0,True,2,False,2.2,,1.67,,,,,,,,,,
2025-01-16,tennis,"Australian Open, Melbourne, Australia",WTA,Elina Svitolina,Caroline Dolehide,2,0,True,2,False,1.25,,4.0,,,,,,,,,,
2025-01-16,tennis,"Australian Open, Melbourne, Australia",WTA,Veronika Kudermetova,Katie Boulter,2,1,True,3,True,2.2,,1.67,,,,,,,,,,
2025-01-16,tennis,"Australian Open, Melbourne, Australia",WTA,Madison Keys,Elena-Gabriela Ruse,2,1,True,3,True,1.11,,6.5,,,,,,,,,,
2025-01-16,tennis,"Australian Open, Melbourne, Australia",WTA,Destanee Aiava,Danielle Collins,1,2,False,3,True,3.2,,1.36,,,,,,,,,,
2025-01-16,tennis,"Australian Open, Melbourne, Australia, Mixed",ATP,Mattek-Sands B / Murray J,Bolt A / Hon P,1,2,False,3,True,1.17,,5.0,,,,,,,,,,
2025-01-16,tennis,"Australian Open, Melbourne, Australia, Mixed",ATP,Heliovaara H / Danilina A,Gille S / Dabrowski G,2,0,True,2,False,1.73,,2.0,,,,,,,,,,
2025-01-17,tennis,"Australian Open, Melbourne, Australia",ATP,Learner Tien,Daniil Medvedev,3,2,True,5,True,5.0,,1.17,,,,,,,,,,
2025-01-17,tennis,"Australian Open, Melbourne, Australia",WTA,Renata Zarazua,Jasmine Paolini,0,2,False,2,False,5.5,,1.14,,,,,,,,,,
2025-01-17,tennis,"Australian Open, Melbourne, Australia",ATP,Learner Tien,Daniil Medvedev,3,2,True,5,True,5.0,,1.17,,,,,,,,,,
2025-01-17,tennis,"Australian Open, Melbourne, Australia",ATP,Roberto Carballés Baena,Tommy Paul,0,3,False,3,False,6.0,,1.13,,,,,,,,,,
2025-01-17,tennis,"Australian Open, Melbourne, Australia",ATP,Nuno Borges,Carlos Alcaraz,1,3,False,4,True,17.0,,1.02,,,,,,,,,,
2025-01-17,tennis,"Australian Open, Melbourne, Australia",ATP,Jacob Fearnley,Alexander Zverev,0,3,False,3,False,9.0,,1.07,,,,,,,,,,
2025-01-17,tennis,"Australian Open, Melbourne, Australia",ATP,Jakub Menšik,Alejandro Davidovich Fokina,2,3,False,5,True,1.5,,2.63,,,,,,,,,,
2025-01-17,tennis,"Australian Open, Melbourne, Australia",ATP,Novak Djokovic,Tomaš Machač,3,0,True,3,False,1.25,,4.0,,,,,,,,,,
2025-01-17,tennis,"Australian Open, Melbourne, Australia",ATP,Jiri Lehečka,Benjamin Bonzi,3,0,True,3,False,1.29,,3.75,,,,,,,,,,
2025-01-17,tennis,"Australian Open, Melbourne, Australia",ATP,Jack Draper,Aleksandar Vukic,3,2,True,5,True,1.22,,4.33,,,,,,,,,,
2025-01-17,tennis,"Australian Open, Melbourne, Australia",WTA,Renata Zarazua,Jasmine Paolini,0,2,False,2,False,5.5,,1.14,,,,,,,,,,
2025-01-17,tennis,"Australian Open, Melbourne, Australia",WTA,Anastasia Pavlyuchenkova,Laura Siegemund,2,0,True,2,False,1.5,,2.63,,,,,,,,,,
2025-01-17,tennis,"Australian Open, Melbourne, Australia",WTA,Aryna Sabalenka,Clara Tauson,2,0,True,2,False,1.08,,8.0,,,,,,,,,,
2025-01-17,tennis,"Australian Open, Melbourne, Australia",WTA,Diana Shnaider,Donna Vekić,1,2,False,3,True,1.53,,2.5,,,,,,,,,,
2025-01-17,tennis,"Australian Open, Melbourne, Australia",WTA,Paula Badosa,Marta Kostyuk,2,1,True,3,True,1.4,,3.0,,,,,,,,,,
2025-01-17,tennis,"Australian Open, Melbourne, Australia",WTA,Magdalena Frech,Mirra Andreeva,1,2,False,3,True,5.0,,1.17,,,,,,,,,,
2025-01-17,tennis,"Australian Open, Melbourne, Australia",WTA,Coco Gauff,Leylah Fernandez,2,0,True,2,False,1.17,,5.0,,,,,,,,,,
2025-01-17,tennis,"Australian Open, Melbourne, Australia, Mixed",ATP,Mladenovic K / Dodig I,Bopanna R / Zhang S,0,2,False,2,False,1.67,,2.1,,,,,,,,,,
2025-01-17,tennis,"Australian Open, Melbourne, Australia, Mixed",ATP,Smith J / Birrell K,Melo M / Chan H,2,0,True,2,False,3.25,,1.33,,,,,,,,,,
2025-01-17,tennis,"Australian Open, Melbourne, Australia, Mixed",ATP,Molteni A / Muhammad A,Zhang Z / Siniakova K,2,0,True,2,False,2.63,,1.44,,,,,,,,,,
2025-01-17,tennis,"Australian Open, Melbourne, Australia, Mixed",ATP,Winter E / Preston T,Puetz T / Schuurs D,0,2,False,2,False,5.0,,1.17,,,,,,,,,,
2025-01-17,tennis,"Australian Open, Melbourne, Australia, Mixed",ATP,Skupski N / Krawczyk D,Arevalo M / Babos T,0,2,False,2,False,1.73,,2.0,,,,,,,,,,
2025-01-17,tennis,"Australian Open, Melbourne, Australia, Mixed",ATP,Gonzalez M / Olmos G,Patten H / Nicholls O,0,2,False,2,False,1.83,,1.83,,,,,,,,,,
2025-01-17,tennis,"Australian Open, Melbourne, Australia, Mixed",ATP,Jones H / Jones E,Zielinski J / Hsieh S-W,0,2,False,2,False,9.0,,1.07,,,,,,,,,,
2025-01-17,tennis,"Australian Open, Melbourne, Australia, Mixed",ATP,Withrow J / Khromacheva I,Saville D / Saville L,2,0,True,2,False,1.53,,2.38,,,,,,,,,,
2025-01-17,tennis,"Australian Open, Melbourne, Australia",ATP,Learner Tien,Daniil Medvedev,3,2,True,5,True,5.0,,1.17,,,,,,,,,,
2025-01-17,tennis,"Australian Open, Melbourne, Australia",ATP,Roberto Carballés Baena,Tommy Paul,0,3,False,3,False,6.0,,1.13,,,,,,,,,,
2025-01-17,tennis,"Australian Open, Melbourne, Australia",ATP,Nuno Borges,Carlos Alcaraz,1,3,False,4,True,17.0,,1.02,,,,,,,,,,
2025-01-17,tennis,"Australian Open, Melbourne, Australia",ATP,Jacob Fearnley,Alexander Zverev,0,3,False,3,False,9.0,,1.07,,,,,,,,,,
2025-01-17,tennis,"Australian Open, Melbourne, Australia",ATP,Jakub Menšik,Alejandro Davidovich Fokina,2,3,False,5,True,1.5,,2.63,,,,,,,,,,
2025-01-17,tennis,"Australian Open, Melbourne, Australia",ATP,Novak Djokovic,Tomaš Machač,3,0,True,3,False,1.25,,4.0,,,,,,,,,,
2025-01-17,tennis,"Australian Open, Melbourne, Australia",ATP,Jiri Lehečka,Benjamin Bonzi,3,0,True,3,False,1.29,,3.75,,,,,,,,,,
2025-01-17,tennis,"Australian Open, Melbourne, Australia",ATP,Jack Draper,Aleksandar Vukic,3,2,True,5,True,1.22,,4.33,,,,,,,,,,
2025-01-17,tennis,"Australian Open, Melbourne, Australia",WTA,Renata Zarazua,Jasmine Paolini,0,2,False,2,False,5.5,,1.14,,,,,,,,,,
2025-01-17,tennis,"Australian Open, Melbourne, Australia",WTA,Anastasia Pavlyuchenkova,Laura Siegemund,2,0,True,2,False,1.5,,2.63,,,,,,,,,,
2025-01-17,tennis,"Australian Open, Melbourne, Australia",WTA,Aryna Sabalenka,Clara Tauson,2,0,True,2,False,1.08,,8.0,,,,,,,,,,
2025-01-17,tennis,"Australian Open, Melbourne, Australia",WTA,Diana Shnaider,Donna Vekić,1,2,False,3,True,1.53,,2.5,,,,,,,,,,
2025-01-17,tennis,"Australian Open, Melbourne, Australia",WTA,Paula Badosa,Marta Kostyuk,2,1,True,3,True,1.4,,3.0,,,,,,,,,,
2025-01-17,tennis,"Australian Open, Melbourne, Australia",WTA,Magdalena Frech,Mirra Andreeva,1,2,False,3,True,5.0,,1.17,,,,,,,,,,
2025-01-17,tennis,"Australian Open, Melbourne, Australia",WTA,Coco Gauff,Leylah Fernandez,2,0,True,2,False,1.17,,5.0,,,,,,,,,,
2025-01-17,tennis,"Australian Open, Melbourne, Australia, Mixed",ATP,Mladenovic K / Dodig I,Bopanna R / Zhang S,0,2,False,2,False,1.67,,2.1,,,,,,,,,,
2025-01-17,tennis,"Australian Open, Melbourne, Australia, Mixed",ATP,Smith J / Birrell K,Melo M / Chan H,2,0,True,2,False,3.25,,1.33,,,,,,,,,,
2025-01-17,tennis,"Australian Open, Melbourne, Australia, Mixed",ATP,Molteni A / Muhammad A,Zhang Z / Siniakova K,2,0,True,2,False,2.63,,1.44,,,,,,,,,,
2025-01-17,tennis,"Australian Open, Melbourne, Australia, Mixed",ATP,Winter E / Preston T,Puetz T / Schuurs D,0,2,False,2,False,5.0,,1.17,,,,,,,,,,
2025-01-17,tennis,"Australian Open, Melbourne, Australia, Mixed",ATP,Skupski N / Krawczyk D,Arevalo M / Babos T,0,2,False,2,False,1.73,,2.0,,,,,,,,,,
2025-01-17,tennis,"Australian Open, Melbourne, Australia, Mixed",ATP,Gonzalez M / Olmos G,Patten H / Nicholls O,0,2,False,2,False,1.83,,1.83,,,,,,,,,,
2025-01-17,tennis,"Australian Open, Melbourne, Australia, Mixed",ATP,Jones H / Jones E,Zielinski J / Hsieh S-W,0,2,False,2,False,9.0,,1.07,,,,,,,,,,
2025-01-17,tennis,"Australian Open, Melbourne, Australia, Mixed",ATP,Withrow J / Khromacheva I,Saville D / Saville L,2,0,True,2,False,1.53,,2.38,,,,,,,,,,
2025-01-18,tennis,"Australian Open, Melbourne, Australia",WTA,Olga Danilović,Jessica Pegula,2,0,True,2,False,5.0,,1.17,,,,,,,,,,
2025-01-18,tennis,"Australian Open, Melbourne, Australia",ATP,Alex Michelsen,Karen Khachanov,3,0,True,3,False,2.38,,1.57,,,,,,,,,,
2025-01-18,tennis,"Australian Open, Melbourne, Australia",ATP,Taylor Fritz,Gael Monfils,1,3,False,4,True,1.1,,7.0,,,,,,,,,,
2025-01-18,tennis,"Australian Open, Melbourne, Australia",ATP,Francisco Cerundolo,Alex de Minaur,1,3,False,4,True,8.0,,1.08,,,,,,,,,,
2025-01-18,tennis,"Australian Open, Melbourne, Australia",ATP,Lorenzo Sonego,Fábián Marozsán,3,1,True,4,True,1.8,,2.0,,,,,,,,,,
2025-01-18,tennis,"Australian Open, Melbourne, Australia",ATP,Corentin Moutet,Learner Tien,0,3,False,3,False,1.91,,1.91,,,,,,,,,,
2025-01-18,tennis,"Australian Open, Melbourne, Australia",ATP,Ben Shelton,Lorenzo Musetti,3,1,True,4,True,1.58,,2.3,,,,,,,,,,
2025-01-18,tennis,"Australian Open, Melbourne, Australia",ATP,Jannik Sinner,Marcos Giron,3,0,True,3,False,1.01,,23.0,,,,,,,,,,
2025-01-18,tennis,"Australian Open, Melbourne, Australia",WTA,Olga Danilović,Jessica Pegula,2,0,True,2,False,5.0,,1.17,,,,,,,,,,
2025-01-18,tennis,"Australian Open, Melbourne, Australia",WTA,Emma Navarro,Ons Jabeur,2,1,True,3,True,1.73,,2.1,,,,,,,,,,
2025-01-18,tennis,"Australian Open, Melbourne, Australia",WTA,Emma Raducanu,Iga Swiatek,0,2,False,2,False,8.0,,1.08,,,,,,,,,,
2025-01-18,tennis,"Australian Open, Melbourne, Australia",WTA,Eva Lys,Jaqueline Cristian,2,1,True,3,True,1.5,,2.63,,,,,,,,,,
2025-01-18,tennis,"Australian Open, Melbourne, Australia",WTA,Yulia Putintseva,Daria Kasatkina,0,2,False,2,False,1.67,,2.2,,,,,,,,,,
2025-01-18,tennis,"Australian Open, Melbourne, Australia",WTA,Elena Rybakina,Dayana Yastremska,2,0,True,2,False,1.1,,7.0,,,,,,,,,,
2025-01-18,tennis,"Australian Open, Melbourne, Australia",WTA,Beatriz Haddad Maia,Veronika Kudermetova,0,2,False,2,False,1.91,,1.91,,,,,,,,,,
2025-01-18,tennis,"Australian Open, Melbourne, Australia",WTA,Elina Svitolina,Jasmine Paolini,2,1,True,3,True,2.2,,1.67,,,,,,,,,,
2025-01-18,tennis,"Australian Open, Melbourne, Australia, Mixed",ATP,Vavassori A / Errani S,Jasika O / Aiava D,2,0,True,2,False,1.13,,6.0,,,,,,,,,,
2025-01-18,tennis,"Australian Open, Melbourne, Australia, Mixed",ATP,Inglis M / Kubler J,Nys H / Townsend T,0,2,False,2,False,2.75,,1.4,,,,,,,,,,
2025-01-18,tennis,"Australian Open, Melbourne, Australia, Mixed",ATP,Peers J / Gadecki O,Galloway R / Melichar-Martinez N,2,0,True,2,False,1.83,,1.83,,,,,,,,,,
2025-01-18,tennis,"Australian Open, Melbourne, Australia, Mixed",ATP,Salisbury J / Ostapenko J,Routliffe E / Venus M,1,2,False,3,True,2.25,,1.57,,,,,,,,,,
2025-01-18,tennis,"Australian Open, Melbourne, Australia",ATP,Alex Michelsen,Karen Khachanov,3,0,True,3,False,2.38,,1.57,,,,,,,,,,
2025-01-18,tennis,"Australian Open, Melbourne, Australia",ATP,Taylor Fritz,Gael Monfils,1,3,False,4,True,1.1,,7.0,,,,,,,,,,
2025-01-18,tennis,"Australian Open, Melbourne, Australia",ATP,Francisco Cerundolo,Alex de Minaur,1,3,False,4,True,8.0,,1.08,,,,,,,,,,
2025-01-18,tennis,"Australian Open, Melbourne, Australia",ATP,Lorenzo Sonego,Fábián Marozsán,3,1,True,4,True,1.8,,2.0,,,,,,,,,,
2025-01-18,tennis,"Australian Open, Melbourne, Australia",ATP,Corentin Moutet,Learner Tien,0,3,False,3,False,1.91,,1.91,,,,,,,,,,
2025-01-18,tennis,"Australian Open, Melbourne, Australia",ATP,Ben Shelton,Lorenzo Musetti,3,1,True,4,True,1.58,,2.3,,,,,,,,,,
2025-01-18,tennis,"Australian Open, Melbourne, Australia",ATP,Jannik Sinner,Marcos Giron,3,0,True,3,False,1.01,,23.0,,,,,,,,,,
2025-01-18,tennis,"Australian Open, Melbourne, Australia",WTA,Olga Danilović,Jessica Pegula,2,0,True,2,False,5.0,,1.17,,,,,,,,,,
2025-01-18,tennis,"Australian Open, Melbourne, Australia",WTA,Emma Navarro,Ons Jabeur,2,1,True,3,True,1.73,,2.1,,,,,,,,,,
2025-01-18,tennis,"Australian Open, Melbourne, Australia",WTA,Emma Raducanu,Iga Swiatek,0,2,False,2,False,8.0,,1.08,,,,,,,,,,
2025-01-18,tennis,"Australian Open, Melbourne, Australia",WTA,Eva Lys,Jaqueline Cristian,2,1,True,3,True,1.5,,2.63,,,,,,,,,,
2025-01-18,tennis,"Australian Open, Melbourne, Australia",WTA,Yulia Putintseva,Daria Kasatkina,0,2,False,2,False,1.67,,2.2,,,,,,,,,,
2025-01-18,tennis,"Australian Open, Melbourne, Australia",WTA,Elena Rybakina,Dayana Yastremska,2,0,True,2,False,1.1,,7.0,,,,,,,,,,
2025-01-18,tennis,"Australian Open, Melbourne, Australia",WTA,Beatriz Haddad Maia,Veronika Kudermetova,0,2,False,2,False,1.91,,1.91,,,,,,,,,,
2025-01-18,tennis,"Australian Open, Melbourne, Australia",WTA,Elina Svitolina,Jasmine Paolini,2,1,True,3,True,2.2,,1.67,,,,,,,,,,
2025-01-18,tennis,"Australian Open, Melbourne, Australia, Mixed",ATP,Vavassori A / Errani S,Jasika O / Aiava D,2,0,True,2,False,1.13,,6.0,,,,,,,,,,
2025-01-18,tennis,"Australian Open, Melbourne, Australia, Mixed",ATP,Inglis M / Kubler J,Nys H / Townsend T,0,2,False,2,False,2.75,,1.4,,,,,,,,,,
2025-01-18,tennis,"Australian Open, Melbourne, Australia, Mixed",ATP,Peers J / Gadecki O,Galloway R / Melichar-Martinez N,2,0,True,2,False,1.83,,1.83,,,,,,,,,,
2025-01-18,tennis,"Australian Open, Melbourne, Australia, Mixed",ATP,Salisbury J / Ostapenko J,Routliffe E / Venus M,1,2,False,3,True,2.25,,1.57,,,,,,,,,,
2025-01-19,tennis,"Australian Open, Melbourne, Australia",ATP,Miomir Kecmanović,Holger Rune,2,3,False,5,True,2.75,,1.44,,,,,,,,,,
2025-01-19,tennis,"Australian Open, Melbourne, Australia",WTA,Madison Keys,Danielle Collins,2,0,True,2,False,1.36,,3.2,,,,,,,,,,
2025-01-19,tennis,"Australian Open, Melbourne, Australia",ATP,Miomir Kecmanović,Holger Rune,2,3,False,5,True,2.75,,1.44,,,,,,,,,,
2025-01-19,tennis,"Australian Open, Melbourne, Australia",ATP,Alejandro Davidovich Fokina,Tommy Paul,0,3,False,3,False,4.0,,1.25,,,,,,,,,,
2025-01-19,tennis,"Australian Open, Melbourne, Australia",ATP,Ugo Humbert,Alexander Zverev,1,3,False,4,True,5.0,,1.17,,,,,,,,,,
2025-01-19,tennis,"Australian Open, Melbourne, Australia",ATP,Novak Djokovic,Jiri Lehečka,3,0,True,3,False,1.25,,4.0,,,,,,,,,,
2025-01-19,tennis,"Australian Open, Melbourne, Australia",WTA,Madison Keys,Danielle Collins,2,0,True,2,False,1.36,,3.2,,,,,,,,,,
2025-01-19,tennis,"Australian Open, Melbourne, Australia",WTA,Aryna Sabalenka,Mirra Andreeva,2,0,True,2,False,1.22,,4.33,,,,,,,,,,
2025-01-19,tennis,"Australian Open, Melbourne, Australia",WTA,Coco Gauff,Belinda Bencic,2,1,True,3,True,1.2,,4.5,,,,,,,,,,
2025-01-19,tennis,"Australian Open, Melbourne, Australia",WTA,Donna Vekić,Anastasia Pavlyuchenkova,0,2,False,2,False,1.8,,2.0,,,,,,,,,,
2025-01-19,tennis,"Australian Open, Melbourne, Australia",WTA,Paula Badosa,Olga Danilović,2,0,True,2,False,1.4,,3.0,,,,,,,,,,
2025-01-19,tennis,"Australian Open, Melbourne, Australia, Mixed",ATP,Molteni A / Muhammad A,Heliovaara H / Danilina A,2,1,True,3,True,2.25,,1.57,,,,,,,,,,
2025-01-19,tennis,"Australian Open, Melbourne, Australia, Mixed",ATP,Smith J / Birrell K,Puetz T / Schuurs D,2,1,True,3,True,3.4,,1.3,,,,,,,,,,
2025-01-19,tennis,"Australian Open, Melbourne, Australia, Mixed",ATP,Vavassori A / Errani S,Patten H / Nicholls O,0,2,False,2,False,1.33,,3.25,,,,,,,,,,
2025-01-19,tennis,"Australian Open, Melbourne, Australia",ATP,Miomir Kecmanović,Holger Rune,2,3,False,5,True,2.75,,1.44,,,,,,,,,,
2025-01-19,tennis,"Australian Open, Melbourne, Australia",ATP,Alejandro Davidovich Fokina,Tommy Paul,0,3,False,3,False,4.0,,1.25,,,,,,,,,,
2025-01-19,tennis,"Australian Open, Melbourne, Australia",ATP,Ugo Humbert,Alexander Zverev,1,3,False,4,True,5.0,,1.17,,,,,,,,,,
2025-01-19,tennis,"Australian Open, Melbourne, Australia",ATP,Novak Djokovic,Jiri Lehečka,3,0,True,3,False,1.25,,4.0,,,,,,,,,,
2025-01-19,tennis,"Australian Open, Melbourne, Australia",WTA,Madison Keys,Danielle Collins,2,0,True,2,False,1.36,,3.2,,,,,,,,,,
2025-01-19,tennis,"Australian Open, Melbourne, Australia",WTA,Aryna Sabalenka,Mirra Andreeva,2,0,True,2,False,1.22,,4.33,,,,,,,,,,
2025-01-19,tennis,"Australian Open, Melbourne, Australia",WTA,Coco Gauff,Belinda Bencic,2,1,True,3,True,1.2,,4.5,,,,,,,,,,
2025-01-19,tennis,"Australian Open, Melbourne, Australia",WTA,Donna Vekić,Anastasia Pavlyuchenkova,0,2,False,2,False,1.8,,2.0,,,,,,,,,,
2025-01-19,tennis,"Australian Open, Melbourne, Australia",WTA,Paula Badosa,Olga Danilović,2,0,True,2,False,1.4,,3.0,,,,,,,,,,
2025-01-19,tennis,"Australian Open, Melbourne, Australia, Mixed",ATP,Molteni A / Muhammad A,Heliovaara H / Danilina A,2,1,True,3,True,2.25,,1.57,,,,,,,,,,
2025-01-19,tennis,"Australian Open, Melbourne, Australia, Mixed",ATP,Smith J / Birrell K,Puetz T / Schuurs D,2,1,True,3,True,3.4,,1.3,,,,,,,,,,
2025-01-19,tennis,"Australian Open, Melbourne, Australia, Mixed",ATP,Vavassori A / Errani S,Patten H / Nicholls O,0,2,False,2,False,1.33,,3.25,,,,,,,,,,
2025-01-20,tennis,"Australian Open, Melbourne, Australia",ATP,Jannik Sinner,Holger Rune,3,1,True,4,True,1.08,,8.0,,,,,,,,,,
2025-01-20,tennis,"Australian Open, Melbourne, Australia",ATP,Lorenzo Sonego,Learner Tien,3,1,True,4,True,1.67,,2.2,,,,,,,,,,
2025-01-20,tennis,"Australian Open, Melbourne, Australia",ATP,Alex Michelsen,Alex de Minaur,0,3,False,3,False,4.0,,1.25,,,,,,,,,,
2025-01-20,tennis,"Australian Open, Melbourne, Australia",WTA,Veronika Kudermetova,Elina Svitolina,0,2,False,2,False,2.75,,1.44,,,,,,,,,,
2025-01-20,tennis,"Australian Open, Melbourne, Australia",WTA,Elena Rybakina,Madison Keys,1,2,False,3,True,1.62,,2.3,,,,,,,,,,
2025-01-20,tennis,"Australian Open, Melbourne, Australia",WTA,Emma Navarro,Daria Kasatkina,2,1,True,3,True,1.91,,1.91,,,,,,,,,,
2025-01-20,tennis,"Australian Open, Melbourne, Australia",WTA,Eva Lys,Iga Swiatek,0,2,False,2,False,21.0,,1.01,,,,,,,,,,
2025-01-20,tennis,"Australian Open, Melbourne, Australia, Mixed",ATP,Withrow J / Khromacheva I,Zielinski J / Hsieh S-W,2,0,True,2,False,3.4,,1.3,,,,,,,,,,
2025-01-20,tennis,"Australian Open, Melbourne, Australia, Mixed",ATP,Krawietz K / Perez E,Bolt A / Hon P,2,0,True,2,False,1.29,,3.5,,,,,,,,,,
2025-01-20,tennis,"Australian Open, Melbourne, Australia, Mixed",ATP,Arevalo M / Babos T,Peers J / Gadecki O,0,2,False,2,False,1.91,,1.8,,,,,,,,,,
2025-01-20,tennis,"Australian Open, Melbourne, Australia",ATP,Jannik Sinner,Holger Rune,3,1,True,4,True,1.08,,8.0,,,,,,,,,,
2025-01-20,tennis,"Australian Open, Melbourne, Australia",ATP,Lorenzo Sonego,Learner Tien,3,1,True,4,True,1.67,,2.2,,,,,,,,,,
2025-01-20,tennis,"Australian Open, Melbourne, Australia",ATP,Alex Michelsen,Alex de Minaur,0,3,False,3,False,4.0,,1.25,,,,,,,,,,
2025-01-20,tennis,"Australian Open, Melbourne, Australia",WTA,Veronika Kudermetova,Elina Svitolina,0,2,False,2,False,2.75,,1.44,,,,,,,,,,
2025-01-20,tennis,"Australian Open, Melbourne, Australia",WTA,Elena Rybakina,Madison Keys,1,2,False,3,True,1.62,,2.3,,,,,,,,,,
2025-01-20,tennis,"Australian Open, Melbourne, Australia",WTA,Emma Navarro,Daria Kasatkina,2,1,True,3,True,1.91,,1.91,,,,,,,,,,
2025-01-20,tennis,"Australian Open, Melbourne, Australia",WTA,Eva Lys,Iga Swiatek,0,2,False,2,False,21.0,,1.01,,,,,,,,,,
2025-01-20,tennis,"Australian Open, Melbourne, Australia, Mixed",ATP,Withrow J / Khromacheva I,Zielinski J / Hsieh S-W,2,0,True,2,False,3.4,,1.3,,,,,,,,,,
2025-01-20,tennis,"Australian Open, Melbourne, Australia, Mixed",ATP,Krawietz K / Perez E,Bolt A / Hon P,2,0,True,2,False,1.29,,3.5,,,,,,,,,,
2025-01-20,tennis,"Australian Open, Melbourne, Australia, Mixed",ATP,Arevalo M / Babos T,Peers J / Gadecki O,0,2,False,2,False,1.91,,1.8,,,,,,,,,,
2025-01-21,tennis,"Australian Open, Melbourne, Australia",ATP,Tommy Paul,Alexander Zverev,1,3,False,4,True,3.4,,1.33,,,,,,,,,,
2025-01-21,tennis,"Australian Open, Melbourne, Australia",WTA,Coco Gauff,Paula Badosa,0,2,False,2,False,1.25,,4.0,,,,,,,,,,
2025-01-21,tennis,"Australian Open, Melbourne, Australia",WTA,Aryna Sabalenka,Anastasia Pavlyuchenkova,2,1,True,3,True,1.08,,8.0,,,,,,,,,,
2025-01-21,tennis,"Australian Open, Melbourne, Australia, Mixed",ATP,Molteni A / Muhammad A,Routliffe E / Venus M,1,2,False,3,True,2.1,,1.67,,,,,,,,,,
2025-01-21,tennis,"Australian Open, Melbourne, Australia, Mixed",ATP,Patten H / Nicholls O,Withrow J / Khromacheva I,2,0,True,2,False,1.8,,1.91,,,,,,,,,,
2025-01-21,tennis,"Australian Open, Melbourne, Australia, Mixed",ATP,Peers J / Gadecki O,Bopanna R / Zhang S,2,1,True,3,True,1.83,,1.83,,,,,,,,,,
2025-01-21,tennis,"Australian Open, Melbourne, Australia, Mixed",ATP,Krawietz K / Perez E,Smith J / Birrell K,1,2,False,3,True,1.4,,2.75,,,,,,,,,,
2025-01-21,tennis,"Australian Open, Melbourne, Australia",ATP,Tommy Paul,Alexander Zverev,1,3,False,4,True,3.4,,1.33,,,,,,,,,,
2025-01-21,tennis,"Australian Open, Melbourne, Australia",WTA,Coco Gauff,Paula Badosa,0,2,False,2,False,1.25,,4.0,,,,,,,,,,
2025-01-21,tennis,"Australian Open, Melbourne, Australia",WTA,Aryna Sabalenka,Anastasia Pavlyuchenkova,2,1,True,3,True,1.08,,8.0,,,,,,,,,,
2025-01-21,tennis,"Australian Open, Melbourne, Australia, Mixed",ATP,Molteni A / Muhammad A,Routliffe E / Venus M,1,2,False,3,True,2.1,,1.67,,,,,,,,,,
2025-01-21,tennis,"Australian Open, Melbourne, Australia, Mixed",ATP,Patten H / Nicholls O,Withrow J / Khromacheva I,2,0,True,2,False,1.8,,1.91,,,,,,,,,,
2025-01-21,tennis,"Australian Open, Melbourne, Australia, Mixed",ATP,Peers J / Gadecki O,Bopanna R / Zhang S,2,1,True,3,True,1.83,,1.83,,,,,,,,,,
2025-01-21,tennis,"Australian Open, Melbourne, Australia, Mixed",ATP,Krawietz K / Perez E,Smith J / Birrell K,1,2,False,3,True,1.4,,2.75,,,,,,,,,,
2025-01-22,tennis,"Australian Open, Melbourne, Australia",ATP,Novak Djokovic,Carlos Alcaraz,3,1,True,4,True,2.63,,1.5,,,,,,,,,,
2025-01-22,tennis,"Australian Open, Melbourne, Australia",ATP,Novak Djokovic,Carlos Alcaraz,3,1,True,4,True,2.63,,1.5,,,,,,,,,,
2025-01-22,tennis,"Australian Open, Melbourne, Australia",ATP,Ben Shelton,Lorenzo Sonego,3,1,True,4,True,1.36,,3.2,,,,,,,,,,
2025-01-22,tennis,"Australian Open, Melbourne, Australia",ATP,Jannik Sinner,Alex de Minaur,3,0,True,3,False,1.17,,5.0,,,,,,,,,,
2025-01-22,tennis,"Australian Open, Melbourne, Australia",WTA,Madison Keys,Elina Svitolina,2,1,True,3,True,1.5,,2.63,,,,,,,,,,
2025-01-22,tennis,"Australian Open, Melbourne, Australia",WTA,Emma Navarro,Iga Swiatek,0,2,False,2,False,10.0,,1.06,,,,,,,,,,
2025-01-22,tennis,"Australian Open, Melbourne, Australia, Mixed",ATP,Peers J / Gadecki O,Routliffe E / Venus M,2,0,True,2,False,2.2,,1.62,,,,,,,,,,
2025-01-22,tennis,"Australian Open, Melbourne, Australia, Mixed",ATP,Patten H / Nicholls O,Smith J / Birrell K,0,2,False,2,False,1.57,,2.25,,,,,,,,,,
2025-01-22,tennis,"Australian Open, Melbourne, Australia",ATP,Novak Djokovic,Carlos Alcaraz,3,1,True,4,True,2.63,,1.5,,,,,,,,,,
2025-01-22,tennis,"Australian Open, Melbourne, Australia",ATP,Ben Shelton,Lorenzo Sonego,3,1,True,4,True,1.36,,3.2,,,,,,,,,,
2025-01-22,tennis,"Australian Open, Melbourne, Australia",ATP,Jannik Sinner,Alex de Minaur,3,0,True,3,False,1.17,,5.0,,,,,,,,,,
2025-01-22,tennis,"Australian Open, Melbourne, Australia",WTA,Madison Keys,Elina Svitolina,2,1,True,3,True,1.5,,2.63,,,,,,,,,,
2025-01-22,tennis,"Australian Open, Melbourne, Australia",WTA,Emma Navarro,Iga Swiatek,0,2,False,2,False,10.0,,1.06,,,,,,,,,,
2025-01-22,tennis,"Australian Open, Melbourne, Australia, Mixed",ATP,Peers J / Gadecki O,Routliffe E / Venus M,2,0,True,2,False,2.2,,1.62,,,,,,,,,,
2025-01-22,tennis,"Australian Open, Melbourne, Australia, Mixed",ATP,Patten H / Nicholls O,Smith J / Birrell K,0,2,False,2,False,1.57,,2.25,,,,,,,,,,
2025-01-23,tennis,"Australian Open, Melbourne, Australia",WTA,Aryna Sabalenka,Paula Badosa,2,0,True,2,False,1.29,,3.75,,,,,,,,,,
2025-01-23,tennis,"Australian Open, Melbourne, Australia",WTA,Aryna Sabalenka,Paula Badosa,2,0,True,2,False,1.29,,3.75,,,,,,,,,,
2025-01-24,tennis,"Australian Open, Melbourne, Australia",WTA,Madison Keys,Iga Swiatek,2,1,True,3,True,5.0,,1.17,,,,,,,,,,
2025-01-24,tennis,"Australian Open, Melbourne, Australia",ATP,Jannik Sinner,Ben Shelton,3,0,True,3,False,1.05,,11.0,,,,,,,,,,
2025-01-24,tennis,"Australian Open, Melbourne, Australia",WTA,Madison Keys,Iga Swiatek,2,1,True,3,True,5.0,,1.17,,,,,,,,,,
2025-01-24,tennis,"Australian Open, Melbourne, Australia, Mixed",ATP,Smith J / Birrell K,Peers J / Gadecki O,1,2,False,3,True,2.38,,1.57,,,,,,,,,,
2025-01-24,tennis,"Australian Open, Melbourne, Australia",ATP,Jannik Sinner,Ben Shelton,3,0,True,3,False,1.05,,11.0,,,,,,,,,,
2025-01-24,tennis,"Australian Open, Melbourne, Australia",WTA,Madison Keys,Iga Swiatek,2,1,True,3,True,5.0,,1.17,,,,,,,,,,
2025-01-24,tennis,"Australian Open, Melbourne, Australia, Mixed",ATP,Smith J / Birrell K,Peers J / Gadecki O,1,2,False,3,True,2.38,,1.57,,,,,,,,,,
2025-01-25,tennis,"Australian Open, Melbourne, Australia",WTA,Aryna Sabalenka,Madison Keys,1,2,False,3,True,1.25,,4.0,,,,,,,,,,
2025-01-25,tennis,"Australian Open, Melbourne, Australia",WTA,Aryna Sabalenka,Madison Keys,1,2,False,3,True,1.25,,4.0,,,,,,,,,,
2025-01-26,tennis,"Australian Open, Melbourne, Australia",ATP,Jannik Sinner,Alexander Zverev,3,0,True,3,False,1.33,,3.4,,,,,,,,,,
2025-01-26,tennis,"Australian Open, Melbourne, Australia",ATP,Jannik Sinner,Alexander Zverev,3,0,True,3,False,1.33,,3.4,,,,,,,,,,
2025-01-30,tennis,"ITF W75 Rome, GA Women",ITF Women,Carol Zhao,Sophie Chang,2,0,True,2,False,1.57,,2.25,,,,,,,,,,
2025-01-30,tennis,"ITF W75 Rome, GA Women",ITF Women,Hanna Chang,Darja Vidmanova,2,0,True,2,False,2.5,,1.5,,,,,,,,,,
2025-01-30,tennis,"ITF W75 Rome, GA Women",ITF Women,Maria Mateas,Whitney Osuigwe,0,2,False,2,False,2.62,,1.44,,,,,,,,,,
2025-01-30,tennis,"ITF W75 Rome, GA Women",ITF Women,Sara Cakarevic,Irene Burillo,0,2,False,2,False,1.67,,2.1,,,,,,,,,,
2025-01-30,tennis,"ITF W75 Rome, GA Women",ITF Women,Valeriya Strakhova,Lisa Zaar,1,2,False,3,True,2.62,,1.44,,,,,,,,,,
2025-01-30,tennis,"ITF W75 Rome, GA Women",ITF Women,Iva Jovic,Victoria Mboko,0,2,False,2,False,1.62,,2.2,,,,,,,,,,
2025-01-30,tennis,"ITF W75 Rome, GA Women",ITF Women,Robin Anderson,Cadence Brace,0,2,False,2,False,1.57,,2.25,,,,,,,,,,
2025-01-30,tennis,"ITF W75 Rome, GA Women",ITF Women,Solana Sierra,Michaela Bayerlova,2,0,True,2,False,1.03,,10.0,,,,,,,,,,
2025-01-30,tennis,"ITF W75 Rome, GA Women",ITF Women,Whitney Osuigwe,Madison Sieg,2,0,True,2,False,1.22,,4.0,,,,,,,,,,
2025-01-30,tennis,"ITF W75 Rome, GA Women",ITF Women,Tatiana Pieri,Eva Vedder,0,2,False,2,False,2.38,,1.53,,,,,,,,,,
2025-01-30,tennis,"ITF W75 Rome, GA Women",ITF Women,Carol Zhao,Sophie Chang,2,0,True,2,False,1.57,,2.25,,,,,,,,,,
2025-01-30,tennis,"ITF W75 Rome, GA Women",ITF Women,Hanna Chang,Darja Vidmanova,2,0,True,2,False,2.5,,1.5,,,,,,,,,,
2025-01-30,tennis,"ITF W75 Rome, GA Women",ITF Women,Maria Mateas,Whitney Osuigwe,0,2,False,2,False,2.62,,1.44,,,,,,,,,,
2025-01-30,tennis,"ITF W75 Rome, GA Women",ITF Women,Sara Cakarevic,Irene Burillo,0,2,False,2,False,1.67,,2.1,,,,,,,,,,
2025-01-30,tennis,"ITF W75 Rome, GA Women",ITF Women,Valeriya Strakhova,Lisa Zaar,1,2,False,3,True,2.62,,1.44,,,,,,,,,,
2025-01-30,tennis,"ITF W75 Rome, GA Women",ITF Women,Iva Jovic,Victoria Mboko,0,2,False,2,False,1.62,,2.2,,,,,,,,,,
2025-01-30,tennis,"ITF W75 Rome, GA Women",ITF Women,Robin Anderson,Cadence Brace,0,2,False,2,False,1.57,,2.25,,,,,,,,,,
2025-01-30,tennis,"ITF W75 Rome, GA Women",ITF Women,Solana Sierra,Michaela Bayerlova,2,0,True,2,False,1.03,,10.0,,,,,,,,,,
2025-01-30,tennis,"ITF W75 Rome, GA Women",ITF Women,Whitney Osuigwe,Madison Sieg,2,0,True,2,False,1.22,,4.0,,,,,,,,,,
2025-01-30,tennis,"ITF W75 Rome, GA Women",ITF Women,Tatiana Pieri,Eva Vedder,0,2,False,2,False,2.38,,1.53,,,,,,,,,,
2025-01-31,tennis,"ITF W75 Rome, GA Women",ITF Women,Kayla Cross,Irene Burillo,2,0,True,2,False,2.0,,1.73,,,,,,,,,,
2025-01-31,tennis,"ITF W75 Rome, GA Women",ITF Women,Solana Sierra,Lisa Zaar,1,2,False,3,True,1.12,,5.5,,,,,,,,,,
2025-01-31,tennis,"ITF W75 Rome, GA Women",ITF Women,Victoria Mboko,Akasha Urhobo,2,0,True,2,False,1.33,,3.25,,,,,,,,,,
2025-01-31,tennis,"ITF W75 Rome, GA Women",ITF Women,Victoria Hu,Emiliana Arango,0,2,False,2,False,3.4,,1.3,,,,,,,,,,
2025-01-31,tennis,"ITF W75 Rome, GA Women",ITF Women,Hanna Chang,Lia Karatancheva,2,0,True,2,False,1.57,,2.25,,,,,,,,,,
2025-01-31,tennis,"ITF W75 Rome, GA Women",ITF Women,Kayla Cross,Irene Burillo,2,0,True,2,False,2.0,,1.73,,,,,,,,,,
2025-01-31,tennis,"ITF W75 Rome, GA Women",ITF Women,Solana Sierra,Lisa Zaar,1,2,False,3,True,1.12,,5.5,,,,,,,,,,
2025-01-31,tennis,"ITF W75 Rome, GA Women",ITF Women,Victoria Mboko,Akasha Urhobo,2,0,True,2,False,1.33,,3.25,,,,,,,,,,
2025-01-31,tennis,"ITF W75 Rome, GA Women",ITF Women,Victoria Hu,Emiliana Arango,0,2,False,2,False,3.4,,1.3,,,,,,,,,,
2025-01-31,tennis,"ITF W75 Rome, GA Women",ITF Women,Hanna Chang,Lia Karatancheva,2,0,True,2,False,1.57,,2.25,,,,,,,,,,
2025-02-01,tennis,"ITF W75 Rome, GA Women",ITF Women,Lisa Zaar,Cadence Brace,1,2,False,3,True,2.2,,1.62,,,,,,,,,,
2025-02-01,tennis,"ITF W75 Rome, GA Women",ITF Women,Victoria Mboko,Kayla Cross,2,0,True,2,False,1.2,,4.33,,,,,,,,,,
2025-02-01,tennis,"ITF W75 Rome, GA Women",ITF Women,Whitney Osuigwe,Eva Vedder,0,2,False,2,False,1.44,,2.62,,,,,,,,,,
2025-02-01,tennis,"ITF W75 Rome, GA Women",ITF Women,Hanna Chang,Emiliana Arango,2,1,True,3,True,3.0,,1.36,,,,,,,,,,
2025-02-01,tennis,"ITF W75 Rome, GA Women",ITF Women,Lisa Zaar,Cadence Brace,1,2,False,3,True,2.2,,1.62,,,,,,,,,,
2025-02-01,tennis,"ITF W75 Rome, GA Women",ITF Women,Victoria Mboko,Kayla Cross,2,0,True,2,False,1.2,,4.33,,,,,,,,,,
2025-02-01,tennis,"ITF W75 Rome, GA Women",ITF Women,Whitney Osuigwe,Eva Vedder,0,2,False,2,False,1.44,,2.62,,,,,,,,,,
2025-02-01,tennis,"ITF W75 Rome, GA Women",ITF Women,Hanna Chang,Emiliana Arango,2,1,True,3,True,3.0,,1.36,,,,,,,,,,
2025-02-02,tennis,"ITF W75 Rome, GA Women",ITF Women,Cadence Brace,Victoria Mboko,0,2,False,2,False,4.0,,1.22,,,,,,,,,,
2025-02-02,tennis,"ITF W75 Rome, GA Women",ITF Women,Cadence Brace,Victoria Mboko,0,2,False,2,False,4.0,,1.22,,,,,,,,,,
2025-02-03,tennis,"ITF W75 Rome, GA Women",ITF Women,Victoria Mboko,Eva Vedder,2,0,True,2,False,1.33,,3.25,,,,,,,,,,
2025-02-03,tennis,"ITF W75 Rome, GA Women",ITF Women,Victoria Mboko,Eva Vedder,2,0,True,2,False,1.33,,3.25,,,,,,,,,,
2025-03-06,tennis,"Indian Wells, USA",ATP,Jaume Munar,Kei Nishikori,1,2,False,3,True,2.0,,1.8,,,,,,,,,,
2025-03-06,tennis,"Indian Wells, USA",ATP,Thiago Seyboth Wild,Alexandre Muller,2,1,True,3,True,2.2,,1.67,,,,,,,,,,
2025-03-06,tennis,"Indian Wells, USA",ATP,Tristan Boyer,Aleksandar Vukic,2,1,True,3,True,2.0,,1.8,,,,,,,,,,
2025-03-06,tennis,"Indian Wells, USA",ATP,Roberto Carballés Baena,Christopher O'Connell,1,2,False,3,True,2.2,,1.67,,,,,,,,,,
2025-03-06,tennis,"Indian Wells, USA",ATP,Miomir Kecmanović,Tallon Griekspoor,1,2,False,3,True,1.73,,2.1,,,,,,,,,,
2025-03-06,tennis,"Indian Wells, USA",ATP,Yunchaokete Bu,Nishesh Basavareddy,2,0,True,2,False,2.75,,1.44,,,,,,,,,,
2025-03-06,tennis,"Indian Wells, USA",ATP,Fábián Marozsán,Pedro Martinez,2,0,True,2,False,1.44,,2.75,,,,,,,,,,
2025-03-06,tennis,"Indian Wells, USA",ATP,Colton Smith,Flavio Cobolli,2,1,True,3,True,2.2,,1.67,,,,,,,,,,
2025-03-06,tennis,"Indian Wells, USA",ATP,Roberto Bautista Agut,Damir Džumhur,1,2,False,3,True,1.57,,2.38,,,,,,,,,,
2025-03-06,tennis,"Indian Wells, USA",ATP,Roman Safiullin,Reilly Opelka,2,0,True,2,False,2.0,,1.8,,,,,,,,,,
2025-03-06,tennis,"Indian Wells, USA",ATP,Marcos Giron,Nikoloz Basilashvili,2,0,True,2,False,1.4,,3.0,,,,,,,,,,
2025-03-06,tennis,"Indian Wells, USA",ATP,Zizou Bergs,Ethan Quinn,2,0,True,2,False,1.57,,2.38,,,,,,,,,,
2025-03-06,tennis,"Indian Wells, USA",ATP,Corentin Moutet,Jordan Thompson,2,1,True,3,True,1.91,,1.91,,,,,,,,,,
2025-03-06,tennis,"Indian Wells, USA",ATP,Cameron Norrie,Luca Nardi,2,0,True,2,False,1.53,,2.5,,,,,,,,,,
2025-03-06,tennis,"Indian Wells, USA",ATP,Alexander Bublik,Yosuke Watanuki,1,2,False,3,True,1.73,,2.1,,,,,,,,,,
2025-03-06,tennis,"Indian Wells, USA",WTA,Caroline Garcia,Bernarda Pera,2,0,True,2,False,1.8,,2.0,,,,,,,,,,
2025-03-06,tennis,"Indian Wells, USA",WTA,Petra Kvitova,Varvara Gracheva,1,2,False,3,True,1.91,,1.91,,,,,,,,,,
2025-03-06,tennis,"Indian Wells, USA",WTA,Rebecca Šramková,Lulu Sun,1,2,False,3,True,1.33,,3.4,,,,,,,,,,
2025-03-06,tennis,"Indian Wells, USA",WTA,Irina-Camelia Begu,Ann Li,2,1,True,3,True,2.3,,1.62,,,,,,,,,,
2025-03-06,tennis,"Indian Wells, USA",WTA,Hailey Baptiste,Whitney Osuigwe,2,0,True,2,False,1.53,,2.5,,,,,,,,,,
2025-03-06,tennis,"Indian Wells, USA",WTA,Marie Bouzkova,Suzan Lamens,1,2,False,3,True,1.57,,2.38,,,,,,,,,,
2025-03-06,tennis,"Indian Wells, USA",WTA,Peyton Stearns,Magda Linette,1,2,False,3,True,1.53,,2.5,,,,,,,,,,
2025-03-06,tennis,"Indian Wells, USA",WTA,Kamilla Rakhimova,Caroline Dolehide,0,2,False,2,False,2.38,,1.57,,,,,,,,,,
2025-03-06,tennis,"Indian Wells, USA",WTA,Mayar Sherif,Xinyu Wang,0,2,False,2,False,5.0,,1.17,,,,,,,,,,
2025-03-06,tennis,"Indian Wells, USA",WTA,Maria Carle,Katerina Siniakova,0,2,False,2,False,2.75,,1.44,,,,,,,,,,
2025-03-06,tennis,"Indian Wells, USA",WTA,Clervie Ngounoue,Victoria Azarenka,0,2,False,2,False,2.75,,1.44,,,,,,,,,,
2025-03-06,tennis,"Indian Wells, USA",WTA,Camila Osorio,Naomi Osaka,2,0,True,2,False,4.33,,1.22,,,,,,,,,,
2025-03-06,tennis,"Indian Wells, USA",WTA,Jule Niemeier,Robin Montgomery,1,2,False,3,True,1.73,,2.1,,,,,,,,,,
2025-03-06,tennis,"Indian Wells, USA",WTA,Ashlyn Krueger,Katie Volynets,2,1,True,3,True,1.67,,2.2,,,,,,,,,,
2025-03-06,tennis,"Indian Wells, USA",WTA,Dayana Yastremska,Yue Yuan,2,0,True,2,False,1.5,,2.63,,,,,,,,,,
2025-03-06,tennis,"Indian Wells, USA",ATP,Jaume Munar,Kei Nishikori,1,2,False,3,True,2.0,,1.8,,,,,,,,,,
2025-03-06,tennis,"Indian Wells, USA",ATP,Thiago Seyboth Wild,Alexandre Muller,2,1,True,3,True,2.2,,1.67,,,,,,,,,,
2025-03-06,tennis,"Indian Wells, USA",ATP,Tristan Boyer,Aleksandar Vukic,2,1,True,3,True,2.0,,1.8,,,,,,,,,,
2025-03-06,tennis,"Indian Wells, USA",ATP,Roberto Carballés Baena,Christopher O'Connell,1,2,False,3,True,2.2,,1.67,,,,,,,,,,
2025-03-06,tennis,"Indian Wells, USA",ATP,Miomir Kecmanović,Tallon Griekspoor,1,2,False,3,True,1.73,,2.1,,,,,,,,,,
2025-03-06,tennis,"Indian Wells, USA",ATP,Yunchaokete Bu,Nishesh Basavareddy,2,0,True,2,False,2.75,,1.44,,,,,,,,,,
2025-03-06,tennis,"Indian Wells, USA",ATP,Fábián Marozsán,Pedro Martinez,2,0,True,2,False,1.44,,2.75,,,,,,,,,,
2025-03-06,tennis,"Indian Wells, USA",ATP,Colton Smith,Flavio Cobolli,2,1,True,3,True,2.2,,1.67,,,,,,,,,,
2025-03-06,tennis,"Indian Wells, USA",ATP,Roberto Bautista Agut,Damir Džumhur,1,2,False,3,True,1.57,,2.38,,,,,,,,,,
2025-03-06,tennis,"Indian Wells, USA",ATP,Roman Safiullin,Reilly Opelka,2,0,True,2,False,2.0,,1.8,,,,,,,,,,
2025-03-06,tennis,"Indian Wells, USA",ATP,Marcos Giron,Nikoloz Basilashvili,2,0,True,2,False,1.4,,3.0,,,,,,,,,,
2025-03-06,tennis,"Indian Wells, USA",ATP,Zizou Bergs,Ethan Quinn,2,0,True,2,False,1.57,,2.38,,,,,,,,,,
2025-03-06,tennis,"Indian Wells, USA",ATP,Corentin Moutet,Jordan Thompson,2,1,True,3,True,1.91,,1.91,,,,,,,,,,
2025-03-06,tennis,"Indian Wells, USA",ATP,Cameron Norrie,Luca Nardi,2,0,True,2,False,1.53,,2.5,,,,,,,,,,
2025-03-06,tennis,"Indian Wells, USA",ATP,Alexander Bublik,Yosuke Watanuki,1,2,False,3,True,1.73,,2.1,,,,,,,,,,
2025-03-06,tennis,"Indian Wells, USA",WTA,Caroline Garcia,Bernarda Pera,2,0,True,2,False,1.8,,2.0,,,,,,,,,,
2025-03-06,tennis,"Indian Wells, USA",WTA,Petra Kvitova,Varvara Gracheva,1,2,False,3,True,1.91,,1.91,,,,,,,,,,
2025-03-06,tennis,"Indian Wells, USA",WTA,Rebecca Šramková,Lulu Sun,1,2,False,3,True,1.33,,3.4,,,,,,,,,,
2025-03-06,tennis,"Indian Wells, USA",WTA,Irina-Camelia Begu,Ann Li,2,1,True,3,True,2.3,,1.62,,,,,,,,,,
2025-03-06,tennis,"Indian Wells, USA",WTA,Hailey Baptiste,Whitney Osuigwe,2,0,True,2,False,1.53,,2.5,,,,,,,,,,
2025-03-06,tennis,"Indian Wells, USA",WTA,Marie Bouzkova,Suzan Lamens,1,2,False,3,True,1.57,,2.38,,,,,,,,,,
2025-03-06,tennis,"Indian Wells, USA",WTA,Peyton Stearns,Magda Linette,1,2,False,3,True,1.53,,2.5,,,,,,,,,,
2025-03-06,tennis,"Indian Wells, USA",WTA,Kamilla Rakhimova,Caroline Dolehide,0,2,False,2,False,2.38,,1.57,,,,,,,,,,
2025-03-06,tennis,"Indian Wells, USA",WTA,Mayar Sherif,Xinyu Wang,0,2,False,2,False,5.0,,1.17,,,,,,,,,,
2025-03-06,tennis,"Indian Wells, USA",WTA,Maria Carle,Katerina Siniakova,0,2,False,2,False,2.75,,1.44,,,,,,,,,,
2025-03-06,tennis,"Indian Wells, USA",WTA,Clervie Ngounoue,Victoria Azarenka,0,2,False,2,False,2.75,,1.44,,,,,,,,,,
2025-03-06,tennis,"Indian Wells, USA",WTA,Camila Osorio,Naomi Osaka,2,0,True,2,False,4.33,,1.22,,,,,,,,,,
2025-03-06,tennis,"Indian Wells, USA",WTA,Jule Niemeier,Robin Montgomery,1,2,False,3,True,1.73,,2.1,,,,,,,,,,
2025-03-06,tennis,"Indian Wells, USA",WTA,Ashlyn Krueger,Katie Volynets,2,1,True,3,True,1.67,,2.2,,,,,,,,,,
2025-03-06,tennis,"Indian Wells, USA",WTA,Dayana Yastremska,Yue Yuan,2,0,True,2,False,1.5,,2.63,,,,,,,,,,
2025-03-07,tennis,"Indian Wells, USA",ATP,Alexander Shevchenko,Rinky Hijikata,0,2,False,2,False,1.67,,2.2,,,,,,,,,,
2025-03-07,tennis,"Indian Wells, USA",ATP,Benjamin Bonzi,Jenson Brooksby,1,2,False,3,True,1.91,,1.91,,,,,,,,,,
2025-03-07,tennis,"Indian Wells, USA",ATP,Jacob Fearnley,Joao Fonseca,1,2,False,3,True,3.75,,1.29,,,,,,,,,,
2025-03-07,tennis,"Indian Wells, USA",ATP,Tomas Martin Etcheverry,Jakub Menšik,0,2,False,2,False,2.63,,1.5,,,,,,,,,,
2025-03-07,tennis,"Indian Wells, USA",ATP,Mackenzie McDonald,Alejandro Davidovich Fokina,2,1,True,3,True,2.75,,1.44,,,,,,,,,,
2025-03-07,tennis,"Indian Wells, USA",ATP,Zhizhen Zhang,Gabriel Diallo,1,2,False,3,True,1.91,,1.91,,,,,,,,,,
2025-03-07,tennis,"Indian Wells, USA",ATP,Matteo Arnaldi,Aleksandar Kovacevic,2,1,True,3,True,1.4,,3.0,,,,,,,,,,
2025-03-07,tennis,"Indian Wells, USA",ATP,Matteo Gigante,Sebastián Báez,2,1,True,3,True,2.0,,1.8,,,,,,,,,,
2025-03-07,tennis,"Indian Wells, USA",ATP,Jan-Lennard Struff,Gael Monfils,0,2,False,2,False,2.3,,1.62,,,,,,,,,,
2025-03-07,tennis,"Indian Wells, USA",ATP,Luciano Darderi,Hugo Gaston,0,2,False,2,False,2.5,,1.53,,,,,,,,,,
2025-03-07,tennis,"Indian Wells, USA",ATP,Arthur Rinderknech,Nuno Borges,1,2,False,3,True,3.0,,1.4,,,,,,,,,,
2025-03-07,tennis,"Indian Wells, USA",ATP,David Goffin,Lorenzo Sonego,2,0,True,2,False,2.1,,1.73,,,,,,,,,,
2025-03-07,tennis,"Indian Wells, USA",ATP,Giulio Zeppieri,Adam Walton,0,2,False,2,False,2.3,,1.62,,,,,,,,,,
2025-03-07,tennis,"Indian Wells, USA",ATP,Li Tu,Dušan Lajović,0,2,False,2,False,2.0,,1.8,,,,,,,,,,
2025-03-07,tennis,"Indian Wells, USA",WTA,Anhelina Kalinina,Lucia Bronzetti,0,2,False,2,False,2.0,,1.8,,,,,,,,,,
2025-03-07,tennis,"Indian Wells, USA",WTA,Claire Liu,Polina Kudermetova,0,2,False,2,False,2.1,,1.73,,,,,,,,,,
2025-03-07,tennis,"Indian Wells, USA",WTA,Maddison Inglis,Sofia Kenin,0,2,False,2,False,4.5,,1.2,,,,,,,,,,
2025-03-07,tennis,"Indian Wells, USA",WTA,Olga Danilović,Viktoriya Tomova,0,2,False,2,False,1.4,,3.0,,,,,,,,,,
2025-03-07,tennis,"Indian Wells, USA",WTA,Emma Raducanu,Moyuka Uchijima,0,2,False,2,False,1.36,,3.2,,,,,,,,,,
2025-03-07,tennis,"Indian Wells, USA",WTA,Sorana Cirstea,Maya Joint,2,0,True,2,False,1.73,,2.1,,,,,,,,,,
2025-03-07,tennis,"Indian Wells, USA",WTA,Sonay Kartal,Varvara Lepchenko,2,0,True,2,False,1.36,,3.2,,,,,,,,,,
2025-03-07,tennis,"Indian Wells, USA",WTA,Belinda Bencic,Tatjana Maria,2,0,True,2,False,1.07,,9.0,,,,,,,,,,
2025-03-07,tennis,"Indian Wells, USA",WTA,Veronika Kudermetova,Jaqueline Cristian,0,2,False,2,False,1.3,,3.5,,,,,,,,,,
2025-03-07,tennis,"Indian Wells, USA",WTA,Viktorija Golubic,Kimberly Birrell,0,2,False,2,False,1.8,,2.0,,,,,,,,,,
2025-03-07,tennis,"Indian Wells, USA",WTA,Jessica Bouzas Maneiro,Anastasia Potapova,1,2,False,3,True,3.5,,1.3,,,,,,,,,,
2025-03-07,tennis,"Indian Wells, USA",WTA,Anna Blinkova,McCartney Kessler,0,2,False,2,False,2.75,,1.44,,,,,,,,,,
2025-03-07,tennis,"Indian Wells, USA",ATP,Alexander Shevchenko,Rinky Hijikata,0,2,False,2,False,1.67,,2.2,,,,,,,,,,
2025-03-07,tennis,"Indian Wells, USA",ATP,Benjamin Bonzi,Jenson Brooksby,1,2,False,3,True,1.91,,1.91,,,,,,,,,,
2025-03-07,tennis,"Indian Wells, USA",ATP,Jacob Fearnley,Joao Fonseca,1,2,False,3,True,3.75,,1.29,,,,,,,,,,
2025-03-07,tennis,"Indian Wells, USA",ATP,Tomas Martin Etcheverry,Jakub Menšik,0,2,False,2,False,2.63,,1.5,,,,,,,,,,
2025-03-07,tennis,"Indian Wells, USA",ATP,Mackenzie McDonald,Alejandro Davidovich Fokina,2,1,True,3,True,2.75,,1.44,,,,,,,,,,
2025-03-07,tennis,"Indian Wells, USA",ATP,Zhizhen Zhang,Gabriel Diallo,1,2,False,3,True,1.91,,1.91,,,,,,,,,,
2025-03-07,tennis,"Indian Wells, USA",ATP,Matteo Arnaldi,Aleksandar Kovacevic,2,1,True,3,True,1.4,,3.0,,,,,,,,,,
2025-03-07,tennis,"Indian Wells, USA",ATP,Matteo Gigante,Sebastián Báez,2,1,True,3,True,2.0,,1.8,,,,,,,,,,
2025-03-07,tennis,"Indian Wells, USA",ATP,Jan-Lennard Struff,Gael Monfils,0,2,False,2,False,2.3,,1.62,,,,,,,,,,
2025-03-07,tennis,"Indian Wells, USA",ATP,Luciano Darderi,Hugo Gaston,0,2,False,2,False,2.5,,1.53,,,,,,,,,,
2025-03-07,tennis,"Indian Wells, USA",ATP,Arthur Rinderknech,Nuno Borges,1,2,False,3,True,3.0,,1.4,,,,,,,,,,
2025-03-07,tennis,"Indian Wells, USA",ATP,David Goffin,Lorenzo Sonego,2,0,True,2,False,2.1,,1.73,,,,,,,,,,
2025-03-07,tennis,"Indian Wells, USA",ATP,Giulio Zeppieri,Adam Walton,0,2,False,2,False,2.3,,1.62,,,,,,,,,,
2025-03-07,tennis,"Indian Wells, USA",ATP,Li Tu,Dušan Lajović,0,2,False,2,False,2.0,,1.8,,,,,,,,,,
2025-03-07,tennis,"Indian Wells, USA",WTA,Anhelina Kalinina,Lucia Bronzetti,0,2,False,2,False,2.0,,1.8,,,,,,,,,,
2025-03-07,tennis,"Indian Wells, USA",WTA,Claire Liu,Polina Kudermetova,0,2,False,2,False,2.1,,1.73,,,,,,,,,,
2025-03-07,tennis,"Indian Wells, USA",WTA,Maddison Inglis,Sofia Kenin,0,2,False,2,False,4.5,,1.2,,,,,,,,,,
2025-03-07,tennis,"Indian Wells, USA",WTA,Olga Danilović,Viktoriya Tomova,0,2,False,2,False,1.4,,3.0,,,,,,,,,,
2025-03-07,tennis,"Indian Wells, USA",WTA,Emma Raducanu,Moyuka Uchijima,0,2,False,2,False,1.36,,3.2,,,,,,,,,,
2025-03-07,tennis,"Indian Wells, USA",WTA,Sorana Cirstea,Maya Joint,2,0,True,2,False,1.73,,2.1,,,,,,,,,,
2025-03-07,tennis,"Indian Wells, USA",WTA,Sonay Kartal,Varvara Lepchenko,2,0,True,2,False,1.36,,3.2,,,,,,,,,,
2025-03-07,tennis,"Indian Wells, USA",WTA,Belinda Bencic,Tatjana Maria,2,0,True,2,False,1.07,,9.0,,,,,,,,,,
2025-03-07,tennis,"Indian Wells, USA",WTA,Veronika Kudermetova,Jaqueline Cristian,0,2,False,2,False,1.3,,3.5,,,,,,,,,,
2025-03-07,tennis,"Indian Wells, USA",WTA,Viktorija Golubic,Kimberly Birrell,0,2,False,2,False,1.8,,2.0,,,,,,,,,,
2025-03-07,tennis,"Indian Wells, USA",WTA,Jessica Bouzas Maneiro,Anastasia Potapova,1,2,False,3,True,3.5,,1.3,,,,,,,,,,
2025-03-07,tennis,"Indian Wells, USA",WTA,Anna Blinkova,McCartney Kessler,0,2,False,2,False,2.75,,1.44,,,,,,,,,,
2025-03-08,tennis,"Indian Wells, USA",ATP,Alexander Zverev,Tallon Griekspoor,1,2,False,3,True,1.25,,4.0,,,,,,,,,,
2025-03-08,tennis,"Indian Wells, USA",ATP,Kei Nishikori,Ugo Humbert,0,2,False,2,False,3.5,,1.3,,,,,,,,,,
2025-03-08,tennis,"Indian Wells, USA",ATP,Tommy Paul,Tristan Boyer,2,0,True,2,False,1.1,,7.0,,,,,,,,,,
2025-03-08,tennis,"Indian Wells, USA",ATP,Quentin Halys,Pablo Carreño Busta,2,0,True,2,False,2.3,,1.62,,,,,,,,,,
2025-03-08,tennis,"Indian Wells, USA",ATP,Mariano Navone,Learner Tien,2,0,True,2,False,3.5,,1.3,,,,,,,,,,
2025-03-08,tennis,"Indian Wells, USA",ATP,Cameron Norrie,Jiri Lehečka,2,1,True,3,True,2.5,,1.53,,,,,,,,,,
2025-03-08,tennis,"Indian Wells, USA",ATP,Zizou Bergs,Alexei Popyrin,0,2,False,2,False,1.91,,1.91,,,,,,,,,,
2025-03-08,tennis,"Indian Wells, USA",ATP,Casper Ruud,Marcos Giron,1,2,False,3,True,1.57,,2.38,,,,,,,,,,
2025-03-08,tennis,"Indian Wells, USA",ATP,Matteo Berrettini,Christopher O'Connell,2,0,True,2,False,1.2,,4.5,,,,,,,,,,
2025-03-08,tennis,"Indian Wells, USA",ATP,Roman Safiullin,Lorenzo Musetti,1,2,False,3,True,1.91,,1.91,,,,,,,,,,
2025-03-08,tennis,"Indian Wells, USA",ATP,Alex Michelsen,Colton Smith,2,0,True,2,False,1.4,,3.0,,,,,,,,,,
2025-03-08,tennis,"Indian Wells, USA",ATP,Holger Rune,Corentin Moutet,2,0,True,2,False,1.36,,3.2,,,,,,,,,,
2025-03-08,tennis,"Indian Wells, USA",ATP,Thiago Seyboth Wild,Stefanos Tsitsipas,0,2,False,2,False,4.0,,1.25,,,,,,,,,,
2025-03-08,tennis,"Indian Wells, USA",ATP,Arthur Fils,Gabriel Diallo,2,0,True,2,False,1.62,,2.3,,,,,,,,,,
2025-03-08,tennis,"Indian Wells, USA",ATP,Yunchaokete Bu,Daniil Medvedev,0,2,False,2,False,4.33,,1.22,,,,,,,,,,
2025-03-08,tennis,"Indian Wells, USA",ATP,Damir Džumhur,Frances Tiafoe,0,2,False,2,False,3.75,,1.29,,,,,,,,,,
2025-03-08,tennis,"Indian Wells, USA",WTA,Elena Rybakina,Suzan Lamens,2,0,True,2,False,1.07,,9.0,,,,,,,,,,
2025-03-08,tennis,"Indian Wells, USA",WTA,Irina-Camelia Begu,Katie Boulter,1,2,False,3,True,2.38,,1.57,,,,,,,,,,
2025-03-08,tennis,"Indian Wells, USA",WTA,Karolina Muchova,Elisabetta Cocciaretto,2,0,True,2,False,1.11,,6.5,,,,,,,,,,
2025-03-08,tennis,"Indian Wells, USA",WTA,Marta Kostyuk,Robin Montgomery,2,0,True,2,False,1.29,,3.75,,,,,,,,,,
2025-03-08,tennis,"Indian Wells, USA",WTA,Iva Jovic,Julia Grabher,2,1,True,3,True,1.14,,5.5,,,,,,,,,,
2025-03-08,tennis,"Indian Wells, USA",WTA,Lauren Davis,Elina Avanesyan,0,2,False,2,False,4.5,,1.2,,,,,,,,,,
2025-03-08,tennis,"Indian Wells, USA",WTA,Katerina Siniakova,Yulia Putintseva,2,0,True,2,False,2.2,,1.67,,,,,,,,,,
2025-03-08,tennis,"Indian Wells, USA",WTA,Ons Jabeur,Dayana Yastremska,0,2,False,2,False,1.57,,2.38,,,,,,,,,,
2025-03-08,tennis,"Indian Wells, USA",WTA,Clara Tauson,Camila Osorio,2,0,True,2,False,1.44,,2.75,,,,,,,,,,
2025-03-08,tennis,"Indian Wells, USA",WTA,Alycia Parks,Anna Kalinskaya,2,0,True,2,False,2.3,,1.62,,,,,,,,,,
2025-03-08,tennis,"Indian Wells, USA",WTA,Lulu Sun,Linda Noskova,2,0,True,2,False,7.0,,1.1,,,,,,,,,,
2025-03-08,tennis,"Indian Wells, USA",WTA,Caroline Dolehide,Eva Lys,2,0,True,2,False,1.91,,1.91,,,,,,,,,,
2025-03-08,tennis,"Indian Wells, USA",WTA,Caroline Garcia,Iga Swiatek,0,2,False,2,False,11.0,,1.05,,,,,,,,,,
2025-03-08,tennis,"Indian Wells, USA",WTA,Jelena Ostapenko,Xinyu Wang,0,2,False,2,False,1.4,,3.0,,,,,,,,,,
2025-03-08,tennis,"Indian Wells, USA",WTA,Magda Linette,Jessica Pegula,0,2,False,2,False,5.5,,1.14,,,,,,,,,,
2025-03-08,tennis,"Indian Wells, USA",WTA,Ashlyn Krueger,Elina Svitolina,1,2,False,3,True,2.38,,1.57,,,,,,,,,,
2025-03-08,tennis,"Indian Wells, USA",WTA,Varvara Gracheva,Mirra Andreeva,0,2,False,2,False,6.0,,1.13,,,,,,,,,,
2025-03-08,tennis,"Indian Wells, USA",WTA,Danielle Collins,Hailey Baptiste,2,1,True,3,True,1.62,,2.3,,,,,,,,,,
2025-03-08,tennis,"Indian Wells, USA",WTA,Qinwen Zheng,Victoria Azarenka,2,0,True,2,False,1.44,,2.75,,,,,,,,,,
2025-03-08,tennis,"Indian Wells, USA",ATP,Alexander Zverev,Tallon Griekspoor,1,2,False,3,True,1.25,,4.0,,,,,,,,,,
2025-03-08,tennis,"Indian Wells, USA",ATP,Kei Nishikori,Ugo Humbert,0,2,False,2,False,3.5,,1.3,,,,,,,,,,
2025-03-08,tennis,"Indian Wells, USA",ATP,Tommy Paul,Tristan Boyer,2,0,True,2,False,1.1,,7.0,,,,,,,,,,
2025-03-08,tennis,"Indian Wells, USA",ATP,Quentin Halys,Pablo Carreño Busta,2,0,True,2,False,2.3,,1.62,,,,,,,,,,
2025-03-08,tennis,"Indian Wells, USA",ATP,Mariano Navone,Learner Tien,2,0,True,2,False,3.5,,1.3,,,,,,,,,,
2025-03-08,tennis,"Indian Wells, USA",ATP,Cameron Norrie,Jiri Lehečka,2,1,True,3,True,2.5,,1.53,,,,,,,,,,
2025-03-08,tennis,"Indian Wells, USA",ATP,Zizou Bergs,Alexei Popyrin,0,2,False,2,False,1.91,,1.91,,,,,,,,,,
2025-03-08,tennis,"Indian Wells, USA",ATP,Casper Ruud,Marcos Giron,1,2,False,3,True,1.57,,2.38,,,,,,,,,,
2025-03-08,tennis,"Indian Wells, USA",ATP,Matteo Berrettini,Christopher O'Connell,2,0,True,2,False,1.2,,4.5,,,,,,,,,,
2025-03-08,tennis,"Indian Wells, USA",ATP,Roman Safiullin,Lorenzo Musetti,1,2,False,3,True,1.91,,1.91,,,,,,,,,,
2025-03-08,tennis,"Indian Wells, USA",ATP,Alex Michelsen,Colton Smith,2,0,True,2,False,1.4,,3.0,,,,,,,,,,
2025-03-08,tennis,"Indian Wells, USA",ATP,Holger Rune,Corentin Moutet,2,0,True,2,False,1.36,,3.2,,,,,,,,,,
2025-03-08,tennis,"Indian Wells, USA",ATP,Thiago Seyboth Wild,Stefanos Tsitsipas,0,2,False,2,False,4.0,,1.25,,,,,,,,,,
2025-03-08,tennis,"Indian Wells, USA",ATP,Arthur Fils,Gabriel Diallo,2,0,True,2,False,1.62,,2.3,,,,,,,,,,
2025-03-08,tennis,"Indian Wells, USA",ATP,Yunchaokete Bu,Daniil Medvedev,0,2,False,2,False,4.33,,1.22,,,,,,,,,,
2025-03-08,tennis,"Indian Wells, USA",ATP,Damir Džumhur,Frances Tiafoe,0,2,False,2,False,3.75,,1.29,,,,,,,,,,
2025-03-08,tennis,"Indian Wells, USA",WTA,Elena Rybakina,Suzan Lamens,2,0,True,2,False,1.07,,9.0,,,,,,,,,,
2025-03-08,tennis,"Indian Wells, USA",WTA,Irina-Camelia Begu,Katie Boulter,1,2,False,3,True,2.38,,1.57,,,,,,,,,,
2025-03-08,tennis,"Indian Wells, USA",WTA,Karolina Muchova,Elisabetta Cocciaretto,2,0,True,2,False,1.11,,6.5,,,,,,,,,,
2025-03-08,tennis,"Indian Wells, USA",WTA,Marta Kostyuk,Robin Montgomery,2,0,True,2,False,1.29,,3.75,,,,,,,,,,
2025-03-08,tennis,"Indian Wells, USA",WTA,Iva Jovic,Julia Grabher,2,1,True,3,True,1.14,,5.5,,,,,,,,,,
2025-03-08,tennis,"Indian Wells, USA",WTA,Lauren Davis,Elina Avanesyan,0,2,False,2,False,4.5,,1.2,,,,,,,,,,
2025-03-08,tennis,"Indian Wells, USA",WTA,Katerina Siniakova,Yulia Putintseva,2,0,True,2,False,2.2,,1.67,,,,,,,,,,
2025-03-08,tennis,"Indian Wells, USA",WTA,Ons Jabeur,Dayana Yastremska,0,2,False,2,False,1.57,,2.38,,,,,,,,,,
2025-03-08,tennis,"Indian Wells, USA",WTA,Clara Tauson,Camila Osorio,2,0,True,2,False,1.44,,2.75,,,,,,,,,,
2025-03-08,tennis,"Indian Wells, USA",WTA,Alycia Parks,Anna Kalinskaya,2,0,True,2,False,2.3,,1.62,,,,,,,,,,
2025-03-08,tennis,"Indian Wells, USA",WTA,Lulu Sun,Linda Noskova,2,0,True,2,False,7.0,,1.1,,,,,,,,,,
2025-03-08,tennis,"Indian Wells, USA",WTA,Caroline Dolehide,Eva Lys,2,0,True,2,False,1.91,,1.91,,,,,,,,,,
2025-03-08,tennis,"Indian Wells, USA",WTA,Caroline Garcia,Iga Swiatek,0,2,False,2,False,11.0,,1.05,,,,,,,,,,
2025-03-08,tennis,"Indian Wells, USA",WTA,Jelena Ostapenko,Xinyu Wang,0,2,False,2,False,1.4,,3.0,,,,,,,,,,
2025-03-08,tennis,"Indian Wells, USA",WTA,Magda Linette,Jessica Pegula,0,2,False,2,False,5.5,,1.14,,,,,,,,,,
2025-03-08,tennis,"Indian Wells, USA",WTA,Ashlyn Krueger,Elina Svitolina,1,2,False,3,True,2.38,,1.57,,,,,,,,,,
2025-03-08,tennis,"Indian Wells, USA",WTA,Varvara Gracheva,Mirra Andreeva,0,2,False,2,False,6.0,,1.13,,,,,,,,,,
2025-03-08,tennis,"Indian Wells, USA",WTA,Danielle Collins,Hailey Baptiste,2,1,True,3,True,1.62,,2.3,,,,,,,,,,
2025-03-08,tennis,"Indian Wells, USA",WTA,Qinwen Zheng,Victoria Azarenka,2,0,True,2,False,1.44,,2.75,,,,,,,,,,
2025-03-09,tennis,"Indian Wells, USA",ATP,Alejandro Tabilo,Dušan Lajović,2,0,True,2,False,2.0,,1.8,,,,,,,,,,
2025-03-09,tennis,"Indian Wells, USA",ATP,Jack Draper,Joao Fonseca,2,0,True,2,False,1.53,,2.5,,,,,,,,,,
2025-03-09,tennis,"Indian Wells, USA",ATP,Jenson Brooksby,Felix Auger-Aliassime,2,0,True,2,False,3.75,,1.29,,,,,,,,,,
2025-03-09,tennis,"Indian Wells, USA",ATP,Matteo Gigante,Taylor Fritz,0,2,False,2,False,8.0,,1.08,,,,,,,,,,
2025-03-09,tennis,"Indian Wells, USA",ATP,Andrey Rublev,Matteo Arnaldi,0,2,False,2,False,1.4,,3.0,,,,,,,,,,
2025-03-09,tennis,"Indian Wells, USA",ATP,Denis Shapovalov,Adam Walton,2,0,True,2,False,1.29,,3.75,,,,,,,,,,
2025-03-09,tennis,"Indian Wells, USA",ATP,Mackenzie McDonald,Francisco Cerundolo,1,2,False,3,True,2.1,,1.73,,,,,,,,,,
2025-03-09,tennis,"Indian Wells, USA",ATP,Quentin Halys,Carlos Alcaraz,0,2,False,2,False,8.0,,1.08,,,,,,,,,,
2025-03-09,tennis,"Indian Wells, USA",ATP,Novak Djokovic,Botic Van de Zandschulp,1,2,False,3,True,1.1,,7.0,,,,,,,,,,
2025-03-09,tennis,"Indian Wells, USA",ATP,Hubert Hurkacz,Hugo Gaston,2,0,True,2,False,1.22,,4.33,,,,,,,,,,
2025-03-09,tennis,"Indian Wells, USA",ATP,Rinky Hijikata,Brandon Nakashima,0,2,False,2,False,4.33,,1.22,,,,,,,,,,
2025-03-09,tennis,"Indian Wells, USA",ATP,Karen Khachanov,Jakub Menšik,2,1,True,3,True,1.73,,2.1,,,,,,,,,,
2025-03-09,tennis,"Indian Wells, USA",ATP,Grigor Dimitrov,Nuno Borges,2,0,True,2,False,2.2,,1.67,,,,,,,,,,
2025-03-09,tennis,"Indian Wells, USA",ATP,Mariano Navone,Ben Shelton,0,2,False,2,False,3.5,,1.3,,,,,,,,,,
2025-03-09,tennis,"Indian Wells, USA",ATP,David Goffin,Alex de Minaur,0,2,False,2,False,5.5,,1.14,,,,,,,,,,
2025-03-09,tennis,"Indian Wells, USA",ATP,Gael Monfils,Sebastian Korda,2,0,True,2,False,1.67,,2.2,,,,,,,,,,
2025-03-09,tennis,"Indian Wells, USA",WTA,Anastasia Potapova,Madison Keys,0,2,False,2,False,3.0,,1.4,,,,,,,,,,
2025-03-09,tennis,"Indian Wells, USA",WTA,Ekaterina Alexandrova,Polina Kudermetova,0,2,False,2,False,1.36,,3.2,,,,,,,,,,
2025-03-09,tennis,"Indian Wells, USA",WTA,Lucia Bronzetti,Magdalena Frech,2,0,True,2,False,1.91,,1.91,,,,,,,,,,
2025-03-09,tennis,"Indian Wells, USA",WTA,Viktoriya Tomova,Maria Sakkari,0,2,False,2,False,2.75,,1.44,,,,,,,,,,
2025-03-09,tennis,"Indian Wells, USA",WTA,Iva Jovic,Jasmine Paolini,1,2,False,3,True,4.5,,1.2,,,,,,,,,,
2025-03-09,tennis,"Indian Wells, USA",WTA,Elina Avanesyan,Donna Vekić,0,2,False,2,False,1.67,,2.2,,,,,,,,,,
2025-03-09,tennis,"Indian Wells, USA",WTA,Coco Gauff,Moyuka Uchijima,2,1,True,3,True,1.1,,7.0,,,,,,,,,,
2025-03-09,tennis,"Indian Wells, USA",WTA,Sonay Kartal,Beatriz Haddad Maia,2,0,True,2,False,2.1,,1.73,,,,,,,,,,
2025-03-09,tennis,"Indian Wells, USA",WTA,Elise Mertens,Kimberly Birrell,2,0,True,2,False,1.33,,3.4,,,,,,,,,,
2025-03-09,tennis,"Indian Wells, USA",WTA,Daria Kasatkina,Sofia Kenin,2,1,True,3,True,2.0,,1.8,,,,,,,,,,
2025-03-09,tennis,"Indian Wells, USA",WTA,Amanda Anisimova,Belinda Bencic,1,2,False,3,True,2.38,,1.57,,,,,,,,,,
2025-03-09,tennis,"Indian Wells, USA",WTA,Leylah Fernandez,Jaqueline Cristian,1,2,False,3,True,1.3,,3.5,,,,,,,,,,
2025-03-09,tennis,"Indian Wells, USA",WTA,Catherine McNally,Liudmila Samsonova,0,2,False,2,False,3.4,,1.33,,,,,,,,,,
2025-03-09,tennis,"Indian Wells, USA",WTA,Aryna Sabalenka,McCartney Kessler,2,0,True,2,False,1.2,,4.5,,,,,,,,,,
2025-03-09,tennis,"Indian Wells, USA",WTA,Alycia Parks,Diana Shnaider,0,2,False,2,False,2.63,,1.5,,,,,,,,,,
2025-03-09,tennis,"Indian Wells, USA",WTA,Emma Navarro,Sorana Cirstea,2,1,True,3,True,1.4,,3.0,,,,,,,,,,
2025-03-09,tennis,"Indian Wells, USA",ATP,Alejandro Tabilo,Dušan Lajović,2,0,True,2,False,2.0,,1.8,,,,,,,,,,
2025-03-09,tennis,"Indian Wells, USA",ATP,Jack Draper,Joao Fonseca,2,0,True,2,False,1.53,,2.5,,,,,,,,,,
2025-03-09,tennis,"Indian Wells, USA",ATP,Jenson Brooksby,Felix Auger-Aliassime,2,0,True,2,False,3.75,,1.29,,,,,,,,,,
2025-03-09,tennis,"Indian Wells, USA",ATP,Matteo Gigante,Taylor Fritz,0,2,False,2,False,8.0,,1.08,,,,,,,,,,
2025-03-09,tennis,"Indian Wells, USA",ATP,Andrey Rublev,Matteo Arnaldi,0,2,False,2,False,1.4,,3.0,,,,,,,,,,
2025-03-09,tennis,"Indian Wells, USA",ATP,Denis Shapovalov,Adam Walton,2,0,True,2,False,1.29,,3.75,,,,,,,,,,
2025-03-09,tennis,"Indian Wells, USA",ATP,Mackenzie McDonald,Francisco Cerundolo,1,2,False,3,True,2.1,,1.73,,,,,,,,,,
2025-03-09,tennis,"Indian Wells, USA",ATP,Quentin Halys,Carlos Alcaraz,0,2,False,2,False,8.0,,1.08,,,,,,,,,,
2025-03-09,tennis,"Indian Wells, USA",ATP,Novak Djokovic,Botic Van de Zandschulp,1,2,False,3,True,1.1,,7.0,,,,,,,,,,
2025-03-09,tennis,"Indian Wells, USA",ATP,Hubert Hurkacz,Hugo Gaston,2,0,True,2,False,1.22,,4.33,,,,,,,,,,
2025-03-09,tennis,"Indian Wells, USA",ATP,Rinky Hijikata,Brandon Nakashima,0,2,False,2,False,4.33,,1.22,,,,,,,,,,
2025-03-09,tennis,"Indian Wells, USA",ATP,Karen Khachanov,Jakub Menšik,2,1,True,3,True,1.73,,2.1,,,,,,,,,,
2025-03-09,tennis,"Indian Wells, USA",ATP,Grigor Dimitrov,Nuno Borges,2,0,True,2,False,2.2,,1.67,,,,,,,,,,
2025-03-09,tennis,"Indian Wells, USA",ATP,Mariano Navone,Ben Shelton,0,2,False,2,False,3.5,,1.3,,,,,,,,,,
2025-03-09,tennis,"Indian Wells, USA",ATP,David Goffin,Alex de Minaur,0,2,False,2,False,5.5,,1.14,,,,,,,,,,
2025-03-09,tennis,"Indian Wells, USA",ATP,Gael Monfils,Sebastian Korda,2,0,True,2,False,1.67,,2.2,,,,,,,,,,
2025-03-09,tennis,"Indian Wells, USA",WTA,Anastasia Potapova,Madison Keys,0,2,False,2,False,3.0,,1.4,,,,,,,,,,
2025-03-09,tennis,"Indian Wells, USA",WTA,Ekaterina Alexandrova,Polina Kudermetova,0,2,False,2,False,1.36,,3.2,,,,,,,,,,
2025-03-09,tennis,"Indian Wells, USA",WTA,Lucia Bronzetti,Magdalena Frech,2,0,True,2,False,1.91,,1.91,,,,,,,,,,
2025-03-09,tennis,"Indian Wells, USA",WTA,Viktoriya Tomova,Maria Sakkari,0,2,False,2,False,2.75,,1.44,,,,,,,,,,
2025-03-09,tennis,"Indian Wells, USA",WTA,Iva Jovic,Jasmine Paolini,1,2,False,3,True,4.5,,1.2,,,,,,,,,,
2025-03-09,tennis,"Indian Wells, USA",WTA,Elina Avanesyan,Donna Vekić,0,2,False,2,False,1.67,,2.2,,,,,,,,,,
2025-03-09,tennis,"Indian Wells, USA",WTA,Coco Gauff,Moyuka Uchijima,2,1,True,3,True,1.1,,7.0,,,,,,,,,,
2025-03-09,tennis,"Indian Wells, USA",WTA,Sonay Kartal,Beatriz Haddad Maia,2,0,True,2,False,2.1,,1.73,,,,,,,,,,
2025-03-09,tennis,"Indian Wells, USA",WTA,Elise Mertens,Kimberly Birrell,2,0,True,2,False,1.33,,3.4,,,,,,,,,,
2025-03-09,tennis,"Indian Wells, USA",WTA,Daria Kasatkina,Sofia Kenin,2,1,True,3,True,2.0,,1.8,,,,,,,,,,
2025-03-09,tennis,"Indian Wells, USA",WTA,Amanda Anisimova,Belinda Bencic,1,2,False,3,True,2.38,,1.57,,,,,,,,,,
2025-03-09,tennis,"Indian Wells, USA",WTA,Leylah Fernandez,Jaqueline Cristian,1,2,False,3,True,1.3,,3.5,,,,,,,,,,
2025-03-09,tennis,"Indian Wells, USA",WTA,Catherine McNally,Liudmila Samsonova,0,2,False,2,False,3.4,,1.33,,,,,,,,,,
2025-03-09,tennis,"Indian Wells, USA",WTA,Aryna Sabalenka,McCartney Kessler,2,0,True,2,False,1.2,,4.5,,,,,,,,,,
2025-03-09,tennis,"Indian Wells, USA",WTA,Alycia Parks,Diana Shnaider,0,2,False,2,False,2.63,,1.5,,,,,,,,,,
2025-03-09,tennis,"Indian Wells, USA",WTA,Emma Navarro,Sorana Cirstea,2,1,True,3,True,1.4,,3.0,,,,,,,,,,
2025-03-10,tennis,"Indian Wells, USA",ATP,Tallon Griekspoor,Giovanni Mpetshi Perricard,2,0,True,2,False,1.62,,2.3,,,,,,,,,,
2025-03-10,tennis,"Indian Wells, USA",ATP,Tommy Paul,Cameron Norrie,2,0,True,2,False,1.3,,3.5,,,,,,,,,,
2025-03-10,tennis,"Indian Wells, USA",ATP,Marcos Giron,Alexei Popyrin,2,1,True,3,True,1.73,,2.1,,,,,,,,,,
2025-03-10,tennis,"Indian Wells, USA",ATP,Matteo Berrettini,Stefanos Tsitsipas,0,2,False,2,False,1.91,,1.91,,,,,,,,,,
2025-03-10,tennis,"Indian Wells, USA",ATP,Holger Rune,Ugo Humbert,2,1,True,3,True,2.0,,1.8,,,,,,,,,,
2025-03-10,tennis,"Indian Wells, USA",ATP,Arthur Fils,Lorenzo Musetti,2,1,True,3,True,1.69,,2.1,,,,,,,,,,
2025-03-10,tennis,"Indian Wells, USA",ATP,Yosuke Watanuki,Frances Tiafoe,2,0,True,2,False,3.0,,1.4,,,,,,,,,,
2025-03-10,tennis,"Indian Wells, USA",WTA,Dayana Yastremska,Iga Swiatek,0,2,False,2,False,8.0,,1.08,,,,,,,,,,
2025-03-10,tennis,"Indian Wells, USA",WTA,Marta Kostyuk,Caroline Dolehide,2,0,True,2,False,1.33,,3.4,,,,,,,,,,
2025-03-10,tennis,"Indian Wells, USA",WTA,Elena Rybakina,Katie Boulter,2,0,True,2,False,1.2,,4.5,,,,,,,,,,
2025-03-10,tennis,"Indian Wells, USA",WTA,Karolina Muchova,Katerina Siniakova,2,0,True,2,False,1.36,,3.2,,,,,,,,,,
2025-03-10,tennis,"Indian Wells, USA",WTA,Xinyu Wang,Jessica Pegula,0,2,False,2,False,4.5,,1.2,,,,,,,,,,
2025-03-10,tennis,"Indian Wells, USA",WTA,Danielle Collins,Elina Svitolina,0,2,False,2,False,2.5,,1.53,,,,,,,,,,
2025-03-10,tennis,"Indian Wells, USA",WTA,Clara Tauson,Mirra Andreeva,0,2,False,2,False,2.75,,1.44,,,,,,,,,,
2025-03-10,tennis,"Indian Wells, USA",WTA,Qinwen Zheng,Lulu Sun,2,0,True,2,False,1.17,,5.0,,,,,,,,,,
2025-03-10,tennis,"Indian Wells, USA",ATP,Tallon Griekspoor,Giovanni Mpetshi Perricard,2,0,True,2,False,1.62,,2.3,,,,,,,,,,
2025-03-10,tennis,"Indian Wells, USA",ATP,Tommy Paul,Cameron Norrie,2,0,True,2,False,1.3,,3.5,,,,,,,,,,
2025-03-10,tennis,"Indian Wells, USA",ATP,Marcos Giron,Alexei Popyrin,2,1,True,3,True,1.73,,2.1,,,,,,,,,,
2025-03-10,tennis,"Indian Wells, USA",ATP,Matteo Berrettini,Stefanos Tsitsipas,0,2,False,2,False,1.91,,1.91,,,,,,,,,,
2025-03-10,tennis,"Indian Wells, USA",ATP,Holger Rune,Ugo Humbert,2,1,True,3,True,2.0,,1.8,,,,,,,,,,
2025-03-10,tennis,"Indian Wells, USA",ATP,Arthur Fils,Lorenzo Musetti,2,1,True,3,True,1.69,,2.1,,,,,,,,,,
2025-03-10,tennis,"Indian Wells, USA",ATP,Yosuke Watanuki,Frances Tiafoe,2,0,True,2,False,3.0,,1.4,,,,,,,,,,
2025-03-10,tennis,"Indian Wells, USA",WTA,Dayana Yastremska,Iga Swiatek,0,2,False,2,False,8.0,,1.08,,,,,,,,,,
2025-03-10,tennis,"Indian Wells, USA",WTA,Marta Kostyuk,Caroline Dolehide,2,0,True,2,False,1.33,,3.4,,,,,,,,,,
2025-03-10,tennis,"Indian Wells, USA",WTA,Elena Rybakina,Katie Boulter,2,0,True,2,False,1.2,,4.5,,,,,,,,,,
2025-03-10,tennis,"Indian Wells, USA",WTA,Karolina Muchova,Katerina Siniakova,2,0,True,2,False,1.36,,3.2,,,,,,,,,,
2025-03-10,tennis,"Indian Wells, USA",WTA,Xinyu Wang,Jessica Pegula,0,2,False,2,False,4.5,,1.2,,,,,,,,,,
2025-03-10,tennis,"Indian Wells, USA",WTA,Danielle Collins,Elina Svitolina,0,2,False,2,False,2.5,,1.53,,,,,,,,,,
2025-03-10,tennis,"Indian Wells, USA",WTA,Clara Tauson,Mirra Andreeva,0,2,False,2,False,2.75,,1.44,,,,,,,,,,
2025-03-10,tennis,"Indian Wells, USA",WTA,Qinwen Zheng,Lulu Sun,2,0,True,2,False,1.17,,5.0,,,,,,,,,,
2025-03-11,tennis,"Indian Wells, USA",ATP,Botic Van de Zandschulp,Francisco Cerundolo,0,2,False,2,False,2.2,,1.67,,,,,,,,,,
2025-03-11,tennis,"Indian Wells, USA",ATP,Jack Draper,Jenson Brooksby,2,0,True,2,False,1.2,,4.5,,,,,,,,,,
2025-03-11,tennis,"Indian Wells, USA",ATP,Hubert Hurkacz,Alex de Minaur,0,2,False,2,False,2.75,,1.44,,,,,,,,,,
2025-03-11,tennis,"Indian Wells, USA",ATP,Alejandro Tabilo,Taylor Fritz,1,2,False,3,True,6.0,,1.13,,,,,,,,,,
2025-03-11,tennis,"Indian Wells, USA",ATP,Matteo Arnaldi,Brandon Nakashima,0,2,False,2,False,1.8,,2.0,,,,,,,,,,
2025-03-11,tennis,"Indian Wells, USA",ATP,Karen Khachanov,Ben Shelton,0,2,False,2,False,2.2,,1.67,,,,,,,,,,
2025-03-11,tennis,"Indian Wells, USA",ATP,Denis Shapovalov,Carlos Alcaraz,0,2,False,2,False,5.0,,1.17,,,,,,,,,,
2025-03-11,tennis,"Indian Wells, USA",ATP,Grigor Dimitrov,Gael Monfils,2,1,True,3,True,1.91,,1.91,,,,,,,,,,
2025-03-11,tennis,"Indian Wells, USA",WTA,Elise Mertens,Madison Keys,1,2,False,3,True,3.0,,1.4,,,,,,,,,,
2025-03-11,tennis,"Indian Wells, USA",WTA,Polina Kudermetova,Sonay Kartal,0,2,False,2,False,2.0,,1.8,,,,,,,,,,
2025-03-11,tennis,"Indian Wells, USA",WTA,Coco Gauff,Maria Sakkari,2,0,True,2,False,1.25,,4.0,,,,,,,,,,
2025-03-11,tennis,"Indian Wells, USA",WTA,Belinda Bencic,Diana Shnaider,2,0,True,2,False,1.5,,2.63,,,,,,,,,,
2025-03-11,tennis,"Indian Wells, USA",WTA,Aryna Sabalenka,Lucia Bronzetti,2,0,True,2,False,1.07,,9.0,,,,,,,,,,
2025-03-11,tennis,"Indian Wells, USA",WTA,Daria Kasatkina,Liudmila Samsonova,1,2,False,3,True,1.67,,2.2,,,,,,,,,,
2025-03-11,tennis,"Indian Wells, USA",WTA,Emma Navarro,Donna Vekić,0,2,False,2,False,1.4,,3.0,,,,,,,,,,
2025-03-11,tennis,"Indian Wells, USA",WTA,Jaqueline Cristian,Jasmine Paolini,1,2,False,3,True,3.5,,1.3,,,,,,,,,,
2025-03-11,tennis,"Indian Wells, USA",ATP,Botic Van de Zandschulp,Francisco Cerundolo,0,2,False,2,False,2.2,,1.67,,,,,,,,,,
2025-03-11,tennis,"Indian Wells, USA",ATP,Jack Draper,Jenson Brooksby,2,0,True,2,False,1.2,,4.5,,,,,,,,,,
2025-03-11,tennis,"Indian Wells, USA",ATP,Hubert Hurkacz,Alex de Minaur,0,2,False,2,False,2.75,,1.44,,,,,,,,,,
2025-03-11,tennis,"Indian Wells, USA",ATP,Alejandro Tabilo,Taylor Fritz,1,2,False,3,True,6.0,,1.13,,,,,,,,,,
2025-03-11,tennis,"Indian Wells, USA",ATP,Matteo Arnaldi,Brandon Nakashima,0,2,False,2,False,1.8,,2.0,,,,,,,,,,
2025-03-11,tennis,"Indian Wells, USA",ATP,Karen Khachanov,Ben Shelton,0,2,False,2,False,2.2,,1.67,,,,,,,,,,
2025-03-11,tennis,"Indian Wells, USA",ATP,Denis Shapovalov,Carlos Alcaraz,0,2,False,2,False,5.0,,1.17,,,,,,,,,,
2025-03-11,tennis,"Indian Wells, USA",ATP,Grigor Dimitrov,Gael Monfils,2,1,True,3,True,1.91,,1.91,,,,,,,,,,
2025-03-11,tennis,"Indian Wells, USA",WTA,Elise Mertens,Madison Keys,1,2,False,3,True,3.0,,1.4,,,,,,,,,,
2025-03-11,tennis,"Indian Wells, USA",WTA,Polina Kudermetova,Sonay Kartal,0,2,False,2,False,2.0,,1.8,,,,,,,,,,
2025-03-11,tennis,"Indian Wells, USA",WTA,Coco Gauff,Maria Sakkari,2,0,True,2,False,1.25,,4.0,,,,,,,,,,
2025-03-11,tennis,"Indian Wells, USA",WTA,Belinda Bencic,Diana Shnaider,2,0,True,2,False,1.5,,2.63,,,,,,,,,,
2025-03-11,tennis,"Indian Wells, USA",WTA,Aryna Sabalenka,Lucia Bronzetti,2,0,True,2,False,1.07,,9.0,,,,,,,,,,
2025-03-11,tennis,"Indian Wells, USA",WTA,Daria Kasatkina,Liudmila Samsonova,1,2,False,3,True,1.67,,2.2,,,,,,,,,,
2025-03-11,tennis,"Indian Wells, USA",WTA,Emma Navarro,Donna Vekić,0,2,False,2,False,1.4,,3.0,,,,,,,,,,
2025-03-11,tennis,"Indian Wells, USA",WTA,Jaqueline Cristian,Jasmine Paolini,1,2,False,3,True,3.5,,1.3,,,,,,,,,,
2025-03-12,tennis,"Indian Wells, USA",ATP,Tallon Griekspoor,Yosuke Watanuki,2,0,True,2,False,1.4,,3.0,,,,,,,,,,
2025-03-12,tennis,"Indian Wells, USA",ATP,Holger Rune,Stefanos Tsitsipas,2,0,True,2,False,2.3,,1.62,,,,,,,,,,
2025-03-12,tennis,"Indian Wells, USA",ATP,Marcos Giron,Arthur Fils,1,2,False,3,True,2.38,,1.57,,,,,,,,,,
2025-03-12,tennis,"Indian Wells, USA",ATP,Tommy Paul,Daniil Medvedev,0,2,False,2,False,2.0,,1.8,,,,,,,,,,
2025-03-12,tennis,"Indian Wells, USA",WTA,Karolina Muchova,Iga Swiatek,0,2,False,2,False,3.75,,1.29,,,,,,,,,,
2025-03-12,tennis,"Indian Wells, USA",WTA,Elina Svitolina,Jessica Pegula,2,1,True,3,True,2.75,,1.44,,,,,,,,,,
2025-03-12,tennis,"Indian Wells, USA",WTA,Elena Rybakina,Mirra Andreeva,0,2,False,2,False,1.91,,1.91,,,,,,,,,,
2025-03-12,tennis,"Indian Wells, USA",WTA,Qinwen Zheng,Marta Kostyuk,2,0,True,2,False,1.62,,2.3,,,,,,,,,,
2025-03-12,tennis,"Indian Wells, USA",ATP,Tallon Griekspoor,Yosuke Watanuki,2,0,True,2,False,1.4,,3.0,,,,,,,,,,
2025-03-12,tennis,"Indian Wells, USA",ATP,Holger Rune,Stefanos Tsitsipas,2,0,True,2,False,2.3,,1.62,,,,,,,,,,
2025-03-12,tennis,"Indian Wells, USA",ATP,Marcos Giron,Arthur Fils,1,2,False,3,True,2.38,,1.57,,,,,,,,,,
2025-03-12,tennis,"Indian Wells, USA",ATP,Tommy Paul,Daniil Medvedev,0,2,False,2,False,2.0,,1.8,,,,,,,,,,
2025-03-12,tennis,"Indian Wells, USA",WTA,Karolina Muchova,Iga Swiatek,0,2,False,2,False,3.75,,1.29,,,,,,,,,,
2025-03-12,tennis,"Indian Wells, USA",WTA,Elina Svitolina,Jessica Pegula,2,1,True,3,True,2.75,,1.44,,,,,,,,,,
2025-03-12,tennis,"Indian Wells, USA",WTA,Elena Rybakina,Mirra Andreeva,0,2,False,2,False,1.91,,1.91,,,,,,,,,,
2025-03-12,tennis,"Indian Wells, USA",WTA,Qinwen Zheng,Marta Kostyuk,2,0,True,2,False,1.62,,2.3,,,,,,,,,,
2025-03-13,tennis,"Indian Wells, USA",ATP,Brandon Nakashima,Ben Shelton,0,2,False,2,False,2.5,,1.53,,,,,,,,,,
2025-03-13,tennis,"Indian Wells, USA",ATP,Francisco Cerundolo,Alex de Minaur,2,0,True,2,False,3.75,,1.29,,,,,,,,,,
2025-03-13,tennis,"Indian Wells, USA",ATP,Jack Draper,Taylor Fritz,2,0,True,2,False,1.73,,2.1,,,,,,,,,,
2025-03-13,tennis,"Indian Wells, USA",ATP,Grigor Dimitrov,Carlos Alcaraz,0,2,False,2,False,7.0,,1.1,,,,,,,,,,
2025-03-13,tennis,"Indian Wells, USA",WTA,Coco Gauff,Belinda Bencic,1,2,False,3,True,1.8,,2.0,,,,,,,,,,
2025-03-13,tennis,"Indian Wells, USA",WTA,Donna Vekić,Madison Keys,1,2,False,3,True,3.75,,1.29,,,,,,,,,,
2025-03-13,tennis,"Indian Wells, USA",WTA,Aryna Sabalenka,Sonay Kartal,2,0,True,2,False,1.06,,10.0,,,,,,,,,,
2025-03-13,tennis,"Indian Wells, USA",WTA,Liudmila Samsonova,Jasmine Paolini,2,0,True,2,False,1.91,,1.91,,,,,,,,,,
2025-03-13,tennis,"Indian Wells, USA",ATP,Brandon Nakashima,Ben Shelton,0,2,False,2,False,2.5,,1.53,,,,,,,,,,
2025-03-13,tennis,"Indian Wells, USA",ATP,Francisco Cerundolo,Alex de Minaur,2,0,True,2,False,3.75,,1.29,,,,,,,,,,
2025-03-13,tennis,"Indian Wells, USA",ATP,Jack Draper,Taylor Fritz,2,0,True,2,False,1.73,,2.1,,,,,,,,,,
2025-03-13,tennis,"Indian Wells, USA",ATP,Grigor Dimitrov,Carlos Alcaraz,0,2,False,2,False,7.0,,1.1,,,,,,,,,,
2025-03-13,tennis,"Indian Wells, USA",WTA,Coco Gauff,Belinda Bencic,1,2,False,3,True,1.8,,2.0,,,,,,,,,,
2025-03-13,tennis,"Indian Wells, USA",WTA,Donna Vekić,Madison Keys,1,2,False,3,True,3.75,,1.29,,,,,,,,,,
2025-03-13,tennis,"Indian Wells, USA",WTA,Aryna Sabalenka,Sonay Kartal,2,0,True,2,False,1.06,,10.0,,,,,,,,,,
2025-03-13,tennis,"Indian Wells, USA",WTA,Liudmila Samsonova,Jasmine Paolini,2,0,True,2,False,1.91,,1.91,,,,,,,,,,
2025-03-14,tennis,"Indian Wells, USA",ATP,Tallon Griekspoor,Holger Rune,1,2,False,3,True,2.38,,1.57,,,,,,,,,,
2025-03-14,tennis,"Indian Wells, USA",ATP,Arthur Fils,Daniil Medvedev,1,2,False,3,True,3.2,,1.36,,,,,,,,,,
2025-03-14,tennis,"Indian Wells, USA",ATP,Ben Shelton,Jack Draper,0,2,False,2,False,2.75,,1.44,,,,,,,,,,
2025-03-14,tennis,"Indian Wells, USA",ATP,Francisco Cerundolo,Carlos Alcaraz,0,2,False,2,False,10.0,,1.06,,,,,,,,,,
2025-03-14,tennis,"Indian Wells, USA",WTA,Qinwen Zheng,Iga Swiatek,0,2,False,2,False,5.0,,1.17,,,,,,,,,,
2025-03-14,tennis,"Indian Wells, USA",WTA,Mirra Andreeva,Elina Svitolina,2,0,True,2,False,1.4,,3.0,,,,,,,,,,
2025-03-14,tennis,"Indian Wells, USA",WTA,Belinda Bencic,Madison Keys,0,2,False,2,False,2.1,,1.73,,,,,,,,,,
2025-03-14,tennis,"Indian Wells, USA",WTA,Aryna Sabalenka,Liudmila Samsonova,2,0,True,2,False,1.17,,5.0,,,,,,,,,,
2025-03-14,tennis,"Indian Wells, USA",ATP,Tallon Griekspoor,Holger Rune,1,2,False,3,True,2.38,,1.57,,,,,,,,,,
2025-03-14,tennis,"Indian Wells, USA",ATP,Arthur Fils,Daniil Medvedev,1,2,False,3,True,3.2,,1.36,,,,,,,,,,
2025-03-14,tennis,"Indian Wells, USA",ATP,Ben Shelton,Jack Draper,0,2,False,2,False,2.75,,1.44,,,,,,,,,,
2025-03-14,tennis,"Indian Wells, USA",ATP,Francisco Cerundolo,Carlos Alcaraz,0,2,False,2,False,10.0,,1.06,,,,,,,,,,
2025-03-14,tennis,"Indian Wells, USA",WTA,Qinwen Zheng,Iga Swiatek,0,2,False,2,False,5.0,,1.17,,,,,,,,,,
2025-03-14,tennis,"Indian Wells, USA",WTA,Mirra Andreeva,Elina Svitolina,2,0,True,2,False,1.4,,3.0,,,,,,,,,,
2025-03-14,tennis,"Indian Wells, USA",WTA,Belinda Bencic,Madison Keys,0,2,False,2,False,2.1,,1.73,,,,,,,,,,
2025-03-14,tennis,"Indian Wells, USA",WTA,Aryna Sabalenka,Liudmila Samsonova,2,0,True,2,False,1.17,,5.0,,,,,,,,,,
2025-03-15,tennis,"Indian Wells, USA",WTA,Mirra Andreeva,Iga Swiatek,2,1,True,3,True,2.63,,1.5,,,,,,,,,,
2025-03-15,tennis,"Indian Wells, USA",WTA,Aryna Sabalenka,Madison Keys,2,0,True,2,False,1.53,,2.5,,,,,,,,,,
2025-03-15,tennis,"Indian Wells, USA",WTA,Mirra Andreeva,Iga Swiatek,2,1,True,3,True,2.63,,1.5,,,,,,,,,,
2025-03-15,tennis,"Indian Wells, USA",WTA,Aryna Sabalenka,Madison Keys,2,0,True,2,False,1.53,,2.5,,,,,,,,,,
2025-03-16,tennis,"Indian Wells, USA",ATP,Holger Rune,Daniil Medvedev,2,0,True,2,False,2.5,,1.53,,,,,,,,,,
2025-03-16,tennis,"Indian Wells, USA",ATP,Jack Draper,Carlos Alcaraz,2,1,True,3,True,3.5,,1.3,,,,,,,,,,
2025-03-16,tennis,"Indian Wells, USA",ATP,Holger Rune,Daniil Medvedev,2,0,True,2,False,2.5,,1.53,,,,,,,,,,
2025-03-16,tennis,"Indian Wells, USA",ATP,Jack Draper,Carlos Alcaraz,2,1,True,3,True,3.5,,1.3,,,,,,,,,,
2025-03-17,tennis,"Indian Wells, USA",ATP,Holger Rune,Jack Draper,0,2,False,2,False,2.5,,1.53,,,,,,,,,,
2025-03-17,tennis,"Indian Wells, USA",ATP,Holger Rune,Jack Draper,0,2,False,2,False,2.5,,1.53,,,,,,,,,,
2025-03-19,tennis,"Miami, USA",WTA,Anastasia Pavlyuchenkova,Magda Linette,0,2,False,2,False,1.57,,2.38,,,,,,,,,,
2025-03-19,tennis,"Miami, USA",WTA,Varvara Gracheva,Alycia Parks,1,2,False,3,True,2.0,,1.8,,,,,,,,,,
2025-03-19,tennis,"Miami, USA",WTA,Viktoriya Tomova,Catherine McNally,2,1,True,3,True,2.3,,1.62,,,,,,,,,,
2025-03-19,tennis,"Miami, USA",WTA,Yue Yuan,Katerina Siniakova,1,2,False,3,True,3.5,,1.3,,,,,,,,,,
2025-03-19,tennis,"Miami, USA",WTA,Jessica Bouzas Maneiro,Lucia Bronzetti,0,2,False,2,False,2.3,,1.62,,,,,,,,,,
2025-03-19,tennis,"Miami, USA",WTA,Sorana Cirstea,Elisabetta Cocciaretto,2,0,True,2,False,1.44,,2.75,,,,,,,,,,
2025-03-19,tennis,"Miami, USA",WTA,Lucrezia Stefanini,Rebecca Šramková,1,2,False,3,True,3.0,,1.4,,,,,,,,,,
2025-03-19,tennis,"Miami, USA",WTA,Naomi Osaka,Yuliia Starodubtseva,2,1,True,3,True,1.17,,5.0,,,,,,,,,,
2025-03-19,tennis,"Miami, USA",WTA,Claire Liu,Linda Fruhvirtova,1,2,False,3,True,1.73,,2.1,,,,,,,,,,
2025-03-19,tennis,"Miami, USA",WTA,Lauren Davis,Aoi Ito,2,1,True,3,True,2.75,,1.44,,,,,,,,,,
2025-03-19,tennis,"Miami, USA",WTA,Elena-Gabriela Ruse,Polina Kudermetova,2,1,True,3,True,1.8,,2.0,,,,,,,,,,
2025-03-19,tennis,"Miami, USA",WTA,Petra Kvitova,Sofia Kenin,0,2,False,2,False,3.2,,1.36,,,,,,,,,,
2025-03-19,tennis,"Miami, USA",WTA,Rebeka Masarova,Greet Minnen,2,1,True,3,True,3.0,,1.4,,,,,,,,,,
2025-03-19,tennis,"Miami, USA",WTA,Olga Danilović,Hailey Baptiste,1,2,False,3,True,1.8,,2.0,,,,,,,,,,
2025-03-19,tennis,"Miami, USA",WTA,Renata Zarazua,Ashlyn Krueger,0,2,False,2,False,4.0,,1.25,,,,,,,,,,
2025-03-19,tennis,"Miami, USA",WTA,Taylor Townsend,Ann Li,2,1,True,3,True,1.8,,2.0,,,,,,,,,,
2025-03-19,tennis,"Miami, USA",WTA,Anastasia Pavlyuchenkova,Magda Linette,0,2,False,2,False,1.57,,2.38,,,,,,,,,,
2025-03-19,tennis,"Miami, USA",WTA,Varvara Gracheva,Alycia Parks,1,2,False,3,True,2.0,,1.8,,,,,,,,,,
2025-03-19,tennis,"Miami, USA",WTA,Viktoriya Tomova,Catherine McNally,2,1,True,3,True,2.3,,1.62,,,,,,,,,,
2025-03-19,tennis,"Miami, USA",WTA,Yue Yuan,Katerina Siniakova,1,2,False,3,True,3.5,,1.3,,,,,,,,,,
2025-03-19,tennis,"Miami, USA",WTA,Jessica Bouzas Maneiro,Lucia Bronzetti,0,2,False,2,False,2.3,,1.62,,,,,,,,,,
2025-03-19,tennis,"Miami, USA",WTA,Sorana Cirstea,Elisabetta Cocciaretto,2,0,True,2,False,1.44,,2.75,,,,,,,,,,
2025-03-19,tennis,"Miami, USA",WTA,Lucrezia Stefanini,Rebecca Šramková,1,2,False,3,True,3.0,,1.4,,,,,,,,,,
2025-03-19,tennis,"Miami, USA",WTA,Naomi Osaka,Yuliia Starodubtseva,2,1,True,3,True,1.17,,5.0,,,,,,,,,,
2025-03-19,tennis,"Miami, USA",WTA,Claire Liu,Linda Fruhvirtova,1,2,False,3,True,1.73,,2.1,,,,,,,,,,
2025-03-19,tennis,"Miami, USA",WTA,Lauren Davis,Aoi Ito,2,1,True,3,True,2.75,,1.44,,,,,,,,,,
2025-03-19,tennis,"Miami, USA",WTA,Elena-Gabriela Ruse,Polina Kudermetova,2,1,True,3,True,1.8,,2.0,,,,,,,,,,
2025-03-19,tennis,"Miami, USA",WTA,Petra Kvitova,Sofia Kenin,0,2,False,2,False,3.2,,1.36,,,,,,,,,,
2025-03-19,tennis,"Miami, USA",WTA,Rebeka Masarova,Greet Minnen,2,1,True,3,True,3.0,,1.4,,,,,,,,,,
2025-03-19,tennis,"Miami, USA",WTA,Olga Danilović,Hailey Baptiste,1,2,False,3,True,1.8,,2.0,,,,,,,,,,
2025-03-19,tennis,"Miami, USA",WTA,Renata Zarazua,Ashlyn Krueger,0,2,False,2,False,4.0,,1.25,,,,,,,,,,
2025-03-19,tennis,"Miami, USA",WTA,Taylor Townsend,Ann Li,2,1,True,3,True,1.8,,2.0,,,,,,,,,,
2025-03-20,tennis,"Miami, USA",ATP,Aleksandar Vukic,David Goffin,1,2,False,3,True,2.3,,1.62,,,,,,,,,,
2025-03-20,tennis,"Miami, USA",ATP,Alexander Bublik,Sebastián Báez,2,0,True,2,False,1.44,,2.75,,,,,,,,,,
2025-03-20,tennis,"Miami, USA",ATP,Rinky Hijikata,Hamad Medjedović,2,1,True,3,True,2.75,,1.44,,,,,,,,,,
2025-03-20,tennis,"Miami, USA",ATP,Tristan Schoolkate,Ethan Quinn,2,0,True,2,False,2.38,,1.57,,,,,,,,,,
2025-03-20,tennis,"Miami, USA",ATP,Gael Monfils,Fábián Marozsán,2,1,True,3,True,1.4,,3.0,,,,,,,,,,
2025-03-20,tennis,"Miami, USA",ATP,Francisco Comesaña,Federico Cinà,0,2,False,2,False,1.4,,3.0,,,,,,,,,,
2025-03-20,tennis,"Miami, USA",ATP,Chun-Hsin Tseng,Mattia Bellucci,2,0,True,2,False,2.75,,1.44,,,,,,,,,,
2025-03-20,tennis,"Miami, USA",ATP,Camilo Ugo Carabelli,Brandon Holt,2,1,True,3,True,2.38,,1.57,,,,,,,,,,
2025-03-20,tennis,"Miami, USA",ATP,Mackenzie McDonald,Nick Kyrgios,1,2,False,3,True,1.4,,3.0,,,,,,,,,,
2025-03-20,tennis,"Miami, USA",ATP,Alexander Blockx,Corentin Moutet,0,2,False,2,False,2.2,,1.67,,,,,,,,,,
2025-03-20,tennis,"Miami, USA",ATP,Christopher O'Connell,Roberto Carballés Baena,1,2,False,3,True,1.53,,2.5,,,,,,,,,,
2025-03-20,tennis,"Miami, USA",ATP,Aleksandar Kovacevic,Miomir Kecmanović,0,2,False,2,False,2.38,,1.57,,,,,,,,,,
2025-03-20,tennis,"Miami, USA",ATP,Alexandre Muller,Rei Sakamoto,2,0,True,2,False,1.44,,2.75,,,,,,,,,,
2025-03-20,tennis,"Miami, USA",ATP,Arthur Rinderknech,Jaume Munar,0,2,False,2,False,2.38,,1.57,,,,,,,,,,
2025-03-20,tennis,"Miami, USA",ATP,Eliot Spizzirri,Billy Harris,2,1,True,3,True,1.62,,2.3,,,,,,,,,,
2025-03-20,tennis,"Miami, USA",ATP,Thiago Seyboth Wild,Quentin Halys,0,2,False,2,False,2.38,,1.57,,,,,,,,,,
2025-03-20,tennis,"Miami, USA",WTA,Anastasia Potapova,Kimberly Birrell,1,2,False,3,True,1.53,,2.5,,,,,,,,,,
2025-03-20,tennis,"Miami, USA",WTA,Camila Osorio,Victoria Mboko,1,2,False,3,True,1.8,,2.0,,,,,,,,,,
2025-03-20,tennis,"Miami, USA",WTA,Kamilla Rakhimova,Anna Blinkova,1,2,False,3,True,2.5,,1.53,,,,,,,,,,
2025-03-20,tennis,"Miami, USA",WTA,Veronika Kudermetova,Xinyu Wang,2,0,True,2,False,1.91,,1.91,,,,,,,,,,
2025-03-20,tennis,"Miami, USA",WTA,Sayaka Ishii,Emma Raducanu,0,2,False,2,False,4.33,,1.22,,,,,,,,,,
2025-03-20,tennis,"Miami, USA",WTA,McCartney Kessler,Marie Bouzkova,2,1,True,3,True,1.4,,3.0,,,,,,,,,,
2025-03-20,tennis,"Miami, USA",WTA,Ajla Tomljanovic,Bernarda Pera,0,2,False,2,False,1.8,,2.0,,,,,,,,,,
2025-03-20,tennis,"Miami, USA",WTA,Erika Andreeva,Elina Avanesyan,1,2,False,3,True,3.2,,1.36,,,,,,,,,,
2025-03-20,tennis,"Miami, USA",WTA,Caroline Garcia,Anna Bondar,2,0,True,2,False,1.5,,2.63,,,,,,,,,,
2025-03-20,tennis,"Miami, USA",WTA,Alexandra Eala,Katie Volynets,2,0,True,2,False,3.75,,1.29,,,,,,,,,,
2025-03-20,tennis,"Miami, USA",WTA,Katie Boulter,Peyton Stearns,0,2,False,2,False,2.1,,1.73,,,,,,,,,,
2025-03-20,tennis,"Miami, USA",WTA,Tyra Caterina Grant,Julia Grabher,0,2,False,2,False,1.29,,3.75,,,,,,,,,,
2025-03-20,tennis,"Miami, USA",WTA,Suzan Lamens,Moyuka Uchijima,0,2,False,2,False,2.2,,1.67,,,,,,,,,,
2025-03-20,tennis,"Miami, USA",WTA,Dayana Yastremska,Belinda Bencic,1,2,False,3,True,3.75,,1.29,,,,,,,,,,
2025-03-20,tennis,"Miami, USA",WTA,Anhelina Kalinina,Victoria Azarenka,0,2,False,2,False,2.75,,1.44,,,,,,,,,,
2025-03-20,tennis,"Miami, USA",WTA,Mayar Sherif,Lulu Sun,2,1,True,3,True,3.2,,1.36,,,,,,,,,,
2025-03-20,tennis,"Miami, USA",ATP,Aleksandar Vukic,David Goffin,1,2,False,3,True,2.3,,1.62,,,,,,,,,,
2025-03-20,tennis,"Miami, USA",ATP,Alexander Bublik,Sebastián Báez,2,0,True,2,False,1.44,,2.75,,,,,,,,,,
2025-03-20,tennis,"Miami, USA",ATP,Rinky Hijikata,Hamad Medjedović,2,1,True,3,True,2.75,,1.44,,,,,,,,,,
2025-03-20,tennis,"Miami, USA",ATP,Tristan Schoolkate,Ethan Quinn,2,0,True,2,False,2.38,,1.57,,,,,,,,,,
2025-03-20,tennis,"Miami, USA",ATP,Gael Monfils,Fábián Marozsán,2,1,True,3,True,1.4,,3.0,,,,,,,,,,
2025-03-20,tennis,"Miami, USA",ATP,Francisco Comesaña,Federico Cinà,0,2,False,2,False,1.4,,3.0,,,,,,,,,,
2025-03-20,tennis,"Miami, USA",ATP,Chun-Hsin Tseng,Mattia Bellucci,2,0,True,2,False,2.75,,1.44,,,,,,,,,,
2025-03-20,tennis,"Miami, USA",ATP,Camilo Ugo Carabelli,Brandon Holt,2,1,True,3,True,2.38,,1.57,,,,,,,,,,
2025-03-20,tennis,"Miami, USA",ATP,Mackenzie McDonald,Nick Kyrgios,1,2,False,3,True,1.4,,3.0,,,,,,,,,,
2025-03-20,tennis,"Miami, USA",ATP,Alexander Blockx,Corentin Moutet,0,2,False,2,False,2.2,,1.67,,,,,,,,,,
2025-03-20,tennis,"Miami, USA",ATP,Christopher O'Connell,Roberto Carballés Baena,1,2,False,3,True,1.53,,2.5,,,,,,,,,,
2025-03-20,tennis,"Miami, USA",ATP,Aleksandar Kovacevic,Miomir Kecmanović,0,2,False,2,False,2.38,,1.57,,,,,,,,,,
2025-03-20,tennis,"Miami, USA",ATP,Alexandre Muller,Rei Sakamoto,2,0,True,2,False,1.44,,2.75,,,,,,,,,,
2025-03-20,tennis,"Miami, USA",ATP,Arthur Rinderknech,Jaume Munar,0,2,False,2,False,2.38,,1.57,,,,,,,,,,
2025-03-20,tennis,"Miami, USA",ATP,Eliot Spizzirri,Billy Harris,2,1,True,3,True,1.62,,2.3,,,,,,,,,,
2025-03-20,tennis,"Miami, USA",ATP,Thiago Seyboth Wild,Quentin Halys,0,2,False,2,False,2.38,,1.57,,,,,,,,,,
2025-03-20,tennis,"Miami, USA",WTA,Anastasia Potapova,Kimberly Birrell,1,2,False,3,True,1.53,,2.5,,,,,,,,,,
2025-03-20,tennis,"Miami, USA",WTA,Camila Osorio,Victoria Mboko,1,2,False,3,True,1.8,,2.0,,,,,,,,,,
2025-03-20,tennis,"Miami, USA",WTA,Kamilla Rakhimova,Anna Blinkova,1,2,False,3,True,2.5,,1.53,,,,,,,,,,
2025-03-20,tennis,"Miami, USA",WTA,Veronika Kudermetova,Xinyu Wang,2,0,True,2,False,1.91,,1.91,,,,,,,,,,
2025-03-20,tennis,"Miami, USA",WTA,Sayaka Ishii,Emma Raducanu,0,2,False,2,False,4.33,,1.22,,,,,,,,,,
2025-03-20,tennis,"Miami, USA",WTA,McCartney Kessler,Marie Bouzkova,2,1,True,3,True,1.4,,3.0,,,,,,,,,,
2025-03-20,tennis,"Miami, USA",WTA,Ajla Tomljanovic,Bernarda Pera,0,2,False,2,False,1.8,,2.0,,,,,,,,,,
2025-03-20,tennis,"Miami, USA",WTA,Erika Andreeva,Elina Avanesyan,1,2,False,3,True,3.2,,1.36,,,,,,,,,,
2025-03-20,tennis,"Miami, USA",WTA,Caroline Garcia,Anna Bondar,2,0,True,2,False,1.5,,2.63,,,,,,,,,,
2025-03-20,tennis,"Miami, USA",WTA,Alexandra Eala,Katie Volynets,2,0,True,2,False,3.75,,1.29,,,,,,,,,,
2025-03-20,tennis,"Miami, USA",WTA,Katie Boulter,Peyton Stearns,0,2,False,2,False,2.1,,1.73,,,,,,,,,,
2025-03-20,tennis,"Miami, USA",WTA,Tyra Caterina Grant,Julia Grabher,0,2,False,2,False,1.29,,3.75,,,,,,,,,,
2025-03-20,tennis,"Miami, USA",WTA,Suzan Lamens,Moyuka Uchijima,0,2,False,2,False,2.2,,1.67,,,,,,,,,,
2025-03-20,tennis,"Miami, USA",WTA,Dayana Yastremska,Belinda Bencic,1,2,False,3,True,3.75,,1.29,,,,,,,,,,
2025-03-20,tennis,"Miami, USA",WTA,Anhelina Kalinina,Victoria Azarenka,0,2,False,2,False,2.75,,1.44,,,,,,,,,,
2025-03-20,tennis,"Miami, USA",WTA,Mayar Sherif,Lulu Sun,2,1,True,3,True,3.2,,1.36,,,,,,,,,,
2025-03-21,tennis,"Miami, USA",ATP,Benjamin Bonzi,Jacob Fearnley,1,2,False,3,True,2.75,,1.44,,,,,,,,,,
2025-03-21,tennis,"Miami, USA",ATP,Thiago Agustin Tirante,Flavio Cobolli,2,1,True,3,True,2.3,,1.62,,,,,,,,,,
2025-03-21,tennis,"Miami, USA",ATP,Zizou Bergs,Nuno Borges,2,0,True,2,False,2.0,,1.8,,,,,,,,,,
2025-03-21,tennis,"Miami, USA",ATP,Christopher Eubanks,Reilly Opelka,0,2,False,2,False,2.5,,1.53,,,,,,,,,,
2025-03-21,tennis,"Miami, USA",ATP,Coleman Wong,Daniel Altmaier,2,0,True,2,False,3.2,,1.36,,,,,,,,,,
2025-03-21,tennis,"Miami, USA",ATP,Pedro Martinez,Luciano Darderi,0,2,False,2,False,1.57,,2.38,,,,,,,,,,
2025-03-21,tennis,"Miami, USA",ATP,Yunchaokete Bu,Cameron Norrie,2,0,True,2,False,2.2,,1.67,,,,,,,,,,
2025-03-21,tennis,"Miami, USA",ATP,Jordan Thompson,Marcos Giron,2,1,True,3,True,2.5,,1.53,,,,,,,,,,
2025-03-21,tennis,"Miami, USA",ATP,Gabriel Diallo,Tomas Martin Etcheverry,2,0,True,2,False,2.0,,1.8,,,,,,,,,,
2025-03-21,tennis,"Miami, USA",ATP,Jan-Lennard Struff,Alejandro Davidovich Fokina,0,2,False,2,False,2.5,,1.53,,,,,,,,,,
2025-03-21,tennis,"Miami, USA",ATP,Lorenzo Sonego,Mariano Navone,2,0,True,2,False,1.44,,2.75,,,,,,,,,,
2025-03-21,tennis,"Miami, USA",ATP,Roman Safiullin,Jenson Brooksby,2,1,True,3,True,1.91,,1.91,,,,,,,,,,
2025-03-21,tennis,"Miami, USA",ATP,Matteo Arnaldi,Yibing Wu,2,1,True,3,True,1.25,,4.0,,,,,,,,,,
2025-03-21,tennis,"Miami, USA",ATP,Joao Fonseca,Learner Tien,2,1,True,3,True,1.33,,3.4,,,,,,,,,,
2025-03-21,tennis,"Miami, USA",ATP,Roberto Bautista Agut,Jakub Menšik,1,2,False,3,True,3.0,,1.4,,,,,,,,,,
2025-03-21,tennis,"Miami, USA",WTA,Elena-Gabriela Ruse,Magdalena Frech,2,0,True,2,False,1.91,,1.91,,,,,,,,,,
2025-03-21,tennis,"Miami, USA",WTA,Qinwen Zheng,Lauren Davis,2,0,True,2,False,1.07,,9.0,,,,,,,,,,
2025-03-21,tennis,"Miami, USA",WTA,Rebecca Šramková,Jasmine Paolini,0,2,False,2,False,2.5,,1.53,,,,,,,,,,
2025-03-21,tennis,"Miami, USA",WTA,Ashlyn Krueger,Elena Rybakina,2,1,True,3,True,3.75,,1.29,,,,,,,,,,
2025-03-21,tennis,"Miami, USA",WTA,Leylah Fernandez,Alycia Parks,2,0,True,2,False,1.53,,2.5,,,,,,,,,,
2025-03-21,tennis,"Miami, USA",WTA,Coco Gauff,Sofia Kenin,2,0,True,2,False,1.4,,3.0,,,,,,,,,,
2025-03-21,tennis,"Miami, USA",WTA,Ekaterina Alexandrova,Magda Linette,0,2,False,2,False,1.53,,2.5,,,,,,,,,,
2025-03-21,tennis,"Miami, USA",WTA,Aryna Sabalenka,Viktoriya Tomova,2,0,True,2,False,1.02,,17.0,,,,,,,,,,
2025-03-21,tennis,"Miami, USA",WTA,Taylor Townsend,Yulia Putintseva,2,1,True,3,True,2.38,,1.57,,,,,,,,,,
2025-03-21,tennis,"Miami, USA",WTA,Ons Jabeur,Katerina Siniakova,2,0,True,2,False,1.67,,2.2,,,,,,,,,,
2025-03-21,tennis,"Miami, USA",WTA,Lucia Bronzetti,Maria Sakkari,1,2,False,3,True,2.2,,1.67,,,,,,,,,,
2025-03-21,tennis,"Miami, USA",WTA,Daria Kasatkina,Hailey Baptiste,1,2,False,3,True,1.4,,3.0,,,,,,,,,,
2025-03-21,tennis,"Miami, USA",WTA,Donna Vekić,Rebeka Masarova,0,2,False,2,False,1.3,,3.5,,,,,,,,,,
2025-03-21,tennis,"Miami, USA",WTA,Linda Fruhvirtova,Beatriz Haddad Maia,2,0,True,2,False,2.0,,1.8,,,,,,,,,,
2025-03-21,tennis,"Miami, USA",WTA,Naomi Osaka,Liudmila Samsonova,2,0,True,2,False,1.8,,2.0,,,,,,,,,,
2025-03-21,tennis,"Miami, USA",WTA,Sorana Cirstea,Danielle Collins,0,2,False,2,False,2.3,,1.62,,,,,,,,,,
2025-03-21,tennis,"Miami, USA",ATP,Benjamin Bonzi,Jacob Fearnley,1,2,False,3,True,2.75,,1.44,,,,,,,,,,
2025-03-21,tennis,"Miami, USA",ATP,Thiago Agustin Tirante,Flavio Cobolli,2,1,True,3,True,2.3,,1.62,,,,,,,,,,
2025-03-21,tennis,"Miami, USA",ATP,Zizou Bergs,Nuno Borges,2,0,True,2,False,2.0,,1.8,,,,,,,,,,
2025-03-21,tennis,"Miami, USA",ATP,Christopher Eubanks,Reilly Opelka,0,2,False,2,False,2.5,,1.53,,,,,,,,,,
2025-03-21,tennis,"Miami, USA",ATP,Coleman Wong,Daniel Altmaier,2,0,True,2,False,3.2,,1.36,,,,,,,,,,
2025-03-21,tennis,"Miami, USA",ATP,Pedro Martinez,Luciano Darderi,0,2,False,2,False,1.57,,2.38,,,,,,,,,,
2025-03-21,tennis,"Miami, USA",ATP,Yunchaokete Bu,Cameron Norrie,2,0,True,2,False,2.2,,1.67,,,,,,,,,,
2025-03-21,tennis,"Miami, USA",ATP,Jordan Thompson,Marcos Giron,2,1,True,3,True,2.5,,1.53,,,,,,,,,,
2025-03-21,tennis,"Miami, USA",ATP,Gabriel Diallo,Tomas Martin Etcheverry,2,0,True,2,False,2.0,,1.8,,,,,,,,,,
2025-03-21,tennis,"Miami, USA",ATP,Jan-Lennard Struff,Alejandro Davidovich Fokina,0,2,False,2,False,2.5,,1.53,,,,,,,,,,
2025-03-21,tennis,"Miami, USA",ATP,Lorenzo Sonego,Mariano Navone,2,0,True,2,False,1.44,,2.75,,,,,,,,,,
2025-03-21,tennis,"Miami, USA",ATP,Roman Safiullin,Jenson Brooksby,2,1,True,3,True,1.91,,1.91,,,,,,,,,,
2025-03-21,tennis,"Miami, USA",ATP,Matteo Arnaldi,Yibing Wu,2,1,True,3,True,1.25,,4.0,,,,,,,,,,
2025-03-21,tennis,"Miami, USA",ATP,Joao Fonseca,Learner Tien,2,1,True,3,True,1.33,,3.4,,,,,,,,,,
2025-03-21,tennis,"Miami, USA",ATP,Roberto Bautista Agut,Jakub Menšik,1,2,False,3,True,3.0,,1.4,,,,,,,,,,
2025-03-21,tennis,"Miami, USA",WTA,Elena-Gabriela Ruse,Magdalena Frech,2,0,True,2,False,1.91,,1.91,,,,,,,,,,
2025-03-21,tennis,"Miami, USA",WTA,Qinwen Zheng,Lauren Davis,2,0,True,2,False,1.07,,9.0,,,,,,,,,,
2025-03-21,tennis,"Miami, USA",WTA,Rebecca Šramková,Jasmine Paolini,0,2,False,2,False,2.5,,1.53,,,,,,,,,,
2025-03-21,tennis,"Miami, USA",WTA,Ashlyn Krueger,Elena Rybakina,2,1,True,3,True,3.75,,1.29,,,,,,,,,,
2025-03-21,tennis,"Miami, USA",WTA,Leylah Fernandez,Alycia Parks,2,0,True,2,False,1.53,,2.5,,,,,,,,,,
2025-03-21,tennis,"Miami, USA",WTA,Coco Gauff,Sofia Kenin,2,0,True,2,False,1.4,,3.0,,,,,,,,,,
2025-03-21,tennis,"Miami, USA",WTA,Ekaterina Alexandrova,Magda Linette,0,2,False,2,False,1.53,,2.5,,,,,,,,,,
2025-03-21,tennis,"Miami, USA",WTA,Aryna Sabalenka,Viktoriya Tomova,2,0,True,2,False,1.02,,17.0,,,,,,,,,,
2025-03-21,tennis,"Miami, USA",WTA,Taylor Townsend,Yulia Putintseva,2,1,True,3,True,2.38,,1.57,,,,,,,,,,
2025-03-21,tennis,"Miami, USA",WTA,Ons Jabeur,Katerina Siniakova,2,0,True,2,False,1.67,,2.2,,,,,,,,,,
2025-03-21,tennis,"Miami, USA",WTA,Lucia Bronzetti,Maria Sakkari,1,2,False,3,True,2.2,,1.67,,,,,,,,,,
2025-03-21,tennis,"Miami, USA",WTA,Daria Kasatkina,Hailey Baptiste,1,2,False,3,True,1.4,,3.0,,,,,,,,,,
2025-03-21,tennis,"Miami, USA",WTA,Donna Vekić,Rebeka Masarova,0,2,False,2,False,1.3,,3.5,,,,,,,,,,
2025-03-21,tennis,"Miami, USA",WTA,Linda Fruhvirtova,Beatriz Haddad Maia,2,0,True,2,False,2.0,,1.8,,,,,,,,,,
2025-03-21,tennis,"Miami, USA",WTA,Naomi Osaka,Liudmila Samsonova,2,0,True,2,False,1.8,,2.0,,,,,,,,,,
2025-03-21,tennis,"Miami, USA",WTA,Sorana Cirstea,Danielle Collins,0,2,False,2,False,2.3,,1.62,,,,,,,,,,
2025-03-22,tennis,"Miami, USA",ATP,Casper Ruud,Miomir Kecmanović,2,1,True,3,True,1.67,,2.2,,,,,,,,,,
2025-03-22,tennis,"Miami, USA",ATP,Grigor Dimitrov,Federico Cinà,2,0,True,2,False,1.08,,8.0,,,,,,,,,,
2025-03-22,tennis,"Miami, USA",ATP,Lorenzo Musetti,Quentin Halys,2,1,True,3,True,1.57,,2.38,,,,,,,,,,
2025-03-22,tennis,"Miami, USA",ATP,Tristan Schoolkate,Felix Auger-Aliassime,0,2,False,2,False,4.0,,1.25,,,,,,,,,,
2025-03-22,tennis,"Miami, USA",ATP,Nick Kyrgios,Karen Khachanov,0,2,False,2,False,3.2,,1.36,,,,,,,,,,
2025-03-22,tennis,"Miami, USA",ATP,Alex Michelsen,Camilo Ugo Carabelli,1,2,False,3,True,1.22,,4.33,,,,,,,,,,
2025-03-22,tennis,"Miami, USA",ATP,Daniil Medvedev,Jaume Munar,0,2,False,2,False,1.17,,5.0,,,,,,,,,,
2025-03-22,tennis,"Miami, USA",ATP,Chun-Hsin Tseng,Stefanos Tsitsipas,1,2,False,3,True,7.0,,1.1,,,,,,,,,,
2025-03-22,tennis,"Miami, USA",ATP,Gael Monfils,Jiri Lehečka,2,1,True,3,True,2.2,,1.67,,,,,,,,,,
2025-03-22,tennis,"Miami, USA",ATP,Rinky Hijikata,Novak Djokovic,0,2,False,2,False,8.0,,1.08,,,,,,,,,,
2025-03-22,tennis,"Miami, USA",ATP,Corentin Moutet,Alejandro Tabilo,1,2,False,3,True,1.67,,2.2,,,,,,,,,,
2025-03-22,tennis,"Miami, USA",ATP,Brandon Nakashima,Roberto Carballés Baena,2,1,True,3,True,1.3,,3.5,,,,,,,,,,
2025-03-22,tennis,"Miami, USA",ATP,Sebastian Korda,Eliot Spizzirri,2,0,True,2,False,1.33,,3.4,,,,,,,,,,
2025-03-22,tennis,"Miami, USA",ATP,Alexander Bublik,Tommy Paul,1,2,False,3,True,3.75,,1.29,,,,,,,,,,
2025-03-22,tennis,"Miami, USA",ATP,Francisco Cerundolo,Alexandre Muller,2,0,True,2,False,1.53,,2.5,,,,,,,,,,
2025-03-22,tennis,"Miami, USA",ATP,David Goffin,Carlos Alcaraz,2,1,True,3,True,15.0,,1.03,,,,,,,,,,
2025-03-22,tennis,"Miami, USA",WTA,Anna Kalinskaya,Moyuka Uchijima,2,0,True,2,False,1.91,,1.91,,,,,,,,,,
2025-03-22,tennis,"Miami, USA",WTA,Diana Shnaider,Anna Blinkova,0,2,False,2,False,1.3,,3.5,,,,,,,,,,
2025-03-22,tennis,"Miami, USA",WTA,Caroline Garcia,Iga Swiatek,0,2,False,2,False,13.0,,1.04,,,,,,,,,,
2025-03-22,tennis,"Miami, USA",WTA,Alexandra Eala,Jelena Ostapenko,2,0,True,2,False,4.0,,1.25,,,,,,,,,,
2025-03-22,tennis,"Miami, USA",WTA,Elise Mertens,Peyton Stearns,2,0,True,2,False,1.67,,2.2,,,,,,,,,,
2025-03-22,tennis,"Miami, USA",WTA,Victoria Mboko,Paula Badosa,1,2,False,3,True,2.75,,1.44,,,,,,,,,,
2025-03-22,tennis,"Miami, USA",WTA,Emma Navarro,Emma Raducanu,1,2,False,3,True,1.5,,2.63,,,,,,,,,,
2025-03-22,tennis,"Miami, USA",WTA,Clara Tauson,Julia Grabher,2,0,True,2,False,1.06,,10.0,,,,,,,,,,
2025-03-22,tennis,"Miami, USA",WTA,McCartney Kessler,Linda Noskova,2,1,True,3,True,2.1,,1.73,,,,,,,,,,
2025-03-22,tennis,"Miami, USA",WTA,Bernarda Pera,Jessica Pegula,0,2,False,2,False,6.0,,1.12,,,,,,,,,,
2025-03-22,tennis,"Miami, USA",WTA,Kimberly Birrell,Marta Kostyuk,1,2,False,3,True,3.0,,1.4,,,,,,,,,,
2025-03-22,tennis,"Miami, USA",WTA,Amanda Anisimova,Mayar Sherif,2,0,True,2,False,1.1,,7.0,,,,,,,,,,
2025-03-22,tennis,"Miami, USA",WTA,Belinda Bencic,Elina Svitolina,0,2,False,2,False,1.57,,2.38,,,,,,,,,,
2025-03-22,tennis,"Miami, USA",WTA,Veronika Kudermetova,Mirra Andreeva,0,2,False,2,False,5.0,,1.17,,,,,,,,,,
2025-03-22,tennis,"Miami, USA",WTA,Madison Keys,Elina Avanesyan,2,0,True,2,False,1.25,,4.0,,,,,,,,,,
2025-03-22,tennis,"Miami, USA",ATP,Casper Ruud,Miomir Kecmanović,2,1,True,3,True,1.67,,2.2,,,,,,,,,,
2025-03-22,tennis,"Miami, USA",ATP,Grigor Dimitrov,Federico Cinà,2,0,True,2,False,1.08,,8.0,,,,,,,,,,
2025-03-22,tennis,"Miami, USA",ATP,Lorenzo Musetti,Quentin Halys,2,1,True,3,True,1.57,,2.38,,,,,,,,,,
2025-03-22,tennis,"Miami, USA",ATP,Tristan Schoolkate,Felix Auger-Aliassime,0,2,False,2,False,4.0,,1.25,,,,,,,,,,
2025-03-22,tennis,"Miami, USA",ATP,Nick Kyrgios,Karen Khachanov,0,2,False,2,False,3.2,,1.36,,,,,,,,,,
2025-03-22,tennis,"Miami, USA",ATP,Alex Michelsen,Camilo Ugo Carabelli,1,2,False,3,True,1.22,,4.33,,,,,,,,,,
2025-03-22,tennis,"Miami, USA",ATP,Daniil Medvedev,Jaume Munar,0,2,False,2,False,1.17,,5.0,,,,,,,,,,
2025-03-22,tennis,"Miami, USA",ATP,Chun-Hsin Tseng,Stefanos Tsitsipas,1,2,False,3,True,7.0,,1.1,,,,,,,,,,
2025-03-22,tennis,"Miami, USA",ATP,Gael Monfils,Jiri Lehečka,2,1,True,3,True,2.2,,1.67,,,,,,,,,,
2025-03-22,tennis,"Miami, USA",ATP,Rinky Hijikata,Novak Djokovic,0,2,False,2,False,8.0,,1.08,,,,,,,,,,
2025-03-22,tennis,"Miami, USA",ATP,Corentin Moutet,Alejandro Tabilo,1,2,False,3,True,1.67,,2.2,,,,,,,,,,
2025-03-22,tennis,"Miami, USA",ATP,Brandon Nakashima,Roberto Carballés Baena,2,1,True,3,True,1.3,,3.5,,,,,,,,,,
2025-03-22,tennis,"Miami, USA",ATP,Sebastian Korda,Eliot Spizzirri,2,0,True,2,False,1.33,,3.4,,,,,,,,,,
2025-03-22,tennis,"Miami, USA",ATP,Alexander Bublik,Tommy Paul,1,2,False,3,True,3.75,,1.29,,,,,,,,,,
2025-03-22,tennis,"Miami, USA",ATP,Francisco Cerundolo,Alexandre Muller,2,0,True,2,False,1.53,,2.5,,,,,,,,,,
2025-03-22,tennis,"Miami, USA",ATP,David Goffin,Carlos Alcaraz,2,1,True,3,True,15.0,,1.03,,,,,,,,,,
2025-03-22,tennis,"Miami, USA",WTA,Anna Kalinskaya,Moyuka Uchijima,2,0,True,2,False,1.91,,1.91,,,,,,,,,,
2025-03-22,tennis,"Miami, USA",WTA,Diana Shnaider,Anna Blinkova,0,2,False,2,False,1.3,,3.5,,,,,,,,,,
2025-03-22,tennis,"Miami, USA",WTA,Caroline Garcia,Iga Swiatek,0,2,False,2,False,13.0,,1.04,,,,,,,,,,
2025-03-22,tennis,"Miami, USA",WTA,Alexandra Eala,Jelena Ostapenko,2,0,True,2,False,4.0,,1.25,,,,,,,,,,
2025-03-22,tennis,"Miami, USA",WTA,Elise Mertens,Peyton Stearns,2,0,True,2,False,1.67,,2.2,,,,,,,,,,
2025-03-22,tennis,"Miami, USA",WTA,Victoria Mboko,Paula Badosa,1,2,False,3,True,2.75,,1.44,,,,,,,,,,
2025-03-22,tennis,"Miami, USA",WTA,Emma Navarro,Emma Raducanu,1,2,False,3,True,1.5,,2.63,,,,,,,,,,
2025-03-22,tennis,"Miami, USA",WTA,Clara Tauson,Julia Grabher,2,0,True,2,False,1.06,,10.0,,,,,,,,,,
2025-03-22,tennis,"Miami, USA",WTA,McCartney Kessler,Linda Noskova,2,1,True,3,True,2.1,,1.73,,,,,,,,,,
2025-03-22,tennis,"Miami, USA",WTA,Bernarda Pera,Jessica Pegula,0,2,False,2,False,6.0,,1.12,,,,,,,,,,
2025-03-22,tennis,"Miami, USA",WTA,Kimberly Birrell,Marta Kostyuk,1,2,False,3,True,3.0,,1.4,,,,,,,,,,
2025-03-22,tennis,"Miami, USA",WTA,Amanda Anisimova,Mayar Sherif,2,0,True,2,False,1.1,,7.0,,,,,,,,,,
2025-03-22,tennis,"Miami, USA",WTA,Belinda Bencic,Elina Svitolina,0,2,False,2,False,1.57,,2.38,,,,,,,,,,
2025-03-22,tennis,"Miami, USA",WTA,Veronika Kudermetova,Mirra Andreeva,0,2,False,2,False,5.0,,1.17,,,,,,,,,,
2025-03-22,tennis,"Miami, USA",WTA,Madison Keys,Elina Avanesyan,2,0,True,2,False,1.25,,4.0,,,,,,,,,,
2025-03-23,tennis,"Miami, USA",ATP,Adam Walton,Luciano Darderi,2,0,True,2,False,1.53,,2.5,,,,,,,,,,
2025-03-23,tennis,"Miami, USA",ATP,Coleman Wong,Ben Shelton,2,1,True,3,True,7.0,,1.1,,,,,,,,,,
2025-03-23,tennis,"Miami, USA",ATP,Alexander Zverev,Jacob Fearnley,2,0,True,2,False,1.17,,5.0,,,,,,,,,,
2025-03-23,tennis,"Miami, USA",ATP,Taylor Fritz,Lorenzo Sonego,2,0,True,2,False,1.14,,5.5,,,,,,,,,,
2025-03-23,tennis,"Miami, USA",ATP,Matteo Arnaldi,Tomaš Machač,1,2,False,3,True,2.75,,1.44,,,,,,,,,,
2025-03-23,tennis,"Miami, USA",ATP,Jordan Thompson,Giovanni Mpetshi Perricard,2,0,True,2,False,1.91,,1.91,,,,,,,,,,
2025-03-23,tennis,"Miami, USA",ATP,Thiago Agustin Tirante,Denis Shapovalov,1,2,False,3,True,4.5,,1.2,,,,,,,,,,
2025-03-23,tennis,"Miami, USA",ATP,Jakub Menšik,Jack Draper,2,0,True,2,False,4.0,,1.25,,,,,,,,,,
2025-03-23,tennis,"Miami, USA",ATP,Alexei Popyrin,Roman Safiullin,1,2,False,3,True,1.73,,2.1,,,,,,,,,,
2025-03-23,tennis,"Miami, USA",ATP,Holger Rune,Reilly Opelka,1,2,False,3,True,1.4,,3.0,,,,,,,,,,
2025-03-23,tennis,"Miami, USA",ATP,Joao Fonseca,Ugo Humbert,2,0,True,2,False,2.2,,1.67,,,,,,,,,,
2025-03-23,tennis,"Miami, USA",ATP,Zizou Bergs,Andrey Rublev,2,0,True,2,False,3.5,,1.3,,,,,,,,,,
2025-03-23,tennis,"Miami, USA",ATP,Matteo Berrettini,Hugo Gaston,2,1,True,3,True,1.13,,6.0,,,,,,,,,,
2025-03-23,tennis,"Miami, USA",ATP,Alejandro Davidovich Fokina,Frances Tiafoe,0,2,False,2,False,1.73,,2.1,,,,,,,,,,
2025-03-23,tennis,"Miami, USA",ATP,Alex de Minaur,Yunchaokete Bu,2,0,True,2,False,1.17,,5.0,,,,,,,,,,
2025-03-23,tennis,"Miami, USA",WTA,Leylah Fernandez,Ashlyn Krueger,0,2,False,2,False,2.1,,1.73,,,,,,,,,,
2025-03-23,tennis,"Miami, USA",WTA,Hailey Baptiste,Naomi Osaka,1,2,False,3,True,3.5,,1.3,,,,,,,,,,
2025-03-23,tennis,"Miami, USA",WTA,Coco Gauff,Maria Sakkari,2,0,True,2,False,1.22,,4.33,,,,,,,,,,
2025-03-23,tennis,"Miami, USA",WTA,Magda Linette,Linda Fruhvirtova,2,0,True,2,False,1.53,,2.5,,,,,,,,,,
2025-03-23,tennis,"Miami, USA",WTA,Rebeka Masarova,Danielle Collins,1,2,False,3,True,4.0,,1.25,,,,,,,,,,
2025-03-23,tennis,"Miami, USA",WTA,Qinwen Zheng,Taylor Townsend,2,0,True,2,False,1.2,,4.5,,,,,,,,,,
2025-03-23,tennis,"Miami, USA",ATP,Adam Walton,Luciano Darderi,2,0,True,2,False,1.53,,2.5,,,,,,,,,,
2025-03-23,tennis,"Miami, USA",ATP,Coleman Wong,Ben Shelton,2,1,True,3,True,7.0,,1.1,,,,,,,,,,
2025-03-23,tennis,"Miami, USA",ATP,Alexander Zverev,Jacob Fearnley,2,0,True,2,False,1.17,,5.0,,,,,,,,,,
2025-03-23,tennis,"Miami, USA",ATP,Taylor Fritz,Lorenzo Sonego,2,0,True,2,False,1.14,,5.5,,,,,,,,,,
2025-03-23,tennis,"Miami, USA",ATP,Matteo Arnaldi,Tomaš Machač,1,2,False,3,True,2.75,,1.44,,,,,,,,,,
2025-03-23,tennis,"Miami, USA",ATP,Jordan Thompson,Giovanni Mpetshi Perricard,2,0,True,2,False,1.91,,1.91,,,,,,,,,,
2025-03-23,tennis,"Miami, USA",ATP,Thiago Agustin Tirante,Denis Shapovalov,1,2,False,3,True,4.5,,1.2,,,,,,,,,,
2025-03-23,tennis,"Miami, USA",ATP,Jakub Menšik,Jack Draper,2,0,True,2,False,4.0,,1.25,,,,,,,,,,
2025-03-23,tennis,"Miami, USA",ATP,Alexei Popyrin,Roman Safiullin,1,2,False,3,True,1.73,,2.1,,,,,,,,,,
2025-03-23,tennis,"Miami, USA",ATP,Holger Rune,Reilly Opelka,1,2,False,3,True,1.4,,3.0,,,,,,,,,,
2025-03-23,tennis,"Miami, USA",ATP,Joao Fonseca,Ugo Humbert,2,0,True,2,False,2.2,,1.67,,,,,,,,,,
2025-03-23,tennis,"Miami, USA",ATP,Zizou Bergs,Andrey Rublev,2,0,True,2,False,3.5,,1.3,,,,,,,,,,
2025-03-23,tennis,"Miami, USA",ATP,Matteo Berrettini,Hugo Gaston,2,1,True,3,True,1.13,,6.0,,,,,,,,,,
2025-03-23,tennis,"Miami, USA",ATP,Alejandro Davidovich Fokina,Frances Tiafoe,0,2,False,2,False,1.73,,2.1,,,,,,,,,,
2025-03-23,tennis,"Miami, USA",ATP,Alex de Minaur,Yunchaokete Bu,2,0,True,2,False,1.17,,5.0,,,,,,,,,,
2025-03-23,tennis,"Miami, USA",WTA,Leylah Fernandez,Ashlyn Krueger,0,2,False,2,False,2.1,,1.73,,,,,,,,,,
2025-03-23,tennis,"Miami, USA",WTA,Hailey Baptiste,Naomi Osaka,1,2,False,3,True,3.5,,1.3,,,,,,,,,,
2025-03-23,tennis,"Miami, USA",WTA,Coco Gauff,Maria Sakkari,2,0,True,2,False,1.22,,4.33,,,,,,,,,,
2025-03-23,tennis,"Miami, USA",WTA,Magda Linette,Linda Fruhvirtova,2,0,True,2,False,1.53,,2.5,,,,,,,,,,
2025-03-23,tennis,"Miami, USA",WTA,Rebeka Masarova,Danielle Collins,1,2,False,3,True,4.0,,1.25,,,,,,,,,,
2025-03-23,tennis,"Miami, USA",WTA,Qinwen Zheng,Taylor Townsend,2,0,True,2,False,1.2,,4.5,,,,,,,,,,
2025-03-24,tennis,"Miami, USA",ATP,Grigor Dimitrov,Karen Khachanov,2,1,True,3,True,1.73,,2.1,,,,,,,,,,
2025-03-24,tennis,"Miami, USA",ATP,Lorenzo Musetti,Felix Auger-Aliassime,2,1,True,3,True,2.5,,1.53,,,,,,,,,,
2025-03-24,tennis,"Miami, USA",ATP,Sebastian Korda,Stefanos Tsitsipas,2,0,True,2,False,2.3,,1.62,,,,,,,,,,
2025-03-24,tennis,"Miami, USA",ATP,Brandon Nakashima,David Goffin,2,1,True,3,True,1.44,,2.75,,,,,,,,,,
2025-03-24,tennis,"Miami, USA",ATP,Camilo Ugo Carabelli,Novak Djokovic,0,2,False,2,False,11.0,,1.05,,,,,,,,,,
2025-03-24,tennis,"Miami, USA",ATP,Jaume Munar,Gael Monfils,1,2,False,3,True,2.63,,1.5,,,,,,,,,,
2025-03-24,tennis,"Miami, USA",ATP,Casper Ruud,Alejandro Tabilo,2,0,True,2,False,1.33,,3.4,,,,,,,,,,
2025-03-24,tennis,"Miami, USA",ATP,Francisco Cerundolo,Tommy Paul,2,0,True,2,False,2.63,,1.5,,,,,,,,,,
2025-03-24,tennis,"Miami, USA",WTA,Clara Tauson,Paula Badosa,0,2,False,2,False,2.1,,1.73,,,,,,,,,,
2025-03-24,tennis,"Miami, USA",WTA,Karolina Muchova,Elina Svitolina,1,2,False,3,True,1.91,,1.91,,,,,,,,,,
2025-03-24,tennis,"Miami, USA",WTA,Elise Mertens,Iga Swiatek,0,2,False,2,False,7.0,,1.1,,,,,,,,,,
2025-03-24,tennis,"Miami, USA",WTA,Anna Blinkova,Marta Kostyuk,0,2,False,2,False,3.2,,1.36,,,,,,,,,,
2025-03-24,tennis,"Miami, USA",WTA,Madison Keys,Alexandra Eala,0,2,False,2,False,1.07,,9.0,,,,,,,,,,
2025-03-24,tennis,"Miami, USA",WTA,Anna Kalinskaya,Jessica Pegula,1,2,False,3,True,3.5,,1.3,,,,,,,,,,
2025-03-24,tennis,"Miami, USA",WTA,Amanda Anisimova,Mirra Andreeva,2,1,True,3,True,3.75,,1.29,,,,,,,,,,
2025-03-24,tennis,"Miami, USA",ATP,Grigor Dimitrov,Karen Khachanov,2,1,True,3,True,1.73,,2.1,,,,,,,,,,
2025-03-24,tennis,"Miami, USA",ATP,Lorenzo Musetti,Felix Auger-Aliassime,2,1,True,3,True,2.5,,1.53,,,,,,,,,,
2025-03-24,tennis,"Miami, USA",ATP,Sebastian Korda,Stefanos Tsitsipas,2,0,True,2,False,2.3,,1.62,,,,,,,,,,
2025-03-24,tennis,"Miami, USA",ATP,Brandon Nakashima,David Goffin,2,1,True,3,True,1.44,,2.75,,,,,,,,,,
2025-03-24,tennis,"Miami, USA",ATP,Camilo Ugo Carabelli,Novak Djokovic,0,2,False,2,False,11.0,,1.05,,,,,,,,,,
2025-03-24,tennis,"Miami, USA",ATP,Jaume Munar,Gael Monfils,1,2,False,3,True,2.63,,1.5,,,,,,,,,,
2025-03-24,tennis,"Miami, USA",ATP,Casper Ruud,Alejandro Tabilo,2,0,True,2,False,1.33,,3.4,,,,,,,,,,
2025-03-24,tennis,"Miami, USA",ATP,Francisco Cerundolo,Tommy Paul,2,0,True,2,False,2.63,,1.5,,,,,,,,,,
2025-03-24,tennis,"Miami, USA",WTA,Clara Tauson,Paula Badosa,0,2,False,2,False,2.1,,1.73,,,,,,,,,,
2025-03-24,tennis,"Miami, USA",WTA,Karolina Muchova,Elina Svitolina,1,2,False,3,True,1.91,,1.91,,,,,,,,,,
2025-03-24,tennis,"Miami, USA",WTA,Elise Mertens,Iga Swiatek,0,2,False,2,False,7.0,,1.1,,,,,,,,,,
2025-03-24,tennis,"Miami, USA",WTA,Anna Blinkova,Marta Kostyuk,0,2,False,2,False,3.2,,1.36,,,,,,,,,,
2025-03-24,tennis,"Miami, USA",WTA,Madison Keys,Alexandra Eala,0,2,False,2,False,1.07,,9.0,,,,,,,,,,
2025-03-24,tennis,"Miami, USA",WTA,Anna Kalinskaya,Jessica Pegula,1,2,False,3,True,3.5,,1.3,,,,,,,,,,
2025-03-24,tennis,"Miami, USA",WTA,Amanda Anisimova,Mirra Andreeva,2,1,True,3,True,3.75,,1.29,,,,,,,,,,
2025-03-25,tennis,"Miami, USA",ATP,Adam Walton,Coleman Wong,2,1,True,3,True,1.53,,2.5,,,,,,,,,,
2025-03-25,tennis,"Miami, USA",ATP,Reilly Opelka,Tomaš Machač,0,2,False,2,False,2.63,,1.5,,,,,,,,,,
2025-03-25,tennis,"Miami, USA",ATP,Alexander Zverev,Jordan Thompson,2,0,True,2,False,1.14,,5.5,,,,,,,,,,
2025-03-25,tennis,"Miami, USA",ATP,Taylor Fritz,Denis Shapovalov,2,0,True,2,False,1.4,,3.0,,,,,,,,,,
2025-03-25,tennis,"Miami, USA",ATP,Roman Safiullin,Jakub Menšik,0,2,False,2,False,2.63,,1.5,,,,,,,,,,
2025-03-25,tennis,"Miami, USA",ATP,Arthur Fils,Frances Tiafoe,2,1,True,3,True,1.8,,2.0,,,,,,,,,,
2025-03-25,tennis,"Miami, USA",ATP,Matteo Berrettini,Zizou Bergs,2,0,True,2,False,1.4,,3.0,,,,,,,,,,
2025-03-25,tennis,"Miami, USA",ATP,Alex de Minaur,Joao Fonseca,2,1,True,3,True,1.73,,2.1,,,,,,,,,,
2025-03-25,tennis,"Miami, USA",WTA,Naomi Osaka,Jasmine Paolini,1,2,False,3,True,1.62,,2.3,,,,,,,,,,
2025-03-25,tennis,"Miami, USA",WTA,Qinwen Zheng,Ashlyn Krueger,2,0,True,2,False,1.53,,2.5,,,,,,,,,,
2025-03-25,tennis,"Miami, USA",WTA,Aryna Sabalenka,Danielle Collins,2,0,True,2,False,1.17,,5.0,,,,,,,,,,
2025-03-25,tennis,"Miami, USA",WTA,Emma Raducanu,Amanda Anisimova,2,0,True,2,False,2.3,,1.62,,,,,,,,,,
2025-03-25,tennis,"Miami, USA",WTA,Coco Gauff,Magda Linette,0,2,False,2,False,1.11,,6.5,,,,,,,,,,
2025-03-25,tennis,"Miami, USA",WTA,Marta Kostyuk,Jessica Pegula,0,2,False,2,False,2.63,,1.5,,,,,,,,,,
2025-03-25,tennis,"Miami, USA",WTA,Elina Svitolina,Iga Swiatek,0,2,False,2,False,3.5,,1.3,,,,,,,,,,
2025-03-25,tennis,"Miami, USA",ATP,Adam Walton,Coleman Wong,2,1,True,3,True,1.53,,2.5,,,,,,,,,,
2025-03-25,tennis,"Miami, USA",ATP,Reilly Opelka,Tomaš Machač,0,2,False,2,False,2.63,,1.5,,,,,,,,,,
2025-03-25,tennis,"Miami, USA",ATP,Alexander Zverev,Jordan Thompson,2,0,True,2,False,1.14,,5.5,,,,,,,,,,
2025-03-25,tennis,"Miami, USA",ATP,Taylor Fritz,Denis Shapovalov,2,0,True,2,False,1.4,,3.0,,,,,,,,,,
2025-03-25,tennis,"Miami, USA",ATP,Roman Safiullin,Jakub Menšik,0,2,False,2,False,2.63,,1.5,,,,,,,,,,
2025-03-25,tennis,"Miami, USA",ATP,Arthur Fils,Frances Tiafoe,2,1,True,3,True,1.8,,2.0,,,,,,,,,,
2025-03-25,tennis,"Miami, USA",ATP,Matteo Berrettini,Zizou Bergs,2,0,True,2,False,1.4,,3.0,,,,,,,,,,
2025-03-25,tennis,"Miami, USA",ATP,Alex de Minaur,Joao Fonseca,2,1,True,3,True,1.73,,2.1,,,,,,,,,,
2025-03-25,tennis,"Miami, USA",WTA,Naomi Osaka,Jasmine Paolini,1,2,False,3,True,1.62,,2.3,,,,,,,,,,
2025-03-25,tennis,"Miami, USA",WTA,Qinwen Zheng,Ashlyn Krueger,2,0,True,2,False,1.53,,2.5,,,,,,,,,,
2025-03-25,tennis,"Miami, USA",WTA,Aryna Sabalenka,Danielle Collins,2,0,True,2,False,1.17,,5.0,,,,,,,,,,
2025-03-25,tennis,"Miami, USA",WTA,Emma Raducanu,Amanda Anisimova,2,0,True,2,False,2.3,,1.62,,,,,,,,,,
2025-03-25,tennis,"Miami, USA",WTA,Coco Gauff,Magda Linette,0,2,False,2,False,1.11,,6.5,,,,,,,,,,
2025-03-25,tennis,"Miami, USA",WTA,Marta Kostyuk,Jessica Pegula,0,2,False,2,False,2.63,,1.5,,,,,,,,,,
2025-03-25,tennis,"Miami, USA",WTA,Elina Svitolina,Iga Swiatek,0,2,False,2,False,3.5,,1.3,,,,,,,,,,
2025-03-26,tennis,"Miami, USA",ATP,Grigor Dimitrov,Brandon Nakashima,2,0,True,2,False,1.53,,2.5,,,,,,,,,,
2025-03-26,tennis,"Miami, USA",ATP,Gael Monfils,Sebastian Korda,1,2,False,3,True,2.1,,1.73,,,,,,,,,,
2025-03-26,tennis,"Miami, USA",ATP,Casper Ruud,Francisco Cerundolo,0,2,False,2,False,2.0,,1.8,,,,,,,,,,
2025-03-26,tennis,"Miami, USA",ATP,Lorenzo Musetti,Novak Djokovic,0,2,False,2,False,3.5,,1.3,,,,,,,,,,
2025-03-26,tennis,"Miami, USA",ATP,Alex de Minaur,Matteo Berrettini,0,2,False,2,False,1.62,,2.3,,,,,,,,,,
2025-03-26,tennis,"Miami, USA",ATP,Taylor Fritz,Adam Walton,2,0,True,2,False,1.08,,8.0,,,,,,,,,,
2025-03-26,tennis,"Miami, USA",WTA,Magda Linette,Jasmine Paolini,0,2,False,2,False,2.38,,1.57,,,,,,,,,,
2025-03-26,tennis,"Miami, USA",WTA,Aryna Sabalenka,Qinwen Zheng,2,0,True,2,False,1.29,,3.75,,,,,,,,,,
2025-03-26,tennis,"Miami, USA",ATP,Grigor Dimitrov,Brandon Nakashima,2,0,True,2,False,1.53,,2.5,,,,,,,,,,
2025-03-26,tennis,"Miami, USA",ATP,Gael Monfils,Sebastian Korda,1,2,False,3,True,2.1,,1.73,,,,,,,,,,
2025-03-26,tennis,"Miami, USA",ATP,Casper Ruud,Francisco Cerundolo,0,2,False,2,False,2.0,,1.8,,,,,,,,,,
2025-03-26,tennis,"Miami, USA",ATP,Lorenzo Musetti,Novak Djokovic,0,2,False,2,False,3.5,,1.3,,,,,,,,,,
2025-03-26,tennis,"Miami, USA",ATP,Alex de Minaur,Matteo Berrettini,0,2,False,2,False,1.62,,2.3,,,,,,,,,,
2025-03-26,tennis,"Miami, USA",ATP,Taylor Fritz,Adam Walton,2,0,True,2,False,1.08,,8.0,,,,,,,,,,
2025-03-26,tennis,"Miami, USA",WTA,Magda Linette,Jasmine Paolini,0,2,False,2,False,2.38,,1.57,,,,,,,,,,
2025-03-26,tennis,"Miami, USA",WTA,Aryna Sabalenka,Qinwen Zheng,2,0,True,2,False,1.29,,3.75,,,,,,,,,,
2025-03-27,tennis,"Miami, USA",ATP,Alexander Zverev,Arthur Fils,1,2,False,3,True,1.3,,3.5,,,,,,,,,,
2025-03-27,tennis,"Miami, USA",ATP,Francisco Cerundolo,Grigor Dimitrov,1,2,False,3,True,2.0,,1.77,,,,,,,,,,
2025-03-27,tennis,"Miami, USA",WTA,Alexandra Eala,Iga Swiatek,2,0,True,2,False,10.0,,1.06,,,,,,,,,,
2025-03-27,tennis,"Miami, USA",WTA,Emma Raducanu,Jessica Pegula,1,2,False,3,True,2.75,,1.41,,,,,,,,,,
2025-03-27,tennis,"Miami, USA",ATP,Alexander Zverev,Arthur Fils,1,2,False,3,True,1.3,,3.5,,,,,,,,,,
2025-03-27,tennis,"Miami, USA",ATP,Francisco Cerundolo,Grigor Dimitrov,1,2,False,3,True,2.0,,1.77,,,,,,,,,,
2025-03-27,tennis,"Miami, USA",WTA,Alexandra Eala,Iga Swiatek,2,0,True,2,False,10.0,,1.06,,,,,,,,,,
2025-03-27,tennis,"Miami, USA",WTA,Emma Raducanu,Jessica Pegula,1,2,False,3,True,2.75,,1.41,,,,,,,,,,
2025-03-28,tennis,"Miami, USA",ATP,Arthur Fils,Jakub Menšik,0,2,False,2,False,1.91,,1.91,,,,,,,,,,
2025-03-28,tennis,"Miami, USA",ATP,Sebastian Korda,Novak Djokovic,0,2,False,2,False,4.0,,1.25,,,,,,,,,,
2025-03-28,tennis,"Miami, USA",ATP,Taylor Fritz,Matteo Berrettini,2,1,True,3,True,1.44,,2.75,,,,,,,,,,
2025-03-28,tennis,"Miami, USA",WTA,Aryna Sabalenka,Jasmine Paolini,2,0,True,2,False,1.17,,5.0,,,,,,,,,,
2025-03-28,tennis,"Miami, USA",WTA,Jessica Pegula,Alexandra Eala,2,1,True,3,True,1.25,,4.0,,,,,,,,,,
2025-03-28,tennis,"Miami, USA",ATP,Arthur Fils,Jakub Menšik,0,2,False,2,False,1.91,,1.91,,,,,,,,,,
2025-03-28,tennis,"Miami, USA",ATP,Sebastian Korda,Novak Djokovic,0,2,False,2,False,4.0,,1.25,,,,,,,,,,
2025-03-28,tennis,"Miami, USA",ATP,Taylor Fritz,Matteo Berrettini,2,1,True,3,True,1.44,,2.75,,,,,,,,,,
2025-03-28,tennis,"Miami, USA",WTA,Aryna Sabalenka,Jasmine Paolini,2,0,True,2,False,1.17,,5.0,,,,,,,,,,
2025-03-28,tennis,"Miami, USA",WTA,Jessica Pegula,Alexandra Eala,2,1,True,3,True,1.25,,4.0,,,,,,,,,,
2025-03-29,tennis,"Miami, USA",ATP,Novak Djokovic,Grigor Dimitrov,2,0,True,2,False,1.25,,4.0,,,,,,,,,,
2025-03-29,tennis,"Miami, USA",ATP,Jakub Menšik,Taylor Fritz,2,1,True,3,True,3.4,,1.33,,,,,,,,,,
2025-03-29,tennis,"Miami, USA",ATP,Novak Djokovic,Grigor Dimitrov,2,0,True,2,False,1.25,,4.0,,,,,,,,,,
2025-03-29,tennis,"Miami, USA",ATP,Jakub Menšik,Taylor Fritz,2,1,True,3,True,3.4,,1.33,,,,,,,,,,
2025-03-30,tennis,"Miami, USA",WTA,Aryna Sabalenka,Jessica Pegula,2,0,True,2,False,1.25,,4.0,,,,,,,,,,
2025-03-30,tennis,"Miami, USA",WTA,Aryna Sabalenka,Jessica Pegula,2,0,True,2,False,1.25,,4.0,,,,,,,,,,
2025-03-31,tennis,"Miami, USA",ATP,Jakub Menšik,Novak Djokovic,2,0,True,2,False,4.33,,1.22,,,,,,,,,,
2025-03-31,tennis,"Miami, USA",ATP,Jakub Menšik,Novak Djokovic,2,0,True,2,False,4.33,,1.22,,,,,,,,,,
2025-04-07,tennis,"Monte Carlo, Monaco",ATP,Matteo Arnaldi,Richard Gasquet,1,2,False,3,True,1.22,,4.33,,,,,,,,,,
2025-04-07,tennis,"Monte Carlo, Monaco",ATP,Jan-Lennard Struff,Valentin Vacherot,0,2,False,2,False,1.44,,2.75,,,,,,,,,,
2025-04-07,tennis,"Monte Carlo, Monaco",ATP,Jordan Thompson,Giovanni Mpetshi Perricard,2,0,True,2,False,2.2,,1.67,,,,,,,,,,
2025-04-07,tennis,"Monte Carlo, Monaco",ATP,Jiri Lehečka,Sebastian Korda,2,0,True,2,False,1.73,,2.1,,,,,,,,,,
2025-04-07,tennis,"Monte Carlo, Monaco",ATP,Marcos Giron,Denis Shapovalov,2,0,True,2,False,2.75,,1.44,,,,,,,,,,
2025-04-07,tennis,"Monte Carlo, Monaco",ATP,Stan Wawrinka,Alejandro Tabilo,1,2,False,3,True,2.2,,1.67,,,,,,,,,,
2025-04-07,tennis,"Monte Carlo, Monaco",ATP,Matteo Arnaldi,Richard Gasquet,1,2,False,3,True,1.22,,4.33,,,,,,,,,,
2025-04-07,tennis,"Monte Carlo, Monaco",ATP,Jan-Lennard Struff,Valentin Vacherot,0,2,False,2,False,1.44,,2.75,,,,,,,,,,
2025-04-07,tennis,"Monte Carlo, Monaco",ATP,Jordan Thompson,Giovanni Mpetshi Perricard,2,0,True,2,False,2.2,,1.67,,,,,,,,,,
2025-04-07,tennis,"Monte Carlo, Monaco",ATP,Jiri Lehečka,Sebastian Korda,2,0,True,2,False,1.73,,2.1,,,,,,,,,,
2025-04-07,tennis,"Monte Carlo, Monaco",ATP,Marcos Giron,Denis Shapovalov,2,0,True,2,False,2.75,,1.44,,,,,,,,,,
2025-04-07,tennis,"Monte Carlo, Monaco",ATP,Stan Wawrinka,Alejandro Tabilo,1,2,False,3,True,2.2,,1.67,,,,,,,,,,
2025-04-08,tennis,"Monte Carlo, Monaco",ATP,Gael Monfils,Fábián Marozsán,2,1,True,3,True,2.2,,1.67,,,,,,,,,,
2025-04-08,tennis,"Monte Carlo, Monaco",ATP,Felix Auger-Aliassime,Daniel Altmaier,0,2,False,2,False,1.4,,3.0,,,,,,,,,,
2025-04-08,tennis,"Monte Carlo, Monaco",ATP,Yunchaokete Bu,Lorenzo Musetti,1,2,False,3,True,4.33,,1.22,,,,,,,,,,
2025-04-08,tennis,"Monte Carlo, Monaco",ATP,Gael Monfils,Fábián Marozsán,2,1,True,3,True,2.2,,1.67,,,,,,,,,,
2025-04-08,tennis,"Monte Carlo, Monaco",ATP,Felix Auger-Aliassime,Daniel Altmaier,0,2,False,2,False,1.4,,3.0,,,,,,,,,,
2025-04-08,tennis,"Monte Carlo, Monaco",ATP,Yunchaokete Bu,Lorenzo Musetti,1,2,False,3,True,4.33,,1.22,,,,,,,,,,
2025-04-08,tennis,"Monte Carlo, Monaco",ATP,Mariano Navone,Matteo Berrettini,0,2,False,2,False,2.63,,1.5,,,,,,,,,,
2025-04-08,tennis,"Monte Carlo, Monaco",ATP,Alexandre Muller,Camilo Ugo Carabelli,2,0,True,2,False,1.91,,1.91,,,,,,,,,,
2025-04-08,tennis,"Monte Carlo, Monaco",ATP,Daniil Medvedev,Karen Khachanov,2,1,True,3,True,1.91,,1.91,,,,,,,,,,
2025-04-08,tennis,"Monte Carlo, Monaco",ATP,Alejandro Davidovich Fokina,Ben Shelton,2,1,True,3,True,1.62,,2.3,,,,,,,,,,
2025-04-08,tennis,"Monte Carlo, Monaco",ATP,Fabio Fognini,Francisco Cerundolo,0,2,False,2,False,6.5,,1.11,,,,,,,,,,
2025-04-08,tennis,"Monte Carlo, Monaco",ATP,Alexei Popyrin,Ugo Humbert,2,1,True,3,True,2.38,,1.57,,,,,,,,,,
2025-04-08,tennis,"Monte Carlo, Monaco",ATP,Lorenzo Sonego,Pedro Martinez,1,2,False,3,True,1.5,,2.63,,,,,,,,,,
2025-04-08,tennis,"Monte Carlo, Monaco",ATP,Nicolas Jarry,Grigor Dimitrov,0,2,False,2,False,3.75,,1.29,,,,,,,,,,
2025-04-08,tennis,"Madrid, Spain",Challenger,Borna Ćorić,Alexander Blockx,2,0,True,2,False,1.2,,4.33,,,,,,,,,,
2025-04-08,tennis,"Madrid, Spain",Challenger,Marco Trungelliti,Daniel Merida,2,0,True,2,False,2.0,,1.73,,,,,,,,,,
2025-04-08,tennis,"Madrid, Spain",Challenger,Tristan Boyer,Alexander Shevchenko,0,2,False,2,False,1.73,,2.0,,,,,,,,,,
2025-04-08,tennis,"Madrid, Spain",Challenger,August Holmgren,Otto Virtanen,2,1,True,3,True,3.25,,1.33,,,,,,,,,,
2025-04-08,tennis,"Madrid, Spain",Challenger,Daniel Rincon,Zsombor Piros,1,2,False,3,True,2.2,,1.62,,,,,,,,,,
2025-04-08,tennis,"Madrid, Spain",Challenger,Edas Butvilas,Alejandro Moro Canas,0,2,False,2,False,2.25,,1.57,,,,,,,,,,
2025-04-08,tennis,"Madrid, Spain",Challenger,Miguel Damas,Norbert Gombos,0,2,False,2,False,2.2,,1.62,,,,,,,,,,
2025-04-08,tennis,"Monte Carlo, Monaco",ATP,Gael Monfils,Fábián Marozsán,2,1,True,3,True,2.2,,1.67,,,,,,,,,,
2025-04-08,tennis,"Monte Carlo, Monaco",ATP,Felix Auger-Aliassime,Daniel Altmaier,0,2,False,2,False,1.4,,3.0,,,,,,,,,,
2025-04-08,tennis,"Monte Carlo, Monaco",ATP,Yunchaokete Bu,Lorenzo Musetti,1,2,False,3,True,4.33,,1.22,,,,,,,,,,
2025-04-08,tennis,"Monte Carlo, Monaco",ATP,Mariano Navone,Matteo Berrettini,0,2,False,2,False,2.63,,1.5,,,,,,,,,,
2025-04-08,tennis,"Monte Carlo, Monaco",ATP,Alexandre Muller,Camilo Ugo Carabelli,2,0,True,2,False,1.91,,1.91,,,,,,,,,,
2025-04-08,tennis,"Monte Carlo, Monaco",ATP,Daniil Medvedev,Karen Khachanov,2,1,True,3,True,1.91,,1.91,,,,,,,,,,
2025-04-08,tennis,"Monte Carlo, Monaco",ATP,Alejandro Davidovich Fokina,Ben Shelton,2,1,True,3,True,1.62,,2.3,,,,,,,,,,
2025-04-08,tennis,"Monte Carlo, Monaco",ATP,Fabio Fognini,Francisco Cerundolo,0,2,False,2,False,6.5,,1.11,,,,,,,,,,
2025-04-08,tennis,"Monte Carlo, Monaco",ATP,Alexei Popyrin,Ugo Humbert,2,1,True,3,True,2.38,,1.57,,,,,,,,,,
2025-04-08,tennis,"Monte Carlo, Monaco",ATP,Lorenzo Sonego,Pedro Martinez,1,2,False,3,True,1.5,,2.63,,,,,,,,,,
2025-04-08,tennis,"Monte Carlo, Monaco",ATP,Nicolas Jarry,Grigor Dimitrov,0,2,False,2,False,3.75,,1.29,,,,,,,,,,
2025-04-08,tennis,"Madrid, Spain",Challenger,Borna Ćorić,Alexander Blockx,2,0,True,2,False,1.2,,4.33,,,,,,,,,,
2025-04-08,tennis,"Madrid, Spain",Challenger,Marco Trungelliti,Daniel Merida,2,0,True,2,False,2.0,,1.73,,,,,,,,,,
2025-04-08,tennis,"Madrid, Spain",Challenger,Tristan Boyer,Alexander Shevchenko,0,2,False,2,False,1.73,,2.0,,,,,,,,,,
2025-04-08,tennis,"Madrid, Spain",Challenger,August Holmgren,Otto Virtanen,2,1,True,3,True,3.25,,1.33,,,,,,,,,,
2025-04-08,tennis,"Madrid, Spain",Challenger,Daniel Rincon,Zsombor Piros,1,2,False,3,True,2.2,,1.62,,,,,,,,,,
2025-04-08,tennis,"Madrid, Spain",Challenger,Edas Butvilas,Alejandro Moro Canas,0,2,False,2,False,2.25,,1.57,,,,,,,,,,
2025-04-08,tennis,"Madrid, Spain",Challenger,Miguel Damas,Norbert Gombos,0,2,False,2,False,2.2,,1.62,,,,,,,,,,
2025-04-09,tennis,"Monte Carlo, Monaco",ATP,Roberto Bautista Agut,Brandon Nakashima,2,0,True,2,False,2.2,,1.67,,,,,,,,,,
2025-04-09,tennis,"Monte Carlo, Monaco",ATP,Dušan Lajović,Flavio Cobolli,0,2,False,2,False,2.0,,1.8,,,,,,,,,,
2025-04-09,tennis,"Madrid, Spain",Challenger,Carlos Taberner,Oriol Roca Batalla,2,0,True,2,False,1.57,,2.25,,,,,,,,,,
2025-04-09,tennis,"Madrid, Spain",Challenger,Pavel Kotov,Benjamin Hassan,2,0,True,2,False,1.73,,2.0,,,,,,,,,,
2025-04-09,tennis,"Madrid, Spain",Challenger,Kamil Majchrzak,Hugo Dellien,2,0,True,2,False,1.44,,2.63,,,,,,,,,,
2025-04-09,tennis,"Monte Carlo, Monaco",ATP,Roberto Bautista Agut,Brandon Nakashima,2,0,True,2,False,2.2,,1.67,,,,,,,,,,
2025-04-09,tennis,"Monte Carlo, Monaco",ATP,Dušan Lajović,Flavio Cobolli,0,2,False,2,False,2.0,,1.8,,,,,,,,,,
2025-04-09,tennis,"Monte Carlo, Monaco",ATP,Tomas Martin Etcheverry,Corentin Moutet,2,1,True,3,True,1.62,,2.3,,,,,,,,,,
2025-04-09,tennis,"Monte Carlo, Monaco",ATP,Alexander Zverev,Matteo Berrettini,1,2,False,3,True,1.57,,2.38,,,,,,,,,,
2025-04-09,tennis,"Monte Carlo, Monaco",ATP,Tomaš Machač,Sebastián Báez,2,1,True,3,True,1.67,,2.2,,,,,,,,,,
2025-04-09,tennis,"Monte Carlo, Monaco",ATP,Tallon Griekspoor,Arthur Fils,1,2,False,3,True,2.63,,1.5,,,,,,,,,,
2025-04-09,tennis,"Monte Carlo, Monaco",ATP,Frances Tiafoe,Miomir Kecmanović,2,1,True,3,True,2.75,,1.44,,,,,,,,,,
2025-04-09,tennis,"Monte Carlo, Monaco",ATP,Jordan Thompson,Stefanos Tsitsipas,1,2,False,3,True,6.0,,1.13,,,,,,,,,,
2025-04-09,tennis,"Monte Carlo, Monaco",ATP,Jack Draper,Marcos Giron,2,0,True,2,False,1.29,,3.75,,,,,,,,,,
2025-04-09,tennis,"Monte Carlo, Monaco",ATP,Daniel Altmaier,Richard Gasquet,2,1,True,3,True,1.4,,3.0,,,,,,,,,,
2025-04-09,tennis,"Monte Carlo, Monaco",ATP,Jiri Lehečka,Lorenzo Musetti,1,2,False,3,True,2.2,,1.67,,,,,,,,,,
2025-04-09,tennis,"Monte Carlo, Monaco",ATP,Nuno Borges,Pedro Martinez,2,1,True,3,True,1.5,,2.63,,,,,,,,,,
2025-04-09,tennis,"Monte Carlo, Monaco",ATP,Tomas Martin Etcheverry,Alejandro Davidovich Fokina,0,2,False,2,False,2.38,,1.57,,,,,,,,,,
2025-04-09,tennis,"Madrid, Spain",Challenger,Carlos Taberner,Oriol Roca Batalla,2,0,True,2,False,1.57,,2.25,,,,,,,,,,
2025-04-09,tennis,"Madrid, Spain",Challenger,Pavel Kotov,Benjamin Hassan,2,0,True,2,False,1.73,,2.0,,,,,,,,,,
2025-04-09,tennis,"Madrid, Spain",Challenger,Kamil Majchrzak,Hugo Dellien,2,0,True,2,False,1.44,,2.63,,,,,,,,,,
2025-04-09,tennis,"Madrid, Spain",Challenger,Billy Harris,Sebastian Ofner,1,2,False,3,True,2.63,,1.44,,,,,,,,,,
2025-04-09,tennis,"Madrid, Spain",Challenger,Pablo Carreño Busta,Jakub Paul,2,0,True,2,False,1.2,,4.33,,,,,,,,,,
2025-04-09,tennis,"Madrid, Spain",Challenger,Nick Hardt,Valentin Royer,0,2,False,2,False,3.25,,1.33,,,,,,,,,,
2025-04-09,tennis,"Madrid, Spain",Challenger,Ignacio Buse,Marin Čilić,0,2,False,2,False,2.5,,1.5,,,,,,,,,,
2025-04-09,tennis,"Madrid, Spain",Challenger,Lorenzo Giustino,Vilius Gaubas,1,2,False,3,True,2.75,,1.4,,,,,,,,,,
2025-04-09,tennis,"Madrid, Spain",Challenger,Calvin Hemery,Bernabe Zapata Miralles,2,1,True,3,True,1.73,,2.0,,,,,,,,,,
2025-04-09,tennis,"Madrid, Spain",Challenger,Pavel Kotov,Alejandro Moro Canas,2,1,True,3,True,1.57,,2.25,,,,,,,,,,
2025-04-09,tennis,"Monte Carlo, Monaco",ATP,Roberto Bautista Agut,Brandon Nakashima,2,0,True,2,False,2.2,,1.67,,,,,,,,,,
2025-04-09,tennis,"Monte Carlo, Monaco",ATP,Dušan Lajović,Flavio Cobolli,0,2,False,2,False,2.0,,1.8,,,,,,,,,,
2025-04-09,tennis,"Monte Carlo, Monaco",ATP,Tomas Martin Etcheverry,Corentin Moutet,2,1,True,3,True,1.62,,2.3,,,,,,,,,,
2025-04-09,tennis,"Monte Carlo, Monaco",ATP,Alexander Zverev,Matteo Berrettini,1,2,False,3,True,1.57,,2.38,,,,,,,,,,
2025-04-09,tennis,"Monte Carlo, Monaco",ATP,Tomaš Machač,Sebastián Báez,2,1,True,3,True,1.67,,2.2,,,,,,,,,,
2025-04-09,tennis,"Monte Carlo, Monaco",ATP,Tallon Griekspoor,Arthur Fils,1,2,False,3,True,2.63,,1.5,,,,,,,,,,
2025-04-09,tennis,"Monte Carlo, Monaco",ATP,Frances Tiafoe,Miomir Kecmanović,2,1,True,3,True,2.75,,1.44,,,,,,,,,,
2025-04-09,tennis,"Monte Carlo, Monaco",ATP,Jordan Thompson,Stefanos Tsitsipas,1,2,False,3,True,6.0,,1.13,,,,,,,,,,
2025-04-09,tennis,"Monte Carlo, Monaco",ATP,Jack Draper,Marcos Giron,2,0,True,2,False,1.29,,3.75,,,,,,,,,,
2025-04-09,tennis,"Monte Carlo, Monaco",ATP,Daniel Altmaier,Richard Gasquet,2,1,True,3,True,1.4,,3.0,,,,,,,,,,
2025-04-09,tennis,"Monte Carlo, Monaco",ATP,Jiri Lehečka,Lorenzo Musetti,1,2,False,3,True,2.2,,1.67,,,,,,,,,,
2025-04-09,tennis,"Monte Carlo, Monaco",ATP,Nuno Borges,Pedro Martinez,2,1,True,3,True,1.5,,2.63,,,,,,,,,,
2025-04-09,tennis,"Monte Carlo, Monaco",ATP,Tomas Martin Etcheverry,Alejandro Davidovich Fokina,0,2,False,2,False,2.38,,1.57,,,,,,,,,,
2025-04-09,tennis,"Madrid, Spain",Challenger,Carlos Taberner,Oriol Roca Batalla,2,0,True,2,False,1.57,,2.25,,,,,,,,,,
2025-04-09,tennis,"Madrid, Spain",Challenger,Pavel Kotov,Benjamin Hassan,2,0,True,2,False,1.73,,2.0,,,,,,,,,,
2025-04-09,tennis,"Madrid, Spain",Challenger,Kamil Majchrzak,Hugo Dellien,2,0,True,2,False,1.44,,2.63,,,,,,,,,,
2025-04-09,tennis,"Madrid, Spain",Challenger,Billy Harris,Sebastian Ofner,1,2,False,3,True,2.63,,1.44,,,,,,,,,,
2025-04-09,tennis,"Madrid, Spain",Challenger,Pablo Carreño Busta,Jakub Paul,2,0,True,2,False,1.2,,4.33,,,,,,,,,,
2025-04-09,tennis,"Madrid, Spain",Challenger,Nick Hardt,Valentin Royer,0,2,False,2,False,3.25,,1.33,,,,,,,,,,
2025-04-09,tennis,"Madrid, Spain",Challenger,Ignacio Buse,Marin Čilić,0,2,False,2,False,2.5,,1.5,,,,,,,,,,
2025-04-09,tennis,"Madrid, Spain",Challenger,Lorenzo Giustino,Vilius Gaubas,1,2,False,3,True,2.75,,1.4,,,,,,,,,,
2025-04-09,tennis,"Madrid, Spain",Challenger,Calvin Hemery,Bernabe Zapata Miralles,2,1,True,3,True,1.73,,2.0,,,,,,,,,,
2025-04-09,tennis,"Madrid, Spain",Challenger,Pavel Kotov,Alejandro Moro Canas,2,1,True,3,True,1.57,,2.25,,,,,,,,,,
2025-04-10,tennis,"Monte Carlo, Monaco",ATP,Flavio Cobolli,Arthur Fils,0,2,False,2,False,2.75,,1.44,,,,,,,,,,
2025-04-10,tennis,"Monte Carlo, Monaco",ATP,Andrey Rublev,Gael Monfils,2,0,True,2,False,1.5,,2.63,,,,,,,,,,
2025-04-10,tennis,"Monte Carlo, Monaco",ATP,Francisco Cerundolo,Carlos Alcaraz,1,2,False,3,True,3.5,,1.3,,,,,,,,,,
2025-04-10,tennis,"Madrid, Spain",Challenger,August Holmgren,Valentin Royer,0,2,False,2,False,5.0,,1.17,,,,,,,,,,
2025-04-10,tennis,"Monte Carlo, Monaco",ATP,Flavio Cobolli,Arthur Fils,0,2,False,2,False,2.75,,1.44,,,,,,,,,,
2025-04-10,tennis,"Monte Carlo, Monaco",ATP,Andrey Rublev,Gael Monfils,2,0,True,2,False,1.5,,2.63,,,,,,,,,,
2025-04-10,tennis,"Monte Carlo, Monaco",ATP,Francisco Cerundolo,Carlos Alcaraz,1,2,False,3,True,3.5,,1.3,,,,,,,,,,
2025-04-10,tennis,"Monte Carlo, Monaco",ATP,Tomaš Machač,Alex de Minaur,1,2,False,3,True,2.1,,1.73,,,,,,,,,,
2025-04-10,tennis,"Monte Carlo, Monaco",ATP,Roberto Bautista Agut,Casper Ruud,0,2,False,2,False,4.33,,1.22,,,,,,,,,,
2025-04-10,tennis,"Monte Carlo, Monaco",ATP,Novak Djokovic,Alejandro Tabilo,0,2,False,2,False,1.17,,5.0,,,,,,,,,,
2025-04-10,tennis,"Monte Carlo, Monaco",ATP,Frances Tiafoe,Alexei Popyrin,1,2,False,3,True,2.2,,1.67,,,,,,,,,,
2025-04-10,tennis,"Monte Carlo, Monaco",ATP,Valentin Vacherot,Grigor Dimitrov,1,2,False,3,True,4.5,,1.2,,,,,,,,,,
2025-04-10,tennis,"Monte Carlo, Monaco",ATP,Daniil Medvedev,Alexandre Muller,2,1,True,3,True,1.44,,2.75,,,,,,,,,,
2025-04-10,tennis,"Monte Carlo, Monaco",ATP,Andrey Rublev,Arthur Fils,0,2,False,2,False,2.1,,1.73,,,,,,,,,,
2025-04-10,tennis,"Monte Carlo, Monaco",ATP,Jack Draper,Alejandro Davidovich Fokina,1,2,False,3,True,1.44,,2.75,,,,,,,,,,
2025-04-10,tennis,"Madrid, Spain",Challenger,August Holmgren,Valentin Royer,0,2,False,2,False,5.0,,1.17,,,,,,,,,,
2025-04-10,tennis,"Madrid, Spain",Challenger,Norbert Gombos,Alexander Shevchenko,2,0,True,2,False,3.0,,1.36,,,,,,,,,,
2025-04-10,tennis,"Madrid, Spain",Challenger,Borna Ćorić,Zsombor Piros,1,2,False,3,True,1.25,,3.75,,,,,,,,,,
2025-04-10,tennis,"Monte Carlo, Monaco",ATP,Flavio Cobolli,Arthur Fils,0,2,False,2,False,2.75,,1.44,,,,,,,,,,
2025-04-10,tennis,"Monte Carlo, Monaco",ATP,Andrey Rublev,Gael Monfils,2,0,True,2,False,1.5,,2.63,,,,,,,,,,
2025-04-10,tennis,"Monte Carlo, Monaco",ATP,Francisco Cerundolo,Carlos Alcaraz,1,2,False,3,True,3.5,,1.3,,,,,,,,,,
2025-04-10,tennis,"Monte Carlo, Monaco",ATP,Tomaš Machač,Alex de Minaur,1,2,False,3,True,2.1,,1.73,,,,,,,,,,
2025-04-10,tennis,"Monte Carlo, Monaco",ATP,Roberto Bautista Agut,Casper Ruud,0,2,False,2,False,4.33,,1.22,,,,,,,,,,
2025-04-10,tennis,"Monte Carlo, Monaco",ATP,Novak Djokovic,Alejandro Tabilo,0,2,False,2,False,1.17,,5.0,,,,,,,,,,
2025-04-10,tennis,"Monte Carlo, Monaco",ATP,Frances Tiafoe,Alexei Popyrin,1,2,False,3,True,2.2,,1.67,,,,,,,,,,
2025-04-10,tennis,"Monte Carlo, Monaco",ATP,Valentin Vacherot,Grigor Dimitrov,1,2,False,3,True,4.5,,1.2,,,,,,,,,,
2025-04-10,tennis,"Monte Carlo, Monaco",ATP,Daniil Medvedev,Alexandre Muller,2,1,True,3,True,1.44,,2.75,,,,,,,,,,
2025-04-10,tennis,"Monte Carlo, Monaco",ATP,Andrey Rublev,Arthur Fils,0,2,False,2,False,2.1,,1.73,,,,,,,,,,
2025-04-10,tennis,"Monte Carlo, Monaco",ATP,Jack Draper,Alejandro Davidovich Fokina,1,2,False,3,True,1.44,,2.75,,,,,,,,,,
2025-04-10,tennis,"Madrid, Spain",Challenger,August Holmgren,Valentin Royer,0,2,False,2,False,5.0,,1.17,,,,,,,,,,
2025-04-10,tennis,"Madrid, Spain",Challenger,Norbert Gombos,Alexander Shevchenko,2,0,True,2,False,3.0,,1.36,,,,,,,,,,
2025-04-10,tennis,"Madrid, Spain",Challenger,Borna Ćorić,Zsombor Piros,1,2,False,3,True,1.25,,3.75,,,,,,,,,,
2025-04-11,tennis,"Monte Carlo, Monaco",ATP,Alexei Popyrin,Casper Ruud,2,1,True,3,True,4.0,,1.25,,,,,,,,,,
2025-04-11,tennis,"Madrid, Spain",Challenger,Sebastian Ofner,Vilius Gaubas,1,2,False,3,True,1.57,,2.25,,,,,,,,,,
2025-04-11,tennis,"Madrid, Spain",Challenger,Marco Trungelliti,Marin Čilić,1,2,False,3,True,3.4,,1.3,,,,,,,,,,
2025-04-11,tennis,"Monte Carlo, Monaco",ATP,Alexei Popyrin,Casper Ruud,2,1,True,3,True,4.0,,1.25,,,,,,,,,,
2025-04-11,tennis,"Monte Carlo, Monaco",ATP,Daniel Altmaier,Carlos Alcaraz,0,2,False,2,False,13.0,,1.04,,,,,,,,,,
2025-04-11,tennis,"Monte Carlo, Monaco",ATP,Matteo Berrettini,Lorenzo Musetti,0,2,False,2,False,1.73,,2.1,,,,,,,,,,
2025-04-11,tennis,"Monte Carlo, Monaco",ATP,Daniil Medvedev,Alex de Minaur,0,2,False,2,False,2.2,,1.67,,,,,,,,,,
2025-04-11,tennis,"Monte Carlo, Monaco",ATP,Alejandro Tabilo,Grigor Dimitrov,1,2,False,3,True,2.3,,1.62,,,,,,,,,,
2025-04-11,tennis,"Monte Carlo, Monaco",ATP,Nuno Borges,Stefanos Tsitsipas,0,2,False,2,False,4.33,,1.22,,,,,,,,,,
2025-04-11,tennis,"Monte Carlo, Monaco",ATP,Alejandro Davidovich Fokina,Alexei Popyrin,2,0,True,2,False,1.53,,2.5,,,,,,,,,,
2025-04-11,tennis,"Madrid, Spain",Challenger,Sebastian Ofner,Vilius Gaubas,1,2,False,3,True,1.57,,2.25,,,,,,,,,,
2025-04-11,tennis,"Madrid, Spain",Challenger,Marco Trungelliti,Marin Čilić,1,2,False,3,True,3.4,,1.3,,,,,,,,,,
2025-04-11,tennis,"Madrid, Spain",Challenger,Pablo Carreño Busta,Calvin Hemery,2,1,True,3,True,1.22,,4.0,,,,,,,,,,
2025-04-11,tennis,"Madrid, Spain",Challenger,Carlos Taberner,Kamil Majchrzak,0,2,False,2,False,3.4,,1.3,,,,,,,,,,
2025-04-11,tennis,"Madrid, Spain",Challenger,Vilius Gaubas,Marin Čilić,1,2,False,3,True,3.0,,1.36,,,,,,,,,,
2025-04-11,tennis,"Monte Carlo, Monaco",ATP,Alexei Popyrin,Casper Ruud,2,1,True,3,True,4.0,,1.25,,,,,,,,,,
2025-04-11,tennis,"Monte Carlo, Monaco",ATP,Daniel Altmaier,Carlos Alcaraz,0,2,False,2,False,13.0,,1.04,,,,,,,,,,
2025-04-11,tennis,"Monte Carlo, Monaco",ATP,Matteo Berrettini,Lorenzo Musetti,0,2,False,2,False,1.73,,2.1,,,,,,,,,,
2025-04-11,tennis,"Monte Carlo, Monaco",ATP,Daniil Medvedev,Alex de Minaur,0,2,False,2,False,2.2,,1.67,,,,,,,,,,
2025-04-11,tennis,"Monte Carlo, Monaco",ATP,Alejandro Tabilo,Grigor Dimitrov,1,2,False,3,True,2.3,,1.62,,,,,,,,,,
2025-04-11,tennis,"Monte Carlo, Monaco",ATP,Nuno Borges,Stefanos Tsitsipas,0,2,False,2,False,4.33,,1.22,,,,,,,,,,
2025-04-11,tennis,"Monte Carlo, Monaco",ATP,Alejandro Davidovich Fokina,Alexei Popyrin,2,0,True,2,False,1.53,,2.5,,,,,,,,,,
2025-04-11,tennis,"Madrid, Spain",Challenger,Sebastian Ofner,Vilius Gaubas,1,2,False,3,True,1.57,,2.25,,,,,,,,,,
2025-04-11,tennis,"Madrid, Spain",Challenger,Marco Trungelliti,Marin Čilić,1,2,False,3,True,3.4,,1.3,,,,,,,,,,
2025-04-11,tennis,"Madrid, Spain",Challenger,Pablo Carreño Busta,Calvin Hemery,2,1,True,3,True,1.22,,4.0,,,,,,,,,,
2025-04-11,tennis,"Madrid, Spain",Challenger,Carlos Taberner,Kamil Majchrzak,0,2,False,2,False,3.4,,1.3,,,,,,,,,,
2025-04-11,tennis,"Madrid, Spain",Challenger,Vilius Gaubas,Marin Čilić,1,2,False,3,True,3.0,,1.36,,,,,,,,,,
2025-04-12,tennis,"Monte Carlo, Monaco",ATP,Arthur Fils,Carlos Alcaraz,1,2,False,3,True,3.2,,1.36,,,,,,,,,,
2025-04-12,tennis,"Monte Carlo, Monaco",ATP,Arthur Fils,Carlos Alcaraz,1,2,False,3,True,3.2,,1.36,,,,,,,,,,
2025-04-12,tennis,"Monte Carlo, Monaco",ATP,Grigor Dimitrov,Alex de Minaur,0,2,False,2,False,2.38,,1.57,,,,,,,,,,
2025-04-12,tennis,"Monte Carlo, Monaco",ATP,Lorenzo Musetti,Stefanos Tsitsipas,2,1,True,3,True,2.2,,1.67,,,,,,,,,,
2025-04-12,tennis,"Madrid, Spain",Challenger,Pablo Carreño Busta,Kamil Majchrzak,1,2,False,3,True,2.38,,1.53,,,,,,,,,,
2025-04-12,tennis,"Madrid, Spain",Challenger,Pavel Kotov,Norbert Gombos,1,2,False,3,True,1.5,,2.5,,,,,,,,,,
2025-04-12,tennis,"Monte Carlo, Monaco",ATP,Arthur Fils,Carlos Alcaraz,1,2,False,3,True,3.2,,1.36,,,,,,,,,,
2025-04-12,tennis,"Monte Carlo, Monaco",ATP,Grigor Dimitrov,Alex de Minaur,0,2,False,2,False,2.38,,1.57,,,,,,,,,,
2025-04-12,tennis,"Monte Carlo, Monaco",ATP,Lorenzo Musetti,Stefanos Tsitsipas,2,1,True,3,True,2.2,,1.67,,,,,,,,,,
2025-04-12,tennis,"Madrid, Spain",Challenger,Pablo Carreño Busta,Kamil Majchrzak,1,2,False,3,True,2.38,,1.53,,,,,,,,,,
2025-04-12,tennis,"Madrid, Spain",Challenger,Pavel Kotov,Norbert Gombos,1,2,False,3,True,1.5,,2.5,,,,,,,,,,
2025-04-13,tennis,"Monte Carlo, Monaco",ATP,Alejandro Davidovich Fokina,Carlos Alcaraz,0,2,False,2,False,4.5,,1.2,,,,,,,,,,
2025-04-13,tennis,"Madrid, Spain",Challenger,Valentin Royer,Marin Čilić,1,2,False,3,True,1.91,,1.8,,,,,,,,,,
2025-04-13,tennis,"Monte Carlo, Monaco",ATP,Alejandro Davidovich Fokina,Carlos Alcaraz,0,2,False,2,False,4.5,,1.2,,,,,,,,,,
2025-04-13,tennis,"Monte Carlo, Monaco",ATP,Lorenzo Musetti,Alex de Minaur,2,1,True,3,True,2.2,,1.67,,,,,,,,,,
2025-04-13,tennis,"Madrid, Spain",Challenger,Valentin Royer,Marin Čilić,1,2,False,3,True,1.91,,1.8,,,,,,,,,,
2025-04-13,tennis,"Madrid, Spain",Challenger,Norbert Gombos,Kamil Majchrzak,1,2,False,3,True,3.25,,1.33,,,,,,,,,,
2025-04-13,tennis,"Monte Carlo, Monaco",ATP,Alejandro Davidovich Fokina,Carlos Alcaraz,0,2,False,2,False,4.5,,1.2,,,,,,,,,,
2025-04-13,tennis,"Monte Carlo, Monaco",ATP,Lorenzo Musetti,Alex de Minaur,2,1,True,3,True,2.2,,1.67,,,,,,,,,,
2025-04-13,tennis,"Madrid, Spain",Challenger,Valentin Royer,Marin Čilić,1,2,False,3,True,1.91,,1.8,,,,,,,,,,
2025-04-13,tennis,"Madrid, Spain",Challenger,Norbert Gombos,Kamil Majchrzak,1,2,False,3,True,3.25,,1.33,,,,,,,,,,
2025-04-14,tennis,"Monte Carlo, Monaco",ATP,Lorenzo Musetti,Carlos Alcaraz,1,2,False,3,True,4.5,,1.2,,,,,,,,,,
2025-04-14,tennis,"Madrid, Spain",Challenger,Marin Čilić,Kamil Majchrzak,1,2,False,3,True,1.8,,1.91,,,,,,,,,,
2025-04-14,tennis,"Monte Carlo, Monaco",ATP,Lorenzo Musetti,Carlos Alcaraz,1,2,False,3,True,4.5,,1.2,,,,,,,,,,
2025-04-14,tennis,"Madrid, Spain",Challenger,Marin Čilić,Kamil Majchrzak,1,2,False,3,True,1.8,,1.91,,,,,,,,,,
2025-04-14,tennis,"Monte Carlo, Monaco",ATP,Lorenzo Musetti,Carlos Alcaraz,1,2,False,3,True,4.5,,1.2,,,,,,,,,,
2025-04-14,tennis,"Madrid, Spain",Challenger,Marin Čilić,Kamil Majchrzak,1,2,False,3,True,1.8,,1.91,,,,,,,,,,
2025-04-15,tennis,ITF W100 Madrid Women,ITF Women,Tamara Korpatsch,Nicole Fossa Huergo,2,0,True,2,False,1.22,,4.0,,,,,,,,,,
2025-04-15,tennis,ITF W100 Madrid Women,ITF Women,Tamara Korpatsch,Nicole Fossa Huergo,2,0,True,2,False,1.22,,4.0,,,,,,,,,,
2025-04-16,tennis,ITF W100 Madrid Women,ITF Women,Aliona Bolsova,Tena Lukas,2,1,True,3,True,1.44,,2.62,,,,,,,,,,
2025-04-16,tennis,ITF W100 Madrid Women,ITF Women,Antonia Ružić,Eva Vedder,0,2,False,2,False,1.4,,2.75,,,,,,,,,,
2025-04-16,tennis,ITF W100 Madrid Women,ITF Women,Marta Soriano Santiago,Angela Fita Boluda,0,2,False,2,False,9.0,,1.04,,,,,,,,,,
2025-04-16,tennis,ITF W100 Madrid Women,ITF Women,Aliona Bolsova,Tena Lukas,2,1,True,3,True,1.44,,2.62,,,,,,,,,,
2025-04-16,tennis,ITF W100 Madrid Women,ITF Women,Antonia Ružić,Eva Vedder,0,2,False,2,False,1.4,,2.75,,,,,,,,,,
2025-04-16,tennis,ITF W100 Madrid Women,ITF Women,Marta Soriano Santiago,Angela Fita Boluda,0,2,False,2,False,9.0,,1.04,,,,,,,,,,
2025-04-16,tennis,ITF W100 Madrid Women,ITF Women,Alina Charaeva,Cristina Diaz Adrover,2,0,True,2,False,1.25,,3.75,,,,,,,,,,
2025-04-16,tennis,ITF W100 Madrid Women,ITF Women,Anouck Vrancken Peeters,Oksana Selekhmeteva,1,2,False,3,True,4.33,,1.2,,,,,,,,,,
2025-04-16,tennis,ITF W100 Madrid Women,ITF Women,Ariana Geerlings Martinez,Renata Zarazua,0,2,False,2,False,5.0,,1.14,,,,,,,,,,
2025-04-16,tennis,ITF W100 Madrid Women,ITF Women,Elizabeth Mandlik,Caroline Werner,1,2,False,3,True,1.67,,2.1,,,,,,,,,,
2025-04-16,tennis,ITF W100 Madrid Women,ITF Women,Andrea Lazaro Garcia,Maria Carle,2,0,True,2,False,3.5,,1.29,,,,,,,,,,
2025-04-16,tennis,ITF W100 Madrid Women,ITF Women,Andreea Prisacariu,Maria Timofeeva,0,2,False,2,False,3.75,,1.25,,,,,,,,,,
2025-04-16,tennis,ITF W100 Madrid Women,ITF Women,Carlota Martinez Cirez,Noelia Bouzó Zanotti,2,1,True,3,True,1.2,,4.33,,,,,,,,,,
2025-04-16,tennis,ITF W100 Madrid Women,ITF Women,Guiomar Maristany,Carlota Corte,2,0,True,2,False,1.0,,17.0,,,,,,,,,,
2025-04-16,tennis,ITF W100 Madrid Women,ITF Women,Kaitlin Quevedo,Irene Burillo,1,2,False,3,True,1.4,,2.75,,,,,,,,,,
2025-04-16,tennis,ITF W100 Madrid Women,ITF Women,Leyre Romero Gormaz,Marina Bassols Ribera,0,2,False,2,False,1.44,,2.62,,,,,,,,,,
2025-04-16,tennis,ITF W100 Madrid Women,ITF Women,Aliona Bolsova,Tena Lukas,2,1,True,3,True,1.44,,2.62,,,,,,,,,,
2025-04-16,tennis,ITF W100 Madrid Women,ITF Women,Antonia Ružić,Eva Vedder,0,2,False,2,False,1.4,,2.75,,,,,,,,,,
2025-04-16,tennis,ITF W100 Madrid Women,ITF Women,Marta Soriano Santiago,Angela Fita Boluda,0,2,False,2,False,9.0,,1.04,,,,,,,,,,
2025-04-16,tennis,ITF W100 Madrid Women,ITF Women,Alina Charaeva,Cristina Diaz Adrover,2,0,True,2,False,1.25,,3.75,,,,,,,,,,
2025-04-16,tennis,ITF W100 Madrid Women,ITF Women,Anouck Vrancken Peeters,Oksana Selekhmeteva,1,2,False,3,True,4.33,,1.2,,,,,,,,,,
2025-04-16,tennis,ITF W100 Madrid Women,ITF Women,Ariana Geerlings Martinez,Renata Zarazua,0,2,False,2,False,5.0,,1.14,,,,,,,,,,
2025-04-16,tennis,ITF W100 Madrid Women,ITF Women,Elizabeth Mandlik,Caroline Werner,1,2,False,3,True,1.67,,2.1,,,,,,,,,,
2025-04-16,tennis,ITF W100 Madrid Women,ITF Women,Andrea Lazaro Garcia,Maria Carle,2,0,True,2,False,3.5,,1.29,,,,,,,,,,
2025-04-16,tennis,ITF W100 Madrid Women,ITF Women,Andreea Prisacariu,Maria Timofeeva,0,2,False,2,False,3.75,,1.25,,,,,,,,,,
2025-04-16,tennis,ITF W100 Madrid Women,ITF Women,Carlota Martinez Cirez,Noelia Bouzó Zanotti,2,1,True,3,True,1.2,,4.33,,,,,,,,,,
2025-04-16,tennis,ITF W100 Madrid Women,ITF Women,Guiomar Maristany,Carlota Corte,2,0,True,2,False,1.0,,17.0,,,,,,,,,,
2025-04-16,tennis,ITF W100 Madrid Women,ITF Women,Kaitlin Quevedo,Irene Burillo,1,2,False,3,True,1.4,,2.75,,,,,,,,,,
2025-04-16,tennis,ITF W100 Madrid Women,ITF Women,Leyre Romero Gormaz,Marina Bassols Ribera,0,2,False,2,False,1.44,,2.62,,,,,,,,,,
2025-04-17,tennis,ITF W100 Madrid Women,ITF Women,Veronika Podrez,Chloe Paquet,1,2,False,3,True,2.62,,1.44,,,,,,,,,,
2025-04-17,tennis,ITF W100 Madrid Women,ITF Women,Aliona Bolsova,Chloe Paquet,0,2,False,2,False,1.73,,2.0,,,,,,,,,,
2025-04-17,tennis,ITF W100 Madrid Women,ITF Women,Angela Fita Boluda,Andrea Lazaro Garcia,0,2,False,2,False,2.25,,1.57,,,,,,,,,,
2025-04-17,tennis,ITF W100 Madrid Women,ITF Women,Eva Vedder,Alina Charaeva,0,2,False,2,False,1.83,,1.83,,,,,,,,,,
2025-04-17,tennis,ITF W100 Madrid Women,ITF Women,Irene Burillo,Renata Zarazua,0,2,False,2,False,3.25,,1.33,,,,,,,,,,
2025-04-17,tennis,ITF W100 Madrid Women,ITF Women,Maria Timofeeva,Oksana Selekhmeteva,2,0,True,2,False,2.38,,1.53,,,,,,,,,,
2025-04-17,tennis,ITF W100 Madrid Women,ITF Women,Marina Bassols Ribera,Carlota Martinez Cirez,2,0,True,2,False,1.3,,3.4,,,,,,,,,,
2025-04-17,tennis,ITF W100 Madrid Women,ITF Women,Mayar Sherif,Caroline Werner,2,0,True,2,False,1.3,,3.4,,,,,,,,,,
2025-04-17,tennis,ITF W100 Madrid Women,ITF Women,Tamara Korpatsch,Guiomar Maristany,2,0,True,2,False,2.0,,1.73,,,,,,,,,,
2025-04-17,tennis,ITF W100 Madrid Women,ITF Women,Veronika Podrez,Chloe Paquet,1,2,False,3,True,2.62,,1.44,,,,,,,,,,
2025-04-17,tennis,ITF W100 Madrid Women,ITF Women,Aliona Bolsova,Chloe Paquet,0,2,False,2,False,1.73,,2.0,,,,,,,,,,
2025-04-17,tennis,ITF W100 Madrid Women,ITF Women,Angela Fita Boluda,Andrea Lazaro Garcia,0,2,False,2,False,2.25,,1.57,,,,,,,,,,
2025-04-17,tennis,ITF W100 Madrid Women,ITF Women,Eva Vedder,Alina Charaeva,0,2,False,2,False,1.83,,1.83,,,,,,,,,,
2025-04-17,tennis,ITF W100 Madrid Women,ITF Women,Irene Burillo,Renata Zarazua,0,2,False,2,False,3.25,,1.33,,,,,,,,,,
2025-04-17,tennis,ITF W100 Madrid Women,ITF Women,Maria Timofeeva,Oksana Selekhmeteva,2,0,True,2,False,2.38,,1.53,,,,,,,,,,
2025-04-17,tennis,ITF W100 Madrid Women,ITF Women,Marina Bassols Ribera,Carlota Martinez Cirez,2,0,True,2,False,1.3,,3.4,,,,,,,,,,
2025-04-17,tennis,ITF W100 Madrid Women,ITF Women,Mayar Sherif,Caroline Werner,2,0,True,2,False,1.3,,3.4,,,,,,,,,,
2025-04-17,tennis,ITF W100 Madrid Women,ITF Women,Tamara Korpatsch,Guiomar Maristany,2,0,True,2,False,2.0,,1.73,,,,,,,,,,
2025-04-18,tennis,ITF W100 Madrid Women,ITF Women,Alina Charaeva,Chloe Paquet,0,2,False,2,False,2.2,,1.62,,,,,,,,,,
2025-04-18,tennis,ITF W100 Madrid Women,ITF Women,Marina Bassols Ribera,Andrea Lazaro Garcia,2,0,True,2,False,2.25,,1.57,,,,,,,,,,
2025-04-18,tennis,ITF W100 Madrid Women,ITF Women,Mayar Sherif,Maria Timofeeva,2,0,True,2,False,1.25,,3.75,,,,,,,,,,
2025-04-18,tennis,ITF W100 Madrid Women,ITF Women,Tamara Korpatsch,Renata Zarazua,0,2,False,2,False,2.5,,1.5,,,,,,,,,,
2025-04-18,tennis,ITF W100 Madrid Women,ITF Women,Alina Charaeva,Chloe Paquet,0,2,False,2,False,2.2,,1.62,,,,,,,,,,
2025-04-18,tennis,ITF W100 Madrid Women,ITF Women,Marina Bassols Ribera,Andrea Lazaro Garcia,2,0,True,2,False,2.25,,1.57,,,,,,,,,,
2025-04-18,tennis,ITF W100 Madrid Women,ITF Women,Mayar Sherif,Maria Timofeeva,2,0,True,2,False,1.25,,3.75,,,,,,,,,,
2025-04-18,tennis,ITF W100 Madrid Women,ITF Women,Tamara Korpatsch,Renata Zarazua,0,2,False,2,False,2.5,,1.5,,,,,,,,,,
2025-04-19,tennis,ITF W100 Madrid Women,ITF Women,Marina Bassols Ribera,Renata Zarazua,1,2,False,3,True,3.0,,1.36,,,,,,,,,,
2025-04-19,tennis,ITF W100 Madrid Women,ITF Women,Marina Bassols Ribera,Renata Zarazua,1,2,False,3,True,3.0,,1.36,,,,,,,,,,
2025-04-20,tennis,ITF W100 Madrid Women,ITF Women,Mayar Sherif,Chloe Paquet,2,0,True,2,False,1.4,,2.75,,,,,,,,,,
2025-04-20,tennis,ITF W100 Madrid Women,ITF Women,Mayar Sherif,Chloe Paquet,2,0,True,2,False,1.4,,2.75,,,,,,,,,,
2025-04-20,tennis,ITF W100 Madrid Women,ITF Women,Mayar Sherif,Renata Zarazua,2,0,True,2,False,1.73,,2.0,,,,,,,,,,
2025-04-20,tennis,ITF W100 Madrid Women,ITF Women,Mayar Sherif,Chloe Paquet,2,0,True,2,False,1.4,,2.75,,,,,,,,,,
2025-04-20,tennis,ITF W100 Madrid Women,ITF Women,Mayar Sherif,Renata Zarazua,2,0,True,2,False,1.73,,2.0,,,,,,,,,,
2025-04-22,tennis,"Rome, Italy",Challenger,Francesco Maestrelli,Henri Squire,2,1,True,3,True,2.5,,1.5,,,,,,,,,,
2025-04-22,tennis,"Rome, Italy",Challenger,Mili Poljičak,Lukas Neumayer,0,2,False,2,False,2.38,,1.53,,,,,,,,,,
2025-04-22,tennis,"Madrid, Spain",WTA,Elina Avanesyan,Caroline Dolehide,0,2,False,2,False,1.57,,2.38,,,,,,,,,,
2025-04-22,tennis,"Madrid, Spain",WTA,Viktoriya Tomova,Alexandra Eala,0,2,False,2,False,2.2,,1.67,,,,,,,,,,
2025-04-22,tennis,"Rome, Italy",Challenger,Francesco Maestrelli,Henri Squire,2,1,True,3,True,2.5,,1.5,,,,,,,,,,
2025-04-22,tennis,"Rome, Italy",Challenger,Mili Poljičak,Lukas Neumayer,0,2,False,2,False,2.38,,1.53,,,,,,,,,,
2025-04-22,tennis,"Rome, Italy",Challenger,Kimmer Coppejans,Dominic Stricker,2,0,True,2,False,1.62,,2.2,,,,,,,,,,
2025-04-22,tennis,"Rome, Italy",Challenger,Lorenzo Carboni,Duje Ajduković,2,1,True,3,True,3.4,,1.3,,,,,,,,,,
2025-04-22,tennis,"Rome, Italy",Challenger,Nick Hardt,Lukas Pokorny,0,2,False,2,False,1.57,,2.25,,,,,,,,,,
2025-04-22,tennis,"Rome, Italy",Challenger,Timofey Skatov,Antoine Cornut-Chauvinc,2,0,True,2,False,1.17,,5.0,,,,,,,,,,
2025-04-22,tennis,"Rome, Italy",Challenger,Paul Jubb,Stefano Travaglia,0,2,False,2,False,4.33,,1.2,,,,,,,,,,
2025-04-22,tennis,"Rome, Italy",Challenger,Sandro Kopp,Denis Yevseyev,2,0,True,2,False,1.83,,1.83,,,,,,,,,,
2025-04-22,tennis,"Madrid, Spain",WTA,Elina Avanesyan,Caroline Dolehide,0,2,False,2,False,1.57,,2.38,,,,,,,,,,
2025-04-22,tennis,"Madrid, Spain",WTA,Viktoriya Tomova,Alexandra Eala,0,2,False,2,False,2.2,,1.67,,,,,,,,,,
2025-04-22,tennis,"Rome, Italy",Challenger,Francesco Maestrelli,Henri Squire,2,1,True,3,True,2.5,,1.5,,,,,,,,,,
2025-04-22,tennis,"Rome, Italy",Challenger,Mili Poljičak,Lukas Neumayer,0,2,False,2,False,2.38,,1.53,,,,,,,,,,
2025-04-22,tennis,"Rome, Italy",Challenger,Kimmer Coppejans,Dominic Stricker,2,0,True,2,False,1.62,,2.2,,,,,,,,,,
2025-04-22,tennis,"Rome, Italy",Challenger,Lorenzo Carboni,Duje Ajduković,2,1,True,3,True,3.4,,1.3,,,,,,,,,,
2025-04-22,tennis,"Rome, Italy",Challenger,Nick Hardt,Lukas Pokorny,0,2,False,2,False,1.57,,2.25,,,,,,,,,,
2025-04-22,tennis,"Rome, Italy",Challenger,Timofey Skatov,Antoine Cornut-Chauvinc,2,0,True,2,False,1.17,,5.0,,,,,,,,,,
2025-04-22,tennis,"Rome, Italy",Challenger,Paul Jubb,Stefano Travaglia,0,2,False,2,False,4.33,,1.2,,,,,,,,,,
2025-04-22,tennis,"Rome, Italy",Challenger,Sandro Kopp,Denis Yevseyev,2,0,True,2,False,1.83,,1.83,,,,,,,,,,
2025-04-23,tennis,"Madrid, Spain",WTA,Naomi Osaka,Lucia Bronzetti,1,2,False,3,True,1.4,,3.0,,,,,,,,,,
2025-04-23,tennis,"Madrid, Spain",WTA,Renata Zarazua,Marie Bouzkova,1,2,False,3,True,2.0,,1.8,,,,,,,,,,
2025-04-23,tennis,"Rome, Italy",Challenger,Matteo Gigante,Lorenzo Giustino,2,1,True,3,True,1.53,,2.38,,,,,,,,,,
2025-04-23,tennis,"Rome, Italy",Challenger,Abdullah Shelbayh,Dimitar Kuzmanov,0,2,False,2,False,3.0,,1.36,,,,,,,,,,
2025-04-23,tennis,"Rome, Italy",Challenger,Vilius Gaubas,Khumoyun Sultanov,2,1,True,3,True,1.36,,3.0,,,,,,,,,,
2025-04-23,tennis,"Rome, Italy",Challenger,Remy Bertola,Arthur Bouquier,2,0,True,2,False,1.44,,2.63,,,,,,,,,,
2025-04-23,tennis,"Madrid, Spain",ATP,Federico Cinà,Coleman Wong,2,0,True,2,False,1.62,,2.3,,,,,,,,,,
2025-04-23,tennis,"Madrid, Spain",ATP,Giovanni Mpetshi Perricard,Mariano Navone,0,2,False,2,False,2.3,,1.62,,,,,,,,,,
2025-04-23,tennis,"Madrid, Spain",ATP,Roman Safiullin,Arthur Rinderknech,0,2,False,2,False,1.53,,2.5,,,,,,,,,,
2025-04-23,tennis,"Madrid, Spain",WTA,Naomi Osaka,Lucia Bronzetti,1,2,False,3,True,1.4,,3.0,,,,,,,,,,
2025-04-23,tennis,"Madrid, Spain",WTA,Renata Zarazua,Marie Bouzkova,1,2,False,3,True,2.0,,1.8,,,,,,,,,,
2025-04-23,tennis,"Madrid, Spain",WTA,Jessica Bouzas Maneiro,Mayar Sherif,2,0,True,2,False,2.1,,1.73,,,,,,,,,,
2025-04-23,tennis,"Madrid, Spain",WTA,Sorana Cirstea,Hailey Baptiste,1,2,False,3,True,2.0,,1.8,,,,,,,,,,
2025-04-23,tennis,"Madrid, Spain",WTA,Katie Boulter,Katerina Siniakova,2,1,True,3,True,2.2,,1.67,,,,,,,,,,
2025-04-23,tennis,"Madrid, Spain",WTA,Lulu Sun,Varvara Gracheva,2,1,True,3,True,2.63,,1.5,,,,,,,,,,
2025-04-23,tennis,"Madrid, Spain",WTA,Emiliana Arango,Camila Osorio,0,2,False,2,False,3.75,,1.29,,,,,,,,,,
2025-04-23,tennis,"Madrid, Spain",WTA,Peyton Stearns,Kimberly Birrell,2,1,True,3,True,1.4,,3.0,,,,,,,,,,
2025-04-23,tennis,"Madrid, Spain",WTA,Aliaksandra Sasnovich,Ann Li,0,2,False,2,False,1.91,,1.91,,,,,,,,,,
2025-04-23,tennis,"Madrid, Spain",WTA,Anastasija Sevastova,Anastasia Pavlyuchenkova,2,0,True,2,False,3.4,,1.33,,,,,,,,,,
2025-04-23,tennis,"Madrid, Spain",WTA,Diane Parry,Irina-Camelia Begu,2,0,True,2,False,2.2,,1.67,,,,,,,,,,
2025-04-23,tennis,"Madrid, Spain",WTA,Katie Volynets,Petra Kvitova,2,0,True,2,False,1.4,,3.0,,,,,,,,,,
2025-04-23,tennis,"Madrid, Spain",WTA,Maya Joint,Carlota Martinez Cirez,2,1,True,3,True,1.1,,7.0,,,,,,,,,,
2025-04-23,tennis,"Rome, Italy",Challenger,Matteo Gigante,Lorenzo Giustino,2,1,True,3,True,1.53,,2.38,,,,,,,,,,
2025-04-23,tennis,"Rome, Italy",Challenger,Abdullah Shelbayh,Dimitar Kuzmanov,0,2,False,2,False,3.0,,1.36,,,,,,,,,,
2025-04-23,tennis,"Rome, Italy",Challenger,Vilius Gaubas,Khumoyun Sultanov,2,1,True,3,True,1.36,,3.0,,,,,,,,,,
2025-04-23,tennis,"Rome, Italy",Challenger,Remy Bertola,Arthur Bouquier,2,0,True,2,False,1.44,,2.63,,,,,,,,,,
2025-04-23,tennis,"Rome, Italy",Challenger,Oriol Roca Batalla,Oleg Prihodko,1,2,False,3,True,1.62,,2.2,,,,,,,,,,
2025-04-23,tennis,"Rome, Italy",Challenger,Federico Arnaboldi,Gabriele Pennaforti,2,1,True,3,True,1.36,,3.0,,,,,,,,,,
2025-04-23,tennis,"Rome, Italy",Challenger,Andrea Pellegrino,Jacopo Vasamì,2,1,True,3,True,1.67,,2.1,,,,,,,,,,
2025-04-23,tennis,"Rome, Italy",Challenger,Mika Brunold,Hady Habib,0,2,False,2,False,1.44,,2.63,,,,,,,,,,
2025-04-23,tennis,"Rome, Italy",Challenger,Francesco Maestrelli,Lorenzo Carboni,2,1,True,3,True,1.57,,2.25,,,,,,,,,,
2025-04-23,tennis,"Rome, Italy",Challenger,Lukas Pokorny,Lukas Neumayer,0,2,False,2,False,3.75,,1.25,,,,,,,,,,
2025-04-23,tennis,"Rome, Italy",Challenger,Vilius Gaubas,Oleg Prihodko,2,0,True,2,False,1.28,,3.5,,,,,,,,,,
2025-04-23,tennis,"Rome, Italy",Challenger,Andrea Pellegrino,Remy Bertola,2,1,True,3,True,1.44,,2.63,,,,,,,,,,
2025-04-23,tennis,"Madrid, Spain",ATP,Federico Cinà,Coleman Wong,2,0,True,2,False,1.62,,2.3,,,,,,,,,,
2025-04-23,tennis,"Madrid, Spain",ATP,Giovanni Mpetshi Perricard,Mariano Navone,0,2,False,2,False,2.3,,1.62,,,,,,,,,,
2025-04-23,tennis,"Madrid, Spain",ATP,Roman Safiullin,Arthur Rinderknech,0,2,False,2,False,1.53,,2.5,,,,,,,,,,
2025-04-23,tennis,"Madrid, Spain",WTA,Naomi Osaka,Lucia Bronzetti,1,2,False,3,True,1.4,,3.0,,,,,,,,,,
2025-04-23,tennis,"Madrid, Spain",WTA,Renata Zarazua,Marie Bouzkova,1,2,False,3,True,2.0,,1.8,,,,,,,,,,
2025-04-23,tennis,"Madrid, Spain",WTA,Jessica Bouzas Maneiro,Mayar Sherif,2,0,True,2,False,2.1,,1.73,,,,,,,,,,
2025-04-23,tennis,"Madrid, Spain",WTA,Sorana Cirstea,Hailey Baptiste,1,2,False,3,True,2.0,,1.8,,,,,,,,,,
2025-04-23,tennis,"Madrid, Spain",WTA,Katie Boulter,Katerina Siniakova,2,1,True,3,True,2.2,,1.67,,,,,,,,,,
2025-04-23,tennis,"Madrid, Spain",WTA,Lulu Sun,Varvara Gracheva,2,1,True,3,True,2.63,,1.5,,,,,,,,,,
2025-04-23,tennis,"Madrid, Spain",WTA,Emiliana Arango,Camila Osorio,0,2,False,2,False,3.75,,1.29,,,,,,,,,,
2025-04-23,tennis,"Madrid, Spain",WTA,Peyton Stearns,Kimberly Birrell,2,1,True,3,True,1.4,,3.0,,,,,,,,,,
2025-04-23,tennis,"Madrid, Spain",WTA,Aliaksandra Sasnovich,Ann Li,0,2,False,2,False,1.91,,1.91,,,,,,,,,,
2025-04-23,tennis,"Madrid, Spain",WTA,Anastasija Sevastova,Anastasia Pavlyuchenkova,2,0,True,2,False,3.4,,1.33,,,,,,,,,,
2025-04-23,tennis,"Madrid, Spain",WTA,Diane Parry,Irina-Camelia Begu,2,0,True,2,False,2.2,,1.67,,,,,,,,,,
2025-04-23,tennis,"Madrid, Spain",WTA,Katie Volynets,Petra Kvitova,2,0,True,2,False,1.4,,3.0,,,,,,,,,,
2025-04-23,tennis,"Madrid, Spain",WTA,Maya Joint,Carlota Martinez Cirez,2,1,True,3,True,1.1,,7.0,,,,,,,,,,
2025-04-23,tennis,"Rome, Italy",Challenger,Matteo Gigante,Lorenzo Giustino,2,1,True,3,True,1.53,,2.38,,,,,,,,,,
2025-04-23,tennis,"Rome, Italy",Challenger,Abdullah Shelbayh,Dimitar Kuzmanov,0,2,False,2,False,3.0,,1.36,,,,,,,,,,
2025-04-23,tennis,"Rome, Italy",Challenger,Vilius Gaubas,Khumoyun Sultanov,2,1,True,3,True,1.36,,3.0,,,,,,,,,,
2025-04-23,tennis,"Rome, Italy",Challenger,Remy Bertola,Arthur Bouquier,2,0,True,2,False,1.44,,2.63,,,,,,,,,,
2025-04-23,tennis,"Rome, Italy",Challenger,Oriol Roca Batalla,Oleg Prihodko,1,2,False,3,True,1.62,,2.2,,,,,,,,,,
2025-04-23,tennis,"Rome, Italy",Challenger,Federico Arnaboldi,Gabriele Pennaforti,2,1,True,3,True,1.36,,3.0,,,,,,,,,,
2025-04-23,tennis,"Rome, Italy",Challenger,Andrea Pellegrino,Jacopo Vasamì,2,1,True,3,True,1.67,,2.1,,,,,,,,,,
2025-04-23,tennis,"Rome, Italy",Challenger,Mika Brunold,Hady Habib,0,2,False,2,False,1.44,,2.63,,,,,,,,,,
2025-04-23,tennis,"Rome, Italy",Challenger,Francesco Maestrelli,Lorenzo Carboni,2,1,True,3,True,1.57,,2.25,,,,,,,,,,
2025-04-23,tennis,"Rome, Italy",Challenger,Lukas Pokorny,Lukas Neumayer,0,2,False,2,False,3.75,,1.25,,,,,,,,,,
2025-04-23,tennis,"Rome, Italy",Challenger,Vilius Gaubas,Oleg Prihodko,2,0,True,2,False,1.28,,3.5,,,,,,,,,,
2025-04-23,tennis,"Rome, Italy",Challenger,Andrea Pellegrino,Remy Bertola,2,1,True,3,True,1.44,,2.63,,,,,,,,,,
2025-04-24,tennis,"Madrid, Spain",ATP,Benjamin Bonzi,Marin Čilić,2,0,True,2,False,3.5,,1.3,,,,,,,,,,
2025-04-24,tennis,"Madrid, Spain",ATP,Christopher O'Connell,Camilo Ugo Carabelli,2,0,True,2,False,2.38,,1.57,,,,,,,,,,
2025-04-24,tennis,"Madrid, Spain",ATP,Nuno Borges,Pablo Carreño Busta,2,1,True,3,True,1.62,,2.3,,,,,,,,,,
2025-04-24,tennis,"Madrid, Spain",WTA,Bernarda Pera,Jana Fett,2,0,True,2,False,1.57,,2.38,,,,,,,,,,
2025-04-24,tennis,"Madrid, Spain",WTA,Alycia Parks,Victoria Jimenez Kasintseva,2,0,True,2,False,2.5,,1.53,,,,,,,,,,
2025-04-24,tennis,"Madrid, Spain",WTA,Belinda Bencic,Zeynep Sönmez,2,0,True,2,False,1.36,,3.2,,,,,,,,,,
2025-04-24,tennis,"Madrid, Spain",WTA,Maria Carle,Rebecca Šramková,2,0,True,2,False,2.3,,1.62,,,,,,,,,,
2025-04-24,tennis,"Madrid, Spain",WTA,Xinyu Wang,Maria Sakkari,0,2,False,2,False,2.5,,1.53,,,,,,,,,,
2025-04-24,tennis,"Rome, Italy",Challenger,Federico Arnaboldi,Dimitar Kuzmanov,2,1,True,3,True,2.2,,1.62,,,,,,,,,,
2025-04-24,tennis,"Madrid, Spain",ATP,Benjamin Bonzi,Marin Čilić,2,0,True,2,False,3.5,,1.3,,,,,,,,,,
2025-04-24,tennis,"Madrid, Spain",ATP,Christopher O'Connell,Camilo Ugo Carabelli,2,0,True,2,False,2.38,,1.57,,,,,,,,,,
2025-04-24,tennis,"Madrid, Spain",ATP,Nuno Borges,Pablo Carreño Busta,2,1,True,3,True,1.62,,2.3,,,,,,,,,,
2025-04-24,tennis,"Madrid, Spain",ATP,Dušan Lajović,Ethan Quinn,0,2,False,2,False,1.53,,2.5,,,,,,,,,,
2025-04-24,tennis,"Madrid, Spain",ATP,Roberto Bautista Agut,Jaume Munar,2,1,True,3,True,2.63,,1.5,,,,,,,,,,
2025-04-24,tennis,"Madrid, Spain",ATP,Sebastian Ofner,Hugo Gaston,2,0,True,2,False,2.3,,1.62,,,,,,,,,,
2025-04-24,tennis,"Madrid, Spain",ATP,Francisco Comesaña,Pedro Martinez,2,0,True,2,False,1.91,,1.91,,,,,,,,,,
2025-04-24,tennis,"Madrid, Spain",ATP,Fabio Fognini,Laslo Djere,0,2,False,2,False,4.33,,1.22,,,,,,,,,,
2025-04-24,tennis,"Madrid, Spain",ATP,Juan Manuel Cerundolo,Aleksandar Kovacevic,2,1,True,3,True,1.57,,2.38,,,,,,,,,,
2025-04-24,tennis,"Madrid, Spain",ATP,Alex Michelsen,Alexander Bublik,0,2,False,2,False,1.91,,1.91,,,,,,,,,,
2025-04-24,tennis,"Madrid, Spain",ATP,Gael Monfils,Borna Gojo,2,1,True,3,True,1.57,,2.38,,,,,,,,,,
2025-04-24,tennis,"Madrid, Spain",ATP,Fábián Marozsán,Flavio Cobolli,0,2,False,2,False,1.62,,2.3,,,,,,,,,,
2025-04-24,tennis,"Madrid, Spain",ATP,Aleksandar Vukic,Kei Nishikori,1,2,False,3,True,3.2,,1.36,,,,,,,,,,
2025-04-24,tennis,"Madrid, Spain",ATP,Damir Džumhur,Mattia Bellucci,2,1,True,3,True,1.8,,2.0,,,,,,,,,,
2025-04-24,tennis,"Madrid, Spain",ATP,Tomas Martin Etcheverry,Hamad Medjedović,2,1,True,3,True,2.38,,1.57,,,,,,,,,,
2025-04-24,tennis,"Madrid, Spain",WTA,Bernarda Pera,Jana Fett,2,0,True,2,False,1.57,,2.38,,,,,,,,,,
2025-04-24,tennis,"Madrid, Spain",WTA,Alycia Parks,Victoria Jimenez Kasintseva,2,0,True,2,False,2.5,,1.53,,,,,,,,,,
2025-04-24,tennis,"Madrid, Spain",WTA,Belinda Bencic,Zeynep Sönmez,2,0,True,2,False,1.36,,3.2,,,,,,,,,,
2025-04-24,tennis,"Madrid, Spain",WTA,Maria Carle,Rebecca Šramková,2,0,True,2,False,2.3,,1.62,,,,,,,,,,
2025-04-24,tennis,"Madrid, Spain",WTA,Xinyu Wang,Maria Sakkari,0,2,False,2,False,2.5,,1.53,,,,,,,,,,
2025-04-24,tennis,"Madrid, Spain",WTA,Suzan Lamens,Emma Raducanu,0,2,False,2,False,2.2,,1.67,,,,,,,,,,
2025-04-24,tennis,"Madrid, Spain",WTA,Ajla Tomljanovic,Rebeka Masarova,1,2,False,3,True,2.3,,1.62,,,,,,,,,,
2025-04-24,tennis,"Madrid, Spain",WTA,Anna Blinkova,Panna Udvardy,2,0,True,2,False,1.91,,1.91,,,,,,,,,,
2025-04-24,tennis,"Madrid, Spain",WTA,Yuliia Starodubtseva,Linda Fruhvirtova,2,0,True,2,False,2.3,,1.62,,,,,,,,,,
2025-04-24,tennis,"Madrid, Spain",WTA,Ashlyn Krueger,Anastasia Potapova,1,2,False,3,True,1.91,,1.91,,,,,,,,,,
2025-04-24,tennis,"Madrid, Spain",WTA,Veronika Kudermetova,Polina Kudermetova,2,0,True,2,False,1.4,,3.0,,,,,,,,,,
2025-04-24,tennis,"Madrid, Spain",WTA,Moyuka Uchijima,Robin Montgomery,2,1,True,3,True,1.62,,2.3,,,,,,,,,,
2025-04-24,tennis,"Madrid, Spain",WTA,Francesca Jones,Dayana Yastremska,1,2,False,3,True,2.38,,1.57,,,,,,,,,,
2025-04-24,tennis,"Madrid, Spain",WTA,Eva Lys,Teodora Kostović,2,0,True,2,False,1.5,,2.63,,,,,,,,,,
2025-04-24,tennis,"Madrid, Spain",WTA,Victoria Azarenka,Olga Danilović,0,2,False,2,False,2.75,,1.44,,,,,,,,,,
2025-04-24,tennis,"Madrid, Spain",WTA,McCartney Kessler,Bianca Andreescu,0,2,False,2,False,1.91,,1.91,,,,,,,,,,
2025-04-24,tennis,"Madrid, Spain",WTA,Jaqueline Cristian,Sonay Kartal,0,2,False,2,False,1.5,,2.63,,,,,,,,,,
2025-04-24,tennis,"Madrid, Spain",WTA,Belinda Bencic,Clara Tauson,2,0,True,2,False,1.57,,2.38,,,,,,,,,,
2025-04-24,tennis,"Madrid, Spain",WTA,Donna Vekić,Hailey Baptiste,2,0,True,2,False,1.91,,1.91,,,,,,,,,,
2025-04-24,tennis,"Madrid, Spain",WTA,Jessica Bouzas Maneiro,Magdalena Frech,1,2,False,3,True,1.36,,3.2,,,,,,,,,,
2025-04-24,tennis,"Madrid, Spain",WTA,Liudmila Samsonova,Caroline Dolehide,2,0,True,2,False,1.44,,2.75,,,,,,,,,,
2025-04-24,tennis,"Rome, Italy",Challenger,Federico Arnaboldi,Dimitar Kuzmanov,2,1,True,3,True,2.2,,1.62,,,,,,,,,,
2025-04-24,tennis,"Rome, Italy",Challenger,Sandro Kopp,Hady Habib,2,0,True,2,False,2.1,,1.67,,,,,,,,,,
2025-04-24,tennis,"Rome, Italy",Challenger,Matteo Gigante,Kimmer Coppejans,2,1,True,3,True,2.38,,1.53,,,,,,,,,,
2025-04-24,tennis,"Rome, Italy",Challenger,Timofey Skatov,Lukas Neumayer,0,2,False,2,False,1.67,,2.1,,,,,,,,,,
2025-04-24,tennis,"Madrid, Spain",ATP,Benjamin Bonzi,Marin Čilić,2,0,True,2,False,3.5,,1.3,,,,,,,,,,
2025-04-24,tennis,"Madrid, Spain",ATP,Christopher O'Connell,Camilo Ugo Carabelli,2,0,True,2,False,2.38,,1.57,,,,,,,,,,
2025-04-24,tennis,"Madrid, Spain",ATP,Nuno Borges,Pablo Carreño Busta,2,1,True,3,True,1.62,,2.3,,,,,,,,,,
2025-04-24,tennis,"Madrid, Spain",ATP,Dušan Lajović,Ethan Quinn,0,2,False,2,False,1.53,,2.5,,,,,,,,,,
2025-04-24,tennis,"Madrid, Spain",ATP,Roberto Bautista Agut,Jaume Munar,2,1,True,3,True,2.63,,1.5,,,,,,,,,,
2025-04-24,tennis,"Madrid, Spain",ATP,Sebastian Ofner,Hugo Gaston,2,0,True,2,False,2.3,,1.62,,,,,,,,,,
2025-04-24,tennis,"Madrid, Spain",ATP,Francisco Comesaña,Pedro Martinez,2,0,True,2,False,1.91,,1.91,,,,,,,,,,
2025-04-24,tennis,"Madrid, Spain",ATP,Fabio Fognini,Laslo Djere,0,2,False,2,False,4.33,,1.22,,,,,,,,,,
2025-04-24,tennis,"Madrid, Spain",ATP,Juan Manuel Cerundolo,Aleksandar Kovacevic,2,1,True,3,True,1.57,,2.38,,,,,,,,,,
2025-04-24,tennis,"Madrid, Spain",ATP,Alex Michelsen,Alexander Bublik,0,2,False,2,False,1.91,,1.91,,,,,,,,,,
2025-04-24,tennis,"Madrid, Spain",ATP,Gael Monfils,Borna Gojo,2,1,True,3,True,1.57,,2.38,,,,,,,,,,
2025-04-24,tennis,"Madrid, Spain",ATP,Fábián Marozsán,Flavio Cobolli,0,2,False,2,False,1.62,,2.3,,,,,,,,,,
2025-04-24,tennis,"Madrid, Spain",ATP,Aleksandar Vukic,Kei Nishikori,1,2,False,3,True,3.2,,1.36,,,,,,,,,,
2025-04-24,tennis,"Madrid, Spain",ATP,Damir Džumhur,Mattia Bellucci,2,1,True,3,True,1.8,,2.0,,,,,,,,,,
2025-04-24,tennis,"Madrid, Spain",ATP,Tomas Martin Etcheverry,Hamad Medjedović,2,1,True,3,True,2.38,,1.57,,,,,,,,,,
2025-04-24,tennis,"Madrid, Spain",WTA,Bernarda Pera,Jana Fett,2,0,True,2,False,1.57,,2.38,,,,,,,,,,
2025-04-24,tennis,"Madrid, Spain",WTA,Alycia Parks,Victoria Jimenez Kasintseva,2,0,True,2,False,2.5,,1.53,,,,,,,,,,
2025-04-24,tennis,"Madrid, Spain",WTA,Belinda Bencic,Zeynep Sönmez,2,0,True,2,False,1.36,,3.2,,,,,,,,,,
2025-04-24,tennis,"Madrid, Spain",WTA,Maria Carle,Rebecca Šramková,2,0,True,2,False,2.3,,1.62,,,,,,,,,,
2025-04-24,tennis,"Madrid, Spain",WTA,Xinyu Wang,Maria Sakkari,0,2,False,2,False,2.5,,1.53,,,,,,,,,,
2025-04-24,tennis,"Madrid, Spain",WTA,Suzan Lamens,Emma Raducanu,0,2,False,2,False,2.2,,1.67,,,,,,,,,,
2025-04-24,tennis,"Madrid, Spain",WTA,Ajla Tomljanovic,Rebeka Masarova,1,2,False,3,True,2.3,,1.62,,,,,,,,,,
2025-04-24,tennis,"Madrid, Spain",WTA,Anna Blinkova,Panna Udvardy,2,0,True,2,False,1.91,,1.91,,,,,,,,,,
2025-04-24,tennis,"Madrid, Spain",WTA,Yuliia Starodubtseva,Linda Fruhvirtova,2,0,True,2,False,2.3,,1.62,,,,,,,,,,
2025-04-24,tennis,"Madrid, Spain",WTA,Ashlyn Krueger,Anastasia Potapova,1,2,False,3,True,1.91,,1.91,,,,,,,,,,
2025-04-24,tennis,"Madrid, Spain",WTA,Veronika Kudermetova,Polina Kudermetova,2,0,True,2,False,1.4,,3.0,,,,,,,,,,
2025-04-24,tennis,"Madrid, Spain",WTA,Moyuka Uchijima,Robin Montgomery,2,1,True,3,True,1.62,,2.3,,,,,,,,,,
2025-04-24,tennis,"Madrid, Spain",WTA,Francesca Jones,Dayana Yastremska,1,2,False,3,True,2.38,,1.57,,,,,,,,,,
2025-04-24,tennis,"Madrid, Spain",WTA,Eva Lys,Teodora Kostović,2,0,True,2,False,1.5,,2.63,,,,,,,,,,
2025-04-24,tennis,"Madrid, Spain",WTA,Victoria Azarenka,Olga Danilović,0,2,False,2,False,2.75,,1.44,,,,,,,,,,
2025-04-24,tennis,"Madrid, Spain",WTA,McCartney Kessler,Bianca Andreescu,0,2,False,2,False,1.91,,1.91,,,,,,,,,,
2025-04-24,tennis,"Madrid, Spain",WTA,Jaqueline Cristian,Sonay Kartal,0,2,False,2,False,1.5,,2.63,,,,,,,,,,
2025-04-24,tennis,"Madrid, Spain",WTA,Belinda Bencic,Clara Tauson,2,0,True,2,False,1.57,,2.38,,,,,,,,,,
2025-04-24,tennis,"Madrid, Spain",WTA,Donna Vekić,Hailey Baptiste,2,0,True,2,False,1.91,,1.91,,,,,,,,,,
2025-04-24,tennis,"Madrid, Spain",WTA,Jessica Bouzas Maneiro,Magdalena Frech,1,2,False,3,True,1.36,,3.2,,,,,,,,,,
2025-04-24,tennis,"Madrid, Spain",WTA,Liudmila Samsonova,Caroline Dolehide,2,0,True,2,False,1.44,,2.75,,,,,,,,,,
2025-04-24,tennis,"Rome, Italy",Challenger,Federico Arnaboldi,Dimitar Kuzmanov,2,1,True,3,True,2.2,,1.62,,,,,,,,,,
2025-04-24,tennis,"Rome, Italy",Challenger,Sandro Kopp,Hady Habib,2,0,True,2,False,2.1,,1.67,,,,,,,,,,
2025-04-24,tennis,"Rome, Italy",Challenger,Matteo Gigante,Kimmer Coppejans,2,1,True,3,True,2.38,,1.53,,,,,,,,,,
2025-04-24,tennis,"Rome, Italy",Challenger,Timofey Skatov,Lukas Neumayer,0,2,False,2,False,1.67,,2.1,,,,,,,,,,
2025-04-25,tennis,"Madrid, Spain",ATP,Zizou Bergs,Gabriel Diallo,0,2,False,2,False,1.57,,2.38,,,,,,,,,,
2025-04-25,tennis,"Madrid, Spain",ATP,Lorenzo Sonego,Miomir Kecmanović,2,0,True,2,False,2.38,,1.57,,,,,,,,,,
2025-04-25,tennis,"Madrid, Spain",ATP,Quentin Halys,Luciano Darderi,0,2,False,2,False,3.0,,1.4,,,,,,,,,,
2025-04-25,tennis,"Madrid, Spain",WTA,Diane Parry,Anna Kalinskaya,0,2,False,2,False,2.3,,1.62,,,,,,,,,,
2025-04-25,tennis,"Madrid, Spain",WTA,Beatriz Haddad Maia,Bernarda Pera,2,1,True,3,True,2.3,,1.62,,,,,,,,,,
2025-04-25,tennis,"Madrid, Spain",WTA,Mirra Andreeva,Marie Bouzkova,2,0,True,2,False,1.14,,5.5,,,,,,,,,,
2025-04-25,tennis,"Rome, Italy",Challenger,Vilius Gaubas,Andrea Pellegrino,2,1,True,3,True,1.53,,2.38,,,,,,,,,,
2025-04-25,tennis,"Madrid, Spain",ATP,Zizou Bergs,Gabriel Diallo,0,2,False,2,False,1.57,,2.38,,,,,,,,,,
2025-04-25,tennis,"Madrid, Spain",ATP,Lorenzo Sonego,Miomir Kecmanović,2,0,True,2,False,2.38,,1.57,,,,,,,,,,
2025-04-25,tennis,"Madrid, Spain",ATP,Quentin Halys,Luciano Darderi,0,2,False,2,False,3.0,,1.4,,,,,,,,,,
2025-04-25,tennis,"Madrid, Spain",ATP,Daniel Altmaier,Nicolas Jarry,0,2,False,2,False,1.67,,2.2,,,,,,,,,,
2025-04-25,tennis,"Madrid, Spain",ATP,Martin Landaluce,Cameron Norrie,1,2,False,3,True,4.0,,1.25,,,,,,,,,,
2025-04-25,tennis,"Madrid, Spain",ATP,Matteo Arnaldi,Borna Ćorić,2,1,True,3,True,1.73,,2.1,,,,,,,,,,
2025-04-25,tennis,"Madrid, Spain",ATP,Joao Fonseca,Elmer Moller,2,0,True,2,False,1.3,,3.5,,,,,,,,,,
2025-04-25,tennis,"Madrid, Spain",ATP,Learner Tien,Marcos Giron,1,2,False,3,True,2.1,,1.73,,,,,,,,,,
2025-04-25,tennis,"Madrid, Spain",ATP,Tallon Griekspoor,Vit Kopřiva,2,0,True,2,False,1.28,,3.75,,,,,,,,,,
2025-04-25,tennis,"Madrid, Spain",ATP,Reilly Opelka,Rinky Hijikata,2,0,True,2,False,1.44,,2.75,,,,,,,,,,
2025-04-25,tennis,"Madrid, Spain",ATP,Yunchaokete Bu,Jacob Fearnley,0,2,False,2,False,2.0,,1.8,,,,,,,,,,
2025-04-25,tennis,"Madrid, Spain",ATP,Arthur Rinderknech,Casper Ruud,0,2,False,2,False,7.0,,1.1,,,,,,,,,,
2025-04-25,tennis,"Madrid, Spain",ATP,Benjamin Bonzi,Hubert Hurkacz,2,0,True,2,False,2.75,,1.44,,,,,,,,,,
2025-04-25,tennis,"Madrid, Spain",ATP,Francisco Cerundolo,Harold Mayot,2,0,True,2,False,1.1,,7.0,,,,,,,,,,
2025-04-25,tennis,"Madrid, Spain",ATP,Francisco Comesaña,Arthur Fils,2,0,True,2,False,4.5,,1.2,,,,,,,,,,
2025-04-25,tennis,"Madrid, Spain",WTA,Diane Parry,Anna Kalinskaya,0,2,False,2,False,2.3,,1.62,,,,,,,,,,
2025-04-25,tennis,"Madrid, Spain",WTA,Beatriz Haddad Maia,Bernarda Pera,2,1,True,3,True,2.3,,1.62,,,,,,,,,,
2025-04-25,tennis,"Madrid, Spain",WTA,Mirra Andreeva,Marie Bouzkova,2,0,True,2,False,1.14,,5.5,,,,,,,,,,
2025-04-25,tennis,"Madrid, Spain",WTA,Maya Joint,Emma Navarro,0,2,False,2,False,4.5,,1.2,,,,,,,,,,
2025-04-25,tennis,"Madrid, Spain",WTA,Diana Shnaider,Katie Volynets,2,0,True,2,False,1.57,,2.38,,,,,,,,,,
2025-04-25,tennis,"Madrid, Spain",WTA,Linda Noskova,Maria Carle,2,0,True,2,False,1.44,,2.75,,,,,,,,,,
2025-04-25,tennis,"Madrid, Spain",WTA,Alexandra Eala,Iga Swiatek,1,2,False,3,True,6.0,,1.13,,,,,,,,,,
2025-04-25,tennis,"Madrid, Spain",WTA,Anastasija Sevastova,Jelena Ostapenko,2,0,True,2,False,3.75,,1.28,,,,,,,,,,
2025-04-25,tennis,"Madrid, Spain",WTA,Yuliia Starodubtseva,Elisabetta Cocciaretto,2,0,True,2,False,2.38,,1.57,,,,,,,,,,
2025-04-25,tennis,"Madrid, Spain",WTA,Leylah Fernandez,Ann Li,1,2,False,3,True,1.67,,2.2,,,,,,,,,,
2025-04-25,tennis,"Madrid, Spain",WTA,Madison Keys,Lucia Bronzetti,2,0,True,2,False,1.22,,4.33,,,,,,,,,,
2025-04-25,tennis,"Madrid, Spain",WTA,Dayana Yastremska,Coco Gauff,1,2,False,3,True,3.75,,1.28,,,,,,,,,,
2025-04-25,tennis,"Madrid, Spain",WTA,Alycia Parks,Daria Kasatkina,0,2,False,2,False,4.0,,1.25,,,,,,,,,,
2025-04-25,tennis,"Madrid, Spain",WTA,Cristina Bucsa,Veronika Kudermetova,1,2,False,3,True,3.5,,1.3,,,,,,,,,,
2025-04-25,tennis,"Madrid, Spain",WTA,Katie Boulter,Jasmine Paolini,0,2,False,2,False,4.5,,1.2,,,,,,,,,,
2025-04-25,tennis,"Madrid, Spain",WTA,Magda Linette,Maria Sakkari,0,2,False,2,False,2.2,,1.67,,,,,,,,,,
2025-04-25,tennis,"Rome, Italy",Challenger,Vilius Gaubas,Andrea Pellegrino,2,1,True,3,True,1.53,,2.38,,,,,,,,,,
2025-04-25,tennis,"Rome, Italy",Challenger,Federico Arnaboldi,Sandro Kopp,0,2,False,2,False,1.67,,2.1,,,,,,,,,,
2025-04-25,tennis,"Rome, Italy",Challenger,Matteo Gigante,Francesco Maestrelli,2,1,True,3,True,1.44,,2.63,,,,,,,,,,
2025-04-25,tennis,"Madrid, Spain",ATP,Zizou Bergs,Gabriel Diallo,0,2,False,2,False,1.57,,2.38,,,,,,,,,,
2025-04-25,tennis,"Madrid, Spain",ATP,Lorenzo Sonego,Miomir Kecmanović,2,0,True,2,False,2.38,,1.57,,,,,,,,,,
2025-04-25,tennis,"Madrid, Spain",ATP,Quentin Halys,Luciano Darderi,0,2,False,2,False,3.0,,1.4,,,,,,,,,,
2025-04-25,tennis,"Madrid, Spain",ATP,Daniel Altmaier,Nicolas Jarry,0,2,False,2,False,1.67,,2.2,,,,,,,,,,
2025-04-25,tennis,"Madrid, Spain",ATP,Martin Landaluce,Cameron Norrie,1,2,False,3,True,4.0,,1.25,,,,,,,,,,
2025-04-25,tennis,"Madrid, Spain",ATP,Matteo Arnaldi,Borna Ćorić,2,1,True,3,True,1.73,,2.1,,,,,,,,,,
2025-04-25,tennis,"Madrid, Spain",ATP,Joao Fonseca,Elmer Moller,2,0,True,2,False,1.3,,3.5,,,,,,,,,,
2025-04-25,tennis,"Madrid, Spain",ATP,Learner Tien,Marcos Giron,1,2,False,3,True,2.1,,1.73,,,,,,,,,,
2025-04-25,tennis,"Madrid, Spain",ATP,Tallon Griekspoor,Vit Kopřiva,2,0,True,2,False,1.28,,3.75,,,,,,,,,,
2025-04-25,tennis,"Madrid, Spain",ATP,Reilly Opelka,Rinky Hijikata,2,0,True,2,False,1.44,,2.75,,,,,,,,,,
2025-04-25,tennis,"Madrid, Spain",ATP,Yunchaokete Bu,Jacob Fearnley,0,2,False,2,False,2.0,,1.8,,,,,,,,,,
2025-04-25,tennis,"Madrid, Spain",ATP,Arthur Rinderknech,Casper Ruud,0,2,False,2,False,7.0,,1.1,,,,,,,,,,
2025-04-25,tennis,"Madrid, Spain",ATP,Benjamin Bonzi,Hubert Hurkacz,2,0,True,2,False,2.75,,1.44,,,,,,,,,,
2025-04-25,tennis,"Madrid, Spain",ATP,Francisco Cerundolo,Harold Mayot,2,0,True,2,False,1.1,,7.0,,,,,,,,,,
2025-04-25,tennis,"Madrid, Spain",ATP,Francisco Comesaña,Arthur Fils,2,0,True,2,False,4.5,,1.2,,,,,,,,,,
2025-04-25,tennis,"Madrid, Spain",WTA,Diane Parry,Anna Kalinskaya,0,2,False,2,False,2.3,,1.62,,,,,,,,,,
2025-04-25,tennis,"Madrid, Spain",WTA,Beatriz Haddad Maia,Bernarda Pera,2,1,True,3,True,2.3,,1.62,,,,,,,,,,
2025-04-25,tennis,"Madrid, Spain",WTA,Mirra Andreeva,Marie Bouzkova,2,0,True,2,False,1.14,,5.5,,,,,,,,,,
2025-04-25,tennis,"Madrid, Spain",WTA,Maya Joint,Emma Navarro,0,2,False,2,False,4.5,,1.2,,,,,,,,,,
2025-04-25,tennis,"Madrid, Spain",WTA,Diana Shnaider,Katie Volynets,2,0,True,2,False,1.57,,2.38,,,,,,,,,,
2025-04-25,tennis,"Madrid, Spain",WTA,Linda Noskova,Maria Carle,2,0,True,2,False,1.44,,2.75,,,,,,,,,,
2025-04-25,tennis,"Madrid, Spain",WTA,Alexandra Eala,Iga Swiatek,1,2,False,3,True,6.0,,1.13,,,,,,,,,,
2025-04-25,tennis,"Madrid, Spain",WTA,Anastasija Sevastova,Jelena Ostapenko,2,0,True,2,False,3.75,,1.28,,,,,,,,,,
2025-04-25,tennis,"Madrid, Spain",WTA,Yuliia Starodubtseva,Elisabetta Cocciaretto,2,0,True,2,False,2.38,,1.57,,,,,,,,,,
2025-04-25,tennis,"Madrid, Spain",WTA,Leylah Fernandez,Ann Li,1,2,False,3,True,1.67,,2.2,,,,,,,,,,
2025-04-25,tennis,"Madrid, Spain",WTA,Madison Keys,Lucia Bronzetti,2,0,True,2,False,1.22,,4.33,,,,,,,,,,
2025-04-25,tennis,"Madrid, Spain",WTA,Dayana Yastremska,Coco Gauff,1,2,False,3,True,3.75,,1.28,,,,,,,,,,
2025-04-25,tennis,"Madrid, Spain",WTA,Alycia Parks,Daria Kasatkina,0,2,False,2,False,4.0,,1.25,,,,,,,,,,
2025-04-25,tennis,"Madrid, Spain",WTA,Cristina Bucsa,Veronika Kudermetova,1,2,False,3,True,3.5,,1.3,,,,,,,,,,
2025-04-25,tennis,"Madrid, Spain",WTA,Katie Boulter,Jasmine Paolini,0,2,False,2,False,4.5,,1.2,,,,,,,,,,
2025-04-25,tennis,"Madrid, Spain",WTA,Magda Linette,Maria Sakkari,0,2,False,2,False,2.2,,1.67,,,,,,,,,,
2025-04-25,tennis,"Rome, Italy",Challenger,Vilius Gaubas,Andrea Pellegrino,2,1,True,3,True,1.53,,2.38,,,,,,,,,,
2025-04-25,tennis,"Rome, Italy",Challenger,Federico Arnaboldi,Sandro Kopp,0,2,False,2,False,1.67,,2.1,,,,,,,,,,
2025-04-25,tennis,"Rome, Italy",Challenger,Matteo Gigante,Francesco Maestrelli,2,1,True,3,True,1.44,,2.63,,,,,,,,,,
2025-04-26,tennis,"Madrid, Spain",ATP,Juan Manuel Cerundolo,Felix Auger-Aliassime,2,0,True,2,False,3.75,,1.28,,,,,,,,,,
2025-04-26,tennis,"Madrid, Spain",ATP,Alexei Popyrin,Alexander Bublik,0,2,False,2,False,1.57,,2.38,,,,,,,,,,
2025-04-26,tennis,"Madrid, Spain",ATP,Sebastian Korda,Federico Cinà,2,1,True,3,True,1.14,,5.5,,,,,,,,,,
2025-04-26,tennis,"Madrid, Spain",WTA,Aryna Sabalenka,Anna Blinkova,2,0,True,2,False,1.07,,9.0,,,,,,,,,,
2025-04-26,tennis,"Madrid, Spain",WTA,Moyuka Uchijima,Ons Jabeur,2,1,True,3,True,2.3,,1.62,,,,,,,,,,
2025-04-26,tennis,"Madrid, Spain",WTA,Ekaterina Alexandrova,Olga Danilović,2,0,True,2,False,1.62,,2.3,,,,,,,,,,
2025-04-26,tennis,"Rome, Italy",Challenger,Vilius Gaubas,Lukas Neumayer,2,1,True,3,True,1.73,,2.0,,,,,,,,,,
2025-04-26,tennis,"Madrid, Spain",ATP,Juan Manuel Cerundolo,Felix Auger-Aliassime,2,0,True,2,False,3.75,,1.28,,,,,,,,,,
2025-04-26,tennis,"Madrid, Spain",ATP,Alexei Popyrin,Alexander Bublik,0,2,False,2,False,1.57,,2.38,,,,,,,,,,
2025-04-26,tennis,"Madrid, Spain",ATP,Sebastian Korda,Federico Cinà,2,1,True,3,True,1.14,,5.5,,,,,,,,,,
2025-04-26,tennis,"Madrid, Spain",ATP,Ethan Quinn,Jakub Menšik,0,2,False,2,False,3.2,,1.36,,,,,,,,,,
2025-04-26,tennis,"Madrid, Spain",ATP,Alexander Zverev,Roberto Bautista Agut,2,0,True,2,False,1.08,,8.0,,,,,,,,,,
2025-04-26,tennis,"Madrid, Spain",ATP,Taylor Fritz,Christopher O'Connell,2,0,True,2,False,1.28,,3.75,,,,,,,,,,
2025-04-26,tennis,"Madrid, Spain",ATP,Brandon Nakashima,Sebastian Ofner,2,0,True,2,False,1.57,,2.38,,,,,,,,,,
2025-04-26,tennis,"Madrid, Spain",ATP,Ben Shelton,Mariano Navone,2,1,True,3,True,1.8,,2.0,,,,,,,,,,
2025-04-26,tennis,"Madrid, Spain",ATP,Nuno Borges,Alejandro Davidovich Fokina,0,2,False,2,False,3.0,,1.4,,,,,,,,,,
2025-04-26,tennis,"Madrid, Spain",ATP,Kei Nishikori,Denis Shapovalov,0,2,False,2,False,2.1,,1.73,,,,,,,,,,
2025-04-26,tennis,"Madrid, Spain",ATP,Sebastián Báez,Damir Džumhur,1,2,False,3,True,1.25,,4.0,,,,,,,,,,
2025-04-26,tennis,"Madrid, Spain",ATP,Tomas Martin Etcheverry,Lorenzo Musetti,0,2,False,2,False,2.75,,1.44,,,,,,,,,,
2025-04-26,tennis,"Madrid, Spain",WTA,Aryna Sabalenka,Anna Blinkova,2,0,True,2,False,1.07,,9.0,,,,,,,,,,
2025-04-26,tennis,"Madrid, Spain",WTA,Moyuka Uchijima,Ons Jabeur,2,1,True,3,True,2.3,,1.62,,,,,,,,,,
2025-04-26,tennis,"Madrid, Spain",WTA,Ekaterina Alexandrova,Olga Danilović,2,0,True,2,False,1.62,,2.3,,,,,,,,,,
2025-04-26,tennis,"Madrid, Spain",WTA,Peyton Stearns,Amanda Anisimova,2,1,True,3,True,3.2,,1.36,,,,,,,,,,
2025-04-26,tennis,"Madrid, Spain",WTA,Sofia Kenin,Lulu Sun,2,0,True,2,False,1.36,,3.2,,,,,,,,,,
2025-04-26,tennis,"Madrid, Spain",WTA,Camila Osorio,Elise Mertens,0,2,False,2,False,2.75,,1.44,,,,,,,,,,
2025-04-26,tennis,"Madrid, Spain",WTA,Anastasia Potapova,Qinwen Zheng,2,0,True,2,False,3.2,,1.36,,,,,,,,,,
2025-04-26,tennis,"Madrid, Spain",WTA,Sonay Kartal,Elina Svitolina,0,2,False,2,False,4.5,,1.2,,,,,,,,,,
2025-04-26,tennis,"Madrid, Spain",WTA,Emma Raducanu,Marta Kostyuk,1,2,False,3,True,1.8,,2.0,,,,,,,,,,
2025-04-26,tennis,"Madrid, Spain",WTA,Yulia Putintseva,Rebeka Masarova,0,2,False,2,False,1.73,,2.1,,,,,,,,,,
2025-04-26,tennis,"Madrid, Spain",WTA,Jessica Pegula,Eva Lys,2,0,True,2,False,1.14,,5.5,,,,,,,,,,
2025-04-26,tennis,"Madrid, Spain",WTA,Elena Rybakina,Bianca Andreescu,2,0,True,2,False,1.28,,3.75,,,,,,,,,,
2025-04-26,tennis,"Madrid, Spain",WTA,Diana Shnaider,Anastasija Sevastova,2,0,True,2,False,1.36,,3.2,,,,,,,,,,
2025-04-26,tennis,"Madrid, Spain",WTA,Mirra Andreeva,Magdalena Frech,2,0,True,2,False,1.07,,9.0,,,,,,,,,,
2025-04-26,tennis,"Rome, Italy",Challenger,Vilius Gaubas,Lukas Neumayer,2,1,True,3,True,1.73,,2.0,,,,,,,,,,
2025-04-26,tennis,"Madrid, Spain",ATP,Juan Manuel Cerundolo,Felix Auger-Aliassime,2,0,True,2,False,3.75,,1.28,,,,,,,,,,
2025-04-26,tennis,"Madrid, Spain",ATP,Alexei Popyrin,Alexander Bublik,0,2,False,2,False,1.57,,2.38,,,,,,,,,,
2025-04-26,tennis,"Madrid, Spain",ATP,Sebastian Korda,Federico Cinà,2,1,True,3,True,1.14,,5.5,,,,,,,,,,
2025-04-26,tennis,"Madrid, Spain",ATP,Ethan Quinn,Jakub Menšik,0,2,False,2,False,3.2,,1.36,,,,,,,,,,
2025-04-26,tennis,"Madrid, Spain",ATP,Alexander Zverev,Roberto Bautista Agut,2,0,True,2,False,1.08,,8.0,,,,,,,,,,
2025-04-26,tennis,"Madrid, Spain",ATP,Taylor Fritz,Christopher O'Connell,2,0,True,2,False,1.28,,3.75,,,,,,,,,,
2025-04-26,tennis,"Madrid, Spain",ATP,Brandon Nakashima,Sebastian Ofner,2,0,True,2,False,1.57,,2.38,,,,,,,,,,
2025-04-26,tennis,"Madrid, Spain",ATP,Ben Shelton,Mariano Navone,2,1,True,3,True,1.8,,2.0,,,,,,,,,,
2025-04-26,tennis,"Madrid, Spain",ATP,Nuno Borges,Alejandro Davidovich Fokina,0,2,False,2,False,3.0,,1.4,,,,,,,,,,
2025-04-26,tennis,"Madrid, Spain",ATP,Kei Nishikori,Denis Shapovalov,0,2,False,2,False,2.1,,1.73,,,,,,,,,,
2025-04-26,tennis,"Madrid, Spain",ATP,Sebastián Báez,Damir Džumhur,1,2,False,3,True,1.25,,4.0,,,,,,,,,,
2025-04-26,tennis,"Madrid, Spain",ATP,Tomas Martin Etcheverry,Lorenzo Musetti,0,2,False,2,False,2.75,,1.44,,,,,,,,,,
2025-04-26,tennis,"Madrid, Spain",WTA,Aryna Sabalenka,Anna Blinkova,2,0,True,2,False,1.07,,9.0,,,,,,,,,,
2025-04-26,tennis,"Madrid, Spain",WTA,Moyuka Uchijima,Ons Jabeur,2,1,True,3,True,2.3,,1.62,,,,,,,,,,
2025-04-26,tennis,"Madrid, Spain",WTA,Ekaterina Alexandrova,Olga Danilović,2,0,True,2,False,1.62,,2.3,,,,,,,,,,
2025-04-26,tennis,"Madrid, Spain",WTA,Peyton Stearns,Amanda Anisimova,2,1,True,3,True,3.2,,1.36,,,,,,,,,,
2025-04-26,tennis,"Madrid, Spain",WTA,Sofia Kenin,Lulu Sun,2,0,True,2,False,1.36,,3.2,,,,,,,,,,
2025-04-26,tennis,"Madrid, Spain",WTA,Camila Osorio,Elise Mertens,0,2,False,2,False,2.75,,1.44,,,,,,,,,,
2025-04-26,tennis,"Madrid, Spain",WTA,Anastasia Potapova,Qinwen Zheng,2,0,True,2,False,3.2,,1.36,,,,,,,,,,
2025-04-26,tennis,"Madrid, Spain",WTA,Sonay Kartal,Elina Svitolina,0,2,False,2,False,4.5,,1.2,,,,,,,,,,
2025-04-26,tennis,"Madrid, Spain",WTA,Emma Raducanu,Marta Kostyuk,1,2,False,3,True,1.8,,2.0,,,,,,,,,,
2025-04-26,tennis,"Madrid, Spain",WTA,Yulia Putintseva,Rebeka Masarova,0,2,False,2,False,1.73,,2.1,,,,,,,,,,
2025-04-26,tennis,"Madrid, Spain",WTA,Jessica Pegula,Eva Lys,2,0,True,2,False,1.14,,5.5,,,,,,,,,,
2025-04-26,tennis,"Madrid, Spain",WTA,Elena Rybakina,Bianca Andreescu,2,0,True,2,False,1.28,,3.75,,,,,,,,,,
2025-04-26,tennis,"Madrid, Spain",WTA,Diana Shnaider,Anastasija Sevastova,2,0,True,2,False,1.36,,3.2,,,,,,,,,,
2025-04-26,tennis,"Madrid, Spain",WTA,Mirra Andreeva,Magdalena Frech,2,0,True,2,False,1.07,,9.0,,,,,,,,,,
2025-04-26,tennis,"Rome, Italy",Challenger,Vilius Gaubas,Lukas Neumayer,2,1,True,3,True,1.73,,2.0,,,,,,,,,,
2025-04-27,tennis,"Madrid, Spain",ATP,Jiri Lehečka,Cameron Norrie,1,2,False,3,True,1.4,,3.0,,,,,,,,,,
2025-04-27,tennis,"Madrid, Spain",ATP,Alex de Minaur,Lorenzo Sonego,2,0,True,2,False,1.17,,5.0,,,,,,,,,,
2025-04-27,tennis,"Madrid, Spain",ATP,Gabriel Diallo,Kamil Majchrzak,2,1,True,3,True,2.0,,1.8,,,,,,,,,,
2025-04-27,tennis,"Madrid, Spain",WTA,Liudmila Samsonova,Yuliia Starodubtseva,1,2,False,3,True,1.25,,3.75,,,,,,,,,,
2025-04-27,tennis,"Madrid, Spain",WTA,Madison Keys,Anna Kalinskaya,2,0,True,2,False,1.44,,2.75,,,,,,,,,,
2025-04-27,tennis,"Madrid, Spain",ATP,Jiri Lehečka,Cameron Norrie,1,2,False,3,True,1.4,,3.0,,,,,,,,,,
2025-04-27,tennis,"Madrid, Spain",ATP,Alex de Minaur,Lorenzo Sonego,2,0,True,2,False,1.17,,5.0,,,,,,,,,,
2025-04-27,tennis,"Madrid, Spain",ATP,Gabriel Diallo,Kamil Majchrzak,2,1,True,3,True,2.0,,1.8,,,,,,,,,,
2025-04-27,tennis,"Madrid, Spain",ATP,Stefanos Tsitsipas,Jan-Lennard Struff,2,1,True,3,True,1.25,,4.0,,,,,,,,,,
2025-04-27,tennis,"Madrid, Spain",ATP,Jacob Fearnley,Tomaš Machač,2,1,True,3,True,2.75,,1.44,,,,,,,,,,
2025-04-27,tennis,"Madrid, Spain",ATP,Matteo Arnaldi,Novak Djokovic,2,0,True,2,False,3.5,,1.3,,,,,,,,,,
2025-04-27,tennis,"Madrid, Spain",ATP,Grigor Dimitrov,Nicolas Jarry,2,0,True,2,False,1.57,,2.38,,,,,,,,,,
2025-04-27,tennis,"Madrid, Spain",ATP,Alexandre Muller,Ugo Humbert,2,1,True,3,True,2.0,,1.8,,,,,,,,,,
2025-04-27,tennis,"Madrid, Spain",ATP,Marcos Giron,Matteo Berrettini,1,2,False,3,True,4.5,,1.2,,,,,,,,,,
2025-04-27,tennis,"Madrid, Spain",ATP,Jack Draper,Tallon Griekspoor,2,0,True,2,False,1.57,,2.38,,,,,,,,,,
2025-04-27,tennis,"Madrid, Spain",ATP,Karen Khachanov,Reilly Opelka,2,0,True,2,False,1.3,,3.5,,,,,,,,,,
2025-04-27,tennis,"Madrid, Spain",ATP,Joao Fonseca,Tommy Paul,0,2,False,2,False,1.53,,2.5,,,,,,,,,,
2025-04-27,tennis,"Madrid, Spain",ATP,Alexander Bublik,Andrey Rublev,2,1,True,3,True,3.5,,1.3,,,,,,,,,,
2025-04-27,tennis,"Madrid, Spain",ATP,Brandon Nakashima,Flavio Cobolli,2,0,True,2,False,2.38,,1.57,,,,,,,,,,
2025-04-27,tennis,"Madrid, Spain",WTA,Liudmila Samsonova,Yuliia Starodubtseva,1,2,False,3,True,1.25,,3.75,,,,,,,,,,
2025-04-27,tennis,"Madrid, Spain",WTA,Madison Keys,Anna Kalinskaya,2,0,True,2,False,1.44,,2.75,,,,,,,,,,
2025-04-27,tennis,"Madrid, Spain",WTA,Beatriz Haddad Maia,Belinda Bencic,1,2,False,3,True,4.0,,1.25,,,,,,,,,,
2025-04-27,tennis,"Madrid, Spain",WTA,Ann Li,Coco Gauff,0,2,False,2,False,4.33,,1.22,,,,,,,,,,
2025-04-27,tennis,"Madrid, Spain",WTA,Linda Noskova,Iga Swiatek,0,2,False,2,False,4.5,,1.2,,,,,,,,,,
2025-04-27,tennis,"Madrid, Spain",WTA,Donna Vekić,Emma Navarro,2,1,True,3,True,3.2,,1.36,,,,,,,,,,
2025-04-27,tennis,"Madrid, Spain",WTA,Aryna Sabalenka,Elise Mertens,2,1,True,3,True,1.13,,6.0,,,,,,,,,,
2025-04-27,tennis,"Madrid, Spain",WTA,Veronika Kudermetova,Marta Kostyuk,1,2,False,3,True,2.0,,1.8,,,,,,,,,,
2025-04-27,tennis,"Madrid, Spain",ATP,Jiri Lehečka,Cameron Norrie,1,2,False,3,True,1.4,,3.0,,,,,,,,,,
2025-04-27,tennis,"Madrid, Spain",ATP,Alex de Minaur,Lorenzo Sonego,2,0,True,2,False,1.17,,5.0,,,,,,,,,,
2025-04-27,tennis,"Madrid, Spain",ATP,Gabriel Diallo,Kamil Majchrzak,2,1,True,3,True,2.0,,1.8,,,,,,,,,,
2025-04-27,tennis,"Madrid, Spain",ATP,Stefanos Tsitsipas,Jan-Lennard Struff,2,1,True,3,True,1.25,,4.0,,,,,,,,,,
2025-04-27,tennis,"Madrid, Spain",ATP,Jacob Fearnley,Tomaš Machač,2,1,True,3,True,2.75,,1.44,,,,,,,,,,
2025-04-27,tennis,"Madrid, Spain",ATP,Matteo Arnaldi,Novak Djokovic,2,0,True,2,False,3.5,,1.3,,,,,,,,,,
2025-04-27,tennis,"Madrid, Spain",ATP,Grigor Dimitrov,Nicolas Jarry,2,0,True,2,False,1.57,,2.38,,,,,,,,,,
2025-04-27,tennis,"Madrid, Spain",ATP,Alexandre Muller,Ugo Humbert,2,1,True,3,True,2.0,,1.8,,,,,,,,,,
2025-04-27,tennis,"Madrid, Spain",ATP,Marcos Giron,Matteo Berrettini,1,2,False,3,True,4.5,,1.2,,,,,,,,,,
2025-04-27,tennis,"Madrid, Spain",ATP,Jack Draper,Tallon Griekspoor,2,0,True,2,False,1.57,,2.38,,,,,,,,,,
2025-04-27,tennis,"Madrid, Spain",ATP,Karen Khachanov,Reilly Opelka,2,0,True,2,False,1.3,,3.5,,,,,,,,,,
2025-04-27,tennis,"Madrid, Spain",ATP,Joao Fonseca,Tommy Paul,0,2,False,2,False,1.53,,2.5,,,,,,,,,,
2025-04-27,tennis,"Madrid, Spain",ATP,Alexander Bublik,Andrey Rublev,2,1,True,3,True,3.5,,1.3,,,,,,,,,,
2025-04-27,tennis,"Madrid, Spain",ATP,Brandon Nakashima,Flavio Cobolli,2,0,True,2,False,2.38,,1.57,,,,,,,,,,
2025-04-27,tennis,"Madrid, Spain",WTA,Liudmila Samsonova,Yuliia Starodubtseva,1,2,False,3,True,1.25,,3.75,,,,,,,,,,
2025-04-27,tennis,"Madrid, Spain",WTA,Madison Keys,Anna Kalinskaya,2,0,True,2,False,1.44,,2.75,,,,,,,,,,
2025-04-27,tennis,"Madrid, Spain",WTA,Beatriz Haddad Maia,Belinda Bencic,1,2,False,3,True,4.0,,1.25,,,,,,,,,,
2025-04-27,tennis,"Madrid, Spain",WTA,Ann Li,Coco Gauff,0,2,False,2,False,4.33,,1.22,,,,,,,,,,
2025-04-27,tennis,"Madrid, Spain",WTA,Linda Noskova,Iga Swiatek,0,2,False,2,False,4.5,,1.2,,,,,,,,,,
2025-04-27,tennis,"Madrid, Spain",WTA,Donna Vekić,Emma Navarro,2,1,True,3,True,3.2,,1.36,,,,,,,,,,
2025-04-27,tennis,"Madrid, Spain",WTA,Aryna Sabalenka,Elise Mertens,2,1,True,3,True,1.13,,6.0,,,,,,,,,,
2025-04-27,tennis,"Madrid, Spain",WTA,Veronika Kudermetova,Marta Kostyuk,1,2,False,3,True,2.0,,1.8,,,,,,,,,,
2025-04-28,tennis,"Madrid, Spain",ATP,Alexander Zverev,Alejandro Davidovich Fokina,2,1,True,3,True,1.33,,3.4,,,,,,,,,,
2025-04-28,tennis,"Madrid, Spain",WTA,Maria Sakkari,Jasmine Paolini,2,0,True,2,False,3.4,,1.33,,,,,,,,,,
2025-04-28,tennis,"Madrid, Spain",WTA,Sofia Kenin,Anastasia Potapova,1,2,False,3,True,1.91,,1.91,,,,,,,,,,
2025-04-28,tennis,"Madrid, Spain",ATP,Alexander Zverev,Alejandro Davidovich Fokina,2,1,True,3,True,1.33,,3.4,,,,,,,,,,
2025-04-28,tennis,"Madrid, Spain",ATP,Daniil Medvedev,Juan Manuel Cerundolo,2,0,True,2,False,1.33,,3.4,,,,,,,,,,
2025-04-28,tennis,"Madrid, Spain",ATP,Ben Shelton,Jakub Menšik,0,2,False,2,False,2.2,,1.67,,,,,,,,,,
2025-04-28,tennis,"Madrid, Spain",ATP,Francisco Cerundolo,Francisco Comesaña,2,0,True,2,False,1.25,,4.0,,,,,,,,,,
2025-04-28,tennis,"Madrid, Spain",ATP,Sebastian Korda,Casper Ruud,0,2,False,2,False,3.0,,1.4,,,,,,,,,,
2025-04-28,tennis,"Madrid, Spain",ATP,Damir Džumhur,Matteo Arnaldi,0,2,False,2,False,3.2,,1.36,,,,,,,,,,
2025-04-28,tennis,"Madrid, Spain",WTA,Maria Sakkari,Jasmine Paolini,2,0,True,2,False,3.4,,1.33,,,,,,,,,,
2025-04-28,tennis,"Madrid, Spain",WTA,Sofia Kenin,Anastasia Potapova,1,2,False,3,True,1.91,,1.91,,,,,,,,,,
2025-04-28,tennis,"Madrid, Spain",WTA,Jessica Pegula,Moyuka Uchijima,0,2,False,2,False,1.14,,5.5,,,,,,,,,,
2025-04-28,tennis,"Madrid, Spain",WTA,Rebeka Masarova,Peyton Stearns,0,2,False,2,False,2.0,,1.8,,,,,,,,,,
2025-04-28,tennis,"Madrid, Spain",WTA,Elena Rybakina,Elina Svitolina,0,2,False,2,False,1.73,,2.1,,,,,,,,,,
2025-04-28,tennis,"Madrid, Spain",WTA,Ekaterina Alexandrova,Daria Kasatkina,2,0,True,2,False,1.57,,2.38,,,,,,,,,,
2025-04-28,tennis,"Madrid, Spain",WTA,Belinda Bencic,Coco Gauff,0,2,False,2,False,2.75,,1.44,,,,,,,,,,
2025-04-28,tennis,"Madrid, Spain",WTA,Mirra Andreeva,Yuliia Starodubtseva,2,0,True,2,False,1.08,,8.0,,,,,,,,,,
2025-04-28,tennis,"Rome, Italy",Challenger,Vilius Gaubas,Matteo Gigante,1,2,False,3,True,1.83,,1.83,,,,,,,,,,
2025-04-28,tennis,"Madrid, Spain",ATP,Alexander Zverev,Alejandro Davidovich Fokina,2,1,True,3,True,1.33,,3.4,,,,,,,,,,
2025-04-28,tennis,"Madrid, Spain",ATP,Daniil Medvedev,Juan Manuel Cerundolo,2,0,True,2,False,1.33,,3.4,,,,,,,,,,
2025-04-28,tennis,"Madrid, Spain",ATP,Ben Shelton,Jakub Menšik,0,2,False,2,False,2.2,,1.67,,,,,,,,,,
2025-04-28,tennis,"Madrid, Spain",ATP,Francisco Cerundolo,Francisco Comesaña,2,0,True,2,False,1.25,,4.0,,,,,,,,,,
2025-04-28,tennis,"Madrid, Spain",ATP,Sebastian Korda,Casper Ruud,0,2,False,2,False,3.0,,1.4,,,,,,,,,,
2025-04-28,tennis,"Madrid, Spain",ATP,Damir Džumhur,Matteo Arnaldi,0,2,False,2,False,3.2,,1.36,,,,,,,,,,
2025-04-28,tennis,"Madrid, Spain",WTA,Maria Sakkari,Jasmine Paolini,2,0,True,2,False,3.4,,1.33,,,,,,,,,,
2025-04-28,tennis,"Madrid, Spain",WTA,Sofia Kenin,Anastasia Potapova,1,2,False,3,True,1.91,,1.91,,,,,,,,,,
2025-04-28,tennis,"Madrid, Spain",WTA,Jessica Pegula,Moyuka Uchijima,0,2,False,2,False,1.14,,5.5,,,,,,,,,,
2025-04-28,tennis,"Madrid, Spain",WTA,Rebeka Masarova,Peyton Stearns,0,2,False,2,False,2.0,,1.8,,,,,,,,,,
2025-04-28,tennis,"Madrid, Spain",WTA,Elena Rybakina,Elina Svitolina,0,2,False,2,False,1.73,,2.1,,,,,,,,,,
2025-04-28,tennis,"Madrid, Spain",WTA,Ekaterina Alexandrova,Daria Kasatkina,2,0,True,2,False,1.57,,2.38,,,,,,,,,,
2025-04-28,tennis,"Madrid, Spain",WTA,Belinda Bencic,Coco Gauff,0,2,False,2,False,2.75,,1.44,,,,,,,,,,
2025-04-28,tennis,"Madrid, Spain",WTA,Mirra Andreeva,Yuliia Starodubtseva,2,0,True,2,False,1.08,,8.0,,,,,,,,,,
2025-04-28,tennis,"Rome, Italy",Challenger,Vilius Gaubas,Matteo Gigante,1,2,False,3,True,1.83,,1.83,,,,,,,,,,
2025-04-30,tennis,"Madrid, Spain",ATP,Alex de Minaur,Denis Shapovalov,2,0,True,2,False,1.22,,4.33,,,,,,,,,,
2025-04-30,tennis,"Madrid, Spain",ATP,Frances Tiafoe,Alexandre Muller,2,0,True,2,False,1.62,,2.3,,,,,,,,,,
2025-04-30,tennis,"Madrid, Spain",ATP,Karen Khachanov,Tommy Paul,1,2,False,3,True,2.2,,1.67,,,,,,,,,,
2025-04-30,tennis,"Madrid, Spain",ATP,Cameron Norrie,Gabriel Diallo,1,2,False,3,True,1.8,,2.0,,,,,,,,,,
2025-04-30,tennis,"Madrid, Spain",WTA,Diana Shnaider,Iga Swiatek,1,2,False,3,True,4.5,,1.2,,,,,,,,,,
2025-04-30,tennis,"Madrid, Spain",WTA,Madison Keys,Donna Vekić,2,0,True,2,False,1.36,,3.2,,,,,,,,,,
2025-04-30,tennis,"Madrid, Spain",ATP,Alex de Minaur,Denis Shapovalov,2,0,True,2,False,1.22,,4.33,,,,,,,,,,
2025-04-30,tennis,"Madrid, Spain",ATP,Frances Tiafoe,Alexandre Muller,2,0,True,2,False,1.62,,2.3,,,,,,,,,,
2025-04-30,tennis,"Madrid, Spain",ATP,Karen Khachanov,Tommy Paul,1,2,False,3,True,2.2,,1.67,,,,,,,,,,
2025-04-30,tennis,"Madrid, Spain",ATP,Cameron Norrie,Gabriel Diallo,1,2,False,3,True,1.8,,2.0,,,,,,,,,,
2025-04-30,tennis,"Madrid, Spain",ATP,Jakub Menšik,Alexander Bublik,2,0,True,2,False,1.33,,3.4,,,,,,,,,,
2025-04-30,tennis,"Madrid, Spain",ATP,Grigor Dimitrov,Jacob Fearnley,2,0,True,2,False,1.33,,3.4,,,,,,,,,,
2025-04-30,tennis,"Madrid, Spain",ATP,Stefanos Tsitsipas,Lorenzo Musetti,0,2,False,2,False,1.8,,2.0,,,,,,,,,,
2025-04-30,tennis,"Madrid, Spain",ATP,Alexander Zverev,Francisco Cerundolo,0,2,False,2,False,1.5,,2.63,,,,,,,,,,
2025-04-30,tennis,"Madrid, Spain",ATP,Daniil Medvedev,Brandon Nakashima,2,1,True,3,True,1.36,,3.2,,,,,,,,,,
2025-04-30,tennis,"Madrid, Spain",ATP,Taylor Fritz,Casper Ruud,0,2,False,2,False,2.1,,1.73,,,,,,,,,,
2025-04-30,tennis,"Madrid, Spain",WTA,Diana Shnaider,Iga Swiatek,1,2,False,3,True,4.5,,1.2,,,,,,,,,,
2025-04-30,tennis,"Madrid, Spain",WTA,Madison Keys,Donna Vekić,2,0,True,2,False,1.36,,3.2,,,,,,,,,,
2025-04-30,tennis,"Madrid, Spain",WTA,Elina Svitolina,Maria Sakkari,2,0,True,2,False,1.44,,2.75,,,,,,,,,,
2025-04-30,tennis,"Madrid, Spain",WTA,Moyuka Uchijima,Ekaterina Alexandrova,2,0,True,2,False,3.0,,1.4,,,,,,,,,,
2025-04-30,tennis,"Madrid, Spain",WTA,Aryna Sabalenka,Peyton Stearns,2,0,True,2,False,1.14,,5.5,,,,,,,,,,
2025-04-30,tennis,"Madrid, Spain",WTA,Marta Kostyuk,Anastasia Potapova,2,0,True,2,False,2.0,,1.8,,,,,,,,,,
2025-04-30,tennis,"Madrid, Spain",ATP,Alex de Minaur,Denis Shapovalov,2,0,True,2,False,1.22,,4.33,,,,,,,,,,
2025-04-30,tennis,"Madrid, Spain",ATP,Frances Tiafoe,Alexandre Muller,2,0,True,2,False,1.62,,2.3,,,,,,,,,,
2025-04-30,tennis,"Madrid, Spain",ATP,Karen Khachanov,Tommy Paul,1,2,False,3,True,2.2,,1.67,,,,,,,,,,
2025-04-30,tennis,"Madrid, Spain",ATP,Cameron Norrie,Gabriel Diallo,1,2,False,3,True,1.8,,2.0,,,,,,,,,,
2025-04-30,tennis,"Madrid, Spain",ATP,Jakub Menšik,Alexander Bublik,2,0,True,2,False,1.33,,3.4,,,,,,,,,,
2025-04-30,tennis,"Madrid, Spain",ATP,Grigor Dimitrov,Jacob Fearnley,2,0,True,2,False,1.33,,3.4,,,,,,,,,,
2025-04-30,tennis,"Madrid, Spain",ATP,Stefanos Tsitsipas,Lorenzo Musetti,0,2,False,2,False,1.8,,2.0,,,,,,,,,,
2025-04-30,tennis,"Madrid, Spain",ATP,Alexander Zverev,Francisco Cerundolo,0,2,False,2,False,1.5,,2.63,,,,,,,,,,
2025-04-30,tennis,"Madrid, Spain",ATP,Daniil Medvedev,Brandon Nakashima,2,1,True,3,True,1.36,,3.2,,,,,,,,,,
2025-04-30,tennis,"Madrid, Spain",ATP,Taylor Fritz,Casper Ruud,0,2,False,2,False,2.1,,1.73,,,,,,,,,,
2025-04-30,tennis,"Madrid, Spain",WTA,Diana Shnaider,Iga Swiatek,1,2,False,3,True,4.5,,1.2,,,,,,,,,,
2025-04-30,tennis,"Madrid, Spain",WTA,Madison Keys,Donna Vekić,2,0,True,2,False,1.36,,3.2,,,,,,,,,,
2025-04-30,tennis,"Madrid, Spain",WTA,Elina Svitolina,Maria Sakkari,2,0,True,2,False,1.44,,2.75,,,,,,,,,,
2025-04-30,tennis,"Madrid, Spain",WTA,Moyuka Uchijima,Ekaterina Alexandrova,2,0,True,2,False,3.0,,1.4,,,,,,,,,,
2025-04-30,tennis,"Madrid, Spain",WTA,Aryna Sabalenka,Peyton Stearns,2,0,True,2,False,1.14,,5.5,,,,,,,,,,
2025-04-30,tennis,"Madrid, Spain",WTA,Marta Kostyuk,Anastasia Potapova,2,0,True,2,False,2.0,,1.8,,,,,,,,,,
2025-05-01,tennis,"Madrid, Spain",ATP,Frances Tiafoe,Matteo Arnaldi,0,2,False,2,False,2.2,,1.67,,,,,,,,,,
2025-05-01,tennis,"Madrid, Spain",WTA,Madison Keys,Iga Swiatek,1,2,False,3,True,3.4,,1.33,,,,,,,,,,
2025-05-01,tennis,"Madrid, Spain",ATP,Frances Tiafoe,Matteo Arnaldi,0,2,False,2,False,2.2,,1.67,,,,,,,,,,
2025-05-01,tennis,"Madrid, Spain",ATP,Jack Draper,Tommy Paul,2,0,True,2,False,1.53,,2.5,,,,,,,,,,
2025-05-01,tennis,"Madrid, Spain",ATP,Grigor Dimitrov,Gabriel Diallo,1,2,False,3,True,1.36,,3.2,,,,,,,,,,
2025-05-01,tennis,"Madrid, Spain",ATP,Alex de Minaur,Lorenzo Musetti,0,2,False,2,False,1.67,,2.2,,,,,,,,,,
2025-05-01,tennis,"Madrid, Spain",WTA,Madison Keys,Iga Swiatek,1,2,False,3,True,3.4,,1.33,,,,,,,,,,
2025-05-01,tennis,"Madrid, Spain",WTA,Mirra Andreeva,Coco Gauff,0,2,False,2,False,1.8,,2.0,,,,,,,,,,
2025-05-01,tennis,"Madrid, Spain",WTA,Moyuka Uchijima,Elina Svitolina,0,2,False,2,False,4.33,,1.22,,,,,,,,,,
2025-05-01,tennis,"Madrid, Spain",WTA,Aryna Sabalenka,Marta Kostyuk,2,0,True,2,False,1.2,,4.5,,,,,,,,,,
2025-05-01,tennis,"Madrid, Spain",ATP,Frances Tiafoe,Matteo Arnaldi,0,2,False,2,False,2.2,,1.67,,,,,,,,,,
2025-05-01,tennis,"Madrid, Spain",ATP,Jack Draper,Tommy Paul,2,0,True,2,False,1.53,,2.5,,,,,,,,,,
2025-05-01,tennis,"Madrid, Spain",ATP,Grigor Dimitrov,Gabriel Diallo,1,2,False,3,True,1.36,,3.2,,,,,,,,,,
2025-05-01,tennis,"Madrid, Spain",ATP,Alex de Minaur,Lorenzo Musetti,0,2,False,2,False,1.67,,2.2,,,,,,,,,,
2025-05-01,tennis,"Madrid, Spain",WTA,Madison Keys,Iga Swiatek,1,2,False,3,True,3.4,,1.33,,,,,,,,,,
2025-05-01,tennis,"Madrid, Spain",WTA,Mirra Andreeva,Coco Gauff,0,2,False,2,False,1.8,,2.0,,,,,,,,,,
2025-05-01,tennis,"Madrid, Spain",WTA,Moyuka Uchijima,Elina Svitolina,0,2,False,2,False,4.33,,1.22,,,,,,,,,,
2025-05-01,tennis,"Madrid, Spain",WTA,Aryna Sabalenka,Marta Kostyuk,2,0,True,2,False,1.2,,4.5,,,,,,,,,,
2025-05-02,tennis,"Madrid, Spain",ATP,Casper Ruud,Daniil Medvedev,2,0,True,2,False,1.53,,2.5,,,,,,,,,,
2025-05-02,tennis,"Madrid, Spain",ATP,Casper Ruud,Daniil Medvedev,2,0,True,2,False,1.53,,2.5,,,,,,,,,,
2025-05-02,tennis,"Madrid, Spain",ATP,Francisco Cerundolo,Jakub Menšik,2,1,True,3,True,1.67,,2.2,,,,,,,,,,
2025-05-02,tennis,"Madrid, Spain",ATP,Jack Draper,Matteo Arnaldi,2,0,True,2,False,1.28,,3.75,,,,,,,,,,
2025-05-02,tennis,"Madrid, Spain",ATP,Lorenzo Musetti,Gabriel Diallo,2,0,True,2,False,1.2,,4.5,,,,,,,,,,
2025-05-02,tennis,"Madrid, Spain",WTA,Coco Gauff,Iga Swiatek,2,0,True,2,False,2.5,,1.53,,,,,,,,,,
2025-05-02,tennis,"Madrid, Spain",WTA,Aryna Sabalenka,Elina Svitolina,2,0,True,2,False,1.5,,2.63,,,,,,,,,,
2025-05-02,tennis,"Madrid, Spain",ATP,Casper Ruud,Daniil Medvedev,2,0,True,2,False,1.53,,2.5,,,,,,,,,,
2025-05-02,tennis,"Madrid, Spain",ATP,Francisco Cerundolo,Jakub Menšik,2,1,True,3,True,1.67,,2.2,,,,,,,,,,
2025-05-02,tennis,"Madrid, Spain",ATP,Jack Draper,Matteo Arnaldi,2,0,True,2,False,1.28,,3.75,,,,,,,,,,
2025-05-02,tennis,"Madrid, Spain",ATP,Lorenzo Musetti,Gabriel Diallo,2,0,True,2,False,1.2,,4.5,,,,,,,,,,
2025-05-02,tennis,"Madrid, Spain",WTA,Coco Gauff,Iga Swiatek,2,0,True,2,False,2.5,,1.53,,,,,,,,,,
2025-05-02,tennis,"Madrid, Spain",WTA,Aryna Sabalenka,Elina Svitolina,2,0,True,2,False,1.5,,2.63,,,,,,,,,,
2025-05-03,tennis,"Madrid, Spain",ATP,Francisco Cerundolo,Casper Ruud,0,2,False,2,False,2.0,,1.8,,,,,,,,,,
2025-05-03,tennis,"Madrid, Spain",ATP,Jack Draper,Lorenzo Musetti,2,0,True,2,False,1.53,,2.5,,,,,,,,,,
2025-05-03,tennis,"Madrid, Spain",ATP,Francisco Cerundolo,Casper Ruud,0,2,False,2,False,2.0,,1.8,,,,,,,,,,
2025-05-03,tennis,"Madrid, Spain",ATP,Jack Draper,Lorenzo Musetti,2,0,True,2,False,1.53,,2.5,,,,,,,,,,
2025-05-04,tennis,"Madrid, Spain",WTA,Aryna Sabalenka,Coco Gauff,2,0,True,2,False,1.73,,2.1,,,,,,,,,,
2025-05-04,tennis,"Madrid, Spain",WTA,Aryna Sabalenka,Coco Gauff,2,0,True,2,False,1.73,,2.1,,,,,,,,,,
2025-05-05,tennis,"Madrid, Spain",ATP,Casper Ruud,Jack Draper,2,1,True,3,True,3.0,,1.4,,,,,,,,,,
2025-05-05,tennis,"Madrid, Spain",ATP,Casper Ruud,Jack Draper,2,1,True,3,True,3.0,,1.4,,,,,,,,,,
2025-05-06,tennis,"Rome, Italy",WTA,Jessica Bouzas Maneiro,Ann Li,2,1,True,3,True,1.62,,2.3,,,,,,,,,,
2025-05-06,tennis,"Rome, Italy",WTA,Jessica Bouzas Maneiro,Ann Li,2,1,True,3,True,1.62,,2.3,,,,,,,,,,
2025-05-07,tennis,"Rome, Italy",WTA,Giorgia Pedone,Lulu Sun,1,2,False,3,True,3.5,,1.3,,,,,,,,,,
2025-05-07,tennis,"Rome, Italy",WTA,Petra Kvitova,Irina-Camelia Begu,2,0,True,2,False,2.63,,1.5,,,,,,,,,,
2025-05-07,tennis,"Rome, Italy",WTA,Alycia Parks,Jaqueline Cristian,0,2,False,2,False,3.5,,1.3,,,,,,,,,,
2025-05-07,tennis,"Rome, Italy",ATP,Daniel Altmaier,Francisco Comesaña,0,2,False,2,False,2.2,,1.67,,,,,,,,,,
2025-05-07,tennis,"Rome, Italy",ATP,Jiri Lehečka,Alexandre Muller,1,2,False,3,True,1.5,,2.63,,,,,,,,,,
2025-05-07,tennis,"Rome, Italy",ATP,Jordan Thompson,Giovanni Mpetshi Perricard,2,1,True,3,True,1.62,,2.3,,,,,,,,,,
2025-05-07,tennis,"Rome, Italy",ATP,Rinky Hijikata,Corentin Moutet,1,2,False,3,True,3.75,,1.29,,,,,,,,,,
2025-05-07,tennis,"Rome, Italy",WTA,Giorgia Pedone,Lulu Sun,1,2,False,3,True,3.5,,1.3,,,,,,,,,,
2025-05-07,tennis,"Rome, Italy",WTA,Petra Kvitova,Irina-Camelia Begu,2,0,True,2,False,2.63,,1.5,,,,,,,,,,
2025-05-07,tennis,"Rome, Italy",WTA,Alycia Parks,Jaqueline Cristian,0,2,False,2,False,3.5,,1.3,,,,,,,,,,
2025-05-07,tennis,"Rome, Italy",WTA,Lucia Bronzetti,Anastasija Sevastova,2,0,True,2,False,1.67,,2.2,,,,,,,,,,
2025-05-07,tennis,"Rome, Italy",WTA,Suzan Lamens,Renata Zarazua,2,1,True,3,True,1.67,,2.2,,,,,,,,,,
2025-05-07,tennis,"Rome, Italy",WTA,Rebecca Šramková,McCartney Kessler,2,0,True,2,False,1.57,,2.38,,,,,,,,,,
2025-05-07,tennis,"Rome, Italy",WTA,Peyton Stearns,Nuria Brancaccio,2,0,True,2,False,1.2,,4.5,,,,,,,,,,
2025-05-07,tennis,"Rome, Italy",WTA,Kimberly Birrell,Sonay Kartal,1,2,False,3,True,2.75,,1.44,,,,,,,,,,
2025-05-07,tennis,"Rome, Italy",WTA,Marie Bouzkova,Mayar Sherif,2,0,True,2,False,1.91,,1.91,,,,,,,,,,
2025-05-07,tennis,"Rome, Italy",WTA,Sara Errani,Naomi Osaka,0,2,False,2,False,7.0,,1.1,,,,,,,,,,
2025-05-07,tennis,"Rome, Italy",WTA,Victoria Azarenka,Camila Osorio,2,0,True,2,False,2.2,,1.67,,,,,,,,,,
2025-05-07,tennis,"Rome, Italy",ATP,Daniel Altmaier,Francisco Comesaña,0,2,False,2,False,2.2,,1.67,,,,,,,,,,
2025-05-07,tennis,"Rome, Italy",ATP,Jiri Lehečka,Alexandre Muller,1,2,False,3,True,1.5,,2.63,,,,,,,,,,
2025-05-07,tennis,"Rome, Italy",ATP,Jordan Thompson,Giovanni Mpetshi Perricard,2,1,True,3,True,1.62,,2.3,,,,,,,,,,
2025-05-07,tennis,"Rome, Italy",ATP,Rinky Hijikata,Corentin Moutet,1,2,False,3,True,3.75,,1.29,,,,,,,,,,
2025-05-07,tennis,"Rome, Italy",WTA,Giorgia Pedone,Lulu Sun,1,2,False,3,True,3.5,,1.3,,,,,,,,,,
2025-05-07,tennis,"Rome, Italy",WTA,Petra Kvitova,Irina-Camelia Begu,2,0,True,2,False,2.63,,1.5,,,,,,,,,,
2025-05-07,tennis,"Rome, Italy",WTA,Alycia Parks,Jaqueline Cristian,0,2,False,2,False,3.5,,1.3,,,,,,,,,,
2025-05-07,tennis,"Rome, Italy",WTA,Lucia Bronzetti,Anastasija Sevastova,2,0,True,2,False,1.67,,2.2,,,,,,,,,,
2025-05-07,tennis,"Rome, Italy",WTA,Suzan Lamens,Renata Zarazua,2,1,True,3,True,1.67,,2.2,,,,,,,,,,
2025-05-07,tennis,"Rome, Italy",WTA,Rebecca Šramková,McCartney Kessler,2,0,True,2,False,1.57,,2.38,,,,,,,,,,
2025-05-07,tennis,"Rome, Italy",WTA,Peyton Stearns,Nuria Brancaccio,2,0,True,2,False,1.2,,4.5,,,,,,,,,,
2025-05-07,tennis,"Rome, Italy",WTA,Kimberly Birrell,Sonay Kartal,1,2,False,3,True,2.75,,1.44,,,,,,,,,,
2025-05-07,tennis,"Rome, Italy",WTA,Marie Bouzkova,Mayar Sherif,2,0,True,2,False,1.91,,1.91,,,,,,,,,,
2025-05-07,tennis,"Rome, Italy",WTA,Sara Errani,Naomi Osaka,0,2,False,2,False,7.0,,1.1,,,,,,,,,,
2025-05-07,tennis,"Rome, Italy",WTA,Victoria Azarenka,Camila Osorio,2,0,True,2,False,2.2,,1.67,,,,,,,,,,
2025-05-08,tennis,"Rome, Italy",ATP,Camilo Ugo Carabelli,Pablo Carreño Busta,2,1,True,3,True,2.0,,1.8,,,,,,,,,,
2025-05-08,tennis,"Rome, Italy",ATP,Carlos Taberner,Aleksandar Kovacevic,2,1,True,3,True,1.57,,2.38,,,,,,,,,,
2025-05-08,tennis,"Rome, Italy",ATP,Tallon Griekspoor,Miomir Kecmanović,2,1,True,3,True,1.57,,2.38,,,,,,,,,,
2025-05-08,tennis,"Rome, Italy",WTA,Varvara Gracheva,Ajla Tomljanovic,2,0,True,2,False,1.91,,1.91,,,,,,,,,,
2025-05-08,tennis,"Rome, Italy",ATP,Camilo Ugo Carabelli,Pablo Carreño Busta,2,1,True,3,True,2.0,,1.8,,,,,,,,,,
2025-05-08,tennis,"Rome, Italy",ATP,Carlos Taberner,Aleksandar Kovacevic,2,1,True,3,True,1.57,,2.38,,,,,,,,,,
2025-05-08,tennis,"Rome, Italy",ATP,Tallon Griekspoor,Miomir Kecmanović,2,1,True,3,True,1.57,,2.38,,,,,,,,,,
2025-05-08,tennis,"Rome, Italy",ATP,Lorenzo Sonego,Roman Andres Burruchaga,0,2,False,2,False,1.53,,2.5,,,,,,,,,,
2025-05-08,tennis,"Rome, Italy",ATP,Vit Kopřiva,Quentin Halys,2,0,True,2,False,1.5,,2.63,,,,,,,,,,
2025-05-08,tennis,"Rome, Italy",ATP,Yoshihito Nishioka,Dušan Lajović,0,2,False,2,False,4.0,,1.25,,,,,,,,,,
2025-05-08,tennis,"Rome, Italy",ATP,Christopher O'Connell,Cameron Norrie,0,2,False,2,False,2.5,,1.53,,,,,,,,,,
2025-05-08,tennis,"Rome, Italy",ATP,Hamad Medjedović,Otto Virtanen,0,2,False,2,False,1.22,,4.33,,,,,,,,,,
2025-05-08,tennis,"Rome, Italy",ATP,Francesco Passaro,Chun-Hsin Tseng,2,1,True,3,True,2.5,,1.53,,,,,,,,,,
2025-05-08,tennis,"Rome, Italy",ATP,Laslo Djere,Tomas Martin Etcheverry,2,0,True,2,False,1.8,,2.0,,,,,,,,,,
2025-05-08,tennis,"Rome, Italy",ATP,Vilius Gaubas,Damir Džumhur,2,1,True,3,True,1.91,,1.91,,,,,,,,,,
2025-05-08,tennis,"Rome, Italy",ATP,Yunchaokete Bu,Luciano Darderi,0,2,False,2,False,3.4,,1.33,,,,,,,,,,
2025-05-08,tennis,"Rome, Italy",ATP,Aleksandar Vukic,Nicolas Moreno de Alboran,2,0,True,2,False,2.3,,1.62,,,,,,,,,,
2025-05-08,tennis,"Rome, Italy",ATP,Hugo Gaston,Nicolas Jarry,0,2,False,2,False,2.38,,1.57,,,,,,,,,,
2025-05-08,tennis,"Rome, Italy",ATP,Jesper De Jong,Alexander Shevchenko,2,0,True,2,False,1.57,,2.38,,,,,,,,,,
2025-05-08,tennis,"Rome, Italy",ATP,Matteo Arnaldi,Roberto Bautista Agut,0,2,False,2,False,1.28,,3.75,,,,,,,,,,
2025-05-08,tennis,"Rome, Italy",WTA,Varvara Gracheva,Ajla Tomljanovic,2,0,True,2,False,1.91,,1.91,,,,,,,,,,
2025-05-08,tennis,"Rome, Italy",WTA,Arianna Zucchini,Victoria Mboko,0,2,False,2,False,17.0,,1.02,,,,,,,,,,
2025-05-08,tennis,"Rome, Italy",WTA,Elena-Gabriela Ruse,Polina Kudermetova,2,1,True,3,True,1.33,,3.4,,,,,,,,,,
2025-05-08,tennis,"Rome, Italy",WTA,Elisabetta Cocciaretto,Elina Avanesyan,2,1,True,3,True,2.38,,1.57,,,,,,,,,,
2025-05-08,tennis,"Rome, Italy",WTA,Ashlyn Krueger,Anna Bondar,2,1,True,3,True,1.67,,2.2,,,,,,,,,,
2025-05-08,tennis,"Rome, Italy",WTA,Hailey Baptiste,Anna Blinkova,2,0,True,2,False,1.62,,2.3,,,,,,,,,,
2025-05-08,tennis,"Rome, Italy",WTA,Bianca Andreescu,Federica Urgesi,2,0,True,2,False,1.08,,8.0,,,,,,,,,,
2025-05-08,tennis,"Rome, Italy",WTA,Lucrezia Stefanini,Veronika Kudermetova,0,2,False,2,False,4.33,,1.22,,,,,,,,,,
2025-05-08,tennis,"Rome, Italy",WTA,Anastasia Pavlyuchenkova,Katie Boulter,2,0,True,2,False,1.73,,2.1,,,,,,,,,,
2025-05-08,tennis,"Rome, Italy",WTA,Moyuka Uchijima,Eva Lys,0,2,False,2,False,1.5,,2.63,,,,,,,,,,
2025-05-08,tennis,"Rome, Italy",WTA,Emiliana Arango,Viktoriya Tomova,2,1,True,3,True,1.8,,2.0,,,,,,,,,,
2025-05-08,tennis,"Rome, Italy",WTA,Antonia Ružić,Tyra Caterina Grant,2,1,True,3,True,1.57,,2.38,,,,,,,,,,
2025-05-08,tennis,"Rome, Italy",WTA,Katerina Siniakova,Olga Danilović,1,2,False,3,True,3.0,,1.4,,,,,,,,,,
2025-05-08,tennis,"Rome, Italy",WTA,Maya Joint,Emma Raducanu,1,2,False,3,True,2.5,,1.53,,,,,,,,,,
2025-05-08,tennis,"Rome, Italy",WTA,Dayana Yastremska,Anastasia Potapova,1,2,False,3,True,2.1,,1.73,,,,,,,,,,
2025-05-08,tennis,"Rome, Italy",WTA,Katie Volynets,Arantxa Rus,2,0,True,2,False,1.36,,3.2,,,,,,,,,,
2025-05-08,tennis,"Rome, Italy",WTA,Alexandra Eala,Marta Kostyuk,0,2,False,2,False,3.2,,1.36,,,,,,,,,,
2025-05-08,tennis,"Rome, Italy",WTA,Jaqueline Cristian,Yulia Putintseva,2,0,True,2,False,2.38,,1.57,,,,,,,,,,
2025-05-08,tennis,"Rome, Italy",ATP,Camilo Ugo Carabelli,Pablo Carreño Busta,2,1,True,3,True,2.0,,1.8,,,,,,,,,,
2025-05-08,tennis,"Rome, Italy",ATP,Carlos Taberner,Aleksandar Kovacevic,2,1,True,3,True,1.57,,2.38,,,,,,,,,,
2025-05-08,tennis,"Rome, Italy",ATP,Tallon Griekspoor,Miomir Kecmanović,2,1,True,3,True,1.57,,2.38,,,,,,,,,,
2025-05-08,tennis,"Rome, Italy",ATP,Lorenzo Sonego,Roman Andres Burruchaga,0,2,False,2,False,1.53,,2.5,,,,,,,,,,
2025-05-08,tennis,"Rome, Italy",ATP,Vit Kopřiva,Quentin Halys,2,0,True,2,False,1.5,,2.63,,,,,,,,,,
2025-05-08,tennis,"Rome, Italy",ATP,Yoshihito Nishioka,Dušan Lajović,0,2,False,2,False,4.0,,1.25,,,,,,,,,,
2025-05-08,tennis,"Rome, Italy",ATP,Christopher O'Connell,Cameron Norrie,0,2,False,2,False,2.5,,1.53,,,,,,,,,,
2025-05-08,tennis,"Rome, Italy",ATP,Hamad Medjedović,Otto Virtanen,0,2,False,2,False,1.22,,4.33,,,,,,,,,,
2025-05-08,tennis,"Rome, Italy",ATP,Francesco Passaro,Chun-Hsin Tseng,2,1,True,3,True,2.5,,1.53,,,,,,,,,,
2025-05-08,tennis,"Rome, Italy",ATP,Laslo Djere,Tomas Martin Etcheverry,2,0,True,2,False,1.8,,2.0,,,,,,,,,,
2025-05-08,tennis,"Rome, Italy",ATP,Vilius Gaubas,Damir Džumhur,2,1,True,3,True,1.91,,1.91,,,,,,,,,,
2025-05-08,tennis,"Rome, Italy",ATP,Yunchaokete Bu,Luciano Darderi,0,2,False,2,False,3.4,,1.33,,,,,,,,,,
2025-05-08,tennis,"Rome, Italy",ATP,Aleksandar Vukic,Nicolas Moreno de Alboran,2,0,True,2,False,2.3,,1.62,,,,,,,,,,
2025-05-08,tennis,"Rome, Italy",ATP,Hugo Gaston,Nicolas Jarry,0,2,False,2,False,2.38,,1.57,,,,,,,,,,
2025-05-08,tennis,"Rome, Italy",ATP,Jesper De Jong,Alexander Shevchenko,2,0,True,2,False,1.57,,2.38,,,,,,,,,,
2025-05-08,tennis,"Rome, Italy",ATP,Matteo Arnaldi,Roberto Bautista Agut,0,2,False,2,False,1.28,,3.75,,,,,,,,,,
2025-05-08,tennis,"Rome, Italy",WTA,Varvara Gracheva,Ajla Tomljanovic,2,0,True,2,False,1.91,,1.91,,,,,,,,,,
2025-05-08,tennis,"Rome, Italy",WTA,Arianna Zucchini,Victoria Mboko,0,2,False,2,False,17.0,,1.02,,,,,,,,,,
2025-05-08,tennis,"Rome, Italy",WTA,Elena-Gabriela Ruse,Polina Kudermetova,2,1,True,3,True,1.33,,3.4,,,,,,,,,,
2025-05-08,tennis,"Rome, Italy",WTA,Elisabetta Cocciaretto,Elina Avanesyan,2,1,True,3,True,2.38,,1.57,,,,,,,,,,
2025-05-08,tennis,"Rome, Italy",WTA,Ashlyn Krueger,Anna Bondar,2,1,True,3,True,1.67,,2.2,,,,,,,,,,
2025-05-08,tennis,"Rome, Italy",WTA,Hailey Baptiste,Anna Blinkova,2,0,True,2,False,1.62,,2.3,,,,,,,,,,
2025-05-08,tennis,"Rome, Italy",WTA,Bianca Andreescu,Federica Urgesi,2,0,True,2,False,1.08,,8.0,,,,,,,,,,
2025-05-08,tennis,"Rome, Italy",WTA,Lucrezia Stefanini,Veronika Kudermetova,0,2,False,2,False,4.33,,1.22,,,,,,,,,,
2025-05-08,tennis,"Rome, Italy",WTA,Anastasia Pavlyuchenkova,Katie Boulter,2,0,True,2,False,1.73,,2.1,,,,,,,,,,
2025-05-08,tennis,"Rome, Italy",WTA,Moyuka Uchijima,Eva Lys,0,2,False,2,False,1.5,,2.63,,,,,,,,,,
2025-05-08,tennis,"Rome, Italy",WTA,Emiliana Arango,Viktoriya Tomova,2,1,True,3,True,1.8,,2.0,,,,,,,,,,
2025-05-08,tennis,"Rome, Italy",WTA,Antonia Ružić,Tyra Caterina Grant,2,1,True,3,True,1.57,,2.38,,,,,,,,,,
2025-05-08,tennis,"Rome, Italy",WTA,Katerina Siniakova,Olga Danilović,1,2,False,3,True,3.0,,1.4,,,,,,,,,,
2025-05-08,tennis,"Rome, Italy",WTA,Maya Joint,Emma Raducanu,1,2,False,3,True,2.5,,1.53,,,,,,,,,,
2025-05-08,tennis,"Rome, Italy",WTA,Dayana Yastremska,Anastasia Potapova,1,2,False,3,True,2.1,,1.73,,,,,,,,,,
2025-05-08,tennis,"Rome, Italy",WTA,Katie Volynets,Arantxa Rus,2,0,True,2,False,1.36,,3.2,,,,,,,,,,
2025-05-08,tennis,"Rome, Italy",WTA,Alexandra Eala,Marta Kostyuk,0,2,False,2,False,3.2,,1.36,,,,,,,,,,
2025-05-08,tennis,"Rome, Italy",WTA,Jaqueline Cristian,Yulia Putintseva,2,0,True,2,False,2.38,,1.57,,,,,,,,,,
2025-05-09,tennis,"Rome, Italy",ATP,Mariano Navone,Federico Cinà,2,0,True,2,False,1.22,,4.33,,,,,,,,,,
2025-05-09,tennis,"Rome, Italy",ATP,Fábián Marozsán,Joao Fonseca,2,0,True,2,False,3.0,,1.4,,,,,,,,,,
2025-05-09,tennis,"Rome, Italy",ATP,Nuno Borges,Thiago Seyboth Wild,1,2,False,3,True,1.73,,2.1,,,,,,,,,,
2025-05-09,tennis,"Rome, Italy",WTA,Diana Shnaider,Caroline Dolehide,2,0,True,2,False,1.22,,4.33,,,,,,,,,,
2025-05-09,tennis,"Rome, Italy",WTA,Jelena Ostapenko,Rebecca Šramková,2,1,True,3,True,1.36,,3.2,,,,,,,,,,
2025-05-09,tennis,"Rome, Italy",WTA,Elise Mertens,Suzan Lamens,2,1,True,3,True,1.4,,3.0,,,,,,,,,,
2025-05-09,tennis,"Rome, Italy",WTA,Peyton Stearns,Anna Kalinskaya,2,0,True,2,False,1.91,,1.91,,,,,,,,,,
2025-05-09,tennis,"Rome, Italy",WTA,Elisabetta Cocciaretto,Iga Swiatek,0,2,False,2,False,15.0,,1.03,,,,,,,,,,
2025-05-09,tennis,"Rome, Italy",ATP,Mariano Navone,Federico Cinà,2,0,True,2,False,1.22,,4.33,,,,,,,,,,
2025-05-09,tennis,"Rome, Italy",ATP,Fábián Marozsán,Joao Fonseca,2,0,True,2,False,3.0,,1.4,,,,,,,,,,
2025-05-09,tennis,"Rome, Italy",ATP,Nuno Borges,Thiago Seyboth Wild,1,2,False,3,True,1.73,,2.1,,,,,,,,,,
2025-05-09,tennis,"Rome, Italy",ATP,Tomás Barrios Vera,Jaume Munar,1,2,False,3,True,2.38,,1.57,,,,,,,,,,
2025-05-09,tennis,"Rome, Italy",ATP,Luca Nardi,Flavio Cobolli,2,0,True,2,False,3.2,,1.36,,,,,,,,,,
2025-05-09,tennis,"Rome, Italy",ATP,Arthur Rinderknech,Matteo Gigante,0,2,False,2,False,2.1,,1.73,,,,,,,,,,
2025-05-09,tennis,"Rome, Italy",ATP,Alexander Bublik,Roman Safiullin,2,0,True,2,False,1.91,,1.91,,,,,,,,,,
2025-05-09,tennis,"Rome, Italy",ATP,Gabriel Diallo,Marcos Giron,1,2,False,3,True,1.53,,2.5,,,,,,,,,,
2025-05-09,tennis,"Rome, Italy",ATP,Mattia Bellucci,Pedro Martinez,0,2,False,2,False,2.3,,1.62,,,,,,,,,,
2025-05-09,tennis,"Rome, Italy",ATP,Jacob Fearnley,Fabio Fognini,2,0,True,2,False,1.44,,2.75,,,,,,,,,,
2025-05-09,tennis,"Rome, Italy",ATP,Learner Tien,Reilly Opelka,2,0,True,2,False,1.91,,1.91,,,,,,,,,,
2025-05-09,tennis,"Rome, Italy",ATP,Arthur Fils,Tallon Griekspoor,2,0,True,2,False,1.5,,2.63,,,,,,,,,,
2025-05-09,tennis,"Rome, Italy",ATP,Grigor Dimitrov,Francesco Passaro,0,2,False,2,False,1.25,,4.0,,,,,,,,,,
2025-05-09,tennis,"Rome, Italy",ATP,Roman Andres Burruchaga,Karen Khachanov,1,2,False,3,True,3.5,,1.3,,,,,,,,,,
2025-05-09,tennis,"Rome, Italy",WTA,Diana Shnaider,Caroline Dolehide,2,0,True,2,False,1.22,,4.33,,,,,,,,,,
2025-05-09,tennis,"Rome, Italy",WTA,Jelena Ostapenko,Rebecca Šramková,2,1,True,3,True,1.36,,3.2,,,,,,,,,,
2025-05-09,tennis,"Rome, Italy",WTA,Elise Mertens,Suzan Lamens,2,1,True,3,True,1.4,,3.0,,,,,,,,,,
2025-05-09,tennis,"Rome, Italy",WTA,Peyton Stearns,Anna Kalinskaya,2,0,True,2,False,1.91,,1.91,,,,,,,,,,
2025-05-09,tennis,"Rome, Italy",WTA,Elisabetta Cocciaretto,Iga Swiatek,0,2,False,2,False,15.0,,1.03,,,,,,,,,,
2025-05-09,tennis,"Rome, Italy",WTA,Jasmine Paolini,Lulu Sun,2,0,True,2,False,1.08,,8.0,,,,,,,,,,
2025-05-09,tennis,"Rome, Italy",WTA,Danielle Collins,Elena-Gabriela Ruse,2,0,True,2,False,1.5,,2.63,,,,,,,,,,
2025-05-09,tennis,"Rome, Italy",WTA,Hailey Baptiste,Liudmila Samsonova,2,1,True,3,True,2.3,,1.62,,,,,,,,,,
2025-05-09,tennis,"Rome, Italy",WTA,Ashlyn Krueger,Jessica Pegula,0,2,False,2,False,3.2,,1.36,,,,,,,,,,
2025-05-09,tennis,"Rome, Italy",WTA,Elina Svitolina,Jessica Bouzas Maneiro,2,0,True,2,False,1.13,,6.0,,,,,,,,,,
2025-05-09,tennis,"Rome, Italy",WTA,Madison Keys,Varvara Gracheva,2,0,True,2,False,1.17,,5.0,,,,,,,,,,
2025-05-09,tennis,"Rome, Italy",WTA,Beatriz Haddad Maia,Marie Bouzkova,0,2,False,2,False,2.0,,1.8,,,,,,,,,,
2025-05-09,tennis,"Rome, Italy",WTA,Lucia Bronzetti,Laura Siegemund,0,2,False,2,False,1.5,,2.62,,,,,,,,,,
2025-05-09,tennis,"Rome, Italy",WTA,Anastasia Pavlyuchenkova,Sofia Kenin,0,2,False,2,False,2.38,,1.57,,,,,,,,,,
2025-05-09,tennis,"Rome, Italy",WTA,Aryna Sabalenka,Anastasia Potapova,2,0,True,2,False,1.13,,6.0,,,,,,,,,,
2025-05-09,tennis,"Rome, Italy",WTA,Maria Sakkari,Magda Linette,1,2,False,3,True,1.5,,2.63,,,,,,,,,,
2025-05-09,tennis,"Rome, Italy",ATP,Mariano Navone,Federico Cinà,2,0,True,2,False,1.22,,4.33,,,,,,,,,,
2025-05-09,tennis,"Rome, Italy",ATP,Fábián Marozsán,Joao Fonseca,2,0,True,2,False,3.0,,1.4,,,,,,,,,,
2025-05-09,tennis,"Rome, Italy",ATP,Nuno Borges,Thiago Seyboth Wild,1,2,False,3,True,1.73,,2.1,,,,,,,,,,
2025-05-09,tennis,"Rome, Italy",ATP,Tomás Barrios Vera,Jaume Munar,1,2,False,3,True,2.38,,1.57,,,,,,,,,,
2025-05-09,tennis,"Rome, Italy",ATP,Luca Nardi,Flavio Cobolli,2,0,True,2,False,3.2,,1.36,,,,,,,,,,
2025-05-09,tennis,"Rome, Italy",ATP,Arthur Rinderknech,Matteo Gigante,0,2,False,2,False,2.1,,1.73,,,,,,,,,,
2025-05-09,tennis,"Rome, Italy",ATP,Alexander Bublik,Roman Safiullin,2,0,True,2,False,1.91,,1.91,,,,,,,,,,
2025-05-09,tennis,"Rome, Italy",ATP,Gabriel Diallo,Marcos Giron,1,2,False,3,True,1.53,,2.5,,,,,,,,,,
2025-05-09,tennis,"Rome, Italy",ATP,Mattia Bellucci,Pedro Martinez,0,2,False,2,False,2.3,,1.62,,,,,,,,,,
2025-05-09,tennis,"Rome, Italy",ATP,Jacob Fearnley,Fabio Fognini,2,0,True,2,False,1.44,,2.75,,,,,,,,,,
2025-05-09,tennis,"Rome, Italy",ATP,Learner Tien,Reilly Opelka,2,0,True,2,False,1.91,,1.91,,,,,,,,,,
2025-05-09,tennis,"Rome, Italy",ATP,Arthur Fils,Tallon Griekspoor,2,0,True,2,False,1.5,,2.63,,,,,,,,,,
2025-05-09,tennis,"Rome, Italy",ATP,Grigor Dimitrov,Francesco Passaro,0,2,False,2,False,1.25,,4.0,,,,,,,,,,
2025-05-09,tennis,"Rome, Italy",ATP,Roman Andres Burruchaga,Karen Khachanov,1,2,False,3,True,3.5,,1.3,,,,,,,,,,
2025-05-09,tennis,"Rome, Italy",WTA,Diana Shnaider,Caroline Dolehide,2,0,True,2,False,1.22,,4.33,,,,,,,,,,
2025-05-09,tennis,"Rome, Italy",WTA,Jelena Ostapenko,Rebecca Šramková,2,1,True,3,True,1.36,,3.2,,,,,,,,,,
2025-05-09,tennis,"Rome, Italy",WTA,Elise Mertens,Suzan Lamens,2,1,True,3,True,1.4,,3.0,,,,,,,,,,
2025-05-09,tennis,"Rome, Italy",WTA,Peyton Stearns,Anna Kalinskaya,2,0,True,2,False,1.91,,1.91,,,,,,,,,,
2025-05-09,tennis,"Rome, Italy",WTA,Elisabetta Cocciaretto,Iga Swiatek,0,2,False,2,False,15.0,,1.03,,,,,,,,,,
2025-05-09,tennis,"Rome, Italy",WTA,Jasmine Paolini,Lulu Sun,2,0,True,2,False,1.08,,8.0,,,,,,,,,,
2025-05-09,tennis,"Rome, Italy",WTA,Danielle Collins,Elena-Gabriela Ruse,2,0,True,2,False,1.5,,2.63,,,,,,,,,,
2025-05-09,tennis,"Rome, Italy",WTA,Hailey Baptiste,Liudmila Samsonova,2,1,True,3,True,2.3,,1.62,,,,,,,,,,
2025-05-09,tennis,"Rome, Italy",WTA,Ashlyn Krueger,Jessica Pegula,0,2,False,2,False,3.2,,1.36,,,,,,,,,,
2025-05-09,tennis,"Rome, Italy",WTA,Elina Svitolina,Jessica Bouzas Maneiro,2,0,True,2,False,1.13,,6.0,,,,,,,,,,
2025-05-09,tennis,"Rome, Italy",WTA,Madison Keys,Varvara Gracheva,2,0,True,2,False,1.17,,5.0,,,,,,,,,,
2025-05-09,tennis,"Rome, Italy",WTA,Beatriz Haddad Maia,Marie Bouzkova,0,2,False,2,False,2.0,,1.8,,,,,,,,,,
2025-05-09,tennis,"Rome, Italy",WTA,Lucia Bronzetti,Laura Siegemund,0,2,False,2,False,1.5,,2.62,,,,,,,,,,
2025-05-09,tennis,"Rome, Italy",WTA,Anastasia Pavlyuchenkova,Sofia Kenin,0,2,False,2,False,2.38,,1.57,,,,,,,,,,
2025-05-09,tennis,"Rome, Italy",WTA,Aryna Sabalenka,Anastasia Potapova,2,0,True,2,False,1.13,,6.0,,,,,,,,,,
2025-05-09,tennis,"Rome, Italy",WTA,Maria Sakkari,Magda Linette,1,2,False,3,True,1.5,,2.63,,,,,,,,,,
2025-05-10,tennis,"Rome, Italy",ATP,Alexei Popyrin,Carlos Taberner,2,0,True,2,False,1.44,,2.75,,,,,,,,,,
2025-05-10,tennis,"Rome, Italy",ATP,Dušan Lajović,Carlos Alcaraz,0,2,False,2,False,11.0,,1.05,,,,,,,,,,
2025-05-10,tennis,"Rome, Italy",WTA,Magdalena Frech,Victoria Azarenka,2,0,True,2,False,2.75,,1.44,,,,,,,,,,
2025-05-10,tennis,"Rome, Italy",WTA,Olga Danilović,Qinwen Zheng,0,2,False,2,False,2.75,,1.44,,,,,,,,,,
2025-05-10,tennis,"Rome, Italy",WTA,Linda Noskova,Sonay Kartal,2,0,True,2,False,1.5,,2.63,,,,,,,,,,
2025-05-10,tennis,"Rome, Italy",ATP,Alexei Popyrin,Carlos Taberner,2,0,True,2,False,1.44,,2.75,,,,,,,,,,
2025-05-10,tennis,"Rome, Italy",ATP,Dušan Lajović,Carlos Alcaraz,0,2,False,2,False,11.0,,1.05,,,,,,,,,,
2025-05-10,tennis,"Rome, Italy",ATP,Alexandre Muller,Stefanos Tsitsipas,0,2,False,2,False,4.0,,1.25,,,,,,,,,,
2025-05-10,tennis,"Rome, Italy",ATP,Alex Michelsen,Laslo Djere,0,2,False,2,False,2.75,,1.44,,,,,,,,,,
2025-05-10,tennis,"Rome, Italy",ATP,Lorenzo Musetti,Otto Virtanen,2,0,True,2,False,1.07,,9.0,,,,,,,,,,
2025-05-10,tennis,"Rome, Italy",ATP,Cameron Norrie,Daniil Medvedev,0,2,False,2,False,3.5,,1.3,,,,,,,,,,
2025-05-10,tennis,"Rome, Italy",ATP,Vit Kopřiva,Sebastián Báez,2,1,True,3,True,2.75,,1.44,,,,,,,,,,
2025-05-10,tennis,"Rome, Italy",ATP,Denis Shapovalov,Vilius Gaubas,0,2,False,2,False,1.44,,2.75,,,,,,,,,,
2025-05-10,tennis,"Rome, Italy",ATP,Francisco Comesaña,Holger Rune,1,2,False,3,True,3.2,,1.36,,,,,,,,,,
2025-05-10,tennis,"Rome, Italy",ATP,Jack Draper,Luciano Darderi,2,0,True,2,False,1.28,,3.75,,,,,,,,,,
2025-05-10,tennis,"Rome, Italy",ATP,Camilo Ugo Carabelli,Alexander Zverev,0,2,False,2,False,8.0,,1.05,,,,,,,,,,
2025-05-10,tennis,"Rome, Italy",ATP,Fábián Marozsán,Andrey Rublev,2,1,True,3,True,2.2,,1.67,,,,,,,,,,
2025-05-10,tennis,"Rome, Italy",ATP,Learner Tien,Tomaš Machač,0,2,False,2,False,3.4,,1.33,,,,,,,,,,
2025-05-10,tennis,"Rome, Italy",ATP,Matteo Berrettini,Jacob Fearnley,2,0,True,2,False,1.3,,3.5,,,,,,,,,,
2025-05-10,tennis,"Rome, Italy",ATP,Sebastian Ofner,Frances Tiafoe,2,1,True,3,True,2.3,,1.62,,,,,,,,,,
2025-05-10,tennis,"Rome, Italy",ATP,Tommy Paul,Roberto Bautista Agut,2,0,True,2,False,1.22,,4.33,,,,,,,,,,
2025-05-10,tennis,"Rome, Italy",WTA,Magdalena Frech,Victoria Azarenka,2,0,True,2,False,2.75,,1.44,,,,,,,,,,
2025-05-10,tennis,"Rome, Italy",WTA,Olga Danilović,Qinwen Zheng,0,2,False,2,False,2.75,,1.44,,,,,,,,,,
2025-05-10,tennis,"Rome, Italy",WTA,Linda Noskova,Sonay Kartal,2,0,True,2,False,1.5,,2.63,,,,,,,,,,
2025-05-10,tennis,"Rome, Italy",WTA,Veronika Kudermetova,Amanda Anisimova,2,0,True,2,False,2.63,,1.5,,,,,,,,,,
2025-05-10,tennis,"Rome, Italy",WTA,Emiliana Arango,Mirra Andreeva,0,2,False,2,False,11.0,,1.05,,,,,,,,,,
2025-05-10,tennis,"Rome, Italy",WTA,Jil Teichmann,Emma Raducanu,0,2,False,2,False,3.2,,1.36,,,,,,,,,,
2025-05-10,tennis,"Rome, Italy",WTA,Marta Kostyuk,Daria Kasatkina,2,0,True,2,False,1.53,,2.5,,,,,,,,,,
2025-05-10,tennis,"Rome, Italy",WTA,Emma Navarro,Kamilla Rakhimova,2,0,True,2,False,1.13,,6.0,,,,,,,,,,
2025-05-10,tennis,"Rome, Italy",WTA,Leylah Fernandez,Antonia Ružić,2,0,True,2,False,1.4,,3.0,,,,,,,,,,
2025-05-10,tennis,"Rome, Italy",WTA,Coco Gauff,Victoria Mboko,2,1,True,3,True,1.11,,6.5,,,,,,,,,,
2025-05-10,tennis,"Rome, Italy",WTA,Elena Rybakina,Eva Lys,2,0,True,2,False,1.14,,5.5,,,,,,,,,,
2025-05-10,tennis,"Rome, Italy",WTA,Bianca Andreescu,Donna Vekić,2,1,True,3,True,2.2,,1.67,,,,,,,,,,
2025-05-10,tennis,"Rome, Italy",WTA,Madison Keys,Peyton Stearns,1,2,False,3,True,1.4,,3.0,,,,,,,,,,
2025-05-10,tennis,"Rome, Italy",ATP,Alexei Popyrin,Carlos Taberner,2,0,True,2,False,1.44,,2.75,,,,,,,,,,
2025-05-10,tennis,"Rome, Italy",ATP,Dušan Lajović,Carlos Alcaraz,0,2,False,2,False,11.0,,1.05,,,,,,,,,,
2025-05-10,tennis,"Rome, Italy",ATP,Alexandre Muller,Stefanos Tsitsipas,0,2,False,2,False,4.0,,1.25,,,,,,,,,,
2025-05-10,tennis,"Rome, Italy",ATP,Alex Michelsen,Laslo Djere,0,2,False,2,False,2.75,,1.44,,,,,,,,,,
2025-05-10,tennis,"Rome, Italy",ATP,Lorenzo Musetti,Otto Virtanen,2,0,True,2,False,1.07,,9.0,,,,,,,,,,
2025-05-10,tennis,"Rome, Italy",ATP,Cameron Norrie,Daniil Medvedev,0,2,False,2,False,3.5,,1.3,,,,,,,,,,
2025-05-10,tennis,"Rome, Italy",ATP,Vit Kopřiva,Sebastián Báez,2,1,True,3,True,2.75,,1.44,,,,,,,,,,
2025-05-10,tennis,"Rome, Italy",ATP,Denis Shapovalov,Vilius Gaubas,0,2,False,2,False,1.44,,2.75,,,,,,,,,,
2025-05-10,tennis,"Rome, Italy",ATP,Francisco Comesaña,Holger Rune,1,2,False,3,True,3.2,,1.36,,,,,,,,,,
2025-05-10,tennis,"Rome, Italy",ATP,Jack Draper,Luciano Darderi,2,0,True,2,False,1.28,,3.75,,,,,,,,,,
2025-05-10,tennis,"Rome, Italy",ATP,Camilo Ugo Carabelli,Alexander Zverev,0,2,False,2,False,8.0,,1.05,,,,,,,,,,
2025-05-10,tennis,"Rome, Italy",ATP,Fábián Marozsán,Andrey Rublev,2,1,True,3,True,2.2,,1.67,,,,,,,,,,
2025-05-10,tennis,"Rome, Italy",ATP,Learner Tien,Tomaš Machač,0,2,False,2,False,3.4,,1.33,,,,,,,,,,
2025-05-10,tennis,"Rome, Italy",ATP,Matteo Berrettini,Jacob Fearnley,2,0,True,2,False,1.3,,3.5,,,,,,,,,,
2025-05-10,tennis,"Rome, Italy",ATP,Sebastian Ofner,Frances Tiafoe,2,1,True,3,True,2.3,,1.62,,,,,,,,,,
2025-05-10,tennis,"Rome, Italy",ATP,Tommy Paul,Roberto Bautista Agut,2,0,True,2,False,1.22,,4.33,,,,,,,,,,
2025-05-10,tennis,"Rome, Italy",WTA,Magdalena Frech,Victoria Azarenka,2,0,True,2,False,2.75,,1.44,,,,,,,,,,
2025-05-10,tennis,"Rome, Italy",WTA,Olga Danilović,Qinwen Zheng,0,2,False,2,False,2.75,,1.44,,,,,,,,,,
2025-05-10,tennis,"Rome, Italy",WTA,Linda Noskova,Sonay Kartal,2,0,True,2,False,1.5,,2.63,,,,,,,,,,
2025-05-10,tennis,"Rome, Italy",WTA,Veronika Kudermetova,Amanda Anisimova,2,0,True,2,False,2.63,,1.5,,,,,,,,,,
2025-05-10,tennis,"Rome, Italy",WTA,Emiliana Arango,Mirra Andreeva,0,2,False,2,False,11.0,,1.05,,,,,,,,,,
2025-05-10,tennis,"Rome, Italy",WTA,Jil Teichmann,Emma Raducanu,0,2,False,2,False,3.2,,1.36,,,,,,,,,,
2025-05-10,tennis,"Rome, Italy",WTA,Marta Kostyuk,Daria Kasatkina,2,0,True,2,False,1.53,,2.5,,,,,,,,,,
2025-05-10,tennis,"Rome, Italy",WTA,Emma Navarro,Kamilla Rakhimova,2,0,True,2,False,1.13,,6.0,,,,,,,,,,
2025-05-10,tennis,"Rome, Italy",WTA,Leylah Fernandez,Antonia Ružić,2,0,True,2,False,1.4,,3.0,,,,,,,,,,
2025-05-10,tennis,"Rome, Italy",WTA,Coco Gauff,Victoria Mboko,2,1,True,3,True,1.11,,6.5,,,,,,,,,,
2025-05-10,tennis,"Rome, Italy",WTA,Elena Rybakina,Eva Lys,2,0,True,2,False,1.14,,5.5,,,,,,,,,,
2025-05-10,tennis,"Rome, Italy",WTA,Bianca Andreescu,Donna Vekić,2,1,True,3,True,2.2,,1.67,,,,,,,,,,
2025-05-10,tennis,"Rome, Italy",WTA,Madison Keys,Peyton Stearns,1,2,False,3,True,1.4,,3.0,,,,,,,,,,
2025-05-11,tennis,"Rome, Italy",ATP,Aleksandar Vukic,Sebastian Korda,0,2,False,2,False,3.4,,1.33,,,,,,,,,,
2025-05-11,tennis,"Rome, Italy",ATP,Pedro Martinez,Hubert Hurkacz,0,2,False,2,False,2.38,,1.57,,,,,,,,,,
2025-05-11,tennis,"Rome, Italy",ATP,Alexander Bublik,Casper Ruud,1,2,False,3,True,4.5,,1.2,,,,,,,,,,
2025-05-11,tennis,"Rome, Italy",ATP,Taylor Fritz,Marcos Giron,0,2,False,2,False,1.17,,5.0,,,,,,,,,,
2025-05-11,tennis,"Rome, Italy",WTA,Danielle Collins,Iga Swiatek,2,0,True,2,False,7.0,,1.1,,,,,,,,,,
2025-05-11,tennis,"Rome, Italy",WTA,Diana Shnaider,Jaqueline Cristian,2,0,True,2,False,1.28,,3.75,,,,,,,,,,
2025-05-11,tennis,"Rome, Italy",ATP,Aleksandar Vukic,Sebastian Korda,0,2,False,2,False,3.4,,1.33,,,,,,,,,,
2025-05-11,tennis,"Rome, Italy",ATP,Pedro Martinez,Hubert Hurkacz,0,2,False,2,False,2.38,,1.57,,,,,,,,,,
2025-05-11,tennis,"Rome, Italy",ATP,Alexander Bublik,Casper Ruud,1,2,False,3,True,4.5,,1.2,,,,,,,,,,
2025-05-11,tennis,"Rome, Italy",ATP,Taylor Fritz,Marcos Giron,0,2,False,2,False,1.17,,5.0,,,,,,,,,,
2025-05-11,tennis,"Rome, Italy",ATP,Jesper De Jong,Alejandro Davidovich Fokina,2,0,True,2,False,3.5,,1.3,,,,,,,,,,
2025-05-11,tennis,"Rome, Italy",ATP,Jakub Menšik,Matteo Gigante,2,0,True,2,False,1.2,,4.5,,,,,,,,,,
2025-05-11,tennis,"Rome, Italy",ATP,Francisco Cerundolo,Nicolas Jarry,2,0,True,2,False,1.2,,4.5,,,,,,,,,,
2025-05-11,tennis,"Rome, Italy",ATP,Hugo Dellien,Thiago Seyboth Wild,2,1,True,3,True,2.3,,1.62,,,,,,,,,,
2025-05-11,tennis,"Rome, Italy",ATP,Ben Shelton,Jaume Munar,0,2,False,2,False,1.73,,2.1,,,,,,,,,,
2025-05-11,tennis,"Rome, Italy",ATP,Jannik Sinner,Mariano Navone,2,0,True,2,False,1.08,,8.0,,,,,,,,,,
2025-05-11,tennis,"Rome, Italy",ATP,Luca Nardi,Alex de Minaur,0,2,False,2,False,7.0,,1.1,,,,,,,,,,
2025-05-11,tennis,"Rome, Italy",ATP,Alexei Popyrin,Daniil Medvedev,0,2,False,2,False,3.2,,1.36,,,,,,,,,,
2025-05-11,tennis,"Rome, Italy",ATP,Arthur Fils,Stefanos Tsitsipas,2,1,True,3,True,1.67,,2.2,,,,,,,,,,
2025-05-11,tennis,"Rome, Italy",WTA,Danielle Collins,Iga Swiatek,2,0,True,2,False,7.0,,1.1,,,,,,,,,,
2025-05-11,tennis,"Rome, Italy",WTA,Diana Shnaider,Jaqueline Cristian,2,0,True,2,False,1.28,,3.75,,,,,,,,,,
2025-05-11,tennis,"Rome, Italy",WTA,Elina Svitolina,Hailey Baptiste,2,1,True,3,True,1.17,,5.0,,,,,,,,,,
2025-05-11,tennis,"Rome, Italy",WTA,Jasmine Paolini,Ons Jabeur,2,0,True,2,False,1.44,,2.75,,,,,,,,,,
2025-05-11,tennis,"Rome, Italy",WTA,Marie Bouzkova,Naomi Osaka,1,2,False,3,True,2.5,,1.53,,,,,,,,,,
2025-05-11,tennis,"Rome, Italy",WTA,Elise Mertens,Jessica Pegula,2,0,True,2,False,2.75,,1.44,,,,,,,,,,
2025-05-11,tennis,"Rome, Italy",WTA,Aryna Sabalenka,Sofia Kenin,2,1,True,3,True,1.11,,6.5,,,,,,,,,,
2025-05-11,tennis,"Rome, Italy",WTA,Leylah Fernandez,Marta Kostyuk,0,2,False,2,False,3.4,,1.33,,,,,,,,,,
2025-05-11,tennis,"Rome, Italy",ATP,Aleksandar Vukic,Sebastian Korda,0,2,False,2,False,3.4,,1.33,,,,,,,,,,
2025-05-11,tennis,"Rome, Italy",ATP,Pedro Martinez,Hubert Hurkacz,0,2,False,2,False,2.38,,1.57,,,,,,,,,,
2025-05-11,tennis,"Rome, Italy",ATP,Alexander Bublik,Casper Ruud,1,2,False,3,True,4.5,,1.2,,,,,,,,,,
2025-05-11,tennis,"Rome, Italy",ATP,Taylor Fritz,Marcos Giron,0,2,False,2,False,1.17,,5.0,,,,,,,,,,
2025-05-11,tennis,"Rome, Italy",ATP,Jesper De Jong,Alejandro Davidovich Fokina,2,0,True,2,False,3.5,,1.3,,,,,,,,,,
2025-05-11,tennis,"Rome, Italy",ATP,Jakub Menšik,Matteo Gigante,2,0,True,2,False,1.2,,4.5,,,,,,,,,,
2025-05-11,tennis,"Rome, Italy",ATP,Francisco Cerundolo,Nicolas Jarry,2,0,True,2,False,1.2,,4.5,,,,,,,,,,
2025-05-11,tennis,"Rome, Italy",ATP,Hugo Dellien,Thiago Seyboth Wild,2,1,True,3,True,2.3,,1.62,,,,,,,,,,
2025-05-11,tennis,"Rome, Italy",ATP,Ben Shelton,Jaume Munar,0,2,False,2,False,1.73,,2.1,,,,,,,,,,
2025-05-11,tennis,"Rome, Italy",ATP,Jannik Sinner,Mariano Navone,2,0,True,2,False,1.08,,8.0,,,,,,,,,,
2025-05-11,tennis,"Rome, Italy",ATP,Luca Nardi,Alex de Minaur,0,2,False,2,False,7.0,,1.1,,,,,,,,,,
2025-05-11,tennis,"Rome, Italy",ATP,Alexei Popyrin,Daniil Medvedev,0,2,False,2,False,3.2,,1.36,,,,,,,,,,
2025-05-11,tennis,"Rome, Italy",ATP,Arthur Fils,Stefanos Tsitsipas,2,1,True,3,True,1.67,,2.2,,,,,,,,,,
2025-05-11,tennis,"Rome, Italy",WTA,Danielle Collins,Iga Swiatek,2,0,True,2,False,7.0,,1.1,,,,,,,,,,
2025-05-11,tennis,"Rome, Italy",WTA,Diana Shnaider,Jaqueline Cristian,2,0,True,2,False,1.28,,3.75,,,,,,,,,,
2025-05-11,tennis,"Rome, Italy",WTA,Elina Svitolina,Hailey Baptiste,2,1,True,3,True,1.17,,5.0,,,,,,,,,,
2025-05-11,tennis,"Rome, Italy",WTA,Jasmine Paolini,Ons Jabeur,2,0,True,2,False,1.44,,2.75,,,,,,,,,,
2025-05-11,tennis,"Rome, Italy",WTA,Marie Bouzkova,Naomi Osaka,1,2,False,3,True,2.5,,1.53,,,,,,,,,,
2025-05-11,tennis,"Rome, Italy",WTA,Elise Mertens,Jessica Pegula,2,0,True,2,False,2.75,,1.44,,,,,,,,,,
2025-05-11,tennis,"Rome, Italy",WTA,Aryna Sabalenka,Sofia Kenin,2,1,True,3,True,1.11,,6.5,,,,,,,,,,
2025-05-11,tennis,"Rome, Italy",WTA,Leylah Fernandez,Marta Kostyuk,0,2,False,2,False,3.4,,1.33,,,,,,,,,,
2025-05-12,tennis,"Rome, Italy",ATP,Corentin Moutet,Holger Rune,2,1,True,3,True,4.5,,1.2,,,,,,,,,,
2025-05-12,tennis,"Rome, Italy",ATP,Lorenzo Musetti,Brandon Nakashima,2,0,True,2,False,1.17,,5.0,,,,,,,,,,
2025-05-12,tennis,"Rome, Italy",WTA,Emma Raducanu,Veronika Kudermetova,2,1,True,3,True,1.73,,2.1,,,,,,,,,,
2025-05-12,tennis,"Rome, Italy",WTA,Coco Gauff,Magda Linette,2,0,True,2,False,1.14,,5.5,,,,,,,,,,
2025-05-12,tennis,"Rome, Italy",ATP,Corentin Moutet,Holger Rune,2,1,True,3,True,4.5,,1.2,,,,,,,,,,
2025-05-12,tennis,"Rome, Italy",ATP,Lorenzo Musetti,Brandon Nakashima,2,0,True,2,False,1.17,,5.0,,,,,,,,,,
2025-05-12,tennis,"Rome, Italy",ATP,Vilius Gaubas,Alexander Zverev,0,2,False,2,False,11.0,,1.05,,,,,,,,,,
2025-05-12,tennis,"Rome, Italy",ATP,Jack Draper,Vit Kopřiva,2,0,True,2,False,1.1,,7.0,,,,,,,,,,
2025-05-12,tennis,"Rome, Italy",ATP,Francesco Passaro,Karen Khachanov,0,2,False,2,False,3.0,,1.4,,,,,,,,,,
2025-05-12,tennis,"Rome, Italy",ATP,Laslo Djere,Carlos Alcaraz,0,2,False,2,False,8.0,,1.08,,,,,,,,,,
2025-05-12,tennis,"Rome, Italy",ATP,Hugo Dellien,Alex de Minaur,0,2,False,2,False,10.0,,1.06,,,,,,,,,,
2025-05-12,tennis,"Rome, Italy",ATP,Tommy Paul,Tomaš Machač,2,1,True,3,True,1.67,,2.2,,,,,,,,,,
2025-05-12,tennis,"Rome, Italy",WTA,Emma Raducanu,Veronika Kudermetova,2,1,True,3,True,1.73,,2.1,,,,,,,,,,
2025-05-12,tennis,"Rome, Italy",WTA,Coco Gauff,Magda Linette,2,0,True,2,False,1.14,,5.5,,,,,,,,,,
2025-05-12,tennis,"Rome, Italy",WTA,Elena Rybakina,Bianca Andreescu,0,2,False,2,False,1.2,,4.5,,,,,,,,,,
2025-05-12,tennis,"Rome, Italy",WTA,Emma Navarro,Clara Tauson,1,2,False,3,True,1.57,,2.38,,,,,,,,,,
2025-05-12,tennis,"Rome, Italy",WTA,Magdalena Frech,Qinwen Zheng,0,2,False,2,False,5.5,,1.14,,,,,,,,,,
2025-05-12,tennis,"Rome, Italy",WTA,Linda Noskova,Mirra Andreeva,0,2,False,2,False,3.5,,1.3,,,,,,,,,,
2025-05-12,tennis,"Rome, Italy",WTA,Peyton Stearns,Naomi Osaka,2,1,True,3,True,2.0,,1.8,,,,,,,,,,
2025-05-12,tennis,"Rome, Italy",ATP,Corentin Moutet,Holger Rune,2,1,True,3,True,4.5,,1.2,,,,,,,,,,
2025-05-12,tennis,"Rome, Italy",ATP,Lorenzo Musetti,Brandon Nakashima,2,0,True,2,False,1.17,,5.0,,,,,,,,,,
2025-05-12,tennis,"Rome, Italy",ATP,Vilius Gaubas,Alexander Zverev,0,2,False,2,False,11.0,,1.05,,,,,,,,,,
2025-05-12,tennis,"Rome, Italy",ATP,Jack Draper,Vit Kopřiva,2,0,True,2,False,1.1,,7.0,,,,,,,,,,
2025-05-12,tennis,"Rome, Italy",ATP,Francesco Passaro,Karen Khachanov,0,2,False,2,False,3.0,,1.4,,,,,,,,,,
2025-05-12,tennis,"Rome, Italy",ATP,Laslo Djere,Carlos Alcaraz,0,2,False,2,False,8.0,,1.08,,,,,,,,,,
2025-05-12,tennis,"Rome, Italy",ATP,Hugo Dellien,Alex de Minaur,0,2,False,2,False,10.0,,1.06,,,,,,,,,,
2025-05-12,tennis,"Rome, Italy",ATP,Tommy Paul,Tomaš Machač,2,1,True,3,True,1.67,,2.2,,,,,,,,,,
2025-05-12,tennis,"Rome, Italy",WTA,Emma Raducanu,Veronika Kudermetova,2,1,True,3,True,1.73,,2.1,,,,,,,,,,
2025-05-12,tennis,"Rome, Italy",WTA,Coco Gauff,Magda Linette,2,0,True,2,False,1.14,,5.5,,,,,,,,,,
2025-05-12,tennis,"Rome, Italy",WTA,Elena Rybakina,Bianca Andreescu,0,2,False,2,False,1.2,,4.5,,,,,,,,,,
2025-05-12,tennis,"Rome, Italy",WTA,Emma Navarro,Clara Tauson,1,2,False,3,True,1.57,,2.38,,,,,,,,,,
2025-05-12,tennis,"Rome, Italy",WTA,Magdalena Frech,Qinwen Zheng,0,2,False,2,False,5.5,,1.14,,,,,,,,,,
2025-05-12,tennis,"Rome, Italy",WTA,Linda Noskova,Mirra Andreeva,0,2,False,2,False,3.5,,1.3,,,,,,,,,,
2025-05-12,tennis,"Rome, Italy",WTA,Peyton Stearns,Naomi Osaka,2,1,True,3,True,2.0,,1.8,,,,,,,,,,
2025-05-13,tennis,"Rome, Italy",ATP,Jakub Menšik,Fábián Marozsán,2,0,True,2,False,1.73,,2.1,,,,,,,,,,
2025-05-13,tennis,"Rome, Italy",ATP,Marcos Giron,Hubert Hurkacz,1,2,False,3,True,2.75,,1.44,,,,,,,,,,
2025-05-13,tennis,"Rome, Italy",WTA,Diana Shnaider,Elise Mertens,2,0,True,2,False,1.8,,2.0,,,,,,,,,,
2025-05-13,tennis,"Rome, Italy",ATP,Jakub Menšik,Fábián Marozsán,2,0,True,2,False,1.73,,2.1,,,,,,,,,,
2025-05-13,tennis,"Rome, Italy",ATP,Marcos Giron,Hubert Hurkacz,1,2,False,3,True,2.75,,1.44,,,,,,,,,,
2025-05-13,tennis,"Rome, Italy",ATP,Francisco Cerundolo,Sebastian Ofner,2,0,True,2,False,1.17,,5.0,,,,,,,,,,
2025-05-13,tennis,"Rome, Italy",ATP,Jannik Sinner,Jesper De Jong,2,0,True,2,False,1.06,,10.0,,,,,,,,,,
2025-05-13,tennis,"Rome, Italy",ATP,Jaume Munar,Sebastian Korda,2,0,True,2,False,2.2,,1.67,,,,,,,,,,
2025-05-13,tennis,"Rome, Italy",ATP,Jack Draper,Corentin Moutet,2,1,True,3,True,1.08,,8.0,,,,,,,,,,
2025-05-13,tennis,"Rome, Italy",ATP,Karen Khachanov,Carlos Alcaraz,1,2,False,3,True,8.0,,1.08,,,,,,,,,,
2025-05-13,tennis,"Rome, Italy",WTA,Diana Shnaider,Elise Mertens,2,0,True,2,False,1.8,,2.0,,,,,,,,,,
2025-05-13,tennis,"Rome, Italy",WTA,Jasmine Paolini,Jelena Ostapenko,2,0,True,2,False,1.67,,2.2,,,,,,,,,,
2025-05-13,tennis,"Rome, Italy",WTA,Coco Gauff,Emma Raducanu,2,0,True,2,False,1.3,,3.5,,,,,,,,,,
2025-05-13,tennis,"Rome, Italy",WTA,Elina Svitolina,Danielle Collins,2,0,True,2,False,1.73,,2.1,,,,,,,,,,
2025-05-13,tennis,"Rome, Italy",WTA,Clara Tauson,Mirra Andreeva,1,2,False,3,True,3.75,,1.28,,,,,,,,,,
2025-05-13,tennis,"Rome, Italy",WTA,Bianca Andreescu,Qinwen Zheng,0,2,False,2,False,3.75,,1.28,,,,,,,,,,
2025-05-13,tennis,"Rome, Italy",WTA,Aryna Sabalenka,Marta Kostyuk,2,0,True,2,False,1.3,,3.5,,,,,,,,,,
2025-05-13,tennis,"Rome, Italy",ATP,Jakub Menšik,Fábián Marozsán,2,0,True,2,False,1.73,,2.1,,,,,,,,,,
2025-05-13,tennis,"Rome, Italy",ATP,Marcos Giron,Hubert Hurkacz,1,2,False,3,True,2.75,,1.44,,,,,,,,,,
2025-05-13,tennis,"Rome, Italy",ATP,Francisco Cerundolo,Sebastian Ofner,2,0,True,2,False,1.17,,5.0,,,,,,,,,,
2025-05-13,tennis,"Rome, Italy",ATP,Jannik Sinner,Jesper De Jong,2,0,True,2,False,1.06,,10.0,,,,,,,,,,
2025-05-13,tennis,"Rome, Italy",ATP,Jaume Munar,Sebastian Korda,2,0,True,2,False,2.2,,1.67,,,,,,,,,,
2025-05-13,tennis,"Rome, Italy",ATP,Jack Draper,Corentin Moutet,2,1,True,3,True,1.08,,8.0,,,,,,,,,,
2025-05-13,tennis,"Rome, Italy",ATP,Karen Khachanov,Carlos Alcaraz,1,2,False,3,True,8.0,,1.08,,,,,,,,,,
2025-05-13,tennis,"Rome, Italy",WTA,Diana Shnaider,Elise Mertens,2,0,True,2,False,1.8,,2.0,,,,,,,,,,
2025-05-13,tennis,"Rome, Italy",WTA,Jasmine Paolini,Jelena Ostapenko,2,0,True,2,False,1.67,,2.2,,,,,,,,,,
2025-05-13,tennis,"Rome, Italy",WTA,Coco Gauff,Emma Raducanu,2,0,True,2,False,1.3,,3.5,,,,,,,,,,
2025-05-13,tennis,"Rome, Italy",WTA,Elina Svitolina,Danielle Collins,2,0,True,2,False,1.73,,2.1,,,,,,,,,,
2025-05-13,tennis,"Rome, Italy",WTA,Clara Tauson,Mirra Andreeva,1,2,False,3,True,3.75,,1.28,,,,,,,,,,
2025-05-13,tennis,"Rome, Italy",WTA,Bianca Andreescu,Qinwen Zheng,0,2,False,2,False,3.75,,1.28,,,,,,,,,,
2025-05-13,tennis,"Rome, Italy",WTA,Aryna Sabalenka,Marta Kostyuk,2,0,True,2,False,1.3,,3.5,,,,,,,,,,
2025-05-14,tennis,"Rome, Italy",ATP,Hubert Hurkacz,Jakub Menšik,2,1,True,3,True,3.0,,1.4,,,,,,,,,,
2025-05-14,tennis,"Rome, Italy",WTA,Jasmine Paolini,Diana Shnaider,2,1,True,3,True,1.73,,2.1,,,,,,,,,,
2025-05-14,tennis,"Rome, Italy",ATP,Hubert Hurkacz,Jakub Menšik,2,1,True,3,True,3.0,,1.4,,,,,,,,,,
2025-05-14,tennis,"Rome, Italy",ATP,Lorenzo Musetti,Daniil Medvedev,2,0,True,2,False,1.5,,2.62,,,,,,,,,,
2025-05-14,tennis,"Rome, Italy",ATP,Jannik Sinner,Francisco Cerundolo,2,0,True,2,False,1.28,,3.75,,,,,,,,,,
2025-05-14,tennis,"Rome, Italy",ATP,Arthur Fils,Alexander Zverev,0,2,False,2,False,2.38,,1.57,,,,,,,,,,
2025-05-14,tennis,"Rome, Italy",ATP,Tommy Paul,Alex de Minaur,2,0,True,2,False,2.5,,1.53,,,,,,,,,,
2025-05-14,tennis,"Rome, Italy",WTA,Jasmine Paolini,Diana Shnaider,2,1,True,3,True,1.73,,2.1,,,,,,,,,,
2025-05-14,tennis,"Rome, Italy",WTA,Peyton Stearns,Elina Svitolina,2,1,True,3,True,3.4,,1.33,,,,,,,,,,
2025-05-14,tennis,"Rome, Italy",ATP,Hubert Hurkacz,Jakub Menšik,2,1,True,3,True,3.0,,1.4,,,,,,,,,,
2025-05-14,tennis,"Rome, Italy",ATP,Lorenzo Musetti,Daniil Medvedev,2,0,True,2,False,1.5,,2.62,,,,,,,,,,
2025-05-14,tennis,"Rome, Italy",ATP,Jannik Sinner,Francisco Cerundolo,2,0,True,2,False,1.28,,3.75,,,,,,,,,,
2025-05-14,tennis,"Rome, Italy",ATP,Arthur Fils,Alexander Zverev,0,2,False,2,False,2.38,,1.57,,,,,,,,,,
2025-05-14,tennis,"Rome, Italy",ATP,Tommy Paul,Alex de Minaur,2,0,True,2,False,2.5,,1.53,,,,,,,,,,
2025-05-14,tennis,"Rome, Italy",WTA,Jasmine Paolini,Diana Shnaider,2,1,True,3,True,1.73,,2.1,,,,,,,,,,
2025-05-14,tennis,"Rome, Italy",WTA,Peyton Stearns,Elina Svitolina,2,1,True,3,True,3.4,,1.33,,,,,,,,,,
2025-05-15,tennis,"Rome, Italy",WTA,Coco Gauff,Mirra Andreeva,2,0,True,2,False,1.73,,2.1,,,,,,,,,,
2025-05-15,tennis,"Rome, Italy",ATP,Jaume Munar,Casper Ruud,0,2,False,2,False,4.5,,1.2,,,,,,,,,,
2025-05-15,tennis,"Rome, Italy",ATP,Jack Draper,Carlos Alcaraz,0,2,False,2,False,3.4,,1.33,,,,,,,,,,
2025-05-15,tennis,"Rome, Italy",ATP,Lorenzo Musetti,Alexander Zverev,2,0,True,2,False,2.38,,1.57,,,,,,,,,,
2025-05-15,tennis,"Rome, Italy",WTA,Coco Gauff,Mirra Andreeva,2,0,True,2,False,1.73,,2.1,,,,,,,,,,
2025-05-15,tennis,"Rome, Italy",WTA,Aryna Sabalenka,Qinwen Zheng,0,2,False,2,False,1.3,,3.5,,,,,,,,,,
2025-05-15,tennis,"Rome, Italy",ATP,Jaume Munar,Casper Ruud,0,2,False,2,False,4.5,,1.2,,,,,,,,,,
2025-05-15,tennis,"Rome, Italy",ATP,Jack Draper,Carlos Alcaraz,0,2,False,2,False,3.4,,1.33,,,,,,,,,,
2025-05-15,tennis,"Rome, Italy",ATP,Lorenzo Musetti,Alexander Zverev,2,0,True,2,False,2.38,,1.57,,,,,,,,,,
2025-05-15,tennis,"Rome, Italy",WTA,Coco Gauff,Mirra Andreeva,2,0,True,2,False,1.73,,2.1,,,,,,,,,,
2025-05-15,tennis,"Rome, Italy",WTA,Aryna Sabalenka,Qinwen Zheng,0,2,False,2,False,1.3,,3.5,,,,,,,,,,
2025-05-16,tennis,"Rome, Italy",ATP,Hubert Hurkacz,Tommy Paul,0,2,False,2,False,3.0,,1.4,,,,,,,,,,
2025-05-16,tennis,"Rome, Italy",ATP,Hubert Hurkacz,Tommy Paul,0,2,False,2,False,3.0,,1.4,,,,,,,,,,
2025-05-16,tennis,"Rome, Italy",ATP,Jannik Sinner,Casper Ruud,2,0,True,2,False,1.28,,3.75,,,,,,,,,,
2025-05-16,tennis,"Rome, Italy",WTA,Jasmine Paolini,Peyton Stearns,2,0,True,2,False,1.4,,3.0,,,,,,,,,,
2025-05-16,tennis,"Rome, Italy",WTA,Qinwen Zheng,Coco Gauff,1,2,False,3,True,2.5,,1.53,,,,,,,,,,
2025-05-16,tennis,"Rome, Italy",ATP,Hubert Hurkacz,Tommy Paul,0,2,False,2,False,3.0,,1.4,,,,,,,,,,
2025-05-16,tennis,"Rome, Italy",ATP,Jannik Sinner,Casper Ruud,2,0,True,2,False,1.28,,3.75,,,,,,,,,,
2025-05-16,tennis,"Rome, Italy",WTA,Jasmine Paolini,Peyton Stearns,2,0,True,2,False,1.4,,3.0,,,,,,,,,,
2025-05-16,tennis,"Rome, Italy",WTA,Qinwen Zheng,Coco Gauff,1,2,False,3,True,2.5,,1.53,,,,,,,,,,
2025-05-17,tennis,"Rome, Italy",ATP,Carlos Alcaraz,Lorenzo Musetti,2,0,True,2,False,1.36,,3.2,,,,,,,,,,
2025-05-17,tennis,"Rome, Italy",ATP,Jannik Sinner,Tommy Paul,2,1,True,3,True,1.08,,8.0,,,,,,,,,,
2025-05-17,tennis,"Rome, Italy",ATP,Carlos Alcaraz,Lorenzo Musetti,2,0,True,2,False,1.36,,3.2,,,,,,,,,,
2025-05-17,tennis,"Rome, Italy",ATP,Jannik Sinner,Tommy Paul,2,1,True,3,True,1.08,,8.0,,,,,,,,,,
2025-05-18,tennis,"Rome, Italy",WTA,Coco Gauff,Jasmine Paolini,0,2,False,2,False,1.44,,2.75,,,,,,,,,,
2025-05-18,tennis,"Rome, Italy",WTA,Coco Gauff,Jasmine Paolini,0,2,False,2,False,1.44,,2.75,,,,,,,,,,
2025-05-19,tennis,"Rome, Italy",ATP,Jannik Sinner,Carlos Alcaraz,0,2,False,2,False,1.62,,2.3,,,,,,,,,,
2025-05-19,tennis,"Rome, Italy",ATP,Jannik Sinner,Carlos Alcaraz,0,2,False,2,False,1.62,,2.3,,,,,,,,,,
2025-06-10,tennis,ITF W15 Madrid Women,ITF Women,Ines Leon,Maria de La Paz Alberto,0,2,False,2,False,1.53,,2.38,,,,,,,,,,
2025-06-10,tennis,ITF W15 Madrid Women,ITF Women,Berta Bonardi,Amanda Montes Khaghani,2,0,True,2,False,1.14,,5.0,,,,,,,,,,
2025-06-10,tennis,ITF W15 Madrid Women,ITF Women,Ines Leon,Maria de La Paz Alberto,0,2,False,2,False,1.53,,2.38,,,,,,,,,,
2025-06-10,tennis,ITF W15 Madrid Women,ITF Women,Berta Bonardi,Amanda Montes Khaghani,2,0,True,2,False,1.14,,5.0,,,,,,,,,,
2025-06-11,tennis,ITF W15 Madrid Women,ITF Women,Anastasia Bertacchi,Elizara Yaneva,0,2,False,2,False,6.0,,1.11,,,,,,,,,,
2025-06-11,tennis,ITF W15 Madrid Women,ITF Women,Angella Okutoyi,Eugenia Zozaya Menendez,2,0,True,2,False,1.29,,3.5,,,,,,,,,,
2025-06-11,tennis,ITF W15 Madrid Women,ITF Women,Anastasia Bertacchi,Elizara Yaneva,0,2,False,2,False,6.0,,1.11,,,,,,,,,,
2025-06-11,tennis,ITF W15 Madrid Women,ITF Women,Angella Okutoyi,Eugenia Zozaya Menendez,2,0,True,2,False,1.29,,3.5,,,,,,,,,,
2025-06-11,tennis,ITF W15 Madrid Women,ITF Women,Juliana Giaccio,Katerina Tsygourova,0,2,False,2,False,3.25,,1.33,,,,,,,,,,
2025-06-11,tennis,ITF W15 Madrid Women,ITF Women,Maria Andrienko,Meritxell Teixido Garcia,2,0,True,2,False,1.67,,2.1,,,,,,,,,,
2025-06-11,tennis,ITF W15 Madrid Women,ITF Women,Mika Buchnik,Greta Fenyves,2,1,True,3,True,1.22,,4.0,,,,,,,,,,
2025-06-11,tennis,ITF W15 Madrid Women,ITF Women,Emily Seibold,Lucia Llinares Domingo,2,0,True,2,False,1.22,,4.0,,,,,,,,,,
2025-06-11,tennis,ITF W15 Madrid Women,ITF Women,Luisina Giovannini,Olga Bienzobas Fernandez,2,0,True,2,False,1.02,,10.5,,,,,,,,,,
2025-06-11,tennis,ITF W15 Madrid Women,ITF Women,Maria Paulina Perez Garcia,Margaux Maquet,0,2,False,2,False,7.5,,1.07,,,,,,,,,,
2025-06-11,tennis,ITF W15 Madrid Women,ITF Women,Marta Soriano Santiago,Sofia Rocchetti,0,2,False,2,False,1.83,,1.83,,,,,,,,,,
2025-06-11,tennis,ITF W15 Madrid Women,ITF Women,Anastasia Bertacchi,Elizara Yaneva,0,2,False,2,False,6.0,,1.11,,,,,,,,,,
2025-06-11,tennis,ITF W15 Madrid Women,ITF Women,Angella Okutoyi,Eugenia Zozaya Menendez,2,0,True,2,False,1.29,,3.5,,,,,,,,,,
2025-06-11,tennis,ITF W15 Madrid Women,ITF Women,Juliana Giaccio,Katerina Tsygourova,0,2,False,2,False,3.25,,1.33,,,,,,,,,,
2025-06-11,tennis,ITF W15 Madrid Women,ITF Women,Maria Andrienko,Meritxell Teixido Garcia,2,0,True,2,False,1.67,,2.1,,,,,,,,,,
2025-06-11,tennis,ITF W15 Madrid Women,ITF Women,Mika Buchnik,Greta Fenyves,2,1,True,3,True,1.22,,4.0,,,,,,,,,,
2025-06-11,tennis,ITF W15 Madrid Women,ITF Women,Emily Seibold,Lucia Llinares Domingo,2,0,True,2,False,1.22,,4.0,,,,,,,,,,
2025-06-11,tennis,ITF W15 Madrid Women,ITF Women,Luisina Giovannini,Olga Bienzobas Fernandez,2,0,True,2,False,1.02,,10.5,,,,,,,,,,
2025-06-11,tennis,ITF W15 Madrid Women,ITF Women,Maria Paulina Perez Garcia,Margaux Maquet,0,2,False,2,False,7.5,,1.07,,,,,,,,,,
2025-06-11,tennis,ITF W15 Madrid Women,ITF Women,Marta Soriano Santiago,Sofia Rocchetti,0,2,False,2,False,1.83,,1.83,,,,,,,,,,
2025-06-12,tennis,ITF W15 Madrid Women,ITF Women,Emily Seibold,Maria Andrienko,2,0,True,2,False,1.11,,6.0,,,,,,,,,,
2025-06-12,tennis,ITF W15 Madrid Women,ITF Women,Luisina Giovannini,Mika Buchnik,2,0,True,2,False,1.06,,8.0,,,,,,,,,,
2025-06-12,tennis,ITF W15 Madrid Women,ITF Women,Maria de La Paz Alberto,Sofia Rocchetti,2,1,True,3,True,3.5,,1.29,,,,,,,,,,
2025-06-12,tennis,ITF W15 Madrid Women,ITF Women,Margaux Maquet,Elizara Yaneva,1,2,False,3,True,7.0,,1.08,,,,,,,,,,
2025-06-12,tennis,ITF W15 Madrid Women,ITF Women,Emily Seibold,Maria Andrienko,2,0,True,2,False,1.11,,6.0,,,,,,,,,,
2025-06-12,tennis,ITF W15 Madrid Women,ITF Women,Luisina Giovannini,Mika Buchnik,2,0,True,2,False,1.06,,8.0,,,,,,,,,,
2025-06-12,tennis,ITF W15 Madrid Women,ITF Women,Maria de La Paz Alberto,Sofia Rocchetti,2,1,True,3,True,3.5,,1.29,,,,,,,,,,
2025-06-12,tennis,ITF W15 Madrid Women,ITF Women,Margaux Maquet,Elizara Yaneva,1,2,False,3,True,7.0,,1.08,,,,,,,,,,
2025-06-13,tennis,ITF W15 Madrid Women,ITF Women,Berta Bonardi,Katerina Tsygourova,0,2,False,2,False,4.0,,1.22,,,,,,,,,,
2025-06-13,tennis,ITF W15 Madrid Women,ITF Women,Berta Bonardi,Katerina Tsygourova,0,2,False,2,False,4.0,,1.22,,,,,,,,,,
2025-06-13,tennis,ITF W15 Madrid Women,ITF Women,Alina Granwehr,Angella Okutoyi,2,0,True,2,False,1.67,,2.1,,,,,,,,,,
2025-06-13,tennis,ITF W15 Madrid Women,ITF Women,Emily Seibold,Maria de La Paz Alberto,2,0,True,2,False,1.08,,7.0,,,,,,,,,,
2025-06-13,tennis,ITF W15 Madrid Women,ITF Women,Luisina Giovannini,Elizara Yaneva,0,2,False,2,False,1.44,,2.62,,,,,,,,,,
2025-06-13,tennis,ITF W15 Madrid Women,ITF Women,Berta Bonardi,Katerina Tsygourova,0,2,False,2,False,4.0,,1.22,,,,,,,,,,
2025-06-13,tennis,ITF W15 Madrid Women,ITF Women,Alina Granwehr,Angella Okutoyi,2,0,True,2,False,1.67,,2.1,,,,,,,,,,
2025-06-13,tennis,ITF W15 Madrid Women,ITF Women,Emily Seibold,Maria de La Paz Alberto,2,0,True,2,False,1.08,,7.0,,,,,,,,,,
2025-06-13,tennis,ITF W15 Madrid Women,ITF Women,Luisina Giovannini,Elizara Yaneva,0,2,False,2,False,1.44,,2.62,,,,,,,,,,
2025-06-14,tennis,ITF W15 Madrid Women,ITF Women,Elizara Yaneva,Alina Granwehr,0,2,False,2,False,1.83,,1.83,,,,,,,,,,
2025-06-14,tennis,ITF W15 Madrid Women,ITF Women,Elizara Yaneva,Alina Granwehr,0,2,False,2,False,1.83,,1.83,,,,,,,,,,
2025-06-15,tennis,ITF W15 Madrid Women,ITF Women,Alina Granwehr,Xinle Geng,2,0,True,2,False,1.4,,2.75,,,,,,,,,,
2025-06-15,tennis,ITF W15 Madrid Women,ITF Women,Alina Granwehr,Xinle Geng,2,0,True,2,False,1.4,,2.75,,,,,,,,,,
2025-07-01,tennis,"Wimbledon, London, Great Britain",ATP,Adrian Mannarino,Christopher O'Connell,3,0,True,3,False,1.4,,3.0,,,,,,,,,,
2025-07-01,tennis,"Wimbledon, London, Great Britain",ATP,Benjamin Bonzi,Daniil Medvedev,3,1,True,4,True,10.0,,1.06,,,,,,,,,,
2025-07-01,tennis,"Wimbledon, London, Great Britain",ATP,Elmer Moller,Frances Tiafoe,0,3,False,3,False,11.0,,1.05,,,,,,,,,,
2025-07-01,tennis,"Wimbledon, London, Great Britain",ATP,Jiri Lehečka,Hugo Dellien,3,1,True,4,True,1.01,,29.0,,,,,,,,,,
2025-07-01,tennis,"Wimbledon, London, Great Britain",ATP,Learner Tien,Nishesh Basavareddy,3,0,True,3,False,1.44,,2.75,,,,,,,,,,
2025-07-01,tennis,"Wimbledon, London, Great Britain",ATP,Mattia Bellucci,Oliver Crawford,3,1,True,4,True,1.3,,3.5,,,,,,,,,,
2025-07-01,tennis,"Wimbledon, London, Great Britain",ATP,Oliver Tarvet,Leandro Riedi,3,0,True,3,False,2.1,,1.73,,,,,,,,,,
2025-07-01,tennis,"Wimbledon, London, Great Britain",ATP,Vit Kopřiva,Jordan Thompson,2,3,False,5,True,3.0,,1.4,,,,,,,,,,
2025-07-01,tennis,"Wimbledon, London, Great Britain",ATP,Cameron Norrie,Roberto Bautista Agut,3,1,True,4,True,1.8,,2.0,,,,,,,,,,
2025-07-01,tennis,"Wimbledon, London, Great Britain",ATP,Alexei Popyrin,Arthur Fery,1,3,False,4,True,1.22,,4.33,,,,,,,,,,
2025-07-01,tennis,"Wimbledon, London, Great Britain",ATP,Zizou Bergs,Lloyd Harris,1,3,False,4,True,1.44,,2.75,,,,,,,,,,
2025-07-01,tennis,"Wimbledon, London, Great Britain",WTA,Anca Todoni,Cristina Bucsa,0,2,False,2,False,1.62,,2.3,,,,,,,,,,
2025-07-01,tennis,"Wimbledon, London, Great Britain",WTA,Anna Bondar,Elina Svitolina,0,2,False,2,False,15.0,,1.03,,,,,,,,,,
2025-07-01,tennis,"Wimbledon, London, Great Britain",WTA,Diane Parry,Petra Martić,2,1,True,3,True,1.53,,2.5,,,,,,,,,,
2025-07-01,tennis,"Wimbledon, London, Great Britain",WTA,Eva Lys,Yue Yuan,2,1,True,3,True,2.0,,1.8,,,,,,,,,,
2025-07-01,tennis,"Wimbledon, London, Great Britain",WTA,Kimberly Birrell,Donna Vekić,0,2,False,2,False,2.75,,1.44,,,,,,,,,,
2025-07-01,tennis,"Wimbledon, London, Great Britain",WTA,Sonay Kartal,Jelena Ostapenko,2,1,True,3,True,2.5,,1.53,,,,,,,,,,
2025-07-01,tennis,"Wimbledon, London, Great Britain",WTA,Bernarda Pera,Linda Noskova,0,2,False,2,False,4.5,,1.2,,,,,,,,,,
2025-07-01,tennis,"Wimbledon, London, Great Britain",ATP,Adrian Mannarino,Christopher O'Connell,3,0,True,3,False,1.4,,3.0,,,,,,,,,,
2025-07-01,tennis,"Wimbledon, London, Great Britain",ATP,Benjamin Bonzi,Daniil Medvedev,3,1,True,4,True,10.0,,1.06,,,,,,,,,,
2025-07-01,tennis,"Wimbledon, London, Great Britain",ATP,Elmer Moller,Frances Tiafoe,0,3,False,3,False,11.0,,1.05,,,,,,,,,,
2025-07-01,tennis,"Wimbledon, London, Great Britain",ATP,Jiri Lehečka,Hugo Dellien,3,1,True,4,True,1.01,,29.0,,,,,,,,,,
2025-07-01,tennis,"Wimbledon, London, Great Britain",ATP,Learner Tien,Nishesh Basavareddy,3,0,True,3,False,1.44,,2.75,,,,,,,,,,
2025-07-01,tennis,"Wimbledon, London, Great Britain",ATP,Mattia Bellucci,Oliver Crawford,3,1,True,4,True,1.3,,3.5,,,,,,,,,,
2025-07-01,tennis,"Wimbledon, London, Great Britain",ATP,Oliver Tarvet,Leandro Riedi,3,0,True,3,False,2.1,,1.73,,,,,,,,,,
2025-07-01,tennis,"Wimbledon, London, Great Britain",ATP,Vit Kopřiva,Jordan Thompson,2,3,False,5,True,3.0,,1.4,,,,,,,,,,
2025-07-01,tennis,"Wimbledon, London, Great Britain",ATP,Cameron Norrie,Roberto Bautista Agut,3,1,True,4,True,1.8,,2.0,,,,,,,,,,
2025-07-01,tennis,"Wimbledon, London, Great Britain",ATP,Alexei Popyrin,Arthur Fery,1,3,False,4,True,1.22,,4.33,,,,,,,,,,
2025-07-01,tennis,"Wimbledon, London, Great Britain",ATP,Zizou Bergs,Lloyd Harris,1,3,False,4,True,1.44,,2.75,,,,,,,,,,
2025-07-01,tennis,"Wimbledon, London, Great Britain",ATP,Holger Rune,Nicolas Jarry,2,3,False,5,True,1.28,,3.75,,,,,,,,,,
2025-07-01,tennis,"Wimbledon, London, Great Britain",ATP,Fabio Fognini,Carlos Alcaraz,2,3,False,5,True,51.0,,1.0,,,,,,,,,,
2025-07-01,tennis,"Wimbledon, London, Great Britain",ATP,Luciano Darderi,Roman Safiullin,3,2,True,5,True,3.0,,1.4,,,,,,,,,,
2025-07-01,tennis,"Wimbledon, London, Great Britain",ATP,Francisco Cerundolo,Nuno Borges,1,3,False,4,True,1.53,,2.5,,,,,,,,,,
2025-07-01,tennis,"Wimbledon, London, Great Britain",ATP,Felix Auger-Aliassime,James Duckworth,3,2,True,5,True,1.2,,4.5,,,,,,,,,,
2025-07-01,tennis,"Wimbledon, London, Great Britain",ATP,Jacob Fearnley,Joao Fonseca,0,3,False,3,False,2.63,,1.5,,,,,,,,,,
2025-07-01,tennis,"Wimbledon, London, Great Britain",ATP,Ethan Quinn,Henry Searle,3,1,True,4,True,1.44,,2.75,,,,,,,,,,
2025-07-01,tennis,"Wimbledon, London, Great Britain",ATP,Mackenzie McDonald,Karen Khachanov,0,3,False,3,False,4.0,,1.25,,,,,,,,,,
2025-07-01,tennis,"Wimbledon, London, Great Britain",ATP,Billy Harris,Dušan Lajović,3,0,True,3,False,1.4,,3.0,,,,,,,,,,
2025-07-01,tennis,"Wimbledon, London, Great Britain",ATP,Cristian Garin,Chris Rodesch,3,0,True,3,False,1.62,,2.3,,,,,,,,,,
2025-07-01,tennis,"Wimbledon, London, Great Britain",ATP,Andrey Rublev,Laslo Djere,3,1,True,4,True,1.25,,4.0,,,,,,,,,,
2025-07-01,tennis,"Wimbledon, London, Great Britain",ATP,Jan-Lennard Struff,Filip Misolic,3,1,True,4,True,1.67,,2.2,,,,,,,,,,
2025-07-01,tennis,"Wimbledon, London, Great Britain",ATP,Matteo Berrettini,Kamil Majchrzak,2,3,False,5,True,1.13,,6.0,,,,,,,,,,
2025-07-01,tennis,"Wimbledon, London, Great Britain",ATP,Brandon Holt,Alejandro Davidovich Fokina,0,3,False,3,False,4.5,,1.2,,,,,,,,,,
2025-07-01,tennis,"Wimbledon, London, Great Britain",ATP,Jenson Brooksby,Tallon Griekspoor,3,0,True,3,False,2.75,,1.44,,,,,,,,,,
2025-07-01,tennis,"Wimbledon, London, Great Britain",ATP,Gabriel Diallo,Daniel Altmaier,3,0,True,3,False,1.2,,4.5,,,,,,,,,,
2025-07-01,tennis,"Wimbledon, London, Great Britain",WTA,Anca Todoni,Cristina Bucsa,0,2,False,2,False,1.62,,2.3,,,,,,,,,,
2025-07-01,tennis,"Wimbledon, London, Great Britain",WTA,Anna Bondar,Elina Svitolina,0,2,False,2,False,15.0,,1.03,,,,,,,,,,
2025-07-01,tennis,"Wimbledon, London, Great Britain",WTA,Diane Parry,Petra Martić,2,1,True,3,True,1.53,,2.5,,,,,,,,,,
2025-07-01,tennis,"Wimbledon, London, Great Britain",WTA,Eva Lys,Yue Yuan,2,1,True,3,True,2.0,,1.8,,,,,,,,,,
2025-07-01,tennis,"Wimbledon, London, Great Britain",WTA,Kimberly Birrell,Donna Vekić,0,2,False,2,False,2.75,,1.44,,,,,,,,,,
2025-07-01,tennis,"Wimbledon, London, Great Britain",WTA,Sonay Kartal,Jelena Ostapenko,2,1,True,3,True,2.5,,1.53,,,,,,,,,,
2025-07-01,tennis,"Wimbledon, London, Great Britain",WTA,Bernarda Pera,Linda Noskova,0,2,False,2,False,4.5,,1.2,,,,,,,,,,
2025-07-01,tennis,"Wimbledon, London, Great Britain",WTA,Aryna Sabalenka,Carson Branstine,2,0,True,2,False,1.03,,15.0,,,,,,,,,,
2025-07-01,tennis,"Wimbledon, London, Great Britain",WTA,Varvara Gracheva,Aliaksandra Sasnovich,1,2,False,3,True,2.0,,1.8,,,,,,,,,,
2025-07-01,tennis,"Wimbledon, London, Great Britain",WTA,Beatriz Haddad Maia,Rebecca Šramková,2,0,True,2,False,1.53,,2.5,,,,,,,,,,
2025-07-01,tennis,"Wimbledon, London, Great Britain",WTA,Solana Sierra,Olivia Gadecki,2,0,True,2,False,2.62,,1.91,,,,,,,,,,
2025-07-01,tennis,"Wimbledon, London, Great Britain",WTA,Peyton Stearns,Laura Siegemund,0,2,False,2,False,1.53,,2.5,,,,,,,,,,
2025-07-01,tennis,"Wimbledon, London, Great Britain",WTA,Diana Shnaider,Moyuka Uchijima,2,0,True,2,False,1.08,,8.0,,,,,,,,,,
2025-07-01,tennis,"Wimbledon, London, Great Britain",WTA,Elena-Gabriela Ruse,Madison Keys,1,2,False,3,True,4.5,,1.2,,,,,,,,,,
2025-07-01,tennis,"Wimbledon, London, Great Britain",WTA,Olga Danilović,Shuai Zhang,2,0,True,2,False,1.73,,2.1,,,,,,,,,,
2025-07-01,tennis,"Wimbledon, London, Great Britain",WTA,Leylah Fernandez,Hannah Klugman,2,0,True,2,False,1.08,,8.0,,,,,,,,,,
2025-07-01,tennis,"Wimbledon, London, Great Britain",WTA,Harriet Dart,Dalma Galfi,1,2,False,3,True,1.67,,2.2,,,,,,,,,,
2025-07-01,tennis,"Wimbledon, London, Great Britain",WTA,Yanina Wickmayer,Renata Zarazua,0,2,False,2,False,2.2,,1.67,,,,,,,,,,
2025-07-01,tennis,"Wimbledon, London, Great Britain",WTA,Marketa Vondrousova,McCartney Kessler,2,0,True,2,False,1.5,,2.63,,,,,,,,,,
2025-07-01,tennis,"Wimbledon, London, Great Britain",WTA,Ann Li,Viktorija Golubic,2,1,True,3,True,2.2,,1.67,,,,,,,,,,
2025-07-01,tennis,"Wimbledon, London, Great Britain",WTA,Kamilla Rakhimova,Aoi Ito,2,1,True,3,True,1.3,,3.5,,,,,,,,,,
2025-07-01,tennis,"Wimbledon, London, Great Britain",WTA,Emma Raducanu,Mingge Xu,2,0,True,2,False,1.17,,5.0,,,,,,,,,,
2025-07-01,tennis,"Wimbledon, London, Great Britain",WTA,Jasmine Paolini,Anastasija Sevastova,2,1,True,3,True,1.06,,10.0,,,,,,,,,,
2025-07-01,tennis,"Wimbledon, London, Great Britain",WTA,Lulu Sun,Marie Bouzkova,0,2,False,2,False,2.75,,1.44,,,,,,,,,,
2025-07-01,tennis,"Wimbledon, London, Great Britain",WTA,Yulia Putintseva,Amanda Anisimova,0,2,False,2,False,3.2,,1.36,,,,,,,,,,
2025-07-01,tennis,"Wimbledon, London, Great Britain",WTA,Naomi Osaka,Talia Gibson,2,0,True,2,False,1.14,,5.5,,,,,,,,,,
2025-07-01,tennis,"Wimbledon, London, Great Britain",WTA,Anastasia Pavlyuchenkova,Ajla Tomljanovic,2,1,True,3,True,1.67,,2.2,,,,,,,,,,
2025-07-01,tennis,"Wimbledon, London, Great Britain",WTA,Paula Badosa,Katie Boulter,1,2,False,3,True,1.8,,2.0,,,,,,,,,,
2025-07-01,tennis,"Wimbledon, London, Great Britain",WTA,Elise Mertens,Linda Fruhvirtova,2,0,True,2,False,1.28,,3.75,,,,,,,,,,
2025-07-01,tennis,"Wimbledon, London, Great Britain",WTA,Ashlyn Krueger,Mika Stojsavljevic,2,0,True,2,False,1.11,,6.5,,,,,,,,,,
2025-07-01,tennis,"Wimbledon, London, Great Britain",ATP,Adrian Mannarino,Christopher O'Connell,3,0,True,3,False,1.4,,3.0,,,,,,,,,,
2025-07-01,tennis,"Wimbledon, London, Great Britain",ATP,Benjamin Bonzi,Daniil Medvedev,3,1,True,4,True,10.0,,1.06,,,,,,,,,,
2025-07-01,tennis,"Wimbledon, London, Great Britain",ATP,Elmer Moller,Frances Tiafoe,0,3,False,3,False,11.0,,1.05,,,,,,,,,,
2025-07-01,tennis,"Wimbledon, London, Great Britain",ATP,Jiri Lehečka,Hugo Dellien,3,1,True,4,True,1.01,,29.0,,,,,,,,,,
2025-07-01,tennis,"Wimbledon, London, Great Britain",ATP,Learner Tien,Nishesh Basavareddy,3,0,True,3,False,1.44,,2.75,,,,,,,,,,
2025-07-01,tennis,"Wimbledon, London, Great Britain",ATP,Mattia Bellucci,Oliver Crawford,3,1,True,4,True,1.3,,3.5,,,,,,,,,,
2025-07-01,tennis,"Wimbledon, London, Great Britain",ATP,Oliver Tarvet,Leandro Riedi,3,0,True,3,False,2.1,,1.73,,,,,,,,,,
2025-07-01,tennis,"Wimbledon, London, Great Britain",ATP,Vit Kopřiva,Jordan Thompson,2,3,False,5,True,3.0,,1.4,,,,,,,,,,
2025-07-01,tennis,"Wimbledon, London, Great Britain",ATP,Cameron Norrie,Roberto Bautista Agut,3,1,True,4,True,1.8,,2.0,,,,,,,,,,
2025-07-01,tennis,"Wimbledon, London, Great Britain",ATP,Alexei Popyrin,Arthur Fery,1,3,False,4,True,1.22,,4.33,,,,,,,,,,
2025-07-01,tennis,"Wimbledon, London, Great Britain",ATP,Zizou Bergs,Lloyd Harris,1,3,False,4,True,1.44,,2.75,,,,,,,,,,
2025-07-01,tennis,"Wimbledon, London, Great Britain",ATP,Holger Rune,Nicolas Jarry,2,3,False,5,True,1.28,,3.75,,,,,,,,,,
2025-07-01,tennis,"Wimbledon, London, Great Britain",ATP,Fabio Fognini,Carlos Alcaraz,2,3,False,5,True,51.0,,1.0,,,,,,,,,,
2025-07-01,tennis,"Wimbledon, London, Great Britain",ATP,Luciano Darderi,Roman Safiullin,3,2,True,5,True,3.0,,1.4,,,,,,,,,,
2025-07-01,tennis,"Wimbledon, London, Great Britain",ATP,Francisco Cerundolo,Nuno Borges,1,3,False,4,True,1.53,,2.5,,,,,,,,,,
2025-07-01,tennis,"Wimbledon, London, Great Britain",ATP,Felix Auger-Aliassime,James Duckworth,3,2,True,5,True,1.2,,4.5,,,,,,,,,,
2025-07-01,tennis,"Wimbledon, London, Great Britain",ATP,Jacob Fearnley,Joao Fonseca,0,3,False,3,False,2.63,,1.5,,,,,,,,,,
2025-07-01,tennis,"Wimbledon, London, Great Britain",ATP,Ethan Quinn,Henry Searle,3,1,True,4,True,1.44,,2.75,,,,,,,,,,
2025-07-01,tennis,"Wimbledon, London, Great Britain",ATP,Mackenzie McDonald,Karen Khachanov,0,3,False,3,False,4.0,,1.25,,,,,,,,,,
2025-07-01,tennis,"Wimbledon, London, Great Britain",ATP,Billy Harris,Dušan Lajović,3,0,True,3,False,1.4,,3.0,,,,,,,,,,
2025-07-01,tennis,"Wimbledon, London, Great Britain",ATP,Cristian Garin,Chris Rodesch,3,0,True,3,False,1.62,,2.3,,,,,,,,,,
2025-07-01,tennis,"Wimbledon, London, Great Britain",ATP,Andrey Rublev,Laslo Djere,3,1,True,4,True,1.25,,4.0,,,,,,,,,,
2025-07-01,tennis,"Wimbledon, London, Great Britain",ATP,Jan-Lennard Struff,Filip Misolic,3,1,True,4,True,1.67,,2.2,,,,,,,,,,
2025-07-01,tennis,"Wimbledon, London, Great Britain",ATP,Matteo Berrettini,Kamil Majchrzak,2,3,False,5,True,1.13,,6.0,,,,,,,,,,
2025-07-01,tennis,"Wimbledon, London, Great Britain",ATP,Brandon Holt,Alejandro Davidovich Fokina,0,3,False,3,False,4.5,,1.2,,,,,,,,,,
2025-07-01,tennis,"Wimbledon, London, Great Britain",ATP,Jenson Brooksby,Tallon Griekspoor,3,0,True,3,False,2.75,,1.44,,,,,,,,,,
2025-07-01,tennis,"Wimbledon, London, Great Britain",ATP,Gabriel Diallo,Daniel Altmaier,3,0,True,3,False,1.2,,4.5,,,,,,,,,,
2025-07-01,tennis,"Wimbledon, London, Great Britain",WTA,Anca Todoni,Cristina Bucsa,0,2,False,2,False,1.62,,2.3,,,,,,,,,,
2025-07-01,tennis,"Wimbledon, London, Great Britain",WTA,Anna Bondar,Elina Svitolina,0,2,False,2,False,15.0,,1.03,,,,,,,,,,
2025-07-01,tennis,"Wimbledon, London, Great Britain",WTA,Diane Parry,Petra Martić,2,1,True,3,True,1.53,,2.5,,,,,,,,,,
2025-07-01,tennis,"Wimbledon, London, Great Britain",WTA,Eva Lys,Yue Yuan,2,1,True,3,True,2.0,,1.8,,,,,,,,,,
2025-07-01,tennis,"Wimbledon, London, Great Britain",WTA,Kimberly Birrell,Donna Vekić,0,2,False,2,False,2.75,,1.44,,,,,,,,,,
2025-07-01,tennis,"Wimbledon, London, Great Britain",WTA,Sonay Kartal,Jelena Ostapenko,2,1,True,3,True,2.5,,1.53,,,,,,,,,,
2025-07-01,tennis,"Wimbledon, London, Great Britain",WTA,Bernarda Pera,Linda Noskova,0,2,False,2,False,4.5,,1.2,,,,,,,,,,
2025-07-01,tennis,"Wimbledon, London, Great Britain",WTA,Aryna Sabalenka,Carson Branstine,2,0,True,2,False,1.03,,15.0,,,,,,,,,,
2025-07-01,tennis,"Wimbledon, London, Great Britain",WTA,Varvara Gracheva,Aliaksandra Sasnovich,1,2,False,3,True,2.0,,1.8,,,,,,,,,,
2025-07-01,tennis,"Wimbledon, London, Great Britain",WTA,Beatriz Haddad Maia,Rebecca Šramková,2,0,True,2,False,1.53,,2.5,,,,,,,,,,
2025-07-01,tennis,"Wimbledon, London, Great Britain",WTA,Solana Sierra,Olivia Gadecki,2,0,True,2,False,2.62,,1.91,,,,,,,,,,
2025-07-01,tennis,"Wimbledon, London, Great Britain",WTA,Peyton Stearns,Laura Siegemund,0,2,False,2,False,1.53,,2.5,,,,,,,,,,
2025-07-01,tennis,"Wimbledon, London, Great Britain",WTA,Diana Shnaider,Moyuka Uchijima,2,0,True,2,False,1.08,,8.0,,,,,,,,,,
2025-07-01,tennis,"Wimbledon, London, Great Britain",WTA,Elena-Gabriela Ruse,Madison Keys,1,2,False,3,True,4.5,,1.2,,,,,,,,,,
2025-07-01,tennis,"Wimbledon, London, Great Britain",WTA,Olga Danilović,Shuai Zhang,2,0,True,2,False,1.73,,2.1,,,,,,,,,,
2025-07-01,tennis,"Wimbledon, London, Great Britain",WTA,Leylah Fernandez,Hannah Klugman,2,0,True,2,False,1.08,,8.0,,,,,,,,,,
2025-07-01,tennis,"Wimbledon, London, Great Britain",WTA,Harriet Dart,Dalma Galfi,1,2,False,3,True,1.67,,2.2,,,,,,,,,,
2025-07-01,tennis,"Wimbledon, London, Great Britain",WTA,Yanina Wickmayer,Renata Zarazua,0,2,False,2,False,2.2,,1.67,,,,,,,,,,
2025-07-01,tennis,"Wimbledon, London, Great Britain",WTA,Marketa Vondrousova,McCartney Kessler,2,0,True,2,False,1.5,,2.63,,,,,,,,,,
2025-07-01,tennis,"Wimbledon, London, Great Britain",WTA,Ann Li,Viktorija Golubic,2,1,True,3,True,2.2,,1.67,,,,,,,,,,
2025-07-01,tennis,"Wimbledon, London, Great Britain",WTA,Kamilla Rakhimova,Aoi Ito,2,1,True,3,True,1.3,,3.5,,,,,,,,,,
2025-07-01,tennis,"Wimbledon, London, Great Britain",WTA,Emma Raducanu,Mingge Xu,2,0,True,2,False,1.17,,5.0,,,,,,,,,,
2025-07-01,tennis,"Wimbledon, London, Great Britain",WTA,Jasmine Paolini,Anastasija Sevastova,2,1,True,3,True,1.06,,10.0,,,,,,,,,,
2025-07-01,tennis,"Wimbledon, London, Great Britain",WTA,Lulu Sun,Marie Bouzkova,0,2,False,2,False,2.75,,1.44,,,,,,,,,,
2025-07-01,tennis,"Wimbledon, London, Great Britain",WTA,Yulia Putintseva,Amanda Anisimova,0,2,False,2,False,3.2,,1.36,,,,,,,,,,
2025-07-01,tennis,"Wimbledon, London, Great Britain",WTA,Naomi Osaka,Talia Gibson,2,0,True,2,False,1.14,,5.5,,,,,,,,,,
2025-07-01,tennis,"Wimbledon, London, Great Britain",WTA,Anastasia Pavlyuchenkova,Ajla Tomljanovic,2,1,True,3,True,1.67,,2.2,,,,,,,,,,
2025-07-01,tennis,"Wimbledon, London, Great Britain",WTA,Paula Badosa,Katie Boulter,1,2,False,3,True,1.8,,2.0,,,,,,,,,,
2025-07-01,tennis,"Wimbledon, London, Great Britain",WTA,Elise Mertens,Linda Fruhvirtova,2,0,True,2,False,1.28,,3.75,,,,,,,,,,
2025-07-01,tennis,"Wimbledon, London, Great Britain",WTA,Ashlyn Krueger,Mika Stojsavljevic,2,0,True,2,False,1.11,,6.5,,,,,,,,,,
2025-07-02,tennis,"Wimbledon, London, Great Britain",ATP,Alex Michelsen,Miomir Kecmanović,2,3,False,5,True,1.44,,2.75,,,,,,,,,,
2025-07-02,tennis,"Wimbledon, London, Great Britain",ATP,Alex de Minaur,Roberto Carballés Baena,3,0,True,3,False,1.0,,34.0,,,,,,,,,,
2025-07-02,tennis,"Wimbledon, London, Great Britain",ATP,Arthur Cazaux,Adam Walton,3,2,True,5,True,1.53,,2.5,,,,,,,,,,
2025-07-02,tennis,"Wimbledon, London, Great Britain",ATP,Chun-Hsin Tseng,Aleksandar Vukic,1,3,False,4,True,4.33,,1.22,,,,,,,,,,
2025-07-02,tennis,"Wimbledon, London, Great Britain",ATP,Jaime Faria,Lorenzo Sonego,0,3,False,3,False,3.5,,1.3,,,,,,,,,,
2025-07-02,tennis,"Wimbledon, London, Great Britain",ATP,James McCabe,Fábián Marozsán,0,3,False,3,False,2.75,,1.44,,,,,,,,,,
2025-07-02,tennis,"Wimbledon, London, Great Britain",ATP,Johannus Monday,Tommy Paul,0,3,False,3,False,13.0,,1.04,,,,,,,,,,
2025-07-02,tennis,"Wimbledon, London, Great Britain",ATP,Jesper De Jong,Christopher Eubanks,3,2,True,5,True,1.8,,2.0,,,,,,,,,,
2025-07-02,tennis,"Wimbledon, London, Great Britain",ATP,Nikoloz Basilashvili,Lorenzo Musetti,3,1,True,4,True,3.2,,1.36,,,,,,,,,,
2025-07-02,tennis,"Wimbledon, London, Great Britain",ATP,Mariano Navone,Denis Shapovalov,3,1,True,4,True,6.0,,1.13,,,,,,,,,,
2025-07-02,tennis,"Wimbledon, London, Great Britain",ATP,Jaume Munar,Alexander Bublik,3,2,True,5,True,4.33,,1.22,,,,,,,,,,
2025-07-02,tennis,"Wimbledon, London, Great Britain",WTA,Clara Tauson,Heather Watson,2,1,True,3,True,1.25,,4.0,,,,,,,,,,
2025-07-02,tennis,"Wimbledon, London, Great Britain",WTA,Daria Kasatkina,Emiliana Arango,2,0,True,2,False,1.13,,6.0,,,,,,,,,,
2025-07-02,tennis,"Wimbledon, London, Great Britain",WTA,Elisabetta Cocciaretto,Jessica Pegula,2,0,True,2,False,8.0,,1.08,,,,,,,,,,
2025-07-02,tennis,"Wimbledon, London, Great Britain",WTA,Irina-Camelia Begu,Kaja Juvan,2,1,True,3,True,3.75,,1.28,,,,,,,,,,
2025-07-02,tennis,"Wimbledon, London, Great Britain",WTA,Katie Volynets,Tatjana Maria,2,1,True,3,True,2.75,,1.44,,,,,,,,,,
2025-07-02,tennis,"Wimbledon, London, Great Britain",WTA,Priscilla Hon,Ekaterina Alexandrova,0,2,False,2,False,9.0,,1.07,,,,,,,,,,
2025-07-02,tennis,"Wimbledon, London, Great Britain",WTA,Suzan Lamens,Iva Jovic,2,0,True,2,False,3.2,,1.36,,,,,,,,,,
2025-07-02,tennis,"Wimbledon, London, Great Britain",WTA,Veronika Erjavec,Marta Kostyuk,2,1,True,3,True,7.0,,1.1,,,,,,,,,,
2025-07-02,tennis,ITF W35 Rome Women,ITF Women,Aurora Zantedeschi,Samira De Stefano,2,0,True,2,False,1.8,,1.91,,,,,,,,,,
2025-07-02,tennis,ITF W35 Rome Women,ITF Women,Beatrice Ricci,Katarina Zavatska,1,2,False,3,True,3.25,,1.33,,,,,,,,,,
2025-07-02,tennis,ITF W35 Rome Women,ITF Women,Ekaterine Gorgodze,Jenny Lim,2,0,True,2,False,1.4,,2.75,,,,,,,,,,
2025-07-02,tennis,ITF W35 Rome Women,ITF Women,Francesca Pace,Emma Lene,0,2,False,2,False,2.25,,1.57,,,,,,,,,,
2025-07-02,tennis,"Wimbledon, London, Great Britain",ATP,Alex Michelsen,Miomir Kecmanović,2,3,False,5,True,1.44,,2.75,,,,,,,,,,
2025-07-02,tennis,"Wimbledon, London, Great Britain",ATP,Alex de Minaur,Roberto Carballés Baena,3,0,True,3,False,1.0,,34.0,,,,,,,,,,
2025-07-02,tennis,"Wimbledon, London, Great Britain",ATP,Arthur Cazaux,Adam Walton,3,2,True,5,True,1.53,,2.5,,,,,,,,,,
2025-07-02,tennis,"Wimbledon, London, Great Britain",ATP,Chun-Hsin Tseng,Aleksandar Vukic,1,3,False,4,True,4.33,,1.22,,,,,,,,,,
2025-07-02,tennis,"Wimbledon, London, Great Britain",ATP,Jaime Faria,Lorenzo Sonego,0,3,False,3,False,3.5,,1.3,,,,,,,,,,
2025-07-02,tennis,"Wimbledon, London, Great Britain",ATP,James McCabe,Fábián Marozsán,0,3,False,3,False,2.75,,1.44,,,,,,,,,,
2025-07-02,tennis,"Wimbledon, London, Great Britain",ATP,Johannus Monday,Tommy Paul,0,3,False,3,False,13.0,,1.04,,,,,,,,,,
2025-07-02,tennis,"Wimbledon, London, Great Britain",ATP,Jesper De Jong,Christopher Eubanks,3,2,True,5,True,1.8,,2.0,,,,,,,,,,
2025-07-02,tennis,"Wimbledon, London, Great Britain",ATP,Nikoloz Basilashvili,Lorenzo Musetti,3,1,True,4,True,3.2,,1.36,,,,,,,,,,
2025-07-02,tennis,"Wimbledon, London, Great Britain",ATP,Mariano Navone,Denis Shapovalov,3,1,True,4,True,6.0,,1.13,,,,,,,,,,
2025-07-02,tennis,"Wimbledon, London, Great Britain",ATP,Jaume Munar,Alexander Bublik,3,2,True,5,True,4.33,,1.22,,,,,,,,,,
2025-07-02,tennis,"Wimbledon, London, Great Britain",ATP,Jannik Sinner,Luca Nardi,3,0,True,3,False,1.0,,34.0,,,,,,,,,,
2025-07-02,tennis,"Wimbledon, London, Great Britain",ATP,Pedro Martinez,George Loffhagen,3,1,True,4,True,3.5,,1.3,,,,,,,,,,
2025-07-02,tennis,"Wimbledon, London, Great Britain",ATP,Matteo Arnaldi,Botic Van de Zandschulp,0,3,False,3,False,1.67,,2.2,,,,,,,,,,
2025-07-02,tennis,"Wimbledon, London, Great Britain",ATP,Daniel Evans,Jay Clarke,3,0,True,3,False,1.17,,5.0,,,,,,,,,,
2025-07-02,tennis,"Wimbledon, London, Great Britain",ATP,Shintaro Mochizuki,Giulio Zeppieri,3,2,True,5,True,1.5,,2.62,,,,,,,,,,
2025-07-02,tennis,"Wimbledon, London, Great Britain",ATP,Francisco Comesaña,Corentin Moutet,0,3,False,3,False,2.75,,1.44,,,,,,,,,,
2025-07-02,tennis,"Wimbledon, London, Great Britain",ATP,Taylor Fritz,Giovanni Mpetshi Perricard,3,2,True,5,True,1.14,,5.5,,,,,,,,,,
2025-07-02,tennis,"Wimbledon, London, Great Britain",ATP,Quentin Halys,August Holmgren,0,3,False,3,False,1.17,,5.0,,,,,,,,,,
2025-07-02,tennis,"Wimbledon, London, Great Britain",ATP,Damir Džumhur,Tomaš Machač,0,3,False,3,False,5.0,,1.17,,,,,,,,,,
2025-07-02,tennis,"Wimbledon, London, Great Britain",ATP,Arthur Rinderknech,Alexander Zverev,3,2,True,5,True,6.5,,1.11,,,,,,,,,,
2025-07-02,tennis,"Wimbledon, London, Great Britain",ATP,Flavio Cobolli,Beibit Zhukayev,3,0,True,3,False,1.3,,3.5,,,,,,,,,,
2025-07-02,tennis,"Wimbledon, London, Great Britain",ATP,Hugo Gaston,Jakub Menšik,1,3,False,4,True,10.0,,1.06,,,,,,,,,,
2025-07-02,tennis,"Wimbledon, London, Great Britain",ATP,Raphael Collignon,Marin Čilić,0,3,False,3,False,7.0,,1.1,,,,,,,,,,
2025-07-02,tennis,"Wimbledon, London, Great Britain",ATP,Ben Shelton,Alex Bolt,3,0,True,3,False,1.25,,4.0,,,,,,,,,,
2025-07-02,tennis,"Wimbledon, London, Great Britain",ATP,Alexander Shevchenko,Reilly Opelka,0,3,False,3,False,3.4,,1.33,,,,,,,,,,
2025-07-02,tennis,"Wimbledon, London, Great Britain",ATP,Gael Monfils,Ugo Humbert,3,2,True,5,True,3.2,,1.36,,,,,,,,,,
2025-07-02,tennis,"Wimbledon, London, Great Britain",ATP,Aleksandar Kovacevic,Marton Fucsovics,2,3,False,5,True,4.0,,1.25,,,,,,,,,,
2025-07-02,tennis,"Wimbledon, London, Great Britain",ATP,Grigor Dimitrov,Yoshihito Nishioka,3,0,True,3,False,1.14,,5.5,,,,,,,,,,
2025-07-02,tennis,"Wimbledon, London, Great Britain",ATP,Rinky Hijikata,David Goffin,3,0,True,3,False,1.57,,2.38,,,,,,,,,,
2025-07-02,tennis,"Wimbledon, London, Great Britain",ATP,Tomas Martin Etcheverry,Jack Pinnington Jones,0,3,False,3,False,1.44,,2.75,,,,,,,,,,
2025-07-02,tennis,"Wimbledon, London, Great Britain",ATP,Marcos Giron,Camilo Ugo Carabelli,3,0,True,3,False,1.04,,13.0,,,,,,,,,,
2025-07-02,tennis,"Wimbledon, London, Great Britain",ATP,Alexandre Muller,Novak Djokovic,1,3,False,4,True,26.0,,1.01,,,,,,,,,,
2025-07-02,tennis,"Wimbledon, London, Great Britain",WTA,Clara Tauson,Heather Watson,2,1,True,3,True,1.25,,4.0,,,,,,,,,,
2025-07-02,tennis,"Wimbledon, London, Great Britain",WTA,Daria Kasatkina,Emiliana Arango,2,0,True,2,False,1.13,,6.0,,,,,,,,,,
2025-07-02,tennis,"Wimbledon, London, Great Britain",WTA,Elisabetta Cocciaretto,Jessica Pegula,2,0,True,2,False,8.0,,1.08,,,,,,,,,,
2025-07-02,tennis,"Wimbledon, London, Great Britain",WTA,Irina-Camelia Begu,Kaja Juvan,2,1,True,3,True,3.75,,1.28,,,,,,,,,,
2025-07-02,tennis,"Wimbledon, London, Great Britain",WTA,Katie Volynets,Tatjana Maria,2,1,True,3,True,2.75,,1.44,,,,,,,,,,
2025-07-02,tennis,"Wimbledon, London, Great Britain",WTA,Priscilla Hon,Ekaterina Alexandrova,0,2,False,2,False,9.0,,1.07,,,,,,,,,,
2025-07-02,tennis,"Wimbledon, London, Great Britain",WTA,Suzan Lamens,Iva Jovic,2,0,True,2,False,3.2,,1.36,,,,,,,,,,
2025-07-02,tennis,"Wimbledon, London, Great Britain",WTA,Veronika Erjavec,Marta Kostyuk,2,1,True,3,True,7.0,,1.1,,,,,,,,,,
2025-07-02,tennis,"Wimbledon, London, Great Britain",WTA,Katerina Siniakova,Qinwen Zheng,2,1,True,3,True,2.75,,1.44,,,,,,,,,,
2025-07-02,tennis,"Wimbledon, London, Great Britain",WTA,Anna Kalinskaya,Nina Stojanovic,2,0,True,2,False,1.36,,3.2,,,,,,,,,,
2025-07-02,tennis,"Wimbledon, London, Great Britain",WTA,Zeynep Sönmez,Jaqueline Cristian,2,0,True,2,False,1.8,,2.0,,,,,,,,,,
2025-07-02,tennis,"Wimbledon, London, Great Britain",WTA,Barbora Krejčiková,Alexandra Eala,2,1,True,3,True,2.1,,1.73,,,,,,,,,,
2025-07-02,tennis,"Wimbledon, London, Great Britain",WTA,Maya Joint,Liudmila Samsonova,0,2,False,2,False,2.63,,1.5,,,,,,,,,,
2025-07-02,tennis,"Wimbledon, London, Great Britain",WTA,Karolina Muchova,Xinyu Wang,0,2,False,2,False,2.2,,1.67,,,,,,,,,,
2025-07-02,tennis,"Wimbledon, London, Great Britain",WTA,Jil Teichmann,Lucia Bronzetti,0,2,False,2,False,2.1,,1.73,,,,,,,,,,
2025-07-02,tennis,"Wimbledon, London, Great Britain",WTA,Catherine McNally,Jodie Burrage,2,0,True,2,False,1.91,,1.91,,,,,,,,,,
2025-07-02,tennis,"Wimbledon, London, Great Britain",WTA,Maria Sakkari,Anna Blinkova,2,0,True,2,False,1.67,,2.2,,,,,,,,,,
2025-07-02,tennis,"Wimbledon, London, Great Britain",WTA,Iga Swiatek,Polina Kudermetova,2,0,True,2,False,1.02,,17.0,,,,,,,,,,
2025-07-02,tennis,"Wimbledon, London, Great Britain",WTA,Hailey Baptiste,Sorana Cirstea,2,1,True,3,True,1.4,,3.0,,,,,,,,,,
2025-07-02,tennis,"Wimbledon, London, Great Britain",WTA,Yuliia Starodubtseva,Francesca Jones,2,1,True,3,True,2.0,,1.8,,,,,,,,,,
2025-07-02,tennis,"Wimbledon, London, Great Britain",WTA,Camila Osorio,Danielle Collins,0,2,False,2,False,2.75,,1.44,,,,,,,,,,
2025-07-02,tennis,"Wimbledon, London, Great Britain",WTA,Mirra Andreeva,Mayar Sherif,2,0,True,2,False,1.05,,11.0,,,,,,,,,,
2025-07-02,tennis,"Wimbledon, London, Great Britain",WTA,Victoria Mboko,Magdalena Frech,2,0,True,2,False,1.8,,2.0,,,,,,,,,,
2025-07-02,tennis,"Wimbledon, London, Great Britain",WTA,Caroline Dolehide,Arantxa Rus,2,0,True,2,False,1.3,,3.5,,,,,,,,,,
2025-07-02,tennis,"Wimbledon, London, Great Britain",WTA,Petra Kvitova,Emma Navarro,0,2,False,2,False,4.5,,1.2,,,,,,,,,,
2025-07-02,tennis,"Wimbledon, London, Great Britain",WTA,Veronika Kudermetova,Lin Zhu,2,0,True,2,False,1.2,,4.5,,,,,,,,,,
2025-07-02,tennis,"Wimbledon, London, Great Britain",WTA,Magda Linette,Elsa Jacquemot,1,2,False,3,True,1.62,,2.3,,,,,,,,,,
2025-07-02,tennis,"Wimbledon, London, Great Britain",WTA,Sofia Kenin,Taylor Townsend,2,0,True,2,False,1.44,,2.75,,,,,,,,,,
2025-07-02,tennis,"Wimbledon, London, Great Britain",WTA,Victoria Azarenka,Anastasia Zakharova,1,2,False,3,True,1.17,,5.0,,,,,,,,,,
2025-07-02,tennis,"Wimbledon, London, Great Britain",WTA,Alycia Parks,Belinda Bencic,0,2,False,2,False,3.4,,1.33,,,,,,,,,,
2025-07-02,tennis,"Wimbledon, London, Great Britain",WTA,Elina Avanesyan,Elena Rybakina,0,2,False,2,False,9.0,,1.07,,,,,,,,,,
2025-07-02,tennis,"Wimbledon, London, Great Britain",WTA,Dayana Yastremska,Coco Gauff,2,0,True,2,False,5.0,,1.17,,,,,,,,,,
2025-07-02,tennis,ITF W35 Rome Women,ITF Women,Aurora Zantedeschi,Samira De Stefano,2,0,True,2,False,1.8,,1.91,,,,,,,,,,
2025-07-02,tennis,ITF W35 Rome Women,ITF Women,Beatrice Ricci,Katarina Zavatska,1,2,False,3,True,3.25,,1.33,,,,,,,,,,
2025-07-02,tennis,ITF W35 Rome Women,ITF Women,Ekaterine Gorgodze,Jenny Lim,2,0,True,2,False,1.4,,2.75,,,,,,,,,,
2025-07-02,tennis,ITF W35 Rome Women,ITF Women,Francesca Pace,Emma Lene,0,2,False,2,False,2.25,,1.57,,,,,,,,,,
2025-07-02,tennis,ITF W35 Rome Women,ITF Women,Alisa Oktiabreva,Laura Mair,2,0,True,2,False,1.04,,9.0,,,,,,,,,,
2025-07-02,tennis,ITF W35 Rome Women,ITF Women,Gergana Topalova,Dalila Spiteri,0,2,False,2,False,2.38,,1.53,,,,,,,,,,
2025-07-02,tennis,ITF W35 Rome Women,ITF Women,Lucija Ćirić-Bagarić,Jazmin Ortenzi,0,2,False,2,False,2.62,,1.44,,,,,,,,,,
2025-07-02,tennis,ITF W35 Rome Women,ITF Women,Giorgia Pedone,Arianna Zucchini,2,0,True,2,False,1.25,,3.75,,,,,,,,,,
2025-07-02,tennis,ITF W35 Rome Women,ITF Women,Giulia Carbonaro,Jennifer Ruggeri,0,2,False,2,False,3.5,,1.29,,,,,,,,,,
2025-07-02,tennis,ITF W35 Rome Women,ITF Women,Monika Stankiewicz,Yuliana Lizarazo,2,0,True,2,False,1.83,,1.83,,,,,,,,,,
2025-07-02,tennis,ITF W35 Rome Women,ITF Women,Vittoria Paganetti,Nicole Fossa Huergo,0,2,False,2,False,1.62,,2.2,,,,,,,,,,
2025-07-02,tennis,"Wimbledon, London, Great Britain",ATP,Alex Michelsen,Miomir Kecmanović,2,3,False,5,True,1.44,,2.75,,,,,,,,,,
2025-07-02,tennis,"Wimbledon, London, Great Britain",ATP,Alex de Minaur,Roberto Carballés Baena,3,0,True,3,False,1.0,,34.0,,,,,,,,,,
2025-07-02,tennis,"Wimbledon, London, Great Britain",ATP,Arthur Cazaux,Adam Walton,3,2,True,5,True,1.53,,2.5,,,,,,,,,,
2025-07-02,tennis,"Wimbledon, London, Great Britain",ATP,Chun-Hsin Tseng,Aleksandar Vukic,1,3,False,4,True,4.33,,1.22,,,,,,,,,,
2025-07-02,tennis,"Wimbledon, London, Great Britain",ATP,Jaime Faria,Lorenzo Sonego,0,3,False,3,False,3.5,,1.3,,,,,,,,,,
2025-07-02,tennis,"Wimbledon, London, Great Britain",ATP,James McCabe,Fábián Marozsán,0,3,False,3,False,2.75,,1.44,,,,,,,,,,
2025-07-02,tennis,"Wimbledon, London, Great Britain",ATP,Johannus Monday,Tommy Paul,0,3,False,3,False,13.0,,1.04,,,,,,,,,,
2025-07-02,tennis,"Wimbledon, London, Great Britain",ATP,Jesper De Jong,Christopher Eubanks,3,2,True,5,True,1.8,,2.0,,,,,,,,,,
2025-07-02,tennis,"Wimbledon, London, Great Britain",ATP,Nikoloz Basilashvili,Lorenzo Musetti,3,1,True,4,True,3.2,,1.36,,,,,,,,,,
2025-07-02,tennis,"Wimbledon, London, Great Britain",ATP,Mariano Navone,Denis Shapovalov,3,1,True,4,True,6.0,,1.13,,,,,,,,,,
2025-07-02,tennis,"Wimbledon, London, Great Britain",ATP,Jaume Munar,Alexander Bublik,3,2,True,5,True,4.33,,1.22,,,,,,,,,,
2025-07-02,tennis,"Wimbledon, London, Great Britain",ATP,Jannik Sinner,Luca Nardi,3,0,True,3,False,1.0,,34.0,,,,,,,,,,
2025-07-02,tennis,"Wimbledon, London, Great Britain",ATP,Pedro Martinez,George Loffhagen,3,1,True,4,True,3.5,,1.3,,,,,,,,,,
2025-07-02,tennis,"Wimbledon, London, Great Britain",ATP,Matteo Arnaldi,Botic Van de Zandschulp,0,3,False,3,False,1.67,,2.2,,,,,,,,,,
2025-07-02,tennis,"Wimbledon, London, Great Britain",ATP,Daniel Evans,Jay Clarke,3,0,True,3,False,1.17,,5.0,,,,,,,,,,
2025-07-02,tennis,"Wimbledon, London, Great Britain",ATP,Shintaro Mochizuki,Giulio Zeppieri,3,2,True,5,True,1.5,,2.62,,,,,,,,,,
2025-07-02,tennis,"Wimbledon, London, Great Britain",ATP,Francisco Comesaña,Corentin Moutet,0,3,False,3,False,2.75,,1.44,,,,,,,,,,
2025-07-02,tennis,"Wimbledon, London, Great Britain",ATP,Taylor Fritz,Giovanni Mpetshi Perricard,3,2,True,5,True,1.14,,5.5,,,,,,,,,,
2025-07-02,tennis,"Wimbledon, London, Great Britain",ATP,Quentin Halys,August Holmgren,0,3,False,3,False,1.17,,5.0,,,,,,,,,,
2025-07-02,tennis,"Wimbledon, London, Great Britain",ATP,Damir Džumhur,Tomaš Machač,0,3,False,3,False,5.0,,1.17,,,,,,,,,,
2025-07-02,tennis,"Wimbledon, London, Great Britain",ATP,Arthur Rinderknech,Alexander Zverev,3,2,True,5,True,6.5,,1.11,,,,,,,,,,
2025-07-02,tennis,"Wimbledon, London, Great Britain",ATP,Flavio Cobolli,Beibit Zhukayev,3,0,True,3,False,1.3,,3.5,,,,,,,,,,
2025-07-02,tennis,"Wimbledon, London, Great Britain",ATP,Hugo Gaston,Jakub Menšik,1,3,False,4,True,10.0,,1.06,,,,,,,,,,
2025-07-02,tennis,"Wimbledon, London, Great Britain",ATP,Raphael Collignon,Marin Čilić,0,3,False,3,False,7.0,,1.1,,,,,,,,,,
2025-07-02,tennis,"Wimbledon, London, Great Britain",ATP,Ben Shelton,Alex Bolt,3,0,True,3,False,1.25,,4.0,,,,,,,,,,
2025-07-02,tennis,"Wimbledon, London, Great Britain",ATP,Alexander Shevchenko,Reilly Opelka,0,3,False,3,False,3.4,,1.33,,,,,,,,,,
2025-07-02,tennis,"Wimbledon, London, Great Britain",ATP,Gael Monfils,Ugo Humbert,3,2,True,5,True,3.2,,1.36,,,,,,,,,,
2025-07-02,tennis,"Wimbledon, London, Great Britain",ATP,Aleksandar Kovacevic,Marton Fucsovics,2,3,False,5,True,4.0,,1.25,,,,,,,,,,
2025-07-02,tennis,"Wimbledon, London, Great Britain",ATP,Grigor Dimitrov,Yoshihito Nishioka,3,0,True,3,False,1.14,,5.5,,,,,,,,,,
2025-07-02,tennis,"Wimbledon, London, Great Britain",ATP,Rinky Hijikata,David Goffin,3,0,True,3,False,1.57,,2.38,,,,,,,,,,
2025-07-02,tennis,"Wimbledon, London, Great Britain",ATP,Tomas Martin Etcheverry,Jack Pinnington Jones,0,3,False,3,False,1.44,,2.75,,,,,,,,,,
2025-07-02,tennis,"Wimbledon, London, Great Britain",ATP,Marcos Giron,Camilo Ugo Carabelli,3,0,True,3,False,1.04,,13.0,,,,,,,,,,
2025-07-02,tennis,"Wimbledon, London, Great Britain",ATP,Alexandre Muller,Novak Djokovic,1,3,False,4,True,26.0,,1.01,,,,,,,,,,
2025-07-02,tennis,"Wimbledon, London, Great Britain",WTA,Clara Tauson,Heather Watson,2,1,True,3,True,1.25,,4.0,,,,,,,,,,
2025-07-02,tennis,"Wimbledon, London, Great Britain",WTA,Daria Kasatkina,Emiliana Arango,2,0,True,2,False,1.13,,6.0,,,,,,,,,,
2025-07-02,tennis,"Wimbledon, London, Great Britain",WTA,Elisabetta Cocciaretto,Jessica Pegula,2,0,True,2,False,8.0,,1.08,,,,,,,,,,
2025-07-02,tennis,"Wimbledon, London, Great Britain",WTA,Irina-Camelia Begu,Kaja Juvan,2,1,True,3,True,3.75,,1.28,,,,,,,,,,
2025-07-02,tennis,"Wimbledon, London, Great Britain",WTA,Katie Volynets,Tatjana Maria,2,1,True,3,True,2.75,,1.44,,,,,,,,,,
2025-07-02,tennis,"Wimbledon, London, Great Britain",WTA,Priscilla Hon,Ekaterina Alexandrova,0,2,False,2,False,9.0,,1.07,,,,,,,,,,
2025-07-02,tennis,"Wimbledon, London, Great Britain",WTA,Suzan Lamens,Iva Jovic,2,0,True,2,False,3.2,,1.36,,,,,,,,,,
2025-07-02,tennis,"Wimbledon, London, Great Britain",WTA,Veronika Erjavec,Marta Kostyuk,2,1,True,3,True,7.0,,1.1,,,,,,,,,,
2025-07-02,tennis,"Wimbledon, London, Great Britain",WTA,Katerina Siniakova,Qinwen Zheng,2,1,True,3,True,2.75,,1.44,,,,,,,,,,
2025-07-02,tennis,"Wimbledon, London, Great Britain",WTA,Anna Kalinskaya,Nina Stojanovic,2,0,True,2,False,1.36,,3.2,,,,,,,,,,
2025-07-02,tennis,"Wimbledon, London, Great Britain",WTA,Zeynep Sönmez,Jaqueline Cristian,2,0,True,2,False,1.8,,2.0,,,,,,,,,,
2025-07-02,tennis,"Wimbledon, London, Great Britain",WTA,Barbora Krejčiková,Alexandra Eala,2,1,True,3,True,2.1,,1.73,,,,,,,,,,
2025-07-02,tennis,"Wimbledon, London, Great Britain",WTA,Maya Joint,Liudmila Samsonova,0,2,False,2,False,2.63,,1.5,,,,,,,,,,
2025-07-02,tennis,"Wimbledon, London, Great Britain",WTA,Karolina Muchova,Xinyu Wang,0,2,False,2,False,2.2,,1.67,,,,,,,,,,
2025-07-02,tennis,"Wimbledon, London, Great Britain",WTA,Jil Teichmann,Lucia Bronzetti,0,2,False,2,False,2.1,,1.73,,,,,,,,,,
2025-07-02,tennis,"Wimbledon, London, Great Britain",WTA,Catherine McNally,Jodie Burrage,2,0,True,2,False,1.91,,1.91,,,,,,,,,,
2025-07-02,tennis,"Wimbledon, London, Great Britain",WTA,Maria Sakkari,Anna Blinkova,2,0,True,2,False,1.67,,2.2,,,,,,,,,,
2025-07-02,tennis,"Wimbledon, London, Great Britain",WTA,Iga Swiatek,Polina Kudermetova,2,0,True,2,False,1.02,,17.0,,,,,,,,,,
2025-07-02,tennis,"Wimbledon, London, Great Britain",WTA,Hailey Baptiste,Sorana Cirstea,2,1,True,3,True,1.4,,3.0,,,,,,,,,,
2025-07-02,tennis,"Wimbledon, London, Great Britain",WTA,Yuliia Starodubtseva,Francesca Jones,2,1,True,3,True,2.0,,1.8,,,,,,,,,,
2025-07-02,tennis,"Wimbledon, London, Great Britain",WTA,Camila Osorio,Danielle Collins,0,2,False,2,False,2.75,,1.44,,,,,,,,,,
2025-07-02,tennis,"Wimbledon, London, Great Britain",WTA,Mirra Andreeva,Mayar Sherif,2,0,True,2,False,1.05,,11.0,,,,,,,,,,
2025-07-02,tennis,"Wimbledon, London, Great Britain",WTA,Victoria Mboko,Magdalena Frech,2,0,True,2,False,1.8,,2.0,,,,,,,,,,
2025-07-02,tennis,"Wimbledon, London, Great Britain",WTA,Caroline Dolehide,Arantxa Rus,2,0,True,2,False,1.3,,3.5,,,,,,,,,,
2025-07-02,tennis,"Wimbledon, London, Great Britain",WTA,Petra Kvitova,Emma Navarro,0,2,False,2,False,4.5,,1.2,,,,,,,,,,
2025-07-02,tennis,"Wimbledon, London, Great Britain",WTA,Veronika Kudermetova,Lin Zhu,2,0,True,2,False,1.2,,4.5,,,,,,,,,,
2025-07-02,tennis,"Wimbledon, London, Great Britain",WTA,Magda Linette,Elsa Jacquemot,1,2,False,3,True,1.62,,2.3,,,,,,,,,,
2025-07-02,tennis,"Wimbledon, London, Great Britain",WTA,Sofia Kenin,Taylor Townsend,2,0,True,2,False,1.44,,2.75,,,,,,,,,,
2025-07-02,tennis,"Wimbledon, London, Great Britain",WTA,Victoria Azarenka,Anastasia Zakharova,1,2,False,3,True,1.17,,5.0,,,,,,,,,,
2025-07-02,tennis,"Wimbledon, London, Great Britain",WTA,Alycia Parks,Belinda Bencic,0,2,False,2,False,3.4,,1.33,,,,,,,,,,
2025-07-02,tennis,"Wimbledon, London, Great Britain",WTA,Elina Avanesyan,Elena Rybakina,0,2,False,2,False,9.0,,1.07,,,,,,,,,,
2025-07-02,tennis,"Wimbledon, London, Great Britain",WTA,Dayana Yastremska,Coco Gauff,2,0,True,2,False,5.0,,1.17,,,,,,,,,,
2025-07-02,tennis,ITF W35 Rome Women,ITF Women,Aurora Zantedeschi,Samira De Stefano,2,0,True,2,False,1.8,,1.91,,,,,,,,,,
2025-07-02,tennis,ITF W35 Rome Women,ITF Women,Beatrice Ricci,Katarina Zavatska,1,2,False,3,True,3.25,,1.33,,,,,,,,,,
2025-07-02,tennis,ITF W35 Rome Women,ITF Women,Ekaterine Gorgodze,Jenny Lim,2,0,True,2,False,1.4,,2.75,,,,,,,,,,
2025-07-02,tennis,ITF W35 Rome Women,ITF Women,Francesca Pace,Emma Lene,0,2,False,2,False,2.25,,1.57,,,,,,,,,,
2025-07-02,tennis,ITF W35 Rome Women,ITF Women,Alisa Oktiabreva,Laura Mair,2,0,True,2,False,1.04,,9.0,,,,,,,,,,
2025-07-02,tennis,ITF W35 Rome Women,ITF Women,Gergana Topalova,Dalila Spiteri,0,2,False,2,False,2.38,,1.53,,,,,,,,,,
2025-07-02,tennis,ITF W35 Rome Women,ITF Women,Lucija Ćirić-Bagarić,Jazmin Ortenzi,0,2,False,2,False,2.62,,1.44,,,,,,,,,,
2025-07-02,tennis,ITF W35 Rome Women,ITF Women,Giorgia Pedone,Arianna Zucchini,2,0,True,2,False,1.25,,3.75,,,,,,,,,,
2025-07-02,tennis,ITF W35 Rome Women,ITF Women,Giulia Carbonaro,Jennifer Ruggeri,0,2,False,2,False,3.5,,1.29,,,,,,,,,,
2025-07-02,tennis,ITF W35 Rome Women,ITF Women,Monika Stankiewicz,Yuliana Lizarazo,2,0,True,2,False,1.83,,1.83,,,,,,,,,,
2025-07-02,tennis,ITF W35 Rome Women,ITF Women,Vittoria Paganetti,Nicole Fossa Huergo,0,2,False,2,False,1.62,,2.2,,,,,,,,,,
2025-07-03,tennis,ITF W35 Rome Women,ITF Women,Federica Di Sarra,Jessica Pieri,0,2,False,2,False,2.75,,1.4,,,,,,,,,,
2025-07-03,tennis,ITF W35 Rome Women,ITF Women,Noemi Basiletti,Susan Bandecchi,2,0,True,2,False,2.75,,1.4,,,,,,,,,,
2025-07-03,tennis,ITF W35 Rome Women,ITF Women,Sofia Rocchetti,Yelyzaveta Kotliar,1,2,False,3,True,2.75,,1.4,,,,,,,,,,
2025-07-03,tennis,"Wimbledon, London, Great Britain",ATP,Cameron Norrie,Frances Tiafoe,3,1,True,4,True,2.38,,1.57,,,,,,,,,,
2025-07-03,tennis,"Wimbledon, London, Great Britain",ATP,Joao Fonseca,Jenson Brooksby,3,1,True,4,True,1.44,,2.75,,,,,,,,,,
2025-07-03,tennis,"Wimbledon, London, Great Britain",ATP,Shintaro Mochizuki,Karen Khachanov,2,3,False,5,True,5.5,,1.14,,,,,,,,,,
2025-07-03,tennis,"Wimbledon, London, Great Britain",ATP,Adrian Mannarino,Valentin Royer,3,1,True,4,True,1.4,,3.0,,,,,,,,,,
2025-07-03,tennis,"Wimbledon, London, Great Britain",ATP,Nicolas Jarry,Learner Tien,3,0,True,3,False,1.67,,2.2,,,,,,,,,,
2025-07-03,tennis,"Wimbledon, London, Great Britain",ATP,Andrey Rublev,Lloyd Harris,3,1,True,4,True,1.28,,3.75,,,,,,,,,,
2025-07-03,tennis,"Wimbledon, London, Great Britain",ATP,Nuno Borges,Billy Harris,3,0,True,3,False,1.57,,2.38,,,,,,,,,,
2025-07-03,tennis,"Wimbledon, London, Great Britain",ATP,Brandon Nakashima,Yunchaokete Bu,3,1,True,4,True,1.11,,6.5,,,,,,,,,,
2025-07-03,tennis,"Wimbledon, London, Great Britain",ATP,Oliver Tarvet,Carlos Alcaraz,0,3,False,3,False,23.0,,1.01,,,,,,,,,,
2025-07-03,tennis,"Wimbledon, London, Great Britain",ATP,Jordan Thompson,Benjamin Bonzi,3,2,True,5,True,2.5,,1.53,,,,,,,,,,
2025-07-03,tennis,"Wimbledon, London, Great Britain",ATP,Jiri Lehečka,Mattia Bellucci,0,3,False,3,False,1.22,,4.33,,,,,,,,,,
2025-07-03,tennis,"Wimbledon, London, Great Britain",ATP,Kamil Majchrzak,Ethan Quinn,3,0,True,3,False,2.3,,1.62,,,,,,,,,,
2025-07-03,tennis,"Wimbledon, London, Great Britain",ATP,Taylor Fritz,Gabriel Diallo,3,2,True,5,True,1.36,,3.2,,,,,,,,,,
2025-07-03,tennis,"Wimbledon, London, Great Britain",WTA,Olga Danilović,Madison Keys,0,2,False,2,False,4.5,,1.2,,,,,,,,,,
2025-07-03,tennis,"Wimbledon, London, Great Britain",WTA,Viktoriya Tomova,Sonay Kartal,0,2,False,2,False,3.75,,1.28,,,,,,,,,,
2025-07-03,tennis,"Wimbledon, London, Great Britain",WTA,Leylah Fernandez,Laura Siegemund,0,2,False,2,False,1.28,,3.75,,,,,,,,,,
2025-07-03,tennis,"Wimbledon, London, Great Britain",WTA,Aryna Sabalenka,Marie Bouzkova,2,0,True,2,False,1.07,,9.0,,,,,,,,,,
2025-07-03,tennis,"Wimbledon, London, Great Britain",WTA,Cristina Bucsa,Donna Vekić,2,0,True,2,False,4.0,,1.25,,,,,,,,,,
2025-07-03,tennis,"Wimbledon, London, Great Britain",WTA,Elise Mertens,Ann Li,2,1,True,3,True,1.25,,4.0,,,,,,,,,,
2025-07-03,tennis,"Wimbledon, London, Great Britain",WTA,Beatriz Haddad Maia,Dalma Galfi,0,2,False,2,False,1.36,,3.2,,,,,,,,,,
2025-07-03,tennis,"Wimbledon, London, Great Britain",WTA,Renata Zarazua,Amanda Anisimova,0,2,False,2,False,8.0,,1.08,,,,,,,,,,
2025-07-03,tennis,"Wimbledon, London, Great Britain",WTA,Eva Lys,Linda Noskova,1,2,False,3,True,5.5,,1.14,,,,,,,,,,
2025-07-03,tennis,"Wimbledon, London, Great Britain",WTA,Katie Boulter,Solana Sierra,1,2,False,3,True,1.17,,5.0,,,,,,,,,,
2025-07-03,tennis,"Wimbledon, London, Great Britain",WTA,Diana Shnaider,Diane Parry,0,2,False,2,False,1.28,,3.75,,,,,,,,,,
2025-07-03,tennis,"Wimbledon, London, Great Britain",WTA,Naomi Osaka,Katerina Siniakova,2,0,True,2,False,1.91,,1.91,,,,,,,,,,
2025-07-03,tennis,"Wimbledon, London, Great Britain",WTA,Jasmine Paolini,Kamilla Rakhimova,1,2,False,3,True,1.17,,5.0,,,,,,,,,,
2025-07-03,tennis,"Wimbledon, London, Great Britain",WTA,Emma Raducanu,Marketa Vondrousova,2,0,True,2,False,2.63,,1.5,,,,,,,,,,
2025-07-03,tennis,"Wimbledon, London, Great Britain",WTA,Aliaksandra Sasnovich,Elina Svitolina,0,2,False,2,False,6.5,,1.11,,,,,,,,,,
2025-07-03,tennis,"Wimbledon, London, Great Britain",WTA,Ashlyn Krueger,Anastasia Pavlyuchenkova,0,2,False,2,False,2.0,,1.8,,,,,,,,,,
2025-07-03,tennis,ITF W35 Rome Women,ITF Women,Federica Di Sarra,Jessica Pieri,0,2,False,2,False,2.75,,1.4,,,,,,,,,,
2025-07-03,tennis,ITF W35 Rome Women,ITF Women,Noemi Basiletti,Susan Bandecchi,2,0,True,2,False,2.75,,1.4,,,,,,,,,,
2025-07-03,tennis,ITF W35 Rome Women,ITF Women,Sofia Rocchetti,Yelyzaveta Kotliar,1,2,False,3,True,2.75,,1.4,,,,,,,,,,
2025-07-03,tennis,ITF W35 Rome Women,ITF Women,Federica Urgesi,Carlota Martinez Cirez,2,1,True,3,True,2.5,,1.5,,,,,,,,,,
2025-07-03,tennis,ITF W35 Rome Women,ITF Women,Alisa Oktiabreva,Noemi Basiletti,2,0,True,2,False,1.3,,3.4,,,,,,,,,,
2025-07-03,tennis,ITF W35 Rome Women,ITF Women,Aurora Zantedeschi,Jennifer Ruggeri,0,2,False,2,False,1.22,,4.0,,,,,,,,,,
2025-07-03,tennis,ITF W35 Rome Women,ITF Women,Dalila Spiteri,Yelyzaveta Kotliar,2,0,True,2,False,1.83,,1.83,,,,,,,,,,
2025-07-03,tennis,ITF W35 Rome Women,ITF Women,Ekaterine Gorgodze,Katarina Zavatska,2,0,True,2,False,1.73,,2.0,,,,,,,,,,
2025-07-03,tennis,ITF W35 Rome Women,ITF Women,Gabriela Cé,Federica Urgesi,2,1,True,3,True,1.8,,1.91,,,,,,,,,,
2025-07-03,tennis,ITF W35 Rome Women,ITF Women,Giorgia Pedone,Emma Lene,2,0,True,2,False,1.33,,3.25,,,,,,,,,,
2025-07-03,tennis,ITF W35 Rome Women,ITF Women,Monika Stankiewicz,Nicole Fossa Huergo,2,1,True,3,True,2.5,,1.5,,,,,,,,,,
2025-07-03,tennis,ITF W35 Rome Women,ITF Women,Jessica Pieri,Jazmin Ortenzi,1,2,False,3,True,2.62,,1.44,,,,,,,,,,
2025-07-03,tennis,"Wimbledon, London, Great Britain",ATP,Cameron Norrie,Frances Tiafoe,3,1,True,4,True,2.38,,1.57,,,,,,,,,,
2025-07-03,tennis,"Wimbledon, London, Great Britain",ATP,Joao Fonseca,Jenson Brooksby,3,1,True,4,True,1.44,,2.75,,,,,,,,,,
2025-07-03,tennis,"Wimbledon, London, Great Britain",ATP,Shintaro Mochizuki,Karen Khachanov,2,3,False,5,True,5.5,,1.14,,,,,,,,,,
2025-07-03,tennis,"Wimbledon, London, Great Britain",ATP,Adrian Mannarino,Valentin Royer,3,1,True,4,True,1.4,,3.0,,,,,,,,,,
2025-07-03,tennis,"Wimbledon, London, Great Britain",ATP,Nicolas Jarry,Learner Tien,3,0,True,3,False,1.67,,2.2,,,,,,,,,,
2025-07-03,tennis,"Wimbledon, London, Great Britain",ATP,Andrey Rublev,Lloyd Harris,3,1,True,4,True,1.28,,3.75,,,,,,,,,,
2025-07-03,tennis,"Wimbledon, London, Great Britain",ATP,Nuno Borges,Billy Harris,3,0,True,3,False,1.57,,2.38,,,,,,,,,,
2025-07-03,tennis,"Wimbledon, London, Great Britain",ATP,Brandon Nakashima,Yunchaokete Bu,3,1,True,4,True,1.11,,6.5,,,,,,,,,,
2025-07-03,tennis,"Wimbledon, London, Great Britain",ATP,Oliver Tarvet,Carlos Alcaraz,0,3,False,3,False,23.0,,1.01,,,,,,,,,,
2025-07-03,tennis,"Wimbledon, London, Great Britain",ATP,Jordan Thompson,Benjamin Bonzi,3,2,True,5,True,2.5,,1.53,,,,,,,,,,
2025-07-03,tennis,"Wimbledon, London, Great Britain",ATP,Jiri Lehečka,Mattia Bellucci,0,3,False,3,False,1.22,,4.33,,,,,,,,,,
2025-07-03,tennis,"Wimbledon, London, Great Britain",ATP,Kamil Majchrzak,Ethan Quinn,3,0,True,3,False,2.3,,1.62,,,,,,,,,,
2025-07-03,tennis,"Wimbledon, London, Great Britain",ATP,Taylor Fritz,Gabriel Diallo,3,2,True,5,True,1.36,,3.2,,,,,,,,,,
2025-07-03,tennis,"Wimbledon, London, Great Britain",WTA,Olga Danilović,Madison Keys,0,2,False,2,False,4.5,,1.2,,,,,,,,,,
2025-07-03,tennis,"Wimbledon, London, Great Britain",WTA,Viktoriya Tomova,Sonay Kartal,0,2,False,2,False,3.75,,1.28,,,,,,,,,,
2025-07-03,tennis,"Wimbledon, London, Great Britain",WTA,Leylah Fernandez,Laura Siegemund,0,2,False,2,False,1.28,,3.75,,,,,,,,,,
2025-07-03,tennis,"Wimbledon, London, Great Britain",WTA,Aryna Sabalenka,Marie Bouzkova,2,0,True,2,False,1.07,,9.0,,,,,,,,,,
2025-07-03,tennis,"Wimbledon, London, Great Britain",WTA,Cristina Bucsa,Donna Vekić,2,0,True,2,False,4.0,,1.25,,,,,,,,,,
2025-07-03,tennis,"Wimbledon, London, Great Britain",WTA,Elise Mertens,Ann Li,2,1,True,3,True,1.25,,4.0,,,,,,,,,,
2025-07-03,tennis,"Wimbledon, London, Great Britain",WTA,Beatriz Haddad Maia,Dalma Galfi,0,2,False,2,False,1.36,,3.2,,,,,,,,,,
2025-07-03,tennis,"Wimbledon, London, Great Britain",WTA,Renata Zarazua,Amanda Anisimova,0,2,False,2,False,8.0,,1.08,,,,,,,,,,
2025-07-03,tennis,"Wimbledon, London, Great Britain",WTA,Eva Lys,Linda Noskova,1,2,False,3,True,5.5,,1.14,,,,,,,,,,
2025-07-03,tennis,"Wimbledon, London, Great Britain",WTA,Katie Boulter,Solana Sierra,1,2,False,3,True,1.17,,5.0,,,,,,,,,,
2025-07-03,tennis,"Wimbledon, London, Great Britain",WTA,Diana Shnaider,Diane Parry,0,2,False,2,False,1.28,,3.75,,,,,,,,,,
2025-07-03,tennis,"Wimbledon, London, Great Britain",WTA,Naomi Osaka,Katerina Siniakova,2,0,True,2,False,1.91,,1.91,,,,,,,,,,
2025-07-03,tennis,"Wimbledon, London, Great Britain",WTA,Jasmine Paolini,Kamilla Rakhimova,1,2,False,3,True,1.17,,5.0,,,,,,,,,,
2025-07-03,tennis,"Wimbledon, London, Great Britain",WTA,Emma Raducanu,Marketa Vondrousova,2,0,True,2,False,2.63,,1.5,,,,,,,,,,
2025-07-03,tennis,"Wimbledon, London, Great Britain",WTA,Aliaksandra Sasnovich,Elina Svitolina,0,2,False,2,False,6.5,,1.11,,,,,,,,,,
2025-07-03,tennis,"Wimbledon, London, Great Britain",WTA,Ashlyn Krueger,Anastasia Pavlyuchenkova,0,2,False,2,False,2.0,,1.8,,,,,,,,,,
2025-07-03,tennis,ITF W35 Rome Women,ITF Women,Federica Di Sarra,Jessica Pieri,0,2,False,2,False,2.75,,1.4,,,,,,,,,,
2025-07-03,tennis,ITF W35 Rome Women,ITF Women,Noemi Basiletti,Susan Bandecchi,2,0,True,2,False,2.75,,1.4,,,,,,,,,,
2025-07-03,tennis,ITF W35 Rome Women,ITF Women,Sofia Rocchetti,Yelyzaveta Kotliar,1,2,False,3,True,2.75,,1.4,,,,,,,,,,
2025-07-03,tennis,ITF W35 Rome Women,ITF Women,Federica Urgesi,Carlota Martinez Cirez,2,1,True,3,True,2.5,,1.5,,,,,,,,,,
2025-07-03,tennis,ITF W35 Rome Women,ITF Women,Alisa Oktiabreva,Noemi Basiletti,2,0,True,2,False,1.3,,3.4,,,,,,,,,,
2025-07-03,tennis,ITF W35 Rome Women,ITF Women,Aurora Zantedeschi,Jennifer Ruggeri,0,2,False,2,False,1.22,,4.0,,,,,,,,,,
2025-07-03,tennis,ITF W35 Rome Women,ITF Women,Dalila Spiteri,Yelyzaveta Kotliar,2,0,True,2,False,1.83,,1.83,,,,,,,,,,
2025-07-03,tennis,ITF W35 Rome Women,ITF Women,Ekaterine Gorgodze,Katarina Zavatska,2,0,True,2,False,1.73,,2.0,,,,,,,,,,
2025-07-03,tennis,ITF W35 Rome Women,ITF Women,Gabriela Cé,Federica Urgesi,2,1,True,3,True,1.8,,1.91,,,,,,,,,,
2025-07-03,tennis,ITF W35 Rome Women,ITF Women,Giorgia Pedone,Emma Lene,2,0,True,2,False,1.33,,3.25,,,,,,,,,,
2025-07-03,tennis,ITF W35 Rome Women,ITF Women,Monika Stankiewicz,Nicole Fossa Huergo,2,1,True,3,True,2.5,,1.5,,,,,,,,,,
2025-07-03,tennis,ITF W35 Rome Women,ITF Women,Jessica Pieri,Jazmin Ortenzi,1,2,False,3,True,2.62,,1.44,,,,,,,,,,
2025-07-04,tennis,"Wimbledon, London, Great Britain",ATP,Alex de Minaur,Arthur Cazaux,3,1,True,4,True,1.08,,8.0,,,,,,,,,,
2025-07-04,tennis,"Wimbledon, London, Great Britain",ATP,Flavio Cobolli,Jack Pinnington Jones,3,0,True,3,False,1.36,,3.2,,,,,,,,,,
2025-07-04,tennis,"Wimbledon, London, Great Britain",ATP,Marcos Giron,Jakub Menšik,1,3,False,4,True,2.5,,1.53,,,,,,,,,,
2025-07-04,tennis,"Wimbledon, London, Great Britain",ATP,Miomir Kecmanović,Jesper De Jong,3,1,True,4,True,1.4,,3.0,,,,,,,,,,
2025-07-04,tennis,"Wimbledon, London, Great Britain",ATP,Grigor Dimitrov,Corentin Moutet,3,1,True,4,True,1.57,,2.38,,,,,,,,,,
2025-07-04,tennis,"Wimbledon, London, Great Britain",ATP,Botic Van de Zandschulp,Alejandro Davidovich Fokina,1,3,False,4,True,3.5,,1.3,,,,,,,,,,
2025-07-04,tennis,"Wimbledon, London, Great Britain",ATP,Fábián Marozsán,Jaume Munar,0,3,False,3,False,2.1,,1.73,,,,,,,,,,
2025-07-04,tennis,"Wimbledon, London, Great Britain",WTA,Veronika Kudermetova,Emma Navarro,0,2,False,2,False,2.5,,1.53,,,,,,,,,,
2025-07-04,tennis,"Wimbledon, London, Great Britain",WTA,Xinyu Wang,Zeynep Sönmez,0,2,False,2,False,1.17,,5.0,,,,,,,,,,
2025-07-04,tennis,"Wimbledon, London, Great Britain",ATP,Alex de Minaur,Arthur Cazaux,3,1,True,4,True,1.08,,8.0,,,,,,,,,,
2025-07-04,tennis,"Wimbledon, London, Great Britain",ATP,Flavio Cobolli,Jack Pinnington Jones,3,0,True,3,False,1.36,,3.2,,,,,,,,,,
2025-07-04,tennis,"Wimbledon, London, Great Britain",ATP,Marcos Giron,Jakub Menšik,1,3,False,4,True,2.5,,1.53,,,,,,,,,,
2025-07-04,tennis,"Wimbledon, London, Great Britain",ATP,Miomir Kecmanović,Jesper De Jong,3,1,True,4,True,1.4,,3.0,,,,,,,,,,
2025-07-04,tennis,"Wimbledon, London, Great Britain",ATP,Grigor Dimitrov,Corentin Moutet,3,1,True,4,True,1.57,,2.38,,,,,,,,,,
2025-07-04,tennis,"Wimbledon, London, Great Britain",ATP,Botic Van de Zandschulp,Alejandro Davidovich Fokina,1,3,False,4,True,3.5,,1.3,,,,,,,,,,
2025-07-04,tennis,"Wimbledon, London, Great Britain",ATP,Fábián Marozsán,Jaume Munar,0,3,False,3,False,2.1,,1.73,,,,,,,,,,
2025-07-04,tennis,"Wimbledon, London, Great Britain",ATP,Cristian Garin,Arthur Rinderknech,2,3,False,5,True,2.3,,1.62,,,,,,,,,,
2025-07-04,tennis,"Wimbledon, London, Great Britain",ATP,Felix Auger-Aliassime,Jan-Lennard Struff,1,3,False,4,True,1.36,,3.2,,,,,,,,,,
2025-07-04,tennis,"Wimbledon, London, Great Britain",ATP,Daniel Evans,Novak Djokovic,0,3,False,3,False,13.0,,1.02,,,,,,,,,,
2025-07-04,tennis,"Wimbledon, London, Great Britain",ATP,August Holmgren,Tomaš Machač,3,2,True,5,True,6.0,,1.09,,,,,,,,,,
2025-07-04,tennis,"Wimbledon, London, Great Britain",ATP,Arthur Fery,Luciano Darderi,0,3,False,3,False,1.8,,2.0,,,,,,,,,,
2025-07-04,tennis,"Wimbledon, London, Great Britain",ATP,Pedro Martinez,Mariano Navone,3,0,True,3,False,2.63,,1.5,,,,,,,,,,
2025-07-04,tennis,"Wimbledon, London, Great Britain",ATP,Brandon Nakashima,Reilly Opelka,3,1,True,4,True,1.44,,2.75,,,,,,,,,,
2025-07-04,tennis,"Wimbledon, London, Great Britain",ATP,Sebastian Ofner,Tommy Paul,3,1,True,4,True,5.0,,1.17,,,,,,,,,,
2025-07-04,tennis,"Wimbledon, London, Great Britain",ATP,Jack Draper,Marin Čilić,1,3,False,4,True,1.11,,6.5,,,,,,,,,,
2025-07-04,tennis,"Wimbledon, London, Great Britain",ATP,Lorenzo Sonego,Nikoloz Basilashvili,3,1,True,4,True,1.44,,2.75,,,,,,,,,,
2025-07-04,tennis,"Wimbledon, London, Great Britain",ATP,Jannik Sinner,Aleksandar Vukic,3,0,True,3,False,1.01,,29.0,,,,,,,,,,
2025-07-04,tennis,"Wimbledon, London, Great Britain",WTA,Veronika Kudermetova,Emma Navarro,0,2,False,2,False,2.5,,1.53,,,,,,,,,,
2025-07-04,tennis,"Wimbledon, London, Great Britain",WTA,Xinyu Wang,Zeynep Sönmez,0,2,False,2,False,1.17,,5.0,,,,,,,,,,
2025-07-04,tennis,"Wimbledon, London, Great Britain",WTA,Mirra Andreeva,Lucia Bronzetti,2,0,True,2,False,1.07,,9.0,,,,,,,,,,
2025-07-04,tennis,"Wimbledon, London, Great Britain",WTA,Katie Volynets,Elisabetta Cocciaretto,0,2,False,2,False,2.75,,1.44,,,,,,,,,,
2025-07-04,tennis,"Wimbledon, London, Great Britain",WTA,Hailey Baptiste,Victoria Mboko,2,0,True,2,False,2.0,,1.77,,,,,,,,,,
2025-07-04,tennis,"Wimbledon, London, Great Britain",WTA,Danielle Collins,Veronika Erjavec,2,0,True,2,False,1.14,,5.5,,,,,,,,,,
2025-07-04,tennis,"Wimbledon, London, Great Britain",WTA,Elsa Jacquemot,Belinda Bencic,1,2,False,3,True,3.5,,1.3,,,,,,,,,,
2025-07-04,tennis,"Wimbledon, London, Great Britain",WTA,Maria Sakkari,Elena Rybakina,0,2,False,2,False,5.5,,1.14,,,,,,,,,,
2025-07-04,tennis,"Wimbledon, London, Great Britain",WTA,Suzan Lamens,Ekaterina Alexandrova,0,2,False,2,False,7.0,,1.1,,,,,,,,,,
2025-07-04,tennis,"Wimbledon, London, Great Britain",WTA,Anastasia Zakharova,Dayana Yastremska,1,2,False,3,True,4.0,,1.25,,,,,,,,,,
2025-07-04,tennis,"Wimbledon, London, Great Britain",WTA,Barbora Krejčiková,Caroline Dolehide,2,1,True,3,True,1.36,,3.2,,,,,,,,,,
2025-07-04,tennis,"Wimbledon, London, Great Britain",WTA,Iga Swiatek,Catherine McNally,2,1,True,3,True,1.05,,11.0,,,,,,,,,,
2025-07-04,tennis,"Wimbledon, London, Great Britain",WTA,Yuliia Starodubtseva,Liudmila Samsonova,0,2,False,2,False,5.0,,1.17,,,,,,,,,,
2025-07-04,tennis,"Wimbledon, London, Great Britain",WTA,Sofia Kenin,Jessica Bouzas Maneiro,0,2,False,2,False,1.4,,3.0,,,,,,,,,,
2025-07-04,tennis,"Wimbledon, London, Great Britain",WTA,Clara Tauson,Anna Kalinskaya,2,0,True,2,False,1.73,,2.1,,,,,,,,,,
2025-07-04,tennis,"Wimbledon, London, Great Britain",WTA,Daria Kasatkina,Irina-Camelia Begu,2,1,True,3,True,1.25,,4.0,,,,,,,,,,
2025-07-04,tennis,ITF W35 Rome Women,ITF Women,Giorgia Pedone,Monika Stankiewicz,2,0,True,2,False,1.29,,3.5,,,,,,,,,,
2025-07-04,tennis,ITF W35 Rome Women,ITF Women,Jennifer Ruggeri,Gabriela Cé,1,2,False,3,True,2.75,,1.4,,,,,,,,,,
2025-07-04,tennis,ITF W35 Rome Women,ITF Women,Dalila Spiteri,Jazmin Ortenzi,2,1,True,3,True,3.25,,1.33,,,,,,,,,,
2025-07-04,tennis,ITF W35 Rome Women,ITF Women,Ekaterine Gorgodze,Alisa Oktiabreva,1,2,False,3,True,2.75,,1.4,,,,,,,,,,
2025-07-04,tennis,"Wimbledon, London, Great Britain",ATP,Alex de Minaur,Arthur Cazaux,3,1,True,4,True,1.08,,8.0,,,,,,,,,,
2025-07-04,tennis,"Wimbledon, London, Great Britain",ATP,Flavio Cobolli,Jack Pinnington Jones,3,0,True,3,False,1.36,,3.2,,,,,,,,,,
2025-07-04,tennis,"Wimbledon, London, Great Britain",ATP,Marcos Giron,Jakub Menšik,1,3,False,4,True,2.5,,1.53,,,,,,,,,,
2025-07-04,tennis,"Wimbledon, London, Great Britain",ATP,Miomir Kecmanović,Jesper De Jong,3,1,True,4,True,1.4,,3.0,,,,,,,,,,
2025-07-04,tennis,"Wimbledon, London, Great Britain",ATP,Grigor Dimitrov,Corentin Moutet,3,1,True,4,True,1.57,,2.38,,,,,,,,,,
2025-07-04,tennis,"Wimbledon, London, Great Britain",ATP,Botic Van de Zandschulp,Alejandro Davidovich Fokina,1,3,False,4,True,3.5,,1.3,,,,,,,,,,
2025-07-04,tennis,"Wimbledon, London, Great Britain",ATP,Fábián Marozsán,Jaume Munar,0,3,False,3,False,2.1,,1.73,,,,,,,,,,
2025-07-04,tennis,"Wimbledon, London, Great Britain",ATP,Cristian Garin,Arthur Rinderknech,2,3,False,5,True,2.3,,1.62,,,,,,,,,,
2025-07-04,tennis,"Wimbledon, London, Great Britain",ATP,Felix Auger-Aliassime,Jan-Lennard Struff,1,3,False,4,True,1.36,,3.2,,,,,,,,,,
2025-07-04,tennis,"Wimbledon, London, Great Britain",ATP,Daniel Evans,Novak Djokovic,0,3,False,3,False,13.0,,1.02,,,,,,,,,,
2025-07-04,tennis,"Wimbledon, London, Great Britain",ATP,August Holmgren,Tomaš Machač,3,2,True,5,True,6.0,,1.09,,,,,,,,,,
2025-07-04,tennis,"Wimbledon, London, Great Britain",ATP,Arthur Fery,Luciano Darderi,0,3,False,3,False,1.8,,2.0,,,,,,,,,,
2025-07-04,tennis,"Wimbledon, London, Great Britain",ATP,Pedro Martinez,Mariano Navone,3,0,True,3,False,2.63,,1.5,,,,,,,,,,
2025-07-04,tennis,"Wimbledon, London, Great Britain",ATP,Brandon Nakashima,Reilly Opelka,3,1,True,4,True,1.44,,2.75,,,,,,,,,,
2025-07-04,tennis,"Wimbledon, London, Great Britain",ATP,Sebastian Ofner,Tommy Paul,3,1,True,4,True,5.0,,1.17,,,,,,,,,,
2025-07-04,tennis,"Wimbledon, London, Great Britain",ATP,Jack Draper,Marin Čilić,1,3,False,4,True,1.11,,6.5,,,,,,,,,,
2025-07-04,tennis,"Wimbledon, London, Great Britain",ATP,Lorenzo Sonego,Nikoloz Basilashvili,3,1,True,4,True,1.44,,2.75,,,,,,,,,,
2025-07-04,tennis,"Wimbledon, London, Great Britain",ATP,Jannik Sinner,Aleksandar Vukic,3,0,True,3,False,1.01,,29.0,,,,,,,,,,
2025-07-04,tennis,"Wimbledon, London, Great Britain",WTA,Veronika Kudermetova,Emma Navarro,0,2,False,2,False,2.5,,1.53,,,,,,,,,,
2025-07-04,tennis,"Wimbledon, London, Great Britain",WTA,Xinyu Wang,Zeynep Sönmez,0,2,False,2,False,1.17,,5.0,,,,,,,,,,
2025-07-04,tennis,"Wimbledon, London, Great Britain",WTA,Mirra Andreeva,Lucia Bronzetti,2,0,True,2,False,1.07,,9.0,,,,,,,,,,
2025-07-04,tennis,"Wimbledon, London, Great Britain",WTA,Katie Volynets,Elisabetta Cocciaretto,0,2,False,2,False,2.75,,1.44,,,,,,,,,,
2025-07-04,tennis,"Wimbledon, London, Great Britain",WTA,Hailey Baptiste,Victoria Mboko,2,0,True,2,False,2.0,,1.77,,,,,,,,,,
2025-07-04,tennis,"Wimbledon, London, Great Britain",WTA,Danielle Collins,Veronika Erjavec,2,0,True,2,False,1.14,,5.5,,,,,,,,,,
2025-07-04,tennis,"Wimbledon, London, Great Britain",WTA,Elsa Jacquemot,Belinda Bencic,1,2,False,3,True,3.5,,1.3,,,,,,,,,,
2025-07-04,tennis,"Wimbledon, London, Great Britain",WTA,Maria Sakkari,Elena Rybakina,0,2,False,2,False,5.5,,1.14,,,,,,,,,,
2025-07-04,tennis,"Wimbledon, London, Great Britain",WTA,Suzan Lamens,Ekaterina Alexandrova,0,2,False,2,False,7.0,,1.1,,,,,,,,,,
2025-07-04,tennis,"Wimbledon, London, Great Britain",WTA,Anastasia Zakharova,Dayana Yastremska,1,2,False,3,True,4.0,,1.25,,,,,,,,,,
2025-07-04,tennis,"Wimbledon, London, Great Britain",WTA,Barbora Krejčiková,Caroline Dolehide,2,1,True,3,True,1.36,,3.2,,,,,,,,,,
2025-07-04,tennis,"Wimbledon, London, Great Britain",WTA,Iga Swiatek,Catherine McNally,2,1,True,3,True,1.05,,11.0,,,,,,,,,,
2025-07-04,tennis,"Wimbledon, London, Great Britain",WTA,Yuliia Starodubtseva,Liudmila Samsonova,0,2,False,2,False,5.0,,1.17,,,,,,,,,,
2025-07-04,tennis,"Wimbledon, London, Great Britain",WTA,Sofia Kenin,Jessica Bouzas Maneiro,0,2,False,2,False,1.4,,3.0,,,,,,,,,,
2025-07-04,tennis,"Wimbledon, London, Great Britain",WTA,Clara Tauson,Anna Kalinskaya,2,0,True,2,False,1.73,,2.1,,,,,,,,,,
2025-07-04,tennis,"Wimbledon, London, Great Britain",WTA,Daria Kasatkina,Irina-Camelia Begu,2,1,True,3,True,1.25,,4.0,,,,,,,,,,
2025-07-04,tennis,ITF W35 Rome Women,ITF Women,Giorgia Pedone,Monika Stankiewicz,2,0,True,2,False,1.29,,3.5,,,,,,,,,,
2025-07-04,tennis,ITF W35 Rome Women,ITF Women,Jennifer Ruggeri,Gabriela Cé,1,2,False,3,True,2.75,,1.4,,,,,,,,,,
2025-07-04,tennis,ITF W35 Rome Women,ITF Women,Dalila Spiteri,Jazmin Ortenzi,2,1,True,3,True,3.25,,1.33,,,,,,,,,,
2025-07-04,tennis,ITF W35 Rome Women,ITF Women,Ekaterine Gorgodze,Alisa Oktiabreva,1,2,False,3,True,2.75,,1.4,,,,,,,,,,
2025-07-05,tennis,"Wimbledon, London, Great Britain",ATP,Marton Fucsovics,Gael Monfils,3,2,True,5,True,1.8,,2.0,,,,,,,,,,
2025-07-05,tennis,"Wimbledon, London, Great Britain",WTA,Anastasia Pavlyuchenkova,Naomi Osaka,2,1,True,3,True,2.75,,1.44,,,,,,,,,,
2025-07-05,tennis,"Wimbledon, London, Great Britain",WTA,Dalma Galfi,Amanda Anisimova,1,2,False,3,True,5.5,,1.14,,,,,,,,,,
2025-07-05,tennis,"Wimbledon, London, Great Britain",WTA,Solana Sierra,Cristina Bucsa,2,1,True,3,True,2.2,,1.67,,,,,,,,,,
2025-07-05,tennis,"Wimbledon, London, Great Britain, Mixed",ATP,Glasspool L / Olmos G,Withrow J / Khromacheva I,0,2,False,2,False,1.83,,1.83,,,,,,,,,,
2025-07-05,tennis,"Wimbledon, London, Great Britain",ATP,Marton Fucsovics,Gael Monfils,3,2,True,5,True,1.8,,2.0,,,,,,,,,,
2025-07-05,tennis,"Wimbledon, London, Great Britain",ATP,Ben Shelton,Rinky Hijikata,3,0,True,3,False,1.22,,4.33,,,,,,,,,,
2025-07-05,tennis,"Wimbledon, London, Great Britain",ATP,Taylor Fritz,Alejandro Davidovich Fokina,3,1,True,4,True,1.3,,3.5,,,,,,,,,,
2025-07-05,tennis,"Wimbledon, London, Great Britain",ATP,Andrey Rublev,Adrian Mannarino,3,0,True,3,False,1.25,,4.0,,,,,,,,,,
2025-07-05,tennis,"Wimbledon, London, Great Britain",ATP,Mattia Bellucci,Cameron Norrie,0,3,False,3,False,2.5,,1.53,,,,,,,,,,
2025-07-05,tennis,"Wimbledon, London, Great Britain",ATP,Luciano Darderi,Jordan Thompson,1,3,False,4,True,2.2,,1.67,,,,,,,,,,
2025-07-05,tennis,"Wimbledon, London, Great Britain",ATP,Kamil Majchrzak,Arthur Rinderknech,3,0,True,3,False,2.0,,1.8,,,,,,,,,,
2025-07-05,tennis,"Wimbledon, London, Great Britain",ATP,Nicolas Jarry,Joao Fonseca,3,1,True,4,True,2.75,,1.44,,,,,,,,,,
2025-07-05,tennis,"Wimbledon, London, Great Britain",ATP,Nuno Borges,Karen Khachanov,2,3,False,5,True,3.0,,1.4,,,,,,,,,,
2025-07-05,tennis,"Wimbledon, London, Great Britain",ATP,Jan-Lennard Struff,Carlos Alcaraz,1,3,False,4,True,13.0,,1.04,,,,,,,,,,
2025-07-05,tennis,"Wimbledon, London, Great Britain",WTA,Anastasia Pavlyuchenkova,Naomi Osaka,2,1,True,3,True,2.75,,1.44,,,,,,,,,,
2025-07-05,tennis,"Wimbledon, London, Great Britain",WTA,Dalma Galfi,Amanda Anisimova,1,2,False,3,True,5.5,,1.14,,,,,,,,,,
2025-07-05,tennis,"Wimbledon, London, Great Britain",WTA,Solana Sierra,Cristina Bucsa,2,1,True,3,True,2.2,,1.67,,,,,,,,,,
2025-07-05,tennis,"Wimbledon, London, Great Britain",WTA,Diane Parry,Sonay Kartal,0,2,False,2,False,2.3,,1.62,,,,,,,,,,
2025-07-05,tennis,"Wimbledon, London, Great Britain",WTA,Kamilla Rakhimova,Linda Noskova,0,2,False,2,False,3.75,,1.28,,,,,,,,,,
2025-07-05,tennis,"Wimbledon, London, Great Britain",WTA,Laura Siegemund,Madison Keys,2,0,True,2,False,6.0,,1.13,,,,,,,,,,
2025-07-05,tennis,"Wimbledon, London, Great Britain",WTA,Elise Mertens,Elina Svitolina,2,0,True,2,False,2.38,,1.57,,,,,,,,,,
2025-07-05,tennis,"Wimbledon, London, Great Britain",WTA,Aryna Sabalenka,Emma Raducanu,2,0,True,2,False,1.25,,4.0,,,,,,,,,,
2025-07-05,tennis,"Wimbledon, London, Great Britain, Mixed",ATP,Glasspool L / Olmos G,Withrow J / Khromacheva I,0,2,False,2,False,1.83,,1.83,,,,,,,,,,
2025-07-05,tennis,"Wimbledon, London, Great Britain, Mixed",ATP,Murray J / Appleton E,Stevenson D / Lumsden M,0,2,False,2,False,1.44,,2.63,,,,,,,,,,
2025-07-05,tennis,"Wimbledon, London, Great Britain, Mixed",ATP,Arends S / Schuurs D,Paris J / Silva E,1,2,False,3,True,1.22,,4.0,,,,,,,,,,
2025-07-05,tennis,"Wimbledon, London, Great Britain, Mixed",ATP,Patten H / Nicholls O,Molteni A / Muhammad A,0,2,False,2,False,1.57,,2.25,,,,,,,,,,
2025-07-05,tennis,"Wimbledon, London, Great Britain, Mixed",ATP,Krawietz K / Perez E,Lammons N / Panova A,0,2,False,2,False,1.57,,2.25,,,,,,,,,,
2025-07-05,tennis,"Wimbledon, London, Great Britain, Mixed",ATP,Bhambri Y / Jiang X,Harrison C / Melichar-Martinez N,2,1,True,3,True,2.38,,1.53,,,,,,,,,,
2025-07-05,tennis,"Wimbledon, London, Great Britain, Mixed",ATP,Doumbia S / Wu F-H,Skupski N / Krawczyk D,1,2,False,3,True,2.25,,1.57,,,,,,,,,,
2025-07-05,tennis,"Wimbledon, London, Great Britain, Mixed",ATP,Vavassori A / Errani S,Cash J / Watson H,2,0,True,2,False,1.3,,3.4,,,,,,,,,,
2025-07-05,tennis,ITF W35 Rome Women,ITF Women,Giorgia Pedone,Alisa Oktiabreva,2,1,True,3,True,1.83,,1.83,,,,,,,,,,
2025-07-05,tennis,"Wimbledon, London, Great Britain",ATP,Marton Fucsovics,Gael Monfils,3,2,True,5,True,1.8,,2.0,,,,,,,,,,
2025-07-05,tennis,"Wimbledon, London, Great Britain",ATP,Ben Shelton,Rinky Hijikata,3,0,True,3,False,1.22,,4.33,,,,,,,,,,
2025-07-05,tennis,"Wimbledon, London, Great Britain",ATP,Taylor Fritz,Alejandro Davidovich Fokina,3,1,True,4,True,1.3,,3.5,,,,,,,,,,
2025-07-05,tennis,"Wimbledon, London, Great Britain",ATP,Andrey Rublev,Adrian Mannarino,3,0,True,3,False,1.25,,4.0,,,,,,,,,,
2025-07-05,tennis,"Wimbledon, London, Great Britain",ATP,Mattia Bellucci,Cameron Norrie,0,3,False,3,False,2.5,,1.53,,,,,,,,,,
2025-07-05,tennis,"Wimbledon, London, Great Britain",ATP,Luciano Darderi,Jordan Thompson,1,3,False,4,True,2.2,,1.67,,,,,,,,,,
2025-07-05,tennis,"Wimbledon, London, Great Britain",ATP,Kamil Majchrzak,Arthur Rinderknech,3,0,True,3,False,2.0,,1.8,,,,,,,,,,
2025-07-05,tennis,"Wimbledon, London, Great Britain",ATP,Nicolas Jarry,Joao Fonseca,3,1,True,4,True,2.75,,1.44,,,,,,,,,,
2025-07-05,tennis,"Wimbledon, London, Great Britain",ATP,Nuno Borges,Karen Khachanov,2,3,False,5,True,3.0,,1.4,,,,,,,,,,
2025-07-05,tennis,"Wimbledon, London, Great Britain",ATP,Jan-Lennard Struff,Carlos Alcaraz,1,3,False,4,True,13.0,,1.04,,,,,,,,,,
2025-07-05,tennis,"Wimbledon, London, Great Britain",WTA,Anastasia Pavlyuchenkova,Naomi Osaka,2,1,True,3,True,2.75,,1.44,,,,,,,,,,
2025-07-05,tennis,"Wimbledon, London, Great Britain",WTA,Dalma Galfi,Amanda Anisimova,1,2,False,3,True,5.5,,1.14,,,,,,,,,,
2025-07-05,tennis,"Wimbledon, London, Great Britain",WTA,Solana Sierra,Cristina Bucsa,2,1,True,3,True,2.2,,1.67,,,,,,,,,,
2025-07-05,tennis,"Wimbledon, London, Great Britain",WTA,Diane Parry,Sonay Kartal,0,2,False,2,False,2.3,,1.62,,,,,,,,,,
2025-07-05,tennis,"Wimbledon, London, Great Britain",WTA,Kamilla Rakhimova,Linda Noskova,0,2,False,2,False,3.75,,1.28,,,,,,,,,,
2025-07-05,tennis,"Wimbledon, London, Great Britain",WTA,Laura Siegemund,Madison Keys,2,0,True,2,False,6.0,,1.13,,,,,,,,,,
2025-07-05,tennis,"Wimbledon, London, Great Britain",WTA,Elise Mertens,Elina Svitolina,2,0,True,2,False,2.38,,1.57,,,,,,,,,,
2025-07-05,tennis,"Wimbledon, London, Great Britain",WTA,Aryna Sabalenka,Emma Raducanu,2,0,True,2,False,1.25,,4.0,,,,,,,,,,
2025-07-05,tennis,"Wimbledon, London, Great Britain, Mixed",ATP,Glasspool L / Olmos G,Withrow J / Khromacheva I,0,2,False,2,False,1.83,,1.83,,,,,,,,,,
2025-07-05,tennis,"Wimbledon, London, Great Britain, Mixed",ATP,Murray J / Appleton E,Stevenson D / Lumsden M,0,2,False,2,False,1.44,,2.63,,,,,,,,,,
2025-07-05,tennis,"Wimbledon, London, Great Britain, Mixed",ATP,Arends S / Schuurs D,Paris J / Silva E,1,2,False,3,True,1.22,,4.0,,,,,,,,,,
2025-07-05,tennis,"Wimbledon, London, Great Britain, Mixed",ATP,Patten H / Nicholls O,Molteni A / Muhammad A,0,2,False,2,False,1.57,,2.25,,,,,,,,,,
2025-07-05,tennis,"Wimbledon, London, Great Britain, Mixed",ATP,Krawietz K / Perez E,Lammons N / Panova A,0,2,False,2,False,1.57,,2.25,,,,,,,,,,
2025-07-05,tennis,"Wimbledon, London, Great Britain, Mixed",ATP,Bhambri Y / Jiang X,Harrison C / Melichar-Martinez N,2,1,True,3,True,2.38,,1.53,,,,,,,,,,
2025-07-05,tennis,"Wimbledon, London, Great Britain, Mixed",ATP,Doumbia S / Wu F-H,Skupski N / Krawczyk D,1,2,False,3,True,2.25,,1.57,,,,,,,,,,
2025-07-05,tennis,"Wimbledon, London, Great Britain, Mixed",ATP,Vavassori A / Errani S,Cash J / Watson H,2,0,True,2,False,1.3,,3.4,,,,,,,,,,
2025-07-05,tennis,ITF W35 Rome Women,ITF Women,Giorgia Pedone,Alisa Oktiabreva,2,1,True,3,True,1.83,,1.83,,,,,,,,,,
2025-07-06,tennis,"Wimbledon, London, Great Britain",ATP,Flavio Cobolli,Jakub Menšik,3,0,True,3,False,2.5,,1.53,,,,,,,,,,
2025-07-06,tennis,"Wimbledon, London, Great Britain",WTA,Belinda Bencic,Elisabetta Cocciaretto,2,1,True,3,True,1.57,,2.38,,,,,,,,,,
2025-07-06,tennis,"Wimbledon, London, Great Britain",WTA,Clara Tauson,Elena Rybakina,2,0,True,2,False,4.33,,1.22,,,,,,,,,,
2025-07-06,tennis,"Wimbledon, London, Great Britain",WTA,Daria Kasatkina,Liudmila Samsonova,0,2,False,2,False,2.75,,1.44,,,,,,,,,,
2025-07-06,tennis,"Wimbledon, London, Great Britain",WTA,Jessica Bouzas Maneiro,Dayana Yastremska,2,1,True,3,True,2.75,,1.44,,,,,,,,,,
2025-07-06,tennis,"Wimbledon, London, Great Britain, Mixed",ATP,Goransson A / Chan H-C,Arevalo M / Zhang S,0,2,False,2,False,2.62,,1.44,,,,,,,,,,
2025-07-06,tennis,"Wimbledon, London, Great Britain, Mixed",ATP,Reboul F / Eikeri U,Pavic M / Babos T,0,2,False,2,False,3.25,,1.33,,,,,,,,,,
2025-07-06,tennis,"Wimbledon, London, Great Britain, Mixed",ATP,Willis M / Barnett A,Gonzalez S / Mihalikova T,0,2,False,2,False,2.5,,1.5,,,,,,,,,,
2025-07-06,tennis,ITF W35 Rome Women,ITF Women,Dalila Spiteri,Gabriela Cé,2,0,True,2,False,1.57,,2.25,,,,,,,,,,
2025-07-06,tennis,"Wimbledon, London, Great Britain",ATP,Flavio Cobolli,Jakub Menšik,3,0,True,3,False,2.5,,1.53,,,,,,,,,,
2025-07-06,tennis,"Wimbledon, London, Great Britain",ATP,Jannik Sinner,Pedro Martinez,3,0,True,3,False,1.0,,51.0,,,,,,,,,,
2025-07-06,tennis,"Wimbledon, London, Great Britain",ATP,Brandon Nakashima,Lorenzo Sonego,2,3,False,5,True,1.5,,2.63,,,,,,,,,,
2025-07-06,tennis,"Wimbledon, London, Great Britain",ATP,Grigor Dimitrov,Sebastian Ofner,3,0,True,3,False,1.28,,3.75,,,,,,,,,,
2025-07-06,tennis,"Wimbledon, London, Great Britain",ATP,Alex de Minaur,August Holmgren,3,0,True,3,False,1.06,,10.0,,,,,,,,,,
2025-07-06,tennis,"Wimbledon, London, Great Britain",ATP,Marin Čilić,Jaume Munar,3,1,True,4,True,1.57,,2.38,,,,,,,,,,
2025-07-06,tennis,"Wimbledon, London, Great Britain",ATP,Ben Shelton,Marton Fucsovics,3,0,True,3,False,1.3,,3.5,,,,,,,,,,
2025-07-06,tennis,"Wimbledon, London, Great Britain",ATP,Miomir Kecmanović,Novak Djokovic,0,3,False,3,False,15.0,,1.03,,,,,,,,,,
2025-07-06,tennis,"Wimbledon, London, Great Britain",WTA,Belinda Bencic,Elisabetta Cocciaretto,2,1,True,3,True,1.57,,2.38,,,,,,,,,,
2025-07-06,tennis,"Wimbledon, London, Great Britain",WTA,Clara Tauson,Elena Rybakina,2,0,True,2,False,4.33,,1.22,,,,,,,,,,
2025-07-06,tennis,"Wimbledon, London, Great Britain",WTA,Daria Kasatkina,Liudmila Samsonova,0,2,False,2,False,2.75,,1.44,,,,,,,,,,
2025-07-06,tennis,"Wimbledon, London, Great Britain",WTA,Jessica Bouzas Maneiro,Dayana Yastremska,2,1,True,3,True,2.75,,1.44,,,,,,,,,,
2025-07-06,tennis,"Wimbledon, London, Great Britain",WTA,Mirra Andreeva,Hailey Baptiste,2,0,True,2,False,1.3,,3.5,,,,,,,,,,
2025-07-06,tennis,"Wimbledon, London, Great Britain",WTA,Barbora Krejčiková,Emma Navarro,1,2,False,3,True,2.75,,1.44,,,,,,,,,,
2025-07-06,tennis,"Wimbledon, London, Great Britain",WTA,Zeynep Sönmez,Ekaterina Alexandrova,0,2,False,2,False,7.0,,1.1,,,,,,,,,,
2025-07-06,tennis,"Wimbledon, London, Great Britain",WTA,Iga Swiatek,Danielle Collins,2,0,True,2,False,1.36,,3.2,,,,,,,,,,
2025-07-06,tennis,"Wimbledon, London, Great Britain, Mixed",ATP,Goransson A / Chan H-C,Arevalo M / Zhang S,0,2,False,2,False,2.62,,1.44,,,,,,,,,,
2025-07-06,tennis,"Wimbledon, London, Great Britain, Mixed",ATP,Reboul F / Eikeri U,Pavic M / Babos T,0,2,False,2,False,3.25,,1.33,,,,,,,,,,
2025-07-06,tennis,"Wimbledon, London, Great Britain, Mixed",ATP,Willis M / Barnett A,Gonzalez S / Mihalikova T,0,2,False,2,False,2.5,,1.5,,,,,,,,,,
2025-07-06,tennis,"Wimbledon, London, Great Britain, Mixed",ATP,Ebden M / Ostapenko J,King E / Townsend T,0,2,False,2,False,1.83,,1.83,,,,,,,,,,
2025-07-06,tennis,"Wimbledon, London, Great Britain, Mixed",ATP,Heliovaara H / Danilina A,Verbeek S / Siniakova K,1,2,False,3,True,1.62,,2.2,,,,,,,,,,
2025-07-06,tennis,"Wimbledon, London, Great Britain, Mixed",ATP,Routliffe E / Venus M,Salisbury J / Stefani L,0,2,False,2,False,1.67,,2.1,,,,,,,,,,
2025-07-06,tennis,"Wimbledon, London, Great Britain, Mixed",ATP,Galloway R / Sutjiadi A,Mektic N / Dabrowski G,2,1,True,3,True,2.75,,1.4,,,,,,,,,,
2025-07-06,tennis,"Wimbledon, London, Great Britain, Mixed",ATP,Zielinski J / Hsieh S-W,Gonzalez M / Bucsa C,2,0,True,2,False,1.36,,3.0,,,,,,,,,,
2025-07-06,tennis,ITF W35 Rome Women,ITF Women,Dalila Spiteri,Gabriela Cé,2,0,True,2,False,1.57,,2.25,,,,,,,,,,
2025-07-06,tennis,ITF W35 Rome Women,ITF Women,Giorgia Pedone,Dalila Spiteri,0,2,False,2,False,1.67,,2.1,,,,,,,,,,
2025-07-06,tennis,"Wimbledon, London, Great Britain",ATP,Flavio Cobolli,Jakub Menšik,3,0,True,3,False,2.5,,1.53,,,,,,,,,,
2025-07-06,tennis,"Wimbledon, London, Great Britain",ATP,Jannik Sinner,Pedro Martinez,3,0,True,3,False,1.0,,51.0,,,,,,,,,,
2025-07-06,tennis,"Wimbledon, London, Great Britain",ATP,Brandon Nakashima,Lorenzo Sonego,2,3,False,5,True,1.5,,2.63,,,,,,,,,,
2025-07-06,tennis,"Wimbledon, London, Great Britain",ATP,Grigor Dimitrov,Sebastian Ofner,3,0,True,3,False,1.28,,3.75,,,,,,,,,,
2025-07-06,tennis,"Wimbledon, London, Great Britain",ATP,Alex de Minaur,August Holmgren,3,0,True,3,False,1.06,,10.0,,,,,,,,,,
2025-07-06,tennis,"Wimbledon, London, Great Britain",ATP,Marin Čilić,Jaume Munar,3,1,True,4,True,1.57,,2.38,,,,,,,,,,
2025-07-06,tennis,"Wimbledon, London, Great Britain",ATP,Ben Shelton,Marton Fucsovics,3,0,True,3,False,1.3,,3.5,,,,,,,,,,
2025-07-06,tennis,"Wimbledon, London, Great Britain",ATP,Miomir Kecmanović,Novak Djokovic,0,3,False,3,False,15.0,,1.03,,,,,,,,,,
2025-07-06,tennis,"Wimbledon, London, Great Britain",WTA,Belinda Bencic,Elisabetta Cocciaretto,2,1,True,3,True,1.57,,2.38,,,,,,,,,,
2025-07-06,tennis,"Wimbledon, London, Great Britain",WTA,Clara Tauson,Elena Rybakina,2,0,True,2,False,4.33,,1.22,,,,,,,,,,
2025-07-06,tennis,"Wimbledon, London, Great Britain",WTA,Daria Kasatkina,Liudmila Samsonova,0,2,False,2,False,2.75,,1.44,,,,,,,,,,
2025-07-06,tennis,"Wimbledon, London, Great Britain",WTA,Jessica Bouzas Maneiro,Dayana Yastremska,2,1,True,3,True,2.75,,1.44,,,,,,,,,,
2025-07-06,tennis,"Wimbledon, London, Great Britain",WTA,Mirra Andreeva,Hailey Baptiste,2,0,True,2,False,1.3,,3.5,,,,,,,,,,
2025-07-06,tennis,"Wimbledon, London, Great Britain",WTA,Barbora Krejčiková,Emma Navarro,1,2,False,3,True,2.75,,1.44,,,,,,,,,,
2025-07-06,tennis,"Wimbledon, London, Great Britain",WTA,Zeynep Sönmez,Ekaterina Alexandrova,0,2,False,2,False,7.0,,1.1,,,,,,,,,,
2025-07-06,tennis,"Wimbledon, London, Great Britain",WTA,Iga Swiatek,Danielle Collins,2,0,True,2,False,1.36,,3.2,,,,,,,,,,
2025-07-06,tennis,"Wimbledon, London, Great Britain, Mixed",ATP,Goransson A / Chan H-C,Arevalo M / Zhang S,0,2,False,2,False,2.62,,1.44,,,,,,,,,,
2025-07-06,tennis,"Wimbledon, London, Great Britain, Mixed",ATP,Reboul F / Eikeri U,Pavic M / Babos T,0,2,False,2,False,3.25,,1.33,,,,,,,,,,
2025-07-06,tennis,"Wimbledon, London, Great Britain, Mixed",ATP,Willis M / Barnett A,Gonzalez S / Mihalikova T,0,2,False,2,False,2.5,,1.5,,,,,,,,,,
2025-07-06,tennis,"Wimbledon, London, Great Britain, Mixed",ATP,Ebden M / Ostapenko J,King E / Townsend T,0,2,False,2,False,1.83,,1.83,,,,,,,,,,
2025-07-06,tennis,"Wimbledon, London, Great Britain, Mixed",ATP,Heliovaara H / Danilina A,Verbeek S / Siniakova K,1,2,False,3,True,1.62,,2.2,,,,,,,,,,
2025-07-06,tennis,"Wimbledon, London, Great Britain, Mixed",ATP,Routliffe E / Venus M,Salisbury J / Stefani L,0,2,False,2,False,1.67,,2.1,,,,,,,,,,
2025-07-06,tennis,"Wimbledon, London, Great Britain, Mixed",ATP,Galloway R / Sutjiadi A,Mektic N / Dabrowski G,2,1,True,3,True,2.75,,1.4,,,,,,,,,,
2025-07-06,tennis,"Wimbledon, London, Great Britain, Mixed",ATP,Zielinski J / Hsieh S-W,Gonzalez M / Bucsa C,2,0,True,2,False,1.36,,3.0,,,,,,,,,,
2025-07-06,tennis,ITF W35 Rome Women,ITF Women,Dalila Spiteri,Gabriela Cé,2,0,True,2,False,1.57,,2.25,,,,,,,,,,
2025-07-06,tennis,ITF W35 Rome Women,ITF Women,Giorgia Pedone,Dalila Spiteri,0,2,False,2,False,1.67,,2.1,,,,,,,,,,
2025-07-07,tennis,"Wimbledon, London, Great Britain",ATP,Karen Khachanov,Kamil Majchrzak,3,0,True,3,False,1.33,,3.4,,,,,,,,,,
2025-07-07,tennis,"Wimbledon, London, Great Britain",ATP,Karen Khachanov,Kamil Majchrzak,3,0,True,3,False,1.33,,3.4,,,,,,,,,,
2025-07-07,tennis,"Wimbledon, London, Great Britain",ATP,Nicolas Jarry,Cameron Norrie,2,3,False,5,True,2.0,,1.8,,,,,,,,,,
2025-07-07,tennis,"Wimbledon, London, Great Britain",ATP,Andrey Rublev,Carlos Alcaraz,1,3,False,4,True,7.0,,1.1,,,,,,,,,,
2025-07-07,tennis,"Wimbledon, London, Great Britain",WTA,Solana Sierra,Laura Siegemund,0,2,False,2,False,2.5,,1.53,,,,,,,,,,
2025-07-07,tennis,"Wimbledon, London, Great Britain",WTA,Sonay Kartal,Anastasia Pavlyuchenkova,0,2,False,2,False,1.8,,2.0,,,,,,,,,,
2025-07-07,tennis,"Wimbledon, London, Great Britain",WTA,Aryna Sabalenka,Elise Mertens,2,0,True,2,False,1.2,,4.5,,,,,,,,,,
2025-07-07,tennis,"Wimbledon, London, Great Britain",WTA,Linda Noskova,Amanda Anisimova,1,2,False,3,True,2.2,,1.67,,,,,,,,,,
2025-07-07,tennis,"Wimbledon, London, Great Britain, Mixed",ATP,Vavassori A / Errani S,Withrow J / Khromacheva I,1,2,False,3,True,1.4,,2.75,,,,,,,,,,
2025-07-07,tennis,"Wimbledon, London, Great Britain, Mixed",ATP,Salisbury J / Stefani L,Molteni A / Muhammad A,2,0,True,2,False,1.57,,2.25,,,,,,,,,,
2025-07-07,tennis,"Wimbledon, London, Great Britain, Mixed",ATP,Stevenson D / Lumsden M,Pavic M / Babos T,0,2,False,2,False,3.4,,1.3,,,,,,,,,,
2025-07-07,tennis,"Wimbledon, London, Great Britain, Mixed",ATP,Lammons N / Panova A,Skupski N / Krawczyk D,0,2,False,2,False,2.5,,1.5,,,,,,,,,,
2025-07-07,tennis,"Wimbledon, London, Great Britain, Mixed",ATP,Bhambri Y / Jiang X,Arevalo M / Zhang S,0,2,False,2,False,3.4,,1.3,,,,,,,,,,
2025-07-07,tennis,"Wimbledon, London, Great Britain, Mixed",ATP,Verbeek S / Siniakova K,Gonzalez S / Mihalikova T,2,0,True,2,False,1.67,,2.1,,,,,,,,,,
2025-07-07,tennis,"Wimbledon, London, Great Britain, Mixed",ATP,Zielinski J / Hsieh S-W,King E / Townsend T,2,1,True,3,True,2.1,,1.67,,,,,,,,,,
2025-07-07,tennis,"Wimbledon, London, Great Britain",ATP,Karen Khachanov,Kamil Majchrzak,3,0,True,3,False,1.33,,3.4,,,,,,,,,,
2025-07-07,tennis,"Wimbledon, London, Great Britain",ATP,Nicolas Jarry,Cameron Norrie,2,3,False,5,True,2.0,,1.8,,,,,,,,,,
2025-07-07,tennis,"Wimbledon, London, Great Britain",ATP,Andrey Rublev,Carlos Alcaraz,1,3,False,4,True,7.0,,1.1,,,,,,,,,,
2025-07-07,tennis,"Wimbledon, London, Great Britain",WTA,Solana Sierra,Laura Siegemund,0,2,False,2,False,2.5,,1.53,,,,,,,,,,
2025-07-07,tennis,"Wimbledon, London, Great Britain",WTA,Sonay Kartal,Anastasia Pavlyuchenkova,0,2,False,2,False,1.8,,2.0,,,,,,,,,,
2025-07-07,tennis,"Wimbledon, London, Great Britain",WTA,Aryna Sabalenka,Elise Mertens,2,0,True,2,False,1.2,,4.5,,,,,,,,,,
2025-07-07,tennis,"Wimbledon, London, Great Britain",WTA,Linda Noskova,Amanda Anisimova,1,2,False,3,True,2.2,,1.67,,,,,,,,,,
2025-07-07,tennis,"Wimbledon, London, Great Britain, Mixed",ATP,Vavassori A / Errani S,Withrow J / Khromacheva I,1,2,False,3,True,1.4,,2.75,,,,,,,,,,
2025-07-07,tennis,"Wimbledon, London, Great Britain, Mixed",ATP,Salisbury J / Stefani L,Molteni A / Muhammad A,2,0,True,2,False,1.57,,2.25,,,,,,,,,,
2025-07-07,tennis,"Wimbledon, London, Great Britain, Mixed",ATP,Stevenson D / Lumsden M,Pavic M / Babos T,0,2,False,2,False,3.4,,1.3,,,,,,,,,,
2025-07-07,tennis,"Wimbledon, London, Great Britain, Mixed",ATP,Lammons N / Panova A,Skupski N / Krawczyk D,0,2,False,2,False,2.5,,1.5,,,,,,,,,,
2025-07-07,tennis,"Wimbledon, London, Great Britain, Mixed",ATP,Bhambri Y / Jiang X,Arevalo M / Zhang S,0,2,False,2,False,3.4,,1.3,,,,,,,,,,
2025-07-07,tennis,"Wimbledon, London, Great Britain, Mixed",ATP,Verbeek S / Siniakova K,Gonzalez S / Mihalikova T,2,0,True,2,False,1.67,,2.1,,,,,,,,,,
2025-07-07,tennis,"Wimbledon, London, Great Britain, Mixed",ATP,Zielinski J / Hsieh S-W,King E / Townsend T,2,1,True,3,True,2.1,,1.67,,,,,,,,,,
2025-07-08,tennis,"Wimbledon, London, Great Britain",ATP,Marin Čilić,Flavio Cobolli,1,3,False,4,True,2.0,,1.8,,,,,,,,,,
2025-07-08,tennis,"Wimbledon, London, Great Britain",ATP,Marin Čilić,Flavio Cobolli,1,3,False,4,True,2.0,,1.8,,,,,,,,,,
2025-07-08,tennis,"Wimbledon, London, Great Britain",ATP,Alex de Minaur,Novak Djokovic,1,3,False,4,True,5.5,,1.14,,,,,,,,,,
2025-07-08,tennis,"Wimbledon, London, Great Britain",ATP,Ben Shelton,Lorenzo Sonego,3,1,True,4,True,1.28,,3.75,,,,,,,,,,
2025-07-08,tennis,"Wimbledon, London, Great Britain",WTA,Ekaterina Alexandrova,Belinda Bencic,0,2,False,2,False,1.44,,2.75,,,,,,,,,,
2025-07-08,tennis,"Wimbledon, London, Great Britain",WTA,Liudmila Samsonova,Jessica Bouzas Maneiro,2,0,True,2,False,1.2,,4.5,,,,,,,,,,
2025-07-08,tennis,"Wimbledon, London, Great Britain",WTA,Mirra Andreeva,Emma Navarro,2,0,True,2,False,1.57,,2.38,,,,,,,,,,
2025-07-08,tennis,"Wimbledon, London, Great Britain",WTA,Iga Swiatek,Clara Tauson,2,0,True,2,False,1.3,,3.5,,,,,,,,,,
2025-07-08,tennis,"Wimbledon, London, Great Britain, Mixed",ATP,Verbeek S / Siniakova K,Paris J / Silva E,2,0,True,2,False,1.22,,4.0,,,,,,,,,,
2025-07-08,tennis,"Wimbledon, London, Great Britain, Mixed",ATP,Withrow J / Khromacheva I,Pavic M / Babos T,1,2,False,3,True,2.25,,1.57,,,,,,,,,,
2025-07-08,tennis,"Wimbledon, London, Great Britain, Mixed",ATP,Salisbury J / Stefani L,Zielinski J / Hsieh S-W,2,0,True,2,False,2.1,,1.67,,,,,,,,,,
2025-07-08,tennis,"Wimbledon, London, Great Britain, Mixed",ATP,Skupski N / Krawczyk D,Arevalo M / Zhang S,0,2,False,2,False,1.83,,1.83,,,,,,,,,,
2025-07-08,tennis,"Wimbledon, London, Great Britain",ATP,Marin Čilić,Flavio Cobolli,1,3,False,4,True,2.0,,1.8,,,,,,,,,,
2025-07-08,tennis,"Wimbledon, London, Great Britain",ATP,Alex de Minaur,Novak Djokovic,1,3,False,4,True,5.5,,1.14,,,,,,,,,,
2025-07-08,tennis,"Wimbledon, London, Great Britain",ATP,Ben Shelton,Lorenzo Sonego,3,1,True,4,True,1.28,,3.75,,,,,,,,,,
2025-07-08,tennis,"Wimbledon, London, Great Britain",WTA,Ekaterina Alexandrova,Belinda Bencic,0,2,False,2,False,1.44,,2.75,,,,,,,,,,
2025-07-08,tennis,"Wimbledon, London, Great Britain",WTA,Liudmila Samsonova,Jessica Bouzas Maneiro,2,0,True,2,False,1.2,,4.5,,,,,,,,,,
2025-07-08,tennis,"Wimbledon, London, Great Britain",WTA,Mirra Andreeva,Emma Navarro,2,0,True,2,False,1.57,,2.38,,,,,,,,,,
2025-07-08,tennis,"Wimbledon, London, Great Britain",WTA,Iga Swiatek,Clara Tauson,2,0,True,2,False,1.3,,3.5,,,,,,,,,,
2025-07-08,tennis,"Wimbledon, London, Great Britain, Mixed",ATP,Verbeek S / Siniakova K,Paris J / Silva E,2,0,True,2,False,1.22,,4.0,,,,,,,,,,
2025-07-08,tennis,"Wimbledon, London, Great Britain, Mixed",ATP,Withrow J / Khromacheva I,Pavic M / Babos T,1,2,False,3,True,2.25,,1.57,,,,,,,,,,
2025-07-08,tennis,"Wimbledon, London, Great Britain, Mixed",ATP,Salisbury J / Stefani L,Zielinski J / Hsieh S-W,2,0,True,2,False,2.1,,1.67,,,,,,,,,,
2025-07-08,tennis,"Wimbledon, London, Great Britain, Mixed",ATP,Skupski N / Krawczyk D,Arevalo M / Zhang S,0,2,False,2,False,1.83,,1.83,,,,,,,,,,
2025-07-09,tennis,"Wimbledon, London, Great Britain",ATP,Taylor Fritz,Karen Khachanov,3,1,True,4,True,1.28,,3.75,,,,,,,,,,
2025-07-09,tennis,"Wimbledon, London, Great Britain",ATP,Cameron Norrie,Carlos Alcaraz,0,3,False,3,False,11.0,,1.05,,,,,,,,,,
2025-07-09,tennis,"Wimbledon, London, Great Britain",WTA,Aryna Sabalenka,Laura Siegemund,2,1,True,3,True,1.05,,11.0,,,,,,,,,,
2025-07-09,tennis,"Wimbledon, London, Great Britain",WTA,Amanda Anisimova,Anastasia Pavlyuchenkova,2,0,True,2,False,1.36,,3.2,,,,,,,,,,
2025-07-09,tennis,"Wimbledon, London, Great Britain, Mixed",ATP,Verbeek S / Siniakova K,Pavic M / Babos T,2,0,True,2,False,2.2,,1.62,,,,,,,,,,
2025-07-09,tennis,"Wimbledon, London, Great Britain, Mixed",ATP,Salisbury J / Stefani L,Arevalo M / Zhang S,2,0,True,2,False,2.38,,1.53,,,,,,,,,,
2025-07-09,tennis,"Wimbledon, London, Great Britain",ATP,Taylor Fritz,Karen Khachanov,3,1,True,4,True,1.28,,3.75,,,,,,,,,,
2025-07-09,tennis,"Wimbledon, London, Great Britain",ATP,Cameron Norrie,Carlos Alcaraz,0,3,False,3,False,11.0,,1.05,,,,,,,,,,
2025-07-09,tennis,"Wimbledon, London, Great Britain",WTA,Aryna Sabalenka,Laura Siegemund,2,1,True,3,True,1.05,,11.0,,,,,,,,,,
2025-07-09,tennis,"Wimbledon, London, Great Britain",WTA,Amanda Anisimova,Anastasia Pavlyuchenkova,2,0,True,2,False,1.36,,3.2,,,,,,,,,,
2025-07-09,tennis,"Wimbledon, London, Great Britain, Mixed",ATP,Verbeek S / Siniakova K,Pavic M / Babos T,2,0,True,2,False,2.2,,1.62,,,,,,,,,,
2025-07-09,tennis,"Wimbledon, London, Great Britain, Mixed",ATP,Salisbury J / Stefani L,Arevalo M / Zhang S,2,0,True,2,False,2.38,,1.53,,,,,,,,,,
2025-07-10,tennis,"Wimbledon, London, Great Britain",ATP,Jannik Sinner,Ben Shelton,3,0,True,3,False,1.3,,3.5,,,,,,,,,,
2025-07-10,tennis,"Wimbledon, London, Great Britain",ATP,Flavio Cobolli,Novak Djokovic,1,3,False,4,True,8.0,,1.08,,,,,,,,,,
2025-07-10,tennis,"Wimbledon, London, Great Britain",WTA,Iga Swiatek,Liudmila Samsonova,2,0,True,2,False,1.33,,3.4,,,,,,,,,,
2025-07-10,tennis,"Wimbledon, London, Great Britain",WTA,Mirra Andreeva,Belinda Bencic,0,2,False,2,False,1.44,,2.75,,,,,,,,,,
2025-07-10,tennis,"Wimbledon, London, Great Britain",ATP,Jannik Sinner,Ben Shelton,3,0,True,3,False,1.3,,3.5,,,,,,,,,,
2025-07-10,tennis,"Wimbledon, London, Great Britain",ATP,Flavio Cobolli,Novak Djokovic,1,3,False,4,True,8.0,,1.08,,,,,,,,,,
2025-07-10,tennis,"Wimbledon, London, Great Britain",WTA,Iga Swiatek,Liudmila Samsonova,2,0,True,2,False,1.33,,3.4,,,,,,,,,,
2025-07-10,tennis,"Wimbledon, London, Great Britain",WTA,Mirra Andreeva,Belinda Bencic,0,2,False,2,False,1.44,,2.75,,,,,,,,,,
2025-07-11,tennis,"Wimbledon, London, Great Britain",WTA,Aryna Sabalenka,Amanda Anisimova,1,2,False,3,True,1.3,,3.4,,,,,,,,,,
2025-07-11,tennis,"Wimbledon, London, Great Britain",WTA,Belinda Bencic,Iga Swiatek,0,2,False,2,False,3.75,,1.28,,,,,,,,,,
2025-07-11,tennis,"Wimbledon, London, Great Britain, Mixed",ATP,Verbeek S / Siniakova K,Salisbury J / Stefani L,2,0,True,2,False,1.8,,2.0,,,,,,,,,,
2025-07-11,tennis,"Wimbledon, London, Great Britain",WTA,Aryna Sabalenka,Amanda Anisimova,1,2,False,3,True,1.3,,3.4,,,,,,,,,,
2025-07-11,tennis,"Wimbledon, London, Great Britain",WTA,Belinda Bencic,Iga Swiatek,0,2,False,2,False,3.75,,1.28,,,,,,,,,,
2025-07-11,tennis,"Wimbledon, London, Great Britain, Mixed",ATP,Verbeek S / Siniakova K,Salisbury J / Stefani L,2,0,True,2,False,1.8,,2.0,,,,,,,,,,
2025-07-12,tennis,"Wimbledon, London, Great Britain",ATP,Taylor Fritz,Carlos Alcaraz,1,3,False,4,True,5.0,,1.17,,,,,,,,,,
2025-07-12,tennis,"Wimbledon, London, Great Britain",ATP,Jannik Sinner,Novak Djokovic,3,0,True,3,False,1.4,,3.0,,,,,,,,,,
2025-07-12,tennis,"Wimbledon, London, Great Britain",ATP,Taylor Fritz,Carlos Alcaraz,1,3,False,4,True,5.0,,1.17,,,,,,,,,,
2025-07-12,tennis,"Wimbledon, London, Great Britain",ATP,Jannik Sinner,Novak Djokovic,3,0,True,3,False,1.4,,3.0,,,,,,,,,,
2025-07-13,tennis,"Wimbledon, London, Great Britain",WTA,Amanda Anisimova,Iga Swiatek,0,2,False,2,False,3.4,,1.33,,,,,,,,,,
2025-07-13,tennis,"Wimbledon, London, Great Britain",WTA,Amanda Anisimova,Iga Swiatek,0,2,False,2,False,3.4,,1.33,,,,,,,,,,
2025-07-14,tennis,"Wimbledon, London, Great Britain",ATP,Jannik Sinner,Carlos Alcaraz,3,1,True,4,True,1.83,,2.0,,,,,,,,,,
2025-07-14,tennis,"Rome, Italy",WTA 125,Tatiana Prozorova,Jazmin Ortenzi,2,0,True,2,False,1.44,,2.62,,,,,,,,,,
2025-07-14,tennis,"Rome, Italy",WTA 125,Dalila Spiteri,Lea Bošković,2,0,True,2,False,2.0,,1.73,,,,,,,,,,
2025-07-14,tennis,"Wimbledon, London, Great Britain",ATP,Jannik Sinner,Carlos Alcaraz,3,1,True,4,True,1.83,,2.0,,,,,,,,,,
2025-07-14,tennis,"Rome, Italy",WTA 125,Tatiana Prozorova,Jazmin Ortenzi,2,0,True,2,False,1.44,,2.62,,,,,,,,,,
2025-07-14,tennis,"Rome, Italy",WTA 125,Dalila Spiteri,Lea Bošković,2,0,True,2,False,2.0,,1.73,,,,,,,,,,
2025-07-15,tennis,"Rome, Italy",WTA 125,Angela Fita Boluda,Julia Riera,0,2,False,2,False,2.38,,1.53,,,,,,,,,,
2025-07-15,tennis,"Rome, Italy",WTA 125,Susan Bandecchi,Alisa Oktiabreva,1,2,False,3,True,2.5,,1.5,,,,,,,,,,
2025-07-15,tennis,"Rome, Italy",WTA 125,Varvara Lepchenko,Giorgia Pedone,2,1,True,3,True,1.44,,2.62,,,,,,,,,,
2025-07-15,tennis,"Rome, Italy",WTA 125,Laura Pigossi,Lina Gjorcheska,0,2,False,2,False,1.83,,1.83,,,,,,,,,,
2025-07-15,tennis,"Rome, Italy",WTA 125,Tamara Zidanšek,Hanne Vandewinkel,2,0,True,2,False,1.62,,2.2,,,,,,,,,,
2025-07-15,tennis,"Rome, Italy",WTA 125,Kathinka von Deichmann,Ekaterine Gorgodze,0,2,False,2,False,1.67,,2.1,,,,,,,,,,
2025-07-15,tennis,"Rome, Italy",WTA 125,Lola Radivojević,Barbora Palicova,2,1,True,3,True,1.67,,2.1,,,,,,,,,,
2025-07-15,tennis,"Rome, Italy",WTA 125,Angela Fita Boluda,Julia Riera,0,2,False,2,False,2.38,,1.53,,,,,,,,,,
2025-07-15,tennis,"Rome, Italy",WTA 125,Susan Bandecchi,Alisa Oktiabreva,1,2,False,3,True,2.5,,1.5,,,,,,,,,,
2025-07-15,tennis,"Rome, Italy",WTA 125,Varvara Lepchenko,Giorgia Pedone,2,1,True,3,True,1.44,,2.62,,,,,,,,,,
2025-07-15,tennis,"Rome, Italy",WTA 125,Laura Pigossi,Lina Gjorcheska,0,2,False,2,False,1.83,,1.83,,,,,,,,,,
2025-07-15,tennis,"Rome, Italy",WTA 125,Tamara Zidanšek,Hanne Vandewinkel,2,0,True,2,False,1.62,,2.2,,,,,,,,,,
2025-07-15,tennis,"Rome, Italy",WTA 125,Kathinka von Deichmann,Ekaterine Gorgodze,0,2,False,2,False,1.67,,2.1,,,,,,,,,,
2025-07-15,tennis,"Rome, Italy",WTA 125,Lola Radivojević,Barbora Palicova,2,1,True,3,True,1.67,,2.1,,,,,,,,,,
2025-07-16,tennis,"Rome, Italy",WTA 125,Petra Marčinko,Dominika Salkova,2,0,True,2,False,1.91,,1.8,,,,,,,,,,
2025-07-16,tennis,"Rome, Italy",WTA 125,Ylena In-Albon,Tyra Caterina Grant,1,2,False,3,True,3.25,,1.33,,,,,,,,,,
2025-07-16,tennis,"Rome, Italy",WTA 125,Amandine Hesse,Darja Semenistaja,0,2,False,2,False,4.33,,1.2,,,,,,,,,,
2025-07-16,tennis,"Rome, Italy",WTA 125,Claire Liu,Lisa Pigato,2,0,True,2,False,1.5,,2.5,,,,,,,,,,
2025-07-16,tennis,"Rome, Italy",WTA 125,Kaitlin Quevedo,Oksana Selekhmeteva,0,2,False,2,False,2.62,,1.44,,,,,,,,,,
2025-07-16,tennis,"Rome, Italy",WTA 125,Nuria Brancaccio,Martina Trevisan,1,2,False,3,True,1.73,,2.0,,,,,,,,,,
2025-07-16,tennis,"Rome, Italy",WTA 125,Julia Riera,Tamara Zidanšek,1,2,False,3,True,2.1,,1.67,,,,,,,,,,
2025-07-16,tennis,"Rome, Italy",WTA 125,Tatiana Prozorova,Dalila Spiteri,1,2,False,3,True,1.3,,3.4,,,,,,,,,,
2025-07-16,tennis,"Rome, Italy",WTA 125,Petra Marčinko,Dominika Salkova,2,0,True,2,False,1.91,,1.8,,,,,,,,,,
2025-07-16,tennis,"Rome, Italy",WTA 125,Ylena In-Albon,Tyra Caterina Grant,1,2,False,3,True,3.25,,1.33,,,,,,,,,,
2025-07-16,tennis,"Rome, Italy",WTA 125,Amandine Hesse,Darja Semenistaja,0,2,False,2,False,4.33,,1.2,,,,,,,,,,
2025-07-16,tennis,"Rome, Italy",WTA 125,Claire Liu,Lisa Pigato,2,0,True,2,False,1.5,,2.5,,,,,,,,,,
2025-07-16,tennis,"Rome, Italy",WTA 125,Kaitlin Quevedo,Oksana Selekhmeteva,0,2,False,2,False,2.62,,1.44,,,,,,,,,,
2025-07-16,tennis,"Rome, Italy",WTA 125,Nuria Brancaccio,Martina Trevisan,1,2,False,3,True,1.73,,2.0,,,,,,,,,,
2025-07-16,tennis,"Rome, Italy",WTA 125,Julia Riera,Tamara Zidanšek,1,2,False,3,True,2.1,,1.67,,,,,,,,,,
2025-07-16,tennis,"Rome, Italy",WTA 125,Tatiana Prozorova,Dalila Spiteri,1,2,False,3,True,1.3,,3.4,,,,,,,,,,
2025-07-17,tennis,"Rome, Italy",WTA 125,Ekaterine Gorgodze,Tyra Caterina Grant,1,2,False,3,True,2.25,,1.57,,,,,,,,,,
2025-07-17,tennis,"Rome, Italy",WTA 125,Varvara Lepchenko,Alice Rame,2,0,True,2,False,1.4,,2.75,,,,,,,,,,
2025-07-17,tennis,"Rome, Italy",WTA 125,Lina Gjorcheska,Petra Marčinko,0,2,False,2,False,3.5,,1.29,,,,,,,,,,
2025-07-17,tennis,"Rome, Italy",WTA 125,Ekaterine Gorgodze,Tyra Caterina Grant,1,2,False,3,True,2.25,,1.57,,,,,,,,,,
2025-07-17,tennis,"Rome, Italy",WTA 125,Varvara Lepchenko,Alice Rame,2,0,True,2,False,1.4,,2.75,,,,,,,,,,
2025-07-17,tennis,"Rome, Italy",WTA 125,Lina Gjorcheska,Petra Marčinko,0,2,False,2,False,3.5,,1.29,,,,,,,,,,
2025-07-18,tennis,"Rome, Italy",WTA 125,Martina Trevisan,Darja Semenistaja,0,2,False,2,False,2.2,,1.62,,,,,,,,,,
2025-07-18,tennis,"Rome, Italy",WTA 125,Lola Radivojević,Alisa Oktiabreva,1,2,False,3,True,1.73,,2.0,,,,,,,,,,
2025-07-18,tennis,"Rome, Italy",WTA 125,Claire Liu,Oksana Selekhmeteva,0,2,False,2,False,3.0,,1.36,,,,,,,,,,
2025-07-18,tennis,"Rome, Italy",WTA 125,Martina Trevisan,Darja Semenistaja,0,2,False,2,False,2.2,,1.62,,,,,,,,,,
2025-07-18,tennis,"Rome, Italy",WTA 125,Lola Radivojević,Alisa Oktiabreva,1,2,False,3,True,1.73,,2.0,,,,,,,,,,
2025-07-18,tennis,"Rome, Italy",WTA 125,Claire Liu,Oksana Selekhmeteva,0,2,False,2,False,3.0,,1.36,,,,,,,,,,
2025-07-19,tennis,"Rome, Italy",WTA 125,Dalila Spiteri,Tamara Zidanšek,0,2,False,2,False,3.0,,1.36,,,,,,,,,,
2025-07-19,tennis,"Rome, Italy",WTA 125,Tyra Caterina Grant,Darja Semenistaja,0,2,False,2,False,2.0,,1.73,,,,,,,,,,
2025-07-19,tennis,"Rome, Italy",WTA 125,Alisa Oktiabreva,Oksana Selekhmeteva,1,2,False,3,True,2.2,,1.62,,,,,,,,,,
2025-07-19,tennis,"Rome, Italy",WTA 125,Varvara Lepchenko,Petra Marčinko,0,2,False,2,False,2.75,,1.4,,,,,,,,,,
2025-07-19,tennis,"Rome, Italy",WTA 125,Dalila Spiteri,Tamara Zidanšek,0,2,False,2,False,3.0,,1.36,,,,,,,,,,
2025-07-19,tennis,"Rome, Italy",WTA 125,Tyra Caterina Grant,Darja Semenistaja,0,2,False,2,False,2.0,,1.73,,,,,,,,,,
2025-07-19,tennis,"Rome, Italy",WTA 125,Alisa Oktiabreva,Oksana Selekhmeteva,1,2,False,3,True,2.2,,1.62,,,,,,,,,,
2025-07-19,tennis,"Rome, Italy",WTA 125,Varvara Lepchenko,Petra Marčinko,0,2,False,2,False,2.75,,1.4,,,,,,,,,,
2025-07-20,tennis,"Rome, Italy",WTA 125,Oksana Selekhmeteva,Darja Semenistaja,2,0,True,2,False,1.83,,1.83,,,,,,,,,,
2025-07-20,tennis,"Rome, Italy",WTA 125,Petra Marčinko,Tamara Zidanšek,2,0,True,2,False,1.91,,1.8,,,,,,,,,,
2025-07-20,tennis,"Rome, Italy",WTA 125,Oksana Selekhmeteva,Darja Semenistaja,2,0,True,2,False,1.83,,1.83,,,,,,,,,,
2025-07-20,tennis,"Rome, Italy",WTA 125,Petra Marčinko,Tamara Zidanšek,2,0,True,2,False,1.91,,1.8,,,,,,,,,,
2025-07-21,tennis,"Rome, Italy",WTA 125,Petra Marčinko,Oksana Selekhmeteva,2,1,True,3,True,1.73,,2.0,,,,,,,,,,
2025-07-21,tennis,"Rome, Italy",WTA 125,Petra Marčinko,Oksana Selekhmeteva,2,1,True,3,True,1.73,,2.0,,,,,,,,,,
2025-08-08,tennis,"Cincinnati, USA",ATP,Arthur Rinderknech,Nuno Borges,2,0,True,2,False,2.63,,1.5,,,,,,,,,,
2025-08-08,tennis,"Cincinnati, USA",ATP,Benjamin Bonzi,Matteo Arnaldi,2,1,True,3,True,2.75,,1.44,,,,,,,,,,
2025-08-08,tennis,"Cincinnati, USA",ATP,Joao Fonseca,Yunchaokete Bu,2,1,True,3,True,1.36,,3.2,,,,,,,,,,
2025-08-08,tennis,"Cincinnati, USA",ATP,Pedro Martinez,Nicolas Jarry,2,1,True,3,True,3.75,,1.28,,,,,,,,,,
2025-08-08,tennis,"Cincinnati, USA",ATP,Roberto Carballés Baena,Hugo Gaston,2,1,True,3,True,1.73,,2.1,,,,,,,,,,
2025-08-08,tennis,"Cincinnati, USA",ATP,Giovanni Mpetshi Perricard,Coleman Wong,0,2,False,2,False,1.5,,2.63,,,,,,,,,,
2025-08-08,tennis,"Cincinnati, USA",ATP,Zizou Bergs,Jacob Fearnley,2,0,True,2,False,2.1,,1.73,,,,,,,,,,
2025-08-08,tennis,"Cincinnati, USA",ATP,Daniel Elahi Galan,Vit Kopřiva,2,0,True,2,False,1.8,,2.0,,,,,,,,,,
2025-08-08,tennis,"Cincinnati, USA",ATP,Roman Safiullin,Alejandro Tabilo,2,0,True,2,False,1.4,,3.0,,,,,,,,,,
2025-08-08,tennis,"Cincinnati, USA",ATP,Terence Atmane,Yoshihito Nishioka,2,0,True,2,False,2.2,,1.67,,,,,,,,,,
2025-08-08,tennis,"Cincinnati, USA",ATP,Tomas Martin Etcheverry,Juncheng Shang,2,1,True,3,True,1.57,,2.38,,,,,,,,,,
2025-08-08,tennis,"Cincinnati, USA",ATP,Jordan Thompson,Adrian Mannarino,0,2,False,2,False,2.2,,1.67,,,,,,,,,,
2025-08-08,tennis,"Cincinnati, USA",ATP,Corentin Moutet,Mackenzie McDonald,2,0,True,2,False,1.62,,2.3,,,,,,,,,,
2025-08-08,tennis,"Cincinnati, USA",ATP,Colton Smith,Fábián Marozsán,1,2,False,3,True,2.2,,1.67,,,,,,,,,,
2025-08-08,tennis,"Cincinnati, USA",ATP,Sebastián Báez,David Goffin,2,0,True,2,False,2.75,,1.44,,,,,,,,,,
2025-08-08,tennis,"Cincinnati, USA",WTA,Maya Joint,Greet Minnen,2,0,True,2,False,1.28,,3.75,,,,,,,,,,
2025-08-08,tennis,"Cincinnati, USA",WTA,Sorana Cirstea,Donna Vekić,2,1,True,3,True,2.2,,1.67,,,,,,,,,,
2025-08-08,tennis,"Cincinnati, USA",WTA,Anastasia Potapova,Laura Siegemund,2,0,True,2,False,1.8,,2.0,,,,,,,,,,
2025-08-08,tennis,"Cincinnati, USA",WTA,Marketa Vondrousova,Jaqueline Cristian,2,0,True,2,False,1.3,,3.5,,,,,,,,,,
2025-08-08,tennis,"Cincinnati, USA",WTA,Renata Zarazua,Yulia Putintseva,2,1,True,3,True,2.2,,1.67,,,,,,,,,,
2025-08-08,tennis,"Cincinnati, USA",WTA,Aoi Ito,Elena-Gabriela Ruse,2,0,True,2,False,2.63,,1.5,,,,,,,,,,
2025-08-08,tennis,"Cincinnati, USA",WTA,Venus Williams,Jessica Bouzas Maneiro,0,2,False,2,False,5.5,,1.14,,,,,,,,,,
2025-08-08,tennis,"Cincinnati, USA",WTA,Bernarda Pera,Eva Lys,1,2,False,3,True,2.75,,1.44,,,,,,,,,,
2025-08-08,tennis,"Cincinnati, USA",WTA,Olga Danilović,Katie Boulter,2,0,True,2,False,1.73,,2.1,,,,,,,,,,
2025-08-08,tennis,"Cincinnati, USA",WTA,Whitney Osuigwe,Tatjana Maria,0,2,False,2,False,2.3,,1.62,,,,,,,,,,
2025-08-08,tennis,"Cincinnati, USA",WTA,Clervie Ngounoue,Hailey Baptiste,2,1,True,3,True,3.2,,1.36,,,,,,,,,,
2025-08-08,tennis,"Cincinnati, USA",WTA,Peyton Stearns,Yafan Wang,2,0,True,2,False,1.53,,2.5,,,,,,,,,,
2025-08-08,tennis,"Cincinnati, USA",ATP,Arthur Rinderknech,Nuno Borges,2,0,True,2,False,2.63,,1.5,,,,,,,,,,
2025-08-08,tennis,"Cincinnati, USA",ATP,Benjamin Bonzi,Matteo Arnaldi,2,1,True,3,True,2.75,,1.44,,,,,,,,,,
2025-08-08,tennis,"Cincinnati, USA",ATP,Joao Fonseca,Yunchaokete Bu,2,1,True,3,True,1.36,,3.2,,,,,,,,,,
2025-08-08,tennis,"Cincinnati, USA",ATP,Pedro Martinez,Nicolas Jarry,2,1,True,3,True,3.75,,1.28,,,,,,,,,,
2025-08-08,tennis,"Cincinnati, USA",ATP,Roberto Carballés Baena,Hugo Gaston,2,1,True,3,True,1.73,,2.1,,,,,,,,,,
2025-08-08,tennis,"Cincinnati, USA",ATP,Giovanni Mpetshi Perricard,Coleman Wong,0,2,False,2,False,1.5,,2.63,,,,,,,,,,
2025-08-08,tennis,"Cincinnati, USA",ATP,Zizou Bergs,Jacob Fearnley,2,0,True,2,False,2.1,,1.73,,,,,,,,,,
2025-08-08,tennis,"Cincinnati, USA",ATP,Daniel Elahi Galan,Vit Kopřiva,2,0,True,2,False,1.8,,2.0,,,,,,,,,,
2025-08-08,tennis,"Cincinnati, USA",ATP,Roman Safiullin,Alejandro Tabilo,2,0,True,2,False,1.4,,3.0,,,,,,,,,,
2025-08-08,tennis,"Cincinnati, USA",ATP,Terence Atmane,Yoshihito Nishioka,2,0,True,2,False,2.2,,1.67,,,,,,,,,,
2025-08-08,tennis,"Cincinnati, USA",ATP,Tomas Martin Etcheverry,Juncheng Shang,2,1,True,3,True,1.57,,2.38,,,,,,,,,,
2025-08-08,tennis,"Cincinnati, USA",ATP,Jordan Thompson,Adrian Mannarino,0,2,False,2,False,2.2,,1.67,,,,,,,,,,
2025-08-08,tennis,"Cincinnati, USA",ATP,Corentin Moutet,Mackenzie McDonald,2,0,True,2,False,1.62,,2.3,,,,,,,,,,
2025-08-08,tennis,"Cincinnati, USA",ATP,Colton Smith,Fábián Marozsán,1,2,False,3,True,2.2,,1.67,,,,,,,,,,
2025-08-08,tennis,"Cincinnati, USA",ATP,Sebastián Báez,David Goffin,2,0,True,2,False,2.75,,1.44,,,,,,,,,,
2025-08-08,tennis,"Cincinnati, USA",WTA,Maya Joint,Greet Minnen,2,0,True,2,False,1.28,,3.75,,,,,,,,,,
2025-08-08,tennis,"Cincinnati, USA",WTA,Sorana Cirstea,Donna Vekić,2,1,True,3,True,2.2,,1.67,,,,,,,,,,
2025-08-08,tennis,"Cincinnati, USA",WTA,Anastasia Potapova,Laura Siegemund,2,0,True,2,False,1.8,,2.0,,,,,,,,,,
2025-08-08,tennis,"Cincinnati, USA",WTA,Marketa Vondrousova,Jaqueline Cristian,2,0,True,2,False,1.3,,3.5,,,,,,,,,,
2025-08-08,tennis,"Cincinnati, USA",WTA,Renata Zarazua,Yulia Putintseva,2,1,True,3,True,2.2,,1.67,,,,,,,,,,
2025-08-08,tennis,"Cincinnati, USA",WTA,Aoi Ito,Elena-Gabriela Ruse,2,0,True,2,False,2.63,,1.5,,,,,,,,,,
2025-08-08,tennis,"Cincinnati, USA",WTA,Venus Williams,Jessica Bouzas Maneiro,0,2,False,2,False,5.5,,1.14,,,,,,,,,,
2025-08-08,tennis,"Cincinnati, USA",WTA,Bernarda Pera,Eva Lys,1,2,False,3,True,2.75,,1.44,,,,,,,,,,
2025-08-08,tennis,"Cincinnati, USA",WTA,Olga Danilović,Katie Boulter,2,0,True,2,False,1.73,,2.1,,,,,,,,,,
2025-08-08,tennis,"Cincinnati, USA",WTA,Whitney Osuigwe,Tatjana Maria,0,2,False,2,False,2.3,,1.62,,,,,,,,,,
2025-08-08,tennis,"Cincinnati, USA",WTA,Clervie Ngounoue,Hailey Baptiste,2,1,True,3,True,3.2,,1.36,,,,,,,,,,
2025-08-08,tennis,"Cincinnati, USA",WTA,Peyton Stearns,Yafan Wang,2,0,True,2,False,1.53,,2.5,,,,,,,,,,
2025-08-09,tennis,"Cincinnati, USA",ATP,Camilo Ugo Carabelli,Kei Nishikori,2,0,True,2,False,2.63,,1.5,,,,,,,,,,
2025-08-09,tennis,"Cincinnati, USA",ATP,Luca Nardi,Thiago Agustin Tirante,2,0,True,2,False,2.38,,1.57,,,,,,,,,,
2025-08-09,tennis,"Cincinnati, USA",ATP,Tristan Boyer,Brandon Holt,2,0,True,2,False,1.73,,2.1,,,,,,,,,,
2025-08-09,tennis,"Cincinnati, USA",ATP,Marcos Giron,Alexander Blockx,1,2,False,3,True,1.62,,2.3,,,,,,,,,,
2025-08-09,tennis,"Cincinnati, USA",ATP,Borna Ćorić,Emilio Nava,0,2,False,2,False,2.5,,1.53,,,,,,,,,,
2025-08-09,tennis,"Cincinnati, USA",ATP,Francisco Comesaña,Jaume Munar,2,0,True,2,False,2.75,,1.44,,,,,,,,,,
2025-08-09,tennis,"Cincinnati, USA",ATP,Miomir Kecmanović,Ethan Quinn,0,2,False,2,False,1.8,,2.0,,,,,,,,,,
2025-08-09,tennis,"Cincinnati, USA",ATP,Jenson Brooksby,Alexandre Muller,2,1,True,3,True,1.73,,2.1,,,,,,,,,,
2025-08-09,tennis,"Cincinnati, USA",ATP,Adam Walton,Mariano Navone,2,1,True,3,True,1.67,,2.2,,,,,,,,,,
2025-08-09,tennis,"Cincinnati, USA",ATP,Hugo Dellien,Reilly Opelka,0,2,False,2,False,6.5,,1.11,,,,,,,,,,
2025-08-09,tennis,"Cincinnati, USA",ATP,Hamad Medjedović,Aleksandar Kovacevic,2,0,True,2,False,1.91,,1.91,,,,,,,,,,
2025-08-09,tennis,"Cincinnati, USA",ATP,Daniel Altmaier,Roberto Bautista Agut,0,2,False,2,False,2.38,,1.57,,,,,,,,,,
2025-08-09,tennis,"Cincinnati, USA",ATP,Martin Landaluce,Patrick Kypson,2,1,True,3,True,2.2,,1.67,,,,,,,,,,
2025-08-09,tennis,"Cincinnati, USA",ATP,Learner Tien,Leandro Riedi,2,0,True,2,False,1.36,,3.2,,,,,,,,,,
2025-08-09,tennis,"Cincinnati, USA",ATP,Sebastian Ofner,Valentin Royer,1,2,False,3,True,1.91,,1.91,,,,,,,,,,
2025-08-09,tennis,"Cincinnati, USA",ATP,Mattia Bellucci,Damir Džumhur,0,2,False,2,False,1.67,,2.2,,,,,,,,,,
2025-08-09,tennis,"Cincinnati, USA",ATP,Aleksandar Vukic,Nishesh Basavareddy,0,2,False,2,False,1.73,,2.1,,,,,,,,,,
2025-08-09,tennis,"Cincinnati, USA",WTA,Caroline Dolehide,Rebecca Šramková,1,2,False,3,True,1.62,,2.3,,,,,,,,,,
2025-08-09,tennis,"Cincinnati, USA",WTA,Lin Zhu,Lucia Bronzetti,1,2,False,3,True,1.53,,2.5,,,,,,,,,,
2025-08-09,tennis,"Cincinnati, USA",WTA,Lulu Sun,Antonia Ružić,2,0,True,2,False,2.0,,1.8,,,,,,,,,,
2025-08-09,tennis,"Cincinnati, USA",WTA,Sonay Kartal,Caroline Garcia,1,2,False,3,True,1.25,,4.0,,,,,,,,,,
2025-08-09,tennis,"Cincinnati, USA",WTA,Yuliia Starodubtseva,Leolia Jeanjean,1,2,False,3,True,1.73,,2.1,,,,,,,,,,
2025-08-09,tennis,"Cincinnati, USA",WTA,Anna Bondar,Ajla Tomljanovic,0,2,False,2,False,2.5,,1.53,,,,,,,,,,
2025-08-09,tennis,"Cincinnati, USA",WTA,Danielle Collins,Taylor Townsend,0,2,False,2,False,1.4,,3.0,,,,,,,,,,
2025-08-09,tennis,"Cincinnati, USA",WTA,Anna Blinkova,Kimberly Birrell,0,2,False,2,False,1.73,,2.1,,,,,,,,,,
2025-08-09,tennis,"Cincinnati, USA",WTA,Varvara Gracheva,Katie Volynets,2,1,True,3,True,1.8,,2.0,,,,,,,,,,
2025-08-09,tennis,"Cincinnati, USA",WTA,Polina Kudermetova,Ella Seidel,1,2,False,3,True,2.3,,1.62,,,,,,,,,,
2025-08-09,tennis,"Cincinnati, USA",WTA,Moyuka Uchijima,Camila Osorio,1,2,False,3,True,2.75,,1.44,,,,,,,,,,
2025-08-09,tennis,"Cincinnati, USA",WTA,Kamilla Rakhimova,Maria Sakkari,1,2,False,3,True,3.0,,1.4,,,,,,,,,,
2025-08-09,tennis,"Cincinnati, USA",WTA,Ann Li,Viktoriya Tomova,0,2,False,2,False,1.53,,2.5,,,,,,,,,,
2025-08-09,tennis,"Cincinnati, USA",WTA,Xinyu Wang,Emiliana Arango,2,0,True,2,False,1.2,,4.5,,,,,,,,,,
2025-08-09,tennis,"Cincinnati, USA",WTA,Anastasija Sevastova,Emina Bektas,2,1,True,3,True,1.44,,2.75,,,,,,,,,,
2025-08-09,tennis,"Cincinnati, USA",WTA,Suzan Lamens,Veronika Kudermetova,0,2,False,2,False,3.5,,1.3,,,,,,,,,,
2025-08-09,tennis,"Cincinnati, USA",WTA,Alycia Parks,Barbora Krejčiková,1,2,False,3,True,2.75,,1.44,,,,,,,,,,
2025-08-09,tennis,"Cincinnati, USA",WTA,Cristina Bucsa,Yue Yuan,0,2,False,2,False,1.8,,2.0,,,,,,,,,,
2025-08-09,tennis,"Cincinnati, USA",WTA,Iva Jovic,Solana Sierra,2,0,True,2,False,1.67,,2.2,,,,,,,,,,
2025-08-09,tennis,"Cincinnati, USA",WTA,Catherine McNally,Maddison Inglis,2,0,True,2,False,1.28,,3.75,,,,,,,,,,
2025-08-09,tennis,"Cincinnati, USA",ATP,Camilo Ugo Carabelli,Kei Nishikori,2,0,True,2,False,2.63,,1.5,,,,,,,,,,
2025-08-09,tennis,"Cincinnati, USA",ATP,Luca Nardi,Thiago Agustin Tirante,2,0,True,2,False,2.38,,1.57,,,,,,,,,,
2025-08-09,tennis,"Cincinnati, USA",ATP,Tristan Boyer,Brandon Holt,2,0,True,2,False,1.73,,2.1,,,,,,,,,,
2025-08-09,tennis,"Cincinnati, USA",ATP,Marcos Giron,Alexander Blockx,1,2,False,3,True,1.62,,2.3,,,,,,,,,,
2025-08-09,tennis,"Cincinnati, USA",ATP,Borna Ćorić,Emilio Nava,0,2,False,2,False,2.5,,1.53,,,,,,,,,,
2025-08-09,tennis,"Cincinnati, USA",ATP,Francisco Comesaña,Jaume Munar,2,0,True,2,False,2.75,,1.44,,,,,,,,,,
2025-08-09,tennis,"Cincinnati, USA",ATP,Miomir Kecmanović,Ethan Quinn,0,2,False,2,False,1.8,,2.0,,,,,,,,,,
2025-08-09,tennis,"Cincinnati, USA",ATP,Jenson Brooksby,Alexandre Muller,2,1,True,3,True,1.73,,2.1,,,,,,,,,,
2025-08-09,tennis,"Cincinnati, USA",ATP,Adam Walton,Mariano Navone,2,1,True,3,True,1.67,,2.2,,,,,,,,,,
2025-08-09,tennis,"Cincinnati, USA",ATP,Hugo Dellien,Reilly Opelka,0,2,False,2,False,6.5,,1.11,,,,,,,,,,
2025-08-09,tennis,"Cincinnati, USA",ATP,Hamad Medjedović,Aleksandar Kovacevic,2,0,True,2,False,1.91,,1.91,,,,,,,,,,
2025-08-09,tennis,"Cincinnati, USA",ATP,Daniel Altmaier,Roberto Bautista Agut,0,2,False,2,False,2.38,,1.57,,,,,,,,,,
2025-08-09,tennis,"Cincinnati, USA",ATP,Martin Landaluce,Patrick Kypson,2,1,True,3,True,2.2,,1.67,,,,,,,,,,
2025-08-09,tennis,"Cincinnati, USA",ATP,Learner Tien,Leandro Riedi,2,0,True,2,False,1.36,,3.2,,,,,,,,,,
2025-08-09,tennis,"Cincinnati, USA",ATP,Sebastian Ofner,Valentin Royer,1,2,False,3,True,1.91,,1.91,,,,,,,,,,
2025-08-09,tennis,"Cincinnati, USA",ATP,Mattia Bellucci,Damir Džumhur,0,2,False,2,False,1.67,,2.2,,,,,,,,,,
2025-08-09,tennis,"Cincinnati, USA",ATP,Aleksandar Vukic,Nishesh Basavareddy,0,2,False,2,False,1.73,,2.1,,,,,,,,,,
2025-08-09,tennis,"Cincinnati, USA",WTA,Caroline Dolehide,Rebecca Šramková,1,2,False,3,True,1.62,,2.3,,,,,,,,,,
2025-08-09,tennis,"Cincinnati, USA",WTA,Lin Zhu,Lucia Bronzetti,1,2,False,3,True,1.53,,2.5,,,,,,,,,,
2025-08-09,tennis,"Cincinnati, USA",WTA,Lulu Sun,Antonia Ružić,2,0,True,2,False,2.0,,1.8,,,,,,,,,,
2025-08-09,tennis,"Cincinnati, USA",WTA,Sonay Kartal,Caroline Garcia,1,2,False,3,True,1.25,,4.0,,,,,,,,,,
2025-08-09,tennis,"Cincinnati, USA",WTA,Yuliia Starodubtseva,Leolia Jeanjean,1,2,False,3,True,1.73,,2.1,,,,,,,,,,
2025-08-09,tennis,"Cincinnati, USA",WTA,Anna Bondar,Ajla Tomljanovic,0,2,False,2,False,2.5,,1.53,,,,,,,,,,
2025-08-09,tennis,"Cincinnati, USA",WTA,Danielle Collins,Taylor Townsend,0,2,False,2,False,1.4,,3.0,,,,,,,,,,
2025-08-09,tennis,"Cincinnati, USA",WTA,Anna Blinkova,Kimberly Birrell,0,2,False,2,False,1.73,,2.1,,,,,,,,,,
2025-08-09,tennis,"Cincinnati, USA",WTA,Varvara Gracheva,Katie Volynets,2,1,True,3,True,1.8,,2.0,,,,,,,,,,
2025-08-09,tennis,"Cincinnati, USA",WTA,Polina Kudermetova,Ella Seidel,1,2,False,3,True,2.3,,1.62,,,,,,,,,,
2025-08-09,tennis,"Cincinnati, USA",WTA,Moyuka Uchijima,Camila Osorio,1,2,False,3,True,2.75,,1.44,,,,,,,,,,
2025-08-09,tennis,"Cincinnati, USA",WTA,Kamilla Rakhimova,Maria Sakkari,1,2,False,3,True,3.0,,1.4,,,,,,,,,,
2025-08-09,tennis,"Cincinnati, USA",WTA,Ann Li,Viktoriya Tomova,0,2,False,2,False,1.53,,2.5,,,,,,,,,,
2025-08-09,tennis,"Cincinnati, USA",WTA,Xinyu Wang,Emiliana Arango,2,0,True,2,False,1.2,,4.5,,,,,,,,,,
2025-08-09,tennis,"Cincinnati, USA",WTA,Anastasija Sevastova,Emina Bektas,2,1,True,3,True,1.44,,2.75,,,,,,,,,,
2025-08-09,tennis,"Cincinnati, USA",WTA,Suzan Lamens,Veronika Kudermetova,0,2,False,2,False,3.5,,1.3,,,,,,,,,,
2025-08-09,tennis,"Cincinnati, USA",WTA,Alycia Parks,Barbora Krejčiková,1,2,False,3,True,2.75,,1.44,,,,,,,,,,
2025-08-09,tennis,"Cincinnati, USA",WTA,Cristina Bucsa,Yue Yuan,0,2,False,2,False,1.8,,2.0,,,,,,,,,,
2025-08-09,tennis,"Cincinnati, USA",WTA,Iva Jovic,Solana Sierra,2,0,True,2,False,1.67,,2.2,,,,,,,,,,
2025-08-09,tennis,"Cincinnati, USA",WTA,Catherine McNally,Maddison Inglis,2,0,True,2,False,1.28,,3.75,,,,,,,,,,
2025-08-10,tennis,"Cincinnati, USA",ATP,Alex Michelsen,Corentin Moutet,2,1,True,3,True,1.8,,2.0,,,,,,,,,,
2025-08-10,tennis,"Cincinnati, USA",ATP,Benjamin Bonzi,Lorenzo Musetti,2,1,True,3,True,3.4,,1.33,,,,,,,,,,
2025-08-10,tennis,"Cincinnati, USA",ATP,Casper Ruud,Arthur Rinderknech,1,2,False,3,True,1.4,,3.0,,,,,,,,,,
2025-08-10,tennis,"Cincinnati, USA",ATP,Roman Safiullin,Holger Rune,0,2,False,2,False,3.5,,1.3,,,,,,,,,,
2025-08-10,tennis,"Cincinnati, USA",ATP,Tomas Martin Etcheverry,Felix Auger-Aliassime,0,2,False,2,False,3.0,,1.37,,,,,,,,,,
2025-08-10,tennis,"Cincinnati, USA",ATP,Pedro Martinez,Tommy Paul,0,2,False,2,False,7.0,,1.1,,,,,,,,,,
2025-08-10,tennis,"Cincinnati, USA",ATP,Stefanos Tsitsipas,Fábián Marozsán,2,0,True,2,False,1.91,,1.91,,,,,,,,,,
2025-08-10,tennis,"Cincinnati, USA",ATP,Tomaš Machač,Adrian Mannarino,0,2,False,2,False,1.53,,2.5,,,,,,,,,,
2025-08-10,tennis,"Cincinnati, USA",ATP,Jannik Sinner,Daniel Elahi Galan,2,0,True,2,False,1.01,,26.0,,,,,,,,,,
2025-08-10,tennis,"Cincinnati, USA",ATP,Sebastián Báez,Gabriel Diallo,0,2,False,2,False,4.33,,1.22,,,,,,,,,,
2025-08-10,tennis,"Cincinnati, USA",ATP,Coleman Wong,Ugo Humbert,0,2,False,2,False,2.63,,1.5,,,,,,,,,,
2025-08-10,tennis,"Cincinnati, USA",ATP,Zizou Bergs,Lorenzo Sonego,0,2,False,2,False,2.2,,1.67,,,,,,,,,,
2025-08-10,tennis,"Cincinnati, USA",ATP,Terence Atmane,Flavio Cobolli,2,1,True,3,True,3.75,,1.28,,,,,,,,,,
2025-08-10,tennis,"Cincinnati, USA",ATP,Frances Tiafoe,Roberto Carballés Baena,2,0,True,2,False,1.2,,4.5,,,,,,,,,,
2025-08-10,tennis,"Cincinnati, USA",ATP,Taylor Fritz,Emilio Nava,2,0,True,2,False,1.14,,5.5,,,,,,,,,,
2025-08-10,tennis,"Cincinnati, USA",WTA,Anastasia Pavlyuchenkova,Aoi Ito,1,2,False,3,True,1.53,,2.5,,,,,,,,,,
2025-08-10,tennis,"Cincinnati, USA",WTA,Iga Swiatek,Anastasia Potapova,2,0,True,2,False,1.05,,11.0,,,,,,,,,,
2025-08-10,tennis,"Cincinnati, USA",WTA,Tatjana Maria,Marta Kostyuk,0,2,False,2,False,4.0,,1.25,,,,,,,,,,
2025-08-10,tennis,"Cincinnati, USA",WTA,Leylah Fernandez,Jessica Bouzas Maneiro,0,2,False,2,False,1.44,,2.75,,,,,,,,,,
2025-08-10,tennis,"Cincinnati, USA",WTA,Magdalena Frech,Sorana Cirstea,1,2,False,3,True,2.2,,1.67,,,,,,,,,,
2025-08-10,tennis,"Cincinnati, USA",WTA,Eva Lys,Madison Keys,1,2,False,3,True,5.0,,1.17,,,,,,,,,,
2025-08-10,tennis,"Cincinnati, USA",WTA,Maya Joint,Beatriz Haddad Maia,2,1,True,3,True,1.4,,3.0,,,,,,,,,,
2025-08-10,tennis,"Cincinnati, USA",WTA,Taylor Townsend,Liudmila Samsonova,2,0,True,2,False,2.75,,1.44,,,,,,,,,,
2025-08-10,tennis,"Cincinnati, USA",WTA,Olga Danilović,Emma Raducanu,0,2,False,2,False,3.0,,1.4,,,,,,,,,,
2025-08-10,tennis,"Cincinnati, USA",WTA,Ekaterina Alexandrova,Lulu Sun,2,0,True,2,False,1.36,,3.2,,,,,,,,,,
2025-08-10,tennis,"Cincinnati, USA",WTA,Yue Yuan,Diana Shnaider,2,1,True,3,True,2.5,,1.53,,,,,,,,,,
2025-08-10,tennis,"Cincinnati, USA",WTA,Elena Rybakina,Renata Zarazua,2,1,True,3,True,1.06,,10.0,,,,,,,,,,
2025-08-10,tennis,"Cincinnati, USA",WTA,Anna Kalinskaya,Peyton Stearns,2,1,True,3,True,1.62,,2.3,,,,,,,,,,
2025-08-10,tennis,"Cincinnati, USA",WTA,Clervie Ngounoue,Elise Mertens,1,2,False,3,True,4.0,,1.25,,,,,,,,,,
2025-08-10,tennis,"Cincinnati, USA",WTA,Aryna Sabalenka,Marketa Vondrousova,2,0,True,2,False,1.4,,3.0,,,,,,,,,,
2025-08-10,tennis,"Cincinnati, USA",ATP,Alex Michelsen,Corentin Moutet,2,1,True,3,True,1.8,,2.0,,,,,,,,,,
2025-08-10,tennis,"Cincinnati, USA",ATP,Benjamin Bonzi,Lorenzo Musetti,2,1,True,3,True,3.4,,1.33,,,,,,,,,,
2025-08-10,tennis,"Cincinnati, USA",ATP,Casper Ruud,Arthur Rinderknech,1,2,False,3,True,1.4,,3.0,,,,,,,,,,
2025-08-10,tennis,"Cincinnati, USA",ATP,Roman Safiullin,Holger Rune,0,2,False,2,False,3.5,,1.3,,,,,,,,,,
2025-08-10,tennis,"Cincinnati, USA",ATP,Tomas Martin Etcheverry,Felix Auger-Aliassime,0,2,False,2,False,3.0,,1.37,,,,,,,,,,
2025-08-10,tennis,"Cincinnati, USA",ATP,Pedro Martinez,Tommy Paul,0,2,False,2,False,7.0,,1.1,,,,,,,,,,
2025-08-10,tennis,"Cincinnati, USA",ATP,Stefanos Tsitsipas,Fábián Marozsán,2,0,True,2,False,1.91,,1.91,,,,,,,,,,
2025-08-10,tennis,"Cincinnati, USA",ATP,Tomaš Machač,Adrian Mannarino,0,2,False,2,False,1.53,,2.5,,,,,,,,,,
2025-08-10,tennis,"Cincinnati, USA",ATP,Jannik Sinner,Daniel Elahi Galan,2,0,True,2,False,1.01,,26.0,,,,,,,,,,
2025-08-10,tennis,"Cincinnati, USA",ATP,Sebastián Báez,Gabriel Diallo,0,2,False,2,False,4.33,,1.22,,,,,,,,,,
2025-08-10,tennis,"Cincinnati, USA",ATP,Coleman Wong,Ugo Humbert,0,2,False,2,False,2.63,,1.5,,,,,,,,,,
2025-08-10,tennis,"Cincinnati, USA",ATP,Zizou Bergs,Lorenzo Sonego,0,2,False,2,False,2.2,,1.67,,,,,,,,,,
2025-08-10,tennis,"Cincinnati, USA",ATP,Terence Atmane,Flavio Cobolli,2,1,True,3,True,3.75,,1.28,,,,,,,,,,
2025-08-10,tennis,"Cincinnati, USA",ATP,Frances Tiafoe,Roberto Carballés Baena,2,0,True,2,False,1.2,,4.5,,,,,,,,,,
2025-08-10,tennis,"Cincinnati, USA",ATP,Taylor Fritz,Emilio Nava,2,0,True,2,False,1.14,,5.5,,,,,,,,,,
2025-08-10,tennis,"Cincinnati, USA",WTA,Anastasia Pavlyuchenkova,Aoi Ito,1,2,False,3,True,1.53,,2.5,,,,,,,,,,
2025-08-10,tennis,"Cincinnati, USA",WTA,Iga Swiatek,Anastasia Potapova,2,0,True,2,False,1.05,,11.0,,,,,,,,,,
2025-08-10,tennis,"Cincinnati, USA",WTA,Tatjana Maria,Marta Kostyuk,0,2,False,2,False,4.0,,1.25,,,,,,,,,,
2025-08-10,tennis,"Cincinnati, USA",WTA,Leylah Fernandez,Jessica Bouzas Maneiro,0,2,False,2,False,1.44,,2.75,,,,,,,,,,
2025-08-10,tennis,"Cincinnati, USA",WTA,Magdalena Frech,Sorana Cirstea,1,2,False,3,True,2.2,,1.67,,,,,,,,,,
2025-08-10,tennis,"Cincinnati, USA",WTA,Eva Lys,Madison Keys,1,2,False,3,True,5.0,,1.17,,,,,,,,,,
2025-08-10,tennis,"Cincinnati, USA",WTA,Maya Joint,Beatriz Haddad Maia,2,1,True,3,True,1.4,,3.0,,,,,,,,,,
2025-08-10,tennis,"Cincinnati, USA",WTA,Taylor Townsend,Liudmila Samsonova,2,0,True,2,False,2.75,,1.44,,,,,,,,,,
2025-08-10,tennis,"Cincinnati, USA",WTA,Olga Danilović,Emma Raducanu,0,2,False,2,False,3.0,,1.4,,,,,,,,,,
2025-08-10,tennis,"Cincinnati, USA",WTA,Ekaterina Alexandrova,Lulu Sun,2,0,True,2,False,1.36,,3.2,,,,,,,,,,
2025-08-10,tennis,"Cincinnati, USA",WTA,Yue Yuan,Diana Shnaider,2,1,True,3,True,2.5,,1.53,,,,,,,,,,
2025-08-10,tennis,"Cincinnati, USA",WTA,Elena Rybakina,Renata Zarazua,2,1,True,3,True,1.06,,10.0,,,,,,,,,,
2025-08-10,tennis,"Cincinnati, USA",WTA,Anna Kalinskaya,Peyton Stearns,2,1,True,3,True,1.62,,2.3,,,,,,,,,,
2025-08-10,tennis,"Cincinnati, USA",WTA,Clervie Ngounoue,Elise Mertens,1,2,False,3,True,4.0,,1.25,,,,,,,,,,
2025-08-10,tennis,"Cincinnati, USA",WTA,Aryna Sabalenka,Marketa Vondrousova,2,0,True,2,False,1.4,,3.0,,,,,,,,,,
2025-08-11,tennis,"Cincinnati, USA",ATP,Alex de Minaur,Reilly Opelka,0,2,False,2,False,1.2,,4.5,,,,,,,,,,
2025-08-11,tennis,"Cincinnati, USA",ATP,Jiri Lehečka,Tristan Boyer,2,1,True,3,True,1.14,,5.5,,,,,,,,,,
2025-08-11,tennis,"Cincinnati, USA",ATP,Learner Tien,Andrey Rublev,0,2,False,2,False,2.75,,1.44,,,,,,,,,,
2025-08-11,tennis,"Cincinnati, USA",ATP,Roberto Bautista Agut,Cameron Norrie,2,0,True,2,False,2.3,,1.62,,,,,,,,,,
2025-08-11,tennis,"Cincinnati, USA",ATP,Jakub Menšik,Ethan Quinn,2,0,True,2,False,1.44,,2.75,,,,,,,,,,
2025-08-11,tennis,"Cincinnati, USA",ATP,Alexei Popyrin,Martin Landaluce,2,0,True,2,False,1.3,,3.5,,,,,,,,,,
2025-08-11,tennis,"Cincinnati, USA",ATP,Damir Džumhur,Carlos Alcaraz,1,2,False,3,True,17.0,,1.02,,,,,,,,,,
2025-08-11,tennis,"Cincinnati, USA",ATP,Jenson Brooksby,Arthur Cazaux,2,0,True,2,False,1.91,,1.91,,,,,,,,,,
2025-08-11,tennis,"Cincinnati, USA",ATP,Adam Walton,Daniil Medvedev,2,1,True,3,True,5.5,,1.14,,,,,,,,,,
2025-08-11,tennis,"Cincinnati, USA",ATP,Luca Nardi,Denis Shapovalov,2,1,True,3,True,3.75,,1.28,,,,,,,,,,
2025-08-11,tennis,"Cincinnati, USA",ATP,Tallon Griekspoor,Hamad Medjedović,0,2,False,2,False,1.8,,2.0,,,,,,,,,,
2025-08-11,tennis,"Cincinnati, USA",ATP,Karen Khachanov,Valentin Royer,2,0,True,2,False,1.22,,4.33,,,,,,,,,,
2025-08-11,tennis,"Cincinnati, USA",ATP,Brandon Nakashima,Alexander Blockx,2,1,True,3,True,1.36,,3.2,,,,,,,,,,
2025-08-11,tennis,"Cincinnati, USA",ATP,Nishesh Basavareddy,Alexander Zverev,0,2,False,2,False,6.0,,1.13,,,,,,,,,,
2025-08-11,tennis,"Cincinnati, USA",WTA,Anastasija Sevastova,Ashlyn Krueger,1,2,False,3,True,2.1,,1.73,,,,,,,,,,
2025-08-11,tennis,"Cincinnati, USA",WTA,Dayana Yastremska,Viktoriya Tomova,2,1,True,3,True,1.33,,3.4,,,,,,,,,,
2025-08-11,tennis,"Cincinnati, USA",WTA,Jasmine Paolini,Maria Sakkari,2,0,True,2,False,1.91,,1.91,,,,,,,,,,
2025-08-11,tennis,"Cincinnati, USA",WTA,Veronika Kudermetova,Belinda Bencic,2,0,True,2,False,2.2,,1.67,,,,,,,,,,
2025-08-11,tennis,"Cincinnati, USA",WTA,Magda Linette,Rebecca Šramková,2,0,True,2,False,1.91,,1.91,,,,,,,,,,
2025-08-11,tennis,"Cincinnati, USA",WTA,Emma Navarro,Ella Seidel,1,2,False,3,True,1.17,,5.0,,,,,,,,,,
2025-08-11,tennis,"Cincinnati, USA",WTA,Clara Tauson,Ajla Tomljanovic,2,1,True,3,True,1.29,,3.75,,,,,,,,,,
2025-08-11,tennis,"Cincinnati, USA",WTA,Xinyu Wang,Coco Gauff,0,2,False,2,False,4.33,,1.22,,,,,,,,,,
2025-08-11,tennis,"Cincinnati, USA",WTA,Daria Kasatkina,Lucia Bronzetti,1,2,False,3,True,1.36,,3.2,,,,,,,,,,
2025-08-11,tennis,"Cincinnati, USA",WTA,Kimberly Birrell,Jessica Pegula,0,2,False,2,False,5.0,,1.17,,,,,,,,,,
2025-08-11,tennis,"Cincinnati, USA",WTA,Linda Noskova,Iva Jovic,0,2,False,2,False,1.4,,3.0,,,,,,,,,,
2025-08-11,tennis,"Cincinnati, USA",WTA,Catherine McNally,McCartney Kessler,0,2,False,2,False,2.0,,1.8,,,,,,,,,,
2025-08-11,tennis,"Cincinnati, USA",WTA,Sofia Kenin,Varvara Gracheva,1,2,False,3,True,1.62,,2.3,,,,,,,,,,
2025-08-11,tennis,"Cincinnati, USA",WTA,Barbora Krejčiková,Elina Svitolina,2,1,True,3,True,3.5,,1.3,,,,,,,,,,
2025-08-11,tennis,"Cincinnati, USA",WTA,Caroline Garcia,Karolina Muchova,0,2,False,2,False,3.75,,1.28,,,,,,,,,,
2025-08-11,tennis,"Cincinnati, USA",ATP,Alex de Minaur,Reilly Opelka,0,2,False,2,False,1.2,,4.5,,,,,,,,,,
2025-08-11,tennis,"Cincinnati, USA",ATP,Jiri Lehečka,Tristan Boyer,2,1,True,3,True,1.14,,5.5,,,,,,,,,,
2025-08-11,tennis,"Cincinnati, USA",ATP,Learner Tien,Andrey Rublev,0,2,False,2,False,2.75,,1.44,,,,,,,,,,
2025-08-11,tennis,"Cincinnati, USA",ATP,Roberto Bautista Agut,Cameron Norrie,2,0,True,2,False,2.3,,1.62,,,,,,,,,,
2025-08-11,tennis,"Cincinnati, USA",ATP,Jakub Menšik,Ethan Quinn,2,0,True,2,False,1.44,,2.75,,,,,,,,,,
2025-08-11,tennis,"Cincinnati, USA",ATP,Alexei Popyrin,Martin Landaluce,2,0,True,2,False,1.3,,3.5,,,,,,,,,,
2025-08-11,tennis,"Cincinnati, USA",ATP,Damir Džumhur,Carlos Alcaraz,1,2,False,3,True,17.0,,1.02,,,,,,,,,,
2025-08-11,tennis,"Cincinnati, USA",ATP,Jenson Brooksby,Arthur Cazaux,2,0,True,2,False,1.91,,1.91,,,,,,,,,,
2025-08-11,tennis,"Cincinnati, USA",ATP,Adam Walton,Daniil Medvedev,2,1,True,3,True,5.5,,1.14,,,,,,,,,,
2025-08-11,tennis,"Cincinnati, USA",ATP,Luca Nardi,Denis Shapovalov,2,1,True,3,True,3.75,,1.28,,,,,,,,,,
2025-08-11,tennis,"Cincinnati, USA",ATP,Tallon Griekspoor,Hamad Medjedović,0,2,False,2,False,1.8,,2.0,,,,,,,,,,
2025-08-11,tennis,"Cincinnati, USA",ATP,Karen Khachanov,Valentin Royer,2,0,True,2,False,1.22,,4.33,,,,,,,,,,
2025-08-11,tennis,"Cincinnati, USA",ATP,Brandon Nakashima,Alexander Blockx,2,1,True,3,True,1.36,,3.2,,,,,,,,,,
2025-08-11,tennis,"Cincinnati, USA",ATP,Nishesh Basavareddy,Alexander Zverev,0,2,False,2,False,6.0,,1.13,,,,,,,,,,
2025-08-11,tennis,"Cincinnati, USA",WTA,Anastasija Sevastova,Ashlyn Krueger,1,2,False,3,True,2.1,,1.73,,,,,,,,,,
2025-08-11,tennis,"Cincinnati, USA",WTA,Dayana Yastremska,Viktoriya Tomova,2,1,True,3,True,1.33,,3.4,,,,,,,,,,
2025-08-11,tennis,"Cincinnati, USA",WTA,Jasmine Paolini,Maria Sakkari,2,0,True,2,False,1.91,,1.91,,,,,,,,,,
2025-08-11,tennis,"Cincinnati, USA",WTA,Veronika Kudermetova,Belinda Bencic,2,0,True,2,False,2.2,,1.67,,,,,,,,,,
2025-08-11,tennis,"Cincinnati, USA",WTA,Magda Linette,Rebecca Šramková,2,0,True,2,False,1.91,,1.91,,,,,,,,,,
2025-08-11,tennis,"Cincinnati, USA",WTA,Emma Navarro,Ella Seidel,1,2,False,3,True,1.17,,5.0,,,,,,,,,,
2025-08-11,tennis,"Cincinnati, USA",WTA,Clara Tauson,Ajla Tomljanovic,2,1,True,3,True,1.29,,3.75,,,,,,,,,,
2025-08-11,tennis,"Cincinnati, USA",WTA,Xinyu Wang,Coco Gauff,0,2,False,2,False,4.33,,1.22,,,,,,,,,,
2025-08-11,tennis,"Cincinnati, USA",WTA,Daria Kasatkina,Lucia Bronzetti,1,2,False,3,True,1.36,,3.2,,,,,,,,,,
2025-08-11,tennis,"Cincinnati, USA",WTA,Kimberly Birrell,Jessica Pegula,0,2,False,2,False,5.0,,1.17,,,,,,,,,,
2025-08-11,tennis,"Cincinnati, USA",WTA,Linda Noskova,Iva Jovic,0,2,False,2,False,1.4,,3.0,,,,,,,,,,
2025-08-11,tennis,"Cincinnati, USA",WTA,Catherine McNally,McCartney Kessler,0,2,False,2,False,2.0,,1.8,,,,,,,,,,
2025-08-11,tennis,"Cincinnati, USA",WTA,Sofia Kenin,Varvara Gracheva,1,2,False,3,True,1.62,,2.3,,,,,,,,,,
2025-08-11,tennis,"Cincinnati, USA",WTA,Barbora Krejčiková,Elina Svitolina,2,1,True,3,True,3.5,,1.3,,,,,,,,,,
2025-08-11,tennis,"Cincinnati, USA",WTA,Caroline Garcia,Karolina Muchova,0,2,False,2,False,3.75,,1.28,,,,,,,,,,
2025-08-12,tennis,"Cincinnati, USA",ATP,Alex Michelsen,Holger Rune,0,2,False,2,False,2.38,,1.57,,,,,,,,,,
2025-08-12,tennis,"Cincinnati, USA",ATP,Frances Tiafoe,Ugo Humbert,2,0,True,2,False,1.67,,2.2,,,,,,,,,,
2025-08-12,tennis,"Cincinnati, USA",ATP,Stefanos Tsitsipas,Benjamin Bonzi,1,2,False,3,True,1.5,,2.62,,,,,,,,,,
2025-08-12,tennis,"Cincinnati, USA",ATP,Taylor Fritz,Lorenzo Sonego,2,0,True,2,False,1.14,,5.5,,,,,,,,,,
2025-08-12,tennis,"Cincinnati, USA",ATP,Jannik Sinner,Gabriel Diallo,2,0,True,2,False,1.02,,17.0,,,,,,,,,,
2025-08-12,tennis,"Cincinnati, USA",ATP,Joao Fonseca,Terence Atmane,0,2,False,2,False,1.28,,3.75,,,,,,,,,,
2025-08-12,tennis,"Cincinnati, USA",ATP,Adrian Mannarino,Tommy Paul,2,1,True,3,True,3.5,,1.3,,,,,,,,,,
2025-08-12,tennis,"Cincinnati, USA",WTA,Ekaterina Alexandrova,Maya Joint,2,0,True,2,False,1.57,,2.38,,,,,,,,,,
2025-08-12,tennis,"Cincinnati, USA",WTA,Jessica Bouzas Maneiro,Taylor Townsend,2,0,True,2,False,2.1,,1.73,,,,,,,,,,
2025-08-12,tennis,"Cincinnati, USA",WTA,Sorana Cirstea,Yue Yuan,2,1,True,3,True,1.73,,2.1,,,,,,,,,,
2025-08-12,tennis,"Cincinnati, USA",WTA,Aryna Sabalenka,Emma Raducanu,2,1,True,3,True,1.33,,3.4,,,,,,,,,,
2025-08-12,tennis,"Cincinnati, USA",WTA,Anna Kalinskaya,Amanda Anisimova,2,0,True,2,False,2.75,,1.44,,,,,,,,,,
2025-08-12,tennis,"Cincinnati, USA",WTA,Aoi Ito,Madison Keys,0,2,False,2,False,4.5,,1.2,,,,,,,,,,
2025-08-12,tennis,"Cincinnati, USA",WTA,Elena Rybakina,Elise Mertens,2,1,True,3,True,1.4,,3.0,,,,,,,,,,
2025-08-12,tennis,"Cincinnati, USA",ATP,Alex Michelsen,Holger Rune,0,2,False,2,False,2.38,,1.57,,,,,,,,,,
2025-08-12,tennis,"Cincinnati, USA",ATP,Frances Tiafoe,Ugo Humbert,2,0,True,2,False,1.67,,2.2,,,,,,,,,,
2025-08-12,tennis,"Cincinnati, USA",ATP,Stefanos Tsitsipas,Benjamin Bonzi,1,2,False,3,True,1.5,,2.62,,,,,,,,,,
2025-08-12,tennis,"Cincinnati, USA",ATP,Taylor Fritz,Lorenzo Sonego,2,0,True,2,False,1.14,,5.5,,,,,,,,,,
2025-08-12,tennis,"Cincinnati, USA",ATP,Jannik Sinner,Gabriel Diallo,2,0,True,2,False,1.02,,17.0,,,,,,,,,,
2025-08-12,tennis,"Cincinnati, USA",ATP,Joao Fonseca,Terence Atmane,0,2,False,2,False,1.28,,3.75,,,,,,,,,,
2025-08-12,tennis,"Cincinnati, USA",ATP,Adrian Mannarino,Tommy Paul,2,1,True,3,True,3.5,,1.3,,,,,,,,,,
2025-08-12,tennis,"Cincinnati, USA",WTA,Ekaterina Alexandrova,Maya Joint,2,0,True,2,False,1.57,,2.38,,,,,,,,,,
2025-08-12,tennis,"Cincinnati, USA",WTA,Jessica Bouzas Maneiro,Taylor Townsend,2,0,True,2,False,2.1,,1.73,,,,,,,,,,
2025-08-12,tennis,"Cincinnati, USA",WTA,Sorana Cirstea,Yue Yuan,2,1,True,3,True,1.73,,2.1,,,,,,,,,,
2025-08-12,tennis,"Cincinnati, USA",WTA,Aryna Sabalenka,Emma Raducanu,2,1,True,3,True,1.33,,3.4,,,,,,,,,,
2025-08-12,tennis,"Cincinnati, USA",WTA,Anna Kalinskaya,Amanda Anisimova,2,0,True,2,False,2.75,,1.44,,,,,,,,,,
2025-08-12,tennis,"Cincinnati, USA",WTA,Aoi Ito,Madison Keys,0,2,False,2,False,4.5,,1.2,,,,,,,,,,
2025-08-12,tennis,"Cincinnati, USA",WTA,Elena Rybakina,Elise Mertens,2,1,True,3,True,1.4,,3.0,,,,,,,,,,
2025-08-13,tennis,"Cincinnati, USA",ATP,Alexei Popyrin,Andrey Rublev,1,2,False,3,True,2.62,,1.5,,,,,,,,,,
2025-08-13,tennis,"Cincinnati, USA",ATP,Reilly Opelka,Francisco Comesaña,1,2,False,3,True,1.5,,2.62,,,,,,,,,,
2025-08-13,tennis,"Cincinnati, USA",ATP,Hamad Medjedović,Carlos Alcaraz,0,2,False,2,False,5.5,,1.14,,,,,,,,,,
2025-08-13,tennis,"Cincinnati, USA",ATP,Karen Khachanov,Jenson Brooksby,2,0,True,2,False,1.44,,2.75,,,,,,,,,,
2025-08-13,tennis,"Cincinnati, USA",ATP,Jiri Lehečka,Adam Walton,2,0,True,2,False,1.22,,4.33,,,,,,,,,,
2025-08-13,tennis,"Cincinnati, USA",WTA,Ella Seidel,McCartney Kessler,2,1,True,3,True,3.5,,1.3,,,,,,,,,,
2025-08-13,tennis,"Cincinnati, USA",WTA,Iva Jovic,Barbora Krejčiková,1,2,False,3,True,2.2,,1.67,,,,,,,,,,
2025-08-13,tennis,"Cincinnati, USA",WTA,Jasmine Paolini,Ashlyn Krueger,2,0,True,2,False,1.5,,2.63,,,,,,,,,,
2025-08-13,tennis,"Cincinnati, USA",WTA,Lucia Bronzetti,Jelena Ostapenko,2,1,True,3,True,3.0,,1.4,,,,,,,,,,
2025-08-13,tennis,"Cincinnati, USA",WTA,Varvara Gracheva,Karolina Muchova,2,0,True,2,False,3.5,,1.3,,,,,,,,,,
2025-08-13,tennis,"Cincinnati, USA",ATP,Alexei Popyrin,Andrey Rublev,1,2,False,3,True,2.62,,1.5,,,,,,,,,,
2025-08-13,tennis,"Cincinnati, USA",ATP,Reilly Opelka,Francisco Comesaña,1,2,False,3,True,1.5,,2.62,,,,,,,,,,
2025-08-13,tennis,"Cincinnati, USA",ATP,Hamad Medjedović,Carlos Alcaraz,0,2,False,2,False,5.5,,1.14,,,,,,,,,,
2025-08-13,tennis,"Cincinnati, USA",ATP,Karen Khachanov,Jenson Brooksby,2,0,True,2,False,1.44,,2.75,,,,,,,,,,
2025-08-13,tennis,"Cincinnati, USA",ATP,Jiri Lehečka,Adam Walton,2,0,True,2,False,1.22,,4.33,,,,,,,,,,
2025-08-13,tennis,"Cincinnati, USA",WTA,Ella Seidel,McCartney Kessler,2,1,True,3,True,3.5,,1.3,,,,,,,,,,
2025-08-13,tennis,"Cincinnati, USA",WTA,Iva Jovic,Barbora Krejčiková,1,2,False,3,True,2.2,,1.67,,,,,,,,,,
2025-08-13,tennis,"Cincinnati, USA",WTA,Jasmine Paolini,Ashlyn Krueger,2,0,True,2,False,1.5,,2.63,,,,,,,,,,
2025-08-13,tennis,"Cincinnati, USA",WTA,Lucia Bronzetti,Jelena Ostapenko,2,1,True,3,True,3.0,,1.4,,,,,,,,,,
2025-08-13,tennis,"Cincinnati, USA",WTA,Varvara Gracheva,Karolina Muchova,2,0,True,2,False,3.5,,1.3,,,,,,,,,,
2025-08-14,tennis,"Cincinnati, USA",ATP,Brandon Nakashima,Alexander Zverev,0,2,False,2,False,3.75,,1.29,,,,,,,,,,
2025-08-14,tennis,"Cincinnati, USA",ATP,Ben Shelton,Roberto Bautista Agut,2,0,True,2,False,1.14,,5.5,,,,,,,,,,
2025-08-14,tennis,"Cincinnati, USA",ATP,Jannik Sinner,Adrian Mannarino,2,0,True,2,False,1.02,,17.0,,,,,,,,,,
2025-08-14,tennis,"Cincinnati, USA",ATP,Felix Auger-Aliassime,Benjamin Bonzi,2,0,True,2,False,1.36,,3.2,,,,,,,,,,
2025-08-14,tennis,"Cincinnati, USA",ATP,Taylor Fritz,Terence Atmane,1,2,False,3,True,1.1,,7.0,,,,,,,,,,
2025-08-14,tennis,"Cincinnati, USA",ATP,Luca Nardi,Carlos Alcaraz,0,2,False,2,False,11.0,,1.05,,,,,,,,,,
2025-08-14,tennis,"Cincinnati, USA",ATP,Francisco Comesaña,Andrey Rublev,0,2,False,2,False,4.5,,1.2,,,,,,,,,,
2025-08-14,tennis,"Cincinnati, USA",WTA,Iga Swiatek,Sorana Cirstea,2,0,True,2,False,1.04,,13.0,,,,,,,,,,
2025-08-14,tennis,"Cincinnati, USA",WTA,Clara Tauson,Veronika Kudermetova,1,2,False,3,True,1.62,,2.3,,,,,,,,,,
2025-08-14,tennis,"Cincinnati, USA",WTA,Magda Linette,Jessica Pegula,2,1,True,3,True,4.33,,1.22,,,,,,,,,,
2025-08-14,tennis,"Cincinnati, USA",WTA,Elena Rybakina,Madison Keys,2,1,True,3,True,1.62,,2.3,,,,,,,,,,
2025-08-14,tennis,"Cincinnati, USA",WTA,Aryna Sabalenka,Jessica Bouzas Maneiro,2,0,True,2,False,1.11,,6.5,,,,,,,,,,
2025-08-14,tennis,"Cincinnati, USA",WTA,Ekaterina Alexandrova,Anna Kalinskaya,1,2,False,3,True,1.5,,2.63,,,,,,,,,,
2025-08-14,tennis,"Cincinnati, USA",ATP,Brandon Nakashima,Alexander Zverev,0,2,False,2,False,3.75,,1.29,,,,,,,,,,
2025-08-14,tennis,"Cincinnati, USA",ATP,Ben Shelton,Roberto Bautista Agut,2,0,True,2,False,1.14,,5.5,,,,,,,,,,
2025-08-14,tennis,"Cincinnati, USA",ATP,Jannik Sinner,Adrian Mannarino,2,0,True,2,False,1.02,,17.0,,,,,,,,,,
2025-08-14,tennis,"Cincinnati, USA",ATP,Felix Auger-Aliassime,Benjamin Bonzi,2,0,True,2,False,1.36,,3.2,,,,,,,,,,
2025-08-14,tennis,"Cincinnati, USA",ATP,Taylor Fritz,Terence Atmane,1,2,False,3,True,1.1,,7.0,,,,,,,,,,
2025-08-14,tennis,"Cincinnati, USA",ATP,Luca Nardi,Carlos Alcaraz,0,2,False,2,False,11.0,,1.05,,,,,,,,,,
2025-08-14,tennis,"Cincinnati, USA",ATP,Francisco Comesaña,Andrey Rublev,0,2,False,2,False,4.5,,1.2,,,,,,,,,,
2025-08-14,tennis,"Cincinnati, USA",WTA,Iga Swiatek,Sorana Cirstea,2,0,True,2,False,1.04,,13.0,,,,,,,,,,
2025-08-14,tennis,"Cincinnati, USA",WTA,Clara Tauson,Veronika Kudermetova,1,2,False,3,True,1.62,,2.3,,,,,,,,,,
2025-08-14,tennis,"Cincinnati, USA",WTA,Magda Linette,Jessica Pegula,2,1,True,3,True,4.33,,1.22,,,,,,,,,,
2025-08-14,tennis,"Cincinnati, USA",WTA,Elena Rybakina,Madison Keys,2,1,True,3,True,1.62,,2.3,,,,,,,,,,
2025-08-14,tennis,"Cincinnati, USA",WTA,Aryna Sabalenka,Jessica Bouzas Maneiro,2,0,True,2,False,1.11,,6.5,,,,,,,,,,
2025-08-14,tennis,"Cincinnati, USA",WTA,Ekaterina Alexandrova,Anna Kalinskaya,1,2,False,3,True,1.5,,2.63,,,,,,,,,,
2025-08-15,tennis,"Cincinnati, USA",ATP,Jannik Sinner,Felix Auger-Aliassime,2,0,True,2,False,1.1,,7.0,,,,,,,,,,
2025-08-15,tennis,"Cincinnati, USA",ATP,Ben Shelton,Jiri Lehečka,2,0,True,2,False,1.67,,2.2,,,,,,,,,,
2025-08-15,tennis,"Cincinnati, USA",ATP,Terence Atmane,Holger Rune,2,0,True,2,False,3.75,,1.28,,,,,,,,,,
2025-08-15,tennis,"Cincinnati, USA",WTA,Lucia Bronzetti,Coco Gauff,0,2,False,2,False,7.0,,1.1,,,,,,,,,,
2025-08-15,tennis,"Cincinnati, USA",WTA,Jasmine Paolini,Barbora Krejčiková,2,0,True,2,False,1.73,,2.1,,,,,,,,,,
2025-08-15,tennis,"Cincinnati, USA",WTA,Ella Seidel,Varvara Gracheva,1,2,False,3,True,2.38,,1.57,,,,,,,,,,
2025-08-15,tennis,"Cincinnati, USA",WTA,Veronika Kudermetova,Magda Linette,2,0,True,2,False,1.62,,2.3,,,,,,,,,,
2025-08-15,tennis,"Cincinnati, USA",ATP,Jannik Sinner,Felix Auger-Aliassime,2,0,True,2,False,1.1,,7.0,,,,,,,,,,
2025-08-15,tennis,"Cincinnati, USA",ATP,Ben Shelton,Jiri Lehečka,2,0,True,2,False,1.67,,2.2,,,,,,,,,,
2025-08-15,tennis,"Cincinnati, USA",ATP,Terence Atmane,Holger Rune,2,0,True,2,False,3.75,,1.28,,,,,,,,,,
2025-08-15,tennis,"Cincinnati, USA",WTA,Lucia Bronzetti,Coco Gauff,0,2,False,2,False,7.0,,1.1,,,,,,,,,,
2025-08-15,tennis,"Cincinnati, USA",WTA,Jasmine Paolini,Barbora Krejčiková,2,0,True,2,False,1.73,,2.1,,,,,,,,,,
2025-08-15,tennis,"Cincinnati, USA",WTA,Ella Seidel,Varvara Gracheva,1,2,False,3,True,2.38,,1.57,,,,,,,,,,
2025-08-15,tennis,"Cincinnati, USA",WTA,Veronika Kudermetova,Magda Linette,2,0,True,2,False,1.62,,2.3,,,,,,,,,,
2025-08-16,tennis,"Cincinnati, USA",ATP,Andrey Rublev,Carlos Alcaraz,1,2,False,3,True,4.5,,1.2,,,,,,,,,,
2025-08-16,tennis,"Cincinnati, USA",ATP,Ben Shelton,Alexander Zverev,0,2,False,2,False,2.3,,1.62,,,,,,,,,,
2025-08-16,tennis,"Cincinnati, USA",WTA,Iga Swiatek,Anna Kalinskaya,2,0,True,2,False,1.17,,5.0,,,,,,,,,,
2025-08-16,tennis,"Cincinnati, USA",WTA,Aryna Sabalenka,Elena Rybakina,0,2,False,2,False,1.62,,2.3,,,,,,,,,,
2025-08-16,tennis,"Cincinnati, USA",WTA,Varvara Gracheva,Veronika Kudermetova,0,2,False,2,False,3.0,,1.4,,,,,,,,,,
2025-08-16,tennis,"Cincinnati, USA",WTA,Jasmine Paolini,Coco Gauff,2,1,True,3,True,2.75,,1.44,,,,,,,,,,
2025-08-16,tennis,"Cincinnati, USA",ATP,Andrey Rublev,Carlos Alcaraz,1,2,False,3,True,4.5,,1.2,,,,,,,,,,
2025-08-16,tennis,"Cincinnati, USA",ATP,Ben Shelton,Alexander Zverev,0,2,False,2,False,2.3,,1.62,,,,,,,,,,
2025-08-16,tennis,"Cincinnati, USA",WTA,Iga Swiatek,Anna Kalinskaya,2,0,True,2,False,1.17,,5.0,,,,,,,,,,
2025-08-16,tennis,"Cincinnati, USA",WTA,Aryna Sabalenka,Elena Rybakina,0,2,False,2,False,1.62,,2.3,,,,,,,,,,
2025-08-16,tennis,"Cincinnati, USA",WTA,Varvara Gracheva,Veronika Kudermetova,0,2,False,2,False,3.0,,1.4,,,,,,,,,,
2025-08-16,tennis,"Cincinnati, USA",WTA,Jasmine Paolini,Coco Gauff,2,1,True,3,True,2.75,,1.44,,,,,,,,,,
2025-08-17,tennis,"Cincinnati, USA",ATP,Jannik Sinner,Terence Atmane,2,0,True,2,False,1.06,,10.0,,,,,,,,,,
2025-08-17,tennis,"Cincinnati, USA",ATP,Alexander Zverev,Carlos Alcaraz,0,2,False,2,False,2.5,,1.53,,,,,,,,,,
2025-08-17,tennis,"Cincinnati, USA",ATP,Jannik Sinner,Terence Atmane,2,0,True,2,False,1.06,,10.0,,,,,,,,,,
2025-08-17,tennis,"Cincinnati, USA",ATP,Alexander Zverev,Carlos Alcaraz,0,2,False,2,False,2.5,,1.53,,,,,,,,,,
2025-08-18,tennis,"Cincinnati, USA",WTA,Elena Rybakina,Iga Swiatek,0,2,False,2,False,2.3,,1.62,,,,,,,,,,
2025-08-18,tennis,"Cincinnati, USA",WTA,Veronika Kudermetova,Jasmine Paolini,1,2,False,3,True,2.0,,1.8,,,,,,,,,,
2025-08-18,tennis,"Cincinnati, USA",WTA,Elena Rybakina,Iga Swiatek,0,2,False,2,False,2.3,,1.62,,,,,,,,,,
2025-08-18,tennis,"Cincinnati, USA",WTA,Veronika Kudermetova,Jasmine Paolini,1,2,False,3,True,2.0,,1.8,,,,,,,,,,
2025-08-19,tennis,"Cincinnati, USA",WTA,Iga Swiatek,Jasmine Paolini,2,0,True,2,False,1.14,,5.5,,,,,,,,,,
2025-08-19,tennis,"Cincinnati, USA",WTA,Iga Swiatek,Jasmine Paolini,2,0,True,2,False,1.14,,5.5,,,,,,,,,,
2025-08-25,tennis,"US Open, New York, USA",ATP,Alexander Shevchenko,Alejandro Davidovich Fokina,0,3,False,3,False,5.0,,1.17,,,,,,,,,,
2025-08-25,tennis,"US Open, New York, USA",ATP,Jakub Menšik,Nicolas Jarry,3,0,True,3,False,1.36,,3.2,,,,,,,,,,
2025-08-25,tennis,"US Open, New York, USA",ATP,Roberto Carballés Baena,Arthur Rinderknech,1,3,False,4,True,2.5,,1.53,,,,,,,,,,
2025-08-25,tennis,"US Open, New York, USA",ATP,Ben Shelton,Ignacio Buse,3,0,True,3,False,1.02,,17.0,,,,,,,,,,
2025-08-25,tennis,"US Open, New York, USA",ATP,Ugo Blanchet,Fábián Marozsán,3,1,True,4,True,4.0,,1.25,,,,,,,,,,
2025-08-25,tennis,"US Open, New York, USA",ATP,Emilio Nava,Taylor Fritz,0,3,False,3,False,8.0,,1.08,,,,,,,,,,
2025-08-25,tennis,"US Open, New York, USA",ATP,Stefan Dostanic,Eliot Spizzirri,0,3,False,3,False,2.75,,1.44,,,,,,,,,,
2025-08-25,tennis,"US Open, New York, USA",ATP,Luciano Darderi,Rinky Hijikata,3,0,True,3,False,1.57,,2.38,,,,,,,,,,
2025-08-25,tennis,"US Open, New York, USA",ATP,Jiri Lehečka,Borna Ćorić,3,1,True,4,True,1.13,,6.0,,,,,,,,,,
2025-08-25,tennis,"US Open, New York, USA",ATP,Adrian Mannarino,Tallon Griekspoor,3,0,True,3,False,2.3,,1.62,,,,,,,,,,
2025-08-25,tennis,"US Open, New York, USA",ATP,Luca Nardi,Tomaš Machač,0,3,False,3,False,3.0,,1.4,,,,,,,,,,
2025-08-25,tennis,"US Open, New York, USA",ATP,Zachary Svajda,Zsombor Piros,3,0,True,3,False,1.4,,3.0,,,,,,,,,,
2025-08-25,tennis,"US Open, New York, USA",ATP,Jerome Kym,Ethan Quinn,3,1,True,4,True,2.2,,1.67,,,,,,,,,,
2025-08-25,tennis,"US Open, New York, USA",ATP,Pablo Carreño Busta,Pablo Llamas Ruiz,3,0,True,3,False,1.53,,2.5,,,,,,,,,,
2025-08-25,tennis,"US Open, New York, USA",ATP,Camilo Ugo Carabelli,Tomas Martin Etcheverry,0,3,False,3,False,3.5,,1.27,,,,,,,,,,
2025-08-25,tennis,"US Open, New York, USA",ATP,Jordan Thompson,Corentin Moutet,3,1,True,4,True,3.4,,1.3,,,,,,,,,,
2025-08-25,tennis,"US Open, New York, USA",ATP,Mariano Navone,Marcos Giron,2,3,False,5,True,1.8,,2.0,,,,,,,,,,
2025-08-25,tennis,"US Open, New York, USA",ATP,Brandon Nakashima,Jesper De Jong,3,2,True,5,True,1.25,,4.0,,,,,,,,,,
2025-08-25,tennis,"US Open, New York, USA",ATP,Novak Djokovic,Learner Tien,3,0,True,3,False,1.14,,5.5,,,,,,,,,,
2025-08-25,tennis,"US Open, New York, USA",ATP,Daniil Medvedev,Benjamin Bonzi,2,3,False,5,True,1.2,,4.5,,,,,,,,,,
2025-08-25,tennis,"US Open, New York, USA",WTA,Emma Raducanu,Ena Shibahara,2,0,True,2,False,1.11,,6.5,,,,,,,,,,
2025-08-25,tennis,"US Open, New York, USA",WTA,Lucia Bronzetti,Tereza Valentová,1,2,False,3,True,4.5,,1.2,,,,,,,,,,
2025-08-25,tennis,"US Open, New York, USA",WTA,McCartney Kessler,Magda Linette,2,0,True,2,False,1.5,,2.63,,,,,,,,,,
2025-08-25,tennis,"US Open, New York, USA",WTA,Oksana Selekhmeteva,Marketa Vondrousova,0,2,False,2,False,5.0,,1.17,,,,,,,,,,
2025-08-25,tennis,"US Open, New York, USA",WTA,Rebecca Marino,Leylah Fernandez,0,2,False,2,False,5.0,,1.17,,,,,,,,,,
2025-08-25,tennis,"US Open, New York, USA",WTA,Janice Tjen,Veronika Kudermetova,2,1,True,3,True,2.75,,1.44,,,,,,,,,,
2025-08-25,tennis,"US Open, New York, USA",WTA,Moyuka Uchijima,Olga Danilović,2,1,True,3,True,3.4,,1.33,,,,,,,,,,
2025-08-25,tennis,"US Open, New York, USA",WTA,Alexandra Eala,Clara Tauson,2,1,True,3,True,3.2,,1.36,,,,,,,,,,
2025-08-25,tennis,"US Open, New York, USA",WTA,Aryna Sabalenka,Rebeka Masarova,2,0,True,2,False,1.02,,19.0,,,,,,,,,,
2025-08-25,tennis,"US Open, New York, USA",WTA,Jil Teichmann,Catherine McNally,0,2,False,2,False,4.5,,1.2,,,,,,,,,,
2025-08-25,tennis,"US Open, New York, USA",WTA,Jelena Ostapenko,Xiyu Wang,2,0,True,2,False,1.5,,2.63,,,,,,,,,,
2025-08-25,tennis,"US Open, New York, USA",WTA,Lulu Sun,Camila Osorio,2,1,True,3,True,1.63,,2.2,,,,,,,,,,
2025-08-25,tennis,"US Open, New York, USA",WTA,Emma Navarro,Yafan Wang,2,0,True,2,False,1.25,,3.75,,,,,,,,,,
2025-08-25,tennis,"US Open, New York, USA",WTA,Anastasia Potapova,Lin Zhu,2,1,True,3,True,1.5,,2.63,,,,,,,,,,
2025-08-25,tennis,"US Open, New York, USA",WTA,Shuai Zhang,Belinda Bencic,0,2,False,2,False,3.5,,1.3,,,,,,,,,,
2025-08-25,tennis,"US Open, New York, USA",WTA,Yuliia Starodubtseva,Anna Blinkova,0,2,False,2,False,2.0,,1.8,,,,,,,,,,
2025-08-25,tennis,"US Open, New York, USA",WTA,Destanee Aiava,Jasmine Paolini,0,2,False,2,False,8.0,,1.08,,,,,,,,,,
2025-08-25,tennis,"US Open, New York, USA",WTA,Victoria Azarenka,Hina Inoue,2,0,True,2,False,1.2,,4.5,,,,,,,,,,
2025-08-25,tennis,"US Open, New York, USA",WTA,Jessica Pegula,Mayar Sherif,2,0,True,2,False,1.04,,13.0,,,,,,,,,,
2025-08-25,tennis,"US Open, New York, USA",ATP,Alexander Shevchenko,Alejandro Davidovich Fokina,0,3,False,3,False,5.0,,1.17,,,,,,,,,,
2025-08-25,tennis,"US Open, New York, USA",ATP,Jakub Menšik,Nicolas Jarry,3,0,True,3,False,1.36,,3.2,,,,,,,,,,
2025-08-25,tennis,"US Open, New York, USA",ATP,Roberto Carballés Baena,Arthur Rinderknech,1,3,False,4,True,2.5,,1.53,,,,,,,,,,
2025-08-25,tennis,"US Open, New York, USA",ATP,Ben Shelton,Ignacio Buse,3,0,True,3,False,1.02,,17.0,,,,,,,,,,
2025-08-25,tennis,"US Open, New York, USA",ATP,Ugo Blanchet,Fábián Marozsán,3,1,True,4,True,4.0,,1.25,,,,,,,,,,
2025-08-25,tennis,"US Open, New York, USA",ATP,Emilio Nava,Taylor Fritz,0,3,False,3,False,8.0,,1.08,,,,,,,,,,
2025-08-25,tennis,"US Open, New York, USA",ATP,Stefan Dostanic,Eliot Spizzirri,0,3,False,3,False,2.75,,1.44,,,,,,,,,,
2025-08-25,tennis,"US Open, New York, USA",ATP,Luciano Darderi,Rinky Hijikata,3,0,True,3,False,1.57,,2.38,,,,,,,,,,
2025-08-25,tennis,"US Open, New York, USA",ATP,Jiri Lehečka,Borna Ćorić,3,1,True,4,True,1.13,,6.0,,,,,,,,,,
2025-08-25,tennis,"US Open, New York, USA",ATP,Adrian Mannarino,Tallon Griekspoor,3,0,True,3,False,2.3,,1.62,,,,,,,,,,
2025-08-25,tennis,"US Open, New York, USA",ATP,Luca Nardi,Tomaš Machač,0,3,False,3,False,3.0,,1.4,,,,,,,,,,
2025-08-25,tennis,"US Open, New York, USA",ATP,Zachary Svajda,Zsombor Piros,3,0,True,3,False,1.4,,3.0,,,,,,,,,,
2025-08-25,tennis,"US Open, New York, USA",ATP,Jerome Kym,Ethan Quinn,3,1,True,4,True,2.2,,1.67,,,,,,,,,,
2025-08-25,tennis,"US Open, New York, USA",ATP,Pablo Carreño Busta,Pablo Llamas Ruiz,3,0,True,3,False,1.53,,2.5,,,,,,,,,,
2025-08-25,tennis,"US Open, New York, USA",ATP,Camilo Ugo Carabelli,Tomas Martin Etcheverry,0,3,False,3,False,3.5,,1.27,,,,,,,,,,
2025-08-25,tennis,"US Open, New York, USA",ATP,Jordan Thompson,Corentin Moutet,3,1,True,4,True,3.4,,1.3,,,,,,,,,,
2025-08-25,tennis,"US Open, New York, USA",ATP,Mariano Navone,Marcos Giron,2,3,False,5,True,1.8,,2.0,,,,,,,,,,
2025-08-25,tennis,"US Open, New York, USA",ATP,Brandon Nakashima,Jesper De Jong,3,2,True,5,True,1.25,,4.0,,,,,,,,,,
2025-08-25,tennis,"US Open, New York, USA",ATP,Novak Djokovic,Learner Tien,3,0,True,3,False,1.14,,5.5,,,,,,,,,,
2025-08-25,tennis,"US Open, New York, USA",ATP,Daniil Medvedev,Benjamin Bonzi,2,3,False,5,True,1.2,,4.5,,,,,,,,,,
2025-08-25,tennis,"US Open, New York, USA",WTA,Emma Raducanu,Ena Shibahara,2,0,True,2,False,1.11,,6.5,,,,,,,,,,
2025-08-25,tennis,"US Open, New York, USA",WTA,Lucia Bronzetti,Tereza Valentová,1,2,False,3,True,4.5,,1.2,,,,,,,,,,
2025-08-25,tennis,"US Open, New York, USA",WTA,McCartney Kessler,Magda Linette,2,0,True,2,False,1.5,,2.63,,,,,,,,,,
2025-08-25,tennis,"US Open, New York, USA",WTA,Oksana Selekhmeteva,Marketa Vondrousova,0,2,False,2,False,5.0,,1.17,,,,,,,,,,
2025-08-25,tennis,"US Open, New York, USA",WTA,Rebecca Marino,Leylah Fernandez,0,2,False,2,False,5.0,,1.17,,,,,,,,,,
2025-08-25,tennis,"US Open, New York, USA",WTA,Janice Tjen,Veronika Kudermetova,2,1,True,3,True,2.75,,1.44,,,,,,,,,,
2025-08-25,tennis,"US Open, New York, USA",WTA,Moyuka Uchijima,Olga Danilović,2,1,True,3,True,3.4,,1.33,,,,,,,,,,
2025-08-25,tennis,"US Open, New York, USA",WTA,Alexandra Eala,Clara Tauson,2,1,True,3,True,3.2,,1.36,,,,,,,,,,
2025-08-25,tennis,"US Open, New York, USA",WTA,Aryna Sabalenka,Rebeka Masarova,2,0,True,2,False,1.02,,19.0,,,,,,,,,,
2025-08-25,tennis,"US Open, New York, USA",WTA,Jil Teichmann,Catherine McNally,0,2,False,2,False,4.5,,1.2,,,,,,,,,,
2025-08-25,tennis,"US Open, New York, USA",WTA,Jelena Ostapenko,Xiyu Wang,2,0,True,2,False,1.5,,2.63,,,,,,,,,,
2025-08-25,tennis,"US Open, New York, USA",WTA,Lulu Sun,Camila Osorio,2,1,True,3,True,1.63,,2.2,,,,,,,,,,
2025-08-25,tennis,"US Open, New York, USA",WTA,Emma Navarro,Yafan Wang,2,0,True,2,False,1.25,,3.75,,,,,,,,,,
2025-08-25,tennis,"US Open, New York, USA",WTA,Anastasia Potapova,Lin Zhu,2,1,True,3,True,1.5,,2.63,,,,,,,,,,
2025-08-25,tennis,"US Open, New York, USA",WTA,Shuai Zhang,Belinda Bencic,0,2,False,2,False,3.5,,1.3,,,,,,,,,,
2025-08-25,tennis,"US Open, New York, USA",WTA,Yuliia Starodubtseva,Anna Blinkova,0,2,False,2,False,2.0,,1.8,,,,,,,,,,
2025-08-25,tennis,"US Open, New York, USA",WTA,Destanee Aiava,Jasmine Paolini,0,2,False,2,False,8.0,,1.08,,,,,,,,,,
2025-08-25,tennis,"US Open, New York, USA",WTA,Victoria Azarenka,Hina Inoue,2,0,True,2,False,1.2,,4.5,,,,,,,,,,
2025-08-25,tennis,"US Open, New York, USA",WTA,Jessica Pegula,Mayar Sherif,2,0,True,2,False,1.04,,13.0,,,,,,,,,,
2025-08-26,tennis,"US Open, New York, USA",ATP,Aleksandar Kovacevic,Coleman Wong,0,3,False,3,False,1.73,,2.1,,,,,,,,,,
2025-08-26,tennis,"US Open, New York, USA",ATP,Martin Damm Jr,Darwin Blanch,3,0,True,3,False,2.0,,1.8,,,,,,,,,,
2025-08-26,tennis,"US Open, New York, USA",ATP,Sebastián Báez,Lloyd Harris,0,3,False,3,False,2.5,,1.53,,,,,,,,,,
2025-08-26,tennis,"US Open, New York, USA",ATP,Ugo Humbert,Adam Walton,1,3,False,4,True,1.44,,2.75,,,,,,,,,,
2025-08-26,tennis,"US Open, New York, USA",ATP,Zizou Bergs,Chun-Hsin Tseng,3,0,True,3,False,1.4,,3.0,,,,,,,,,,
2025-08-26,tennis,"US Open, New York, USA",ATP,Joao Fonseca,Miomir Kecmanović,3,0,True,3,False,1.57,,2.38,,,,,,,,,,
2025-08-26,tennis,"US Open, New York, USA",ATP,Federico Agustin Gomez,Jack Draper,1,3,False,4,True,19.0,,1.02,,,,,,,,,,
2025-08-26,tennis,"US Open, New York, USA",ATP,Daniel Elahi Galan,Raphael Collignon,0,3,False,3,False,1.91,,1.91,,,,,,,,,,
2025-08-26,tennis,"US Open, New York, USA",ATP,Francisco Comesaña,Alex Michelsen,3,1,True,4,True,3.5,,1.3,,,,,,,,,,
2025-08-26,tennis,"US Open, New York, USA",ATP,Francesco Passaro,Flavio Cobolli,2,3,False,5,True,4.33,,1.22,,,,,,,,,,
2025-08-26,tennis,"US Open, New York, USA",ATP,Jenson Brooksby,Aleksandar Vukic,3,2,True,5,True,1.36,,3.2,,,,,,,,,,
2025-08-26,tennis,"US Open, New York, USA",ATP,Jaume Munar,Jaime Faria,3,1,True,4,True,1.25,,4.0,,,,,,,,,,
2025-08-26,tennis,"US Open, New York, USA",ATP,Botic Van de Zandschulp,Holger Rune,0,3,False,3,False,3.5,,1.3,,,,,,,,,,
2025-08-26,tennis,"US Open, New York, USA",ATP,Frances Tiafoe,Yoshihito Nishioka,3,0,True,3,False,1.1,,7.0,,,,,,,,,,
2025-08-26,tennis,"US Open, New York, USA",ATP,Hugo Dellien,Kamil Majchrzak,1,3,False,4,True,11.0,,1.05,,,,,,,,,,
2025-08-26,tennis,"US Open, New York, USA",ATP,Jan-Lennard Struff,Mackenzie McDonald,3,1,True,4,True,1.91,,1.91,,,,,,,,,,
2025-08-26,tennis,"US Open, New York, USA",ATP,James Duckworth,Tristan Boyer,0,3,False,3,False,1.73,,2.1,,,,,,,,,,
2025-08-26,tennis,"US Open, New York, USA",ATP,Karen Khachanov,Nishesh Basavareddy,3,1,True,4,True,1.25,,4.0,,,,,,,,,,
2025-08-26,tennis,"US Open, New York, USA",ATP,Dino Prižmić,Andrey Rublev,0,3,False,3,False,3.75,,1.28,,,,,,,,,,
2025-08-26,tennis,"US Open, New York, USA",ATP,Sebastian Ofner,Casper Ruud,0,3,False,3,False,4.33,,1.22,,,,,,,,,,
2025-08-26,tennis,"US Open, New York, USA",ATP,Gabriel Diallo,Damir Džumhur,3,1,True,4,True,1.25,,4.0,,,,,,,,,,
2025-08-26,tennis,"US Open, New York, USA",ATP,Reilly Opelka,Carlos Alcaraz,0,3,False,3,False,13.0,,1.04,,,,,,,,,,
2025-08-26,tennis,"US Open, New York, USA",WTA,Anastasia Pavlyuchenkova,Dayana Yastremska,2,1,True,3,True,2.38,,1.57,,,,,,,,,,
2025-08-26,tennis,"US Open, New York, USA",WTA,Barbora Krejčiková,Victoria Mboko,2,0,True,2,False,2.75,,1.44,,,,,,,,,,
2025-08-26,tennis,"US Open, New York, USA",WTA,Leolia Jeanjean,Priscilla Hon,0,2,False,2,False,2.0,,1.8,,,,,,,,,,
2025-08-26,tennis,"US Open, New York, USA",WTA,Liudmila Samsonova,Yue Yuan,2,1,True,3,True,1.2,,4.5,,,,,,,,,,
2025-08-26,tennis,"US Open, New York, USA",WTA,Petra Kvitova,Diane Parry,0,2,False,2,False,2.75,,1.44,,,,,,,,,,
2025-08-26,tennis,"US Open, New York, USA",WTA,Yulia Putintseva,Elisabetta Cocciaretto,2,0,True,2,False,2.2,,1.67,,,,,,,,,,
2025-08-26,tennis,"US Open, New York, USA",WTA,Madison Keys,Renata Zarazua,1,2,False,3,True,1.07,,9.0,,,,,,,,,,
2025-08-26,tennis,"US Open, New York, USA",WTA,Elise Mertens,Alyssa Ahn,2,0,True,2,False,1.04,,13.0,,,,,,,,,,
2025-08-26,tennis,"US Open, New York, USA",WTA,Taylor Townsend,Antonia Ružić,2,0,True,2,False,1.57,,2.38,,,,,,,,,,
2025-08-26,tennis,"US Open, New York, USA",WTA,Aliaksandra Sasnovich,Iva Jovic,0,2,False,2,False,3.5,,1.3,,,,,,,,,,
2025-08-26,tennis,"US Open, New York, USA",WTA,Anna Kalinskaya,Clervie Ngounoue,2,1,True,3,True,1.25,,4.0,,,,,,,,,,
2025-08-26,tennis,"US Open, New York, USA",WTA,Cristina Bucsa,Claire Liu,2,0,True,2,False,1.62,,2.3,,,,,,,,,,
2025-08-26,tennis,"US Open, New York, USA",WTA,Elena Rybakina,Julieta Pareja,2,0,True,2,False,1.04,,13.0,,,,,,,,,,
2025-08-26,tennis,"US Open, New York, USA",WTA,Kamilla Rakhimova,Caroline Garcia,2,1,True,3,True,1.73,,2.1,,,,,,,,,,
2025-08-26,tennis,"US Open, New York, USA",WTA,Daria Kasatkina,Elena-Gabriela Ruse,2,0,True,2,False,1.53,,2.5,,,,,,,,,,
2025-08-26,tennis,"US Open, New York, USA",WTA,Ann Li,Rebecca Šramková,2,1,True,3,True,1.8,,2.0,,,,,,,,,,
2025-08-26,tennis,"US Open, New York, USA",WTA,Maria Sakkari,Tatjana Maria,2,0,True,2,False,1.25,,4.0,,,,,,,,,,
2025-08-26,tennis,"US Open, New York, USA",WTA,Elsa Jacquemot,Marie Bouzkova,2,0,True,2,False,3.2,,1.36,,,,,,,,,,
2025-08-26,tennis,"US Open, New York, USA",WTA,Magdalena Frech,Talia Gibson,2,0,True,2,False,1.67,,2.2,,,,,,,,,,
2025-08-26,tennis,"US Open, New York, USA",WTA,Anna Bondar,Elina Svitolina,2,0,True,2,False,8.0,,1.08,,,,,,,,,,
2025-08-26,tennis,"US Open, New York, USA",WTA,Darja Semenistaja,Peyton Stearns,0,2,False,2,False,3.5,,1.3,,,,,,,,,,
2025-08-26,tennis,"US Open, New York, USA",WTA,Katie Volynets,Zeynep Sönmez,0,2,False,2,False,1.53,,2.5,,,,,,,,,,
2025-08-26,tennis,"US Open, New York, USA",WTA,Venus Williams,Karolina Muchova,1,2,False,3,True,10.0,,1.06,,,,,,,,,,
2025-08-26,tennis,"US Open, New York, USA",WTA,Alycia Parks,Mirra Andreeva,0,2,False,2,False,5.0,,1.17,,,,,,,,,,
2025-08-26,tennis,"US Open, New York, USA",ATP,Aleksandar Kovacevic,Coleman Wong,0,3,False,3,False,1.73,,2.1,,,,,,,,,,
2025-08-26,tennis,"US Open, New York, USA",ATP,Martin Damm Jr,Darwin Blanch,3,0,True,3,False,2.0,,1.8,,,,,,,,,,
2025-08-26,tennis,"US Open, New York, USA",ATP,Sebastián Báez,Lloyd Harris,0,3,False,3,False,2.5,,1.53,,,,,,,,,,
2025-08-26,tennis,"US Open, New York, USA",ATP,Ugo Humbert,Adam Walton,1,3,False,4,True,1.44,,2.75,,,,,,,,,,
2025-08-26,tennis,"US Open, New York, USA",ATP,Zizou Bergs,Chun-Hsin Tseng,3,0,True,3,False,1.4,,3.0,,,,,,,,,,
2025-08-26,tennis,"US Open, New York, USA",ATP,Joao Fonseca,Miomir Kecmanović,3,0,True,3,False,1.57,,2.38,,,,,,,,,,
2025-08-26,tennis,"US Open, New York, USA",ATP,Federico Agustin Gomez,Jack Draper,1,3,False,4,True,19.0,,1.02,,,,,,,,,,
2025-08-26,tennis,"US Open, New York, USA",ATP,Daniel Elahi Galan,Raphael Collignon,0,3,False,3,False,1.91,,1.91,,,,,,,,,,
2025-08-26,tennis,"US Open, New York, USA",ATP,Francisco Comesaña,Alex Michelsen,3,1,True,4,True,3.5,,1.3,,,,,,,,,,
2025-08-26,tennis,"US Open, New York, USA",ATP,Francesco Passaro,Flavio Cobolli,2,3,False,5,True,4.33,,1.22,,,,,,,,,,
2025-08-26,tennis,"US Open, New York, USA",ATP,Jenson Brooksby,Aleksandar Vukic,3,2,True,5,True,1.36,,3.2,,,,,,,,,,
2025-08-26,tennis,"US Open, New York, USA",ATP,Jaume Munar,Jaime Faria,3,1,True,4,True,1.25,,4.0,,,,,,,,,,
2025-08-26,tennis,"US Open, New York, USA",ATP,Botic Van de Zandschulp,Holger Rune,0,3,False,3,False,3.5,,1.3,,,,,,,,,,
2025-08-26,tennis,"US Open, New York, USA",ATP,Frances Tiafoe,Yoshihito Nishioka,3,0,True,3,False,1.1,,7.0,,,,,,,,,,
2025-08-26,tennis,"US Open, New York, USA",ATP,Hugo Dellien,Kamil Majchrzak,1,3,False,4,True,11.0,,1.05,,,,,,,,,,
2025-08-26,tennis,"US Open, New York, USA",ATP,Jan-Lennard Struff,Mackenzie McDonald,3,1,True,4,True,1.91,,1.91,,,,,,,,,,
2025-08-26,tennis,"US Open, New York, USA",ATP,James Duckworth,Tristan Boyer,0,3,False,3,False,1.73,,2.1,,,,,,,,,,
2025-08-26,tennis,"US Open, New York, USA",ATP,Karen Khachanov,Nishesh Basavareddy,3,1,True,4,True,1.25,,4.0,,,,,,,,,,
2025-08-26,tennis,"US Open, New York, USA",ATP,Dino Prižmić,Andrey Rublev,0,3,False,3,False,3.75,,1.28,,,,,,,,,,
2025-08-26,tennis,"US Open, New York, USA",ATP,Sebastian Ofner,Casper Ruud,0,3,False,3,False,4.33,,1.22,,,,,,,,,,
2025-08-26,tennis,"US Open, New York, USA",ATP,Gabriel Diallo,Damir Džumhur,3,1,True,4,True,1.25,,4.0,,,,,,,,,,
2025-08-26,tennis,"US Open, New York, USA",ATP,Reilly Opelka,Carlos Alcaraz,0,3,False,3,False,13.0,,1.04,,,,,,,,,,
2025-08-26,tennis,"US Open, New York, USA",WTA,Anastasia Pavlyuchenkova,Dayana Yastremska,2,1,True,3,True,2.38,,1.57,,,,,,,,,,
2025-08-26,tennis,"US Open, New York, USA",WTA,Barbora Krejčiková,Victoria Mboko,2,0,True,2,False,2.75,,1.44,,,,,,,,,,
2025-08-26,tennis,"US Open, New York, USA",WTA,Leolia Jeanjean,Priscilla Hon,0,2,False,2,False,2.0,,1.8,,,,,,,,,,
2025-08-26,tennis,"US Open, New York, USA",WTA,Liudmila Samsonova,Yue Yuan,2,1,True,3,True,1.2,,4.5,,,,,,,,,,
2025-08-26,tennis,"US Open, New York, USA",WTA,Petra Kvitova,Diane Parry,0,2,False,2,False,2.75,,1.44,,,,,,,,,,
2025-08-26,tennis,"US Open, New York, USA",WTA,Yulia Putintseva,Elisabetta Cocciaretto,2,0,True,2,False,2.2,,1.67,,,,,,,,,,
2025-08-26,tennis,"US Open, New York, USA",WTA,Madison Keys,Renata Zarazua,1,2,False,3,True,1.07,,9.0,,,,,,,,,,
2025-08-26,tennis,"US Open, New York, USA",WTA,Elise Mertens,Alyssa Ahn,2,0,True,2,False,1.04,,13.0,,,,,,,,,,
2025-08-26,tennis,"US Open, New York, USA",WTA,Taylor Townsend,Antonia Ružić,2,0,True,2,False,1.57,,2.38,,,,,,,,,,
2025-08-26,tennis,"US Open, New York, USA",WTA,Aliaksandra Sasnovich,Iva Jovic,0,2,False,2,False,3.5,,1.3,,,,,,,,,,
2025-08-26,tennis,"US Open, New York, USA",WTA,Anna Kalinskaya,Clervie Ngounoue,2,1,True,3,True,1.25,,4.0,,,,,,,,,,
2025-08-26,tennis,"US Open, New York, USA",WTA,Cristina Bucsa,Claire Liu,2,0,True,2,False,1.62,,2.3,,,,,,,,,,
2025-08-26,tennis,"US Open, New York, USA",WTA,Elena Rybakina,Julieta Pareja,2,0,True,2,False,1.04,,13.0,,,,,,,,,,
2025-08-26,tennis,"US Open, New York, USA",WTA,Kamilla Rakhimova,Caroline Garcia,2,1,True,3,True,1.73,,2.1,,,,,,,,,,
2025-08-26,tennis,"US Open, New York, USA",WTA,Daria Kasatkina,Elena-Gabriela Ruse,2,0,True,2,False,1.53,,2.5,,,,,,,,,,
2025-08-26,tennis,"US Open, New York, USA",WTA,Ann Li,Rebecca Šramková,2,1,True,3,True,1.8,,2.0,,,,,,,,,,
2025-08-26,tennis,"US Open, New York, USA",WTA,Maria Sakkari,Tatjana Maria,2,0,True,2,False,1.25,,4.0,,,,,,,,,,
2025-08-26,tennis,"US Open, New York, USA",WTA,Elsa Jacquemot,Marie Bouzkova,2,0,True,2,False,3.2,,1.36,,,,,,,,,,
2025-08-26,tennis,"US Open, New York, USA",WTA,Magdalena Frech,Talia Gibson,2,0,True,2,False,1.67,,2.2,,,,,,,,,,
2025-08-26,tennis,"US Open, New York, USA",WTA,Anna Bondar,Elina Svitolina,2,0,True,2,False,8.0,,1.08,,,,,,,,,,
2025-08-26,tennis,"US Open, New York, USA",WTA,Darja Semenistaja,Peyton Stearns,0,2,False,2,False,3.5,,1.3,,,,,,,,,,
2025-08-26,tennis,"US Open, New York, USA",WTA,Katie Volynets,Zeynep Sönmez,0,2,False,2,False,1.53,,2.5,,,,,,,,,,
2025-08-26,tennis,"US Open, New York, USA",WTA,Venus Williams,Karolina Muchova,1,2,False,3,True,10.0,,1.06,,,,,,,,,,
2025-08-26,tennis,"US Open, New York, USA",WTA,Alycia Parks,Mirra Andreeva,0,2,False,2,False,5.0,,1.17,,,,,,,,,,
2025-08-27,tennis,"US Open, New York, USA",ATP,Lorenzo Musetti,Giovanni Mpetshi Perricard,3,1,True,4,True,1.36,,3.2,,,,,,,,,,
2025-08-27,tennis,"US Open, New York, USA",ATP,Marton Fucsovics,Denis Shapovalov,0,3,False,3,False,1.91,,1.91,,,,,,,,,,
2025-08-27,tennis,"US Open, New York, USA",ATP,Matteo Arnaldi,Francisco Cerundolo,2,3,False,5,True,2.1,,1.73,,,,,,,,,,
2025-08-27,tennis,"US Open, New York, USA",ATP,Quentin Halys,David Goffin,1,3,False,4,True,1.53,,2.5,,,,,,,,,,
2025-08-27,tennis,"US Open, New York, USA",ATP,Alexei Popyrin,Emil Ruusuvuori,3,0,True,3,False,1.05,,11.0,,,,,,,,,,
2025-08-27,tennis,"US Open, New York, USA",ATP,Alexander Bublik,Marin Čilić,3,0,True,3,False,1.44,,2.75,,,,,,,,,,
2025-08-27,tennis,"US Open, New York, USA",ATP,Leandro Riedi,Pedro Martinez,3,0,True,3,False,1.57,,2.38,,,,,,,,,,
2025-08-27,tennis,"US Open, New York, USA",ATP,Valentin Royer,Yunchaokete Bu,3,0,True,3,False,2.38,,1.57,,,,,,,,,,
2025-08-27,tennis,"US Open, New York, USA",ATP,Jannik Sinner,Vit Kopřiva,3,0,True,3,False,1.0,,51.0,,,,,,,,,,
2025-08-27,tennis,"US Open, New York, USA",ATP,Billy Harris,Felix Auger-Aliassime,0,3,False,3,False,8.0,,1.08,,,,,,,,,,
2025-08-27,tennis,"US Open, New York, USA",ATP,Hugo Gaston,Shintaro Mochizuki,0,3,False,3,False,2.38,,1.57,,,,,,,,,,
2025-08-27,tennis,"US Open, New York, USA",ATP,Daniel Altmaier,Hamad Medjedović,3,2,True,5,True,3.5,,1.3,,,,,,,,,,
2025-08-27,tennis,"US Open, New York, USA",ATP,Lorenzo Sonego,Tristan Schoolkate,2,3,False,5,True,1.36,,3.2,,,,,,,,,,
2025-08-27,tennis,"US Open, New York, USA",ATP,Stefanos Tsitsipas,Alexandre Muller,3,1,True,4,True,1.53,,2.5,,,,,,,,,,
2025-08-27,tennis,"US Open, New York, USA",ATP,Christopher O'Connell,Alex de Minaur,0,3,False,3,False,13.0,,1.04,,,,,,,,,,
2025-08-27,tennis,"US Open, New York, USA",ATP,Nuno Borges,Brandon Holt,3,0,True,3,False,1.36,,3.2,,,,,,,,,,
2025-08-27,tennis,"US Open, New York, USA",ATP,Gael Monfils,Roman Safiullin,2,3,False,5,True,1.91,,1.91,,,,,,,,,,
2025-08-27,tennis,"US Open, New York, USA",ATP,Roberto Bautista Agut,Jacob Fearnley,1,3,False,4,True,1.67,,2.2,,,,,,,,,,
2025-08-27,tennis,"US Open, New York, USA",ATP,Elmer Moller,Tommy Paul,0,3,False,3,False,15.0,,1.03,,,,,,,,,,
2025-08-27,tennis,"US Open, New York, USA",ATP,Alexander Zverev,Alejandro Tabilo,3,0,True,3,False,1.02,,17.0,,,,,,,,,,
2025-08-27,tennis,"US Open, New York, USA",WTA,Beatriz Haddad Maia,Sonay Kartal,2,1,True,3,True,2.0,,1.8,,,,,,,,,,
2025-08-27,tennis,"US Open, New York, USA",WTA,Katie Boulter,Marta Kostyuk,0,2,False,2,False,2.63,,1.5,,,,,,,,,,
2025-08-27,tennis,"US Open, New York, USA",WTA,Suzan Lamens,Valerie Glozman,2,0,True,2,False,1.2,,4.5,,,,,,,,,,
2025-08-27,tennis,"US Open, New York, USA",WTA,Victoria Jimenez Kasintseva,Maya Joint,0,2,False,2,False,4.33,,1.22,,,,,,,,,,
2025-08-27,tennis,"US Open, New York, USA",WTA,Emiliana Arango,Iga Swiatek,0,2,False,2,False,26.0,,1.01,,,,,,,,,,
2025-08-27,tennis,"US Open, New York, USA",WTA,Lois Boisson,Viktorija Golubic,1,2,False,3,True,2.2,,1.67,,,,,,,,,,
2025-08-27,tennis,"US Open, New York, USA",WTA,Caroline Dolehide,Xinyu Wang,1,2,False,3,True,2.3,,1.62,,,,,,,,,,
2025-08-27,tennis,"US Open, New York, USA",WTA,Danielle Collins,Jaqueline Cristian,0,2,False,2,False,1.36,,3.2,,,,,,,,,,
2025-08-27,tennis,"US Open, New York, USA",WTA,Amanda Anisimova,Kimberly Birrell,2,0,True,2,False,1.14,,5.5,,,,,,,,,,
2025-08-27,tennis,"US Open, New York, USA",WTA,Linda Noskova,Dalma Galfi,2,0,True,2,False,1.28,,3.75,,,,,,,,,,
2025-08-27,tennis,"US Open, New York, USA",WTA,Ashlyn Krueger,Sofia Kenin,2,1,True,3,True,2.0,,1.8,,,,,,,,,,
2025-08-27,tennis,"US Open, New York, USA",WTA,Laura Siegemund,Diana Shnaider,2,1,True,3,True,3.0,,1.4,,,,,,,,,,
2025-08-27,tennis,"US Open, New York, USA",WTA,Francesca Jones,Eva Lys,0,2,False,2,False,2.2,,1.67,,,,,,,,,,
2025-08-27,tennis,"US Open, New York, USA",WTA,Ekaterina Alexandrova,Anastasija Sevastova,2,0,True,2,False,1.25,,4.0,,,,,,,,,,
2025-08-27,tennis,"US Open, New York, USA",WTA,Sorana Cirstea,Solana Sierra,2,0,True,2,False,1.3,,3.5,,,,,,,,,,
2025-08-27,tennis,"US Open, New York, USA",WTA,Hailey Baptiste,Katerina Siniakova,2,0,True,2,False,2.2,,1.67,,,,,,,,,,
2025-08-27,tennis,"US Open, New York, USA",WTA,Donna Vekić,Jessica Bouzas Maneiro,2,1,True,3,True,2.0,,1.8,,,,,,,,,,
2025-08-27,tennis,"US Open, New York, USA",WTA,Anastasia Zakharova,Elina Avanesyan,2,0,True,2,False,1.53,,2.5,,,,,,,,,,
2025-08-27,tennis,"US Open, New York, USA",WTA,Greet Minnen,Naomi Osaka,0,2,False,2,False,6.0,,1.13,,,,,,,,,,
2025-08-27,tennis,"US Open, New York, USA",WTA,Ajla Tomljanovic,Coco Gauff,1,2,False,3,True,10.0,,1.06,,,,,,,,,,
2025-08-27,tennis,"US Open, New York, USA",ATP,Lorenzo Musetti,Giovanni Mpetshi Perricard,3,1,True,4,True,1.36,,3.2,,,,,,,,,,
2025-08-27,tennis,"US Open, New York, USA",ATP,Marton Fucsovics,Denis Shapovalov,0,3,False,3,False,1.91,,1.91,,,,,,,,,,
2025-08-27,tennis,"US Open, New York, USA",ATP,Matteo Arnaldi,Francisco Cerundolo,2,3,False,5,True,2.1,,1.73,,,,,,,,,,
2025-08-27,tennis,"US Open, New York, USA",ATP,Quentin Halys,David Goffin,1,3,False,4,True,1.53,,2.5,,,,,,,,,,
2025-08-27,tennis,"US Open, New York, USA",ATP,Alexei Popyrin,Emil Ruusuvuori,3,0,True,3,False,1.05,,11.0,,,,,,,,,,
2025-08-27,tennis,"US Open, New York, USA",ATP,Alexander Bublik,Marin Čilić,3,0,True,3,False,1.44,,2.75,,,,,,,,,,
2025-08-27,tennis,"US Open, New York, USA",ATP,Leandro Riedi,Pedro Martinez,3,0,True,3,False,1.57,,2.38,,,,,,,,,,
2025-08-27,tennis,"US Open, New York, USA",ATP,Valentin Royer,Yunchaokete Bu,3,0,True,3,False,2.38,,1.57,,,,,,,,,,
2025-08-27,tennis,"US Open, New York, USA",ATP,Jannik Sinner,Vit Kopřiva,3,0,True,3,False,1.0,,51.0,,,,,,,,,,
2025-08-27,tennis,"US Open, New York, USA",ATP,Billy Harris,Felix Auger-Aliassime,0,3,False,3,False,8.0,,1.08,,,,,,,,,,
2025-08-27,tennis,"US Open, New York, USA",ATP,Hugo Gaston,Shintaro Mochizuki,0,3,False,3,False,2.38,,1.57,,,,,,,,,,
2025-08-27,tennis,"US Open, New York, USA",ATP,Daniel Altmaier,Hamad Medjedović,3,2,True,5,True,3.5,,1.3,,,,,,,,,,
2025-08-27,tennis,"US Open, New York, USA",ATP,Lorenzo Sonego,Tristan Schoolkate,2,3,False,5,True,1.36,,3.2,,,,,,,,,,
2025-08-27,tennis,"US Open, New York, USA",ATP,Stefanos Tsitsipas,Alexandre Muller,3,1,True,4,True,1.53,,2.5,,,,,,,,,,
2025-08-27,tennis,"US Open, New York, USA",ATP,Christopher O'Connell,Alex de Minaur,0,3,False,3,False,13.0,,1.04,,,,,,,,,,
2025-08-27,tennis,"US Open, New York, USA",ATP,Nuno Borges,Brandon Holt,3,0,True,3,False,1.36,,3.2,,,,,,,,,,
2025-08-27,tennis,"US Open, New York, USA",ATP,Gael Monfils,Roman Safiullin,2,3,False,5,True,1.91,,1.91,,,,,,,,,,
2025-08-27,tennis,"US Open, New York, USA",ATP,Roberto Bautista Agut,Jacob Fearnley,1,3,False,4,True,1.67,,2.2,,,,,,,,,,
2025-08-27,tennis,"US Open, New York, USA",ATP,Elmer Moller,Tommy Paul,0,3,False,3,False,15.0,,1.03,,,,,,,,,,
2025-08-27,tennis,"US Open, New York, USA",ATP,Alexander Zverev,Alejandro Tabilo,3,0,True,3,False,1.02,,17.0,,,,,,,,,,
2025-08-27,tennis,"US Open, New York, USA",WTA,Beatriz Haddad Maia,Sonay Kartal,2,1,True,3,True,2.0,,1.8,,,,,,,,,,
2025-08-27,tennis,"US Open, New York, USA",WTA,Katie Boulter,Marta Kostyuk,0,2,False,2,False,2.63,,1.5,,,,,,,,,,
2025-08-27,tennis,"US Open, New York, USA",WTA,Suzan Lamens,Valerie Glozman,2,0,True,2,False,1.2,,4.5,,,,,,,,,,
2025-08-27,tennis,"US Open, New York, USA",WTA,Victoria Jimenez Kasintseva,Maya Joint,0,2,False,2,False,4.33,,1.22,,,,,,,,,,
2025-08-27,tennis,"US Open, New York, USA",WTA,Emiliana Arango,Iga Swiatek,0,2,False,2,False,26.0,,1.01,,,,,,,,,,
2025-08-27,tennis,"US Open, New York, USA",WTA,Lois Boisson,Viktorija Golubic,1,2,False,3,True,2.2,,1.67,,,,,,,,,,
2025-08-27,tennis,"US Open, New York, USA",WTA,Caroline Dolehide,Xinyu Wang,1,2,False,3,True,2.3,,1.62,,,,,,,,,,
2025-08-27,tennis,"US Open, New York, USA",WTA,Danielle Collins,Jaqueline Cristian,0,2,False,2,False,1.36,,3.2,,,,,,,,,,
2025-08-27,tennis,"US Open, New York, USA",WTA,Amanda Anisimova,Kimberly Birrell,2,0,True,2,False,1.14,,5.5,,,,,,,,,,
2025-08-27,tennis,"US Open, New York, USA",WTA,Linda Noskova,Dalma Galfi,2,0,True,2,False,1.28,,3.75,,,,,,,,,,
2025-08-27,tennis,"US Open, New York, USA",WTA,Ashlyn Krueger,Sofia Kenin,2,1,True,3,True,2.0,,1.8,,,,,,,,,,
2025-08-27,tennis,"US Open, New York, USA",WTA,Laura Siegemund,Diana Shnaider,2,1,True,3,True,3.0,,1.4,,,,,,,,,,
2025-08-27,tennis,"US Open, New York, USA",WTA,Francesca Jones,Eva Lys,0,2,False,2,False,2.2,,1.67,,,,,,,,,,
2025-08-27,tennis,"US Open, New York, USA",WTA,Ekaterina Alexandrova,Anastasija Sevastova,2,0,True,2,False,1.25,,4.0,,,,,,,,,,
2025-08-27,tennis,"US Open, New York, USA",WTA,Sorana Cirstea,Solana Sierra,2,0,True,2,False,1.3,,3.5,,,,,,,,,,
2025-08-27,tennis,"US Open, New York, USA",WTA,Hailey Baptiste,Katerina Siniakova,2,0,True,2,False,2.2,,1.67,,,,,,,,,,
2025-08-27,tennis,"US Open, New York, USA",WTA,Donna Vekić,Jessica Bouzas Maneiro,2,1,True,3,True,2.0,,1.8,,,,,,,,,,
2025-08-27,tennis,"US Open, New York, USA",WTA,Anastasia Zakharova,Elina Avanesyan,2,0,True,2,False,1.53,,2.5,,,,,,,,,,
2025-08-27,tennis,"US Open, New York, USA",WTA,Greet Minnen,Naomi Osaka,0,2,False,2,False,6.0,,1.13,,,,,,,,,,
2025-08-27,tennis,"US Open, New York, USA",WTA,Ajla Tomljanovic,Coco Gauff,1,2,False,3,True,10.0,,1.06,,,,,,,,,,
2025-08-28,tennis,"US Open, New York, USA",ATP,Brandon Nakashima,Jerome Kym,2,3,False,5,True,1.3,,3.5,,,,,,,,,,
2025-08-28,tennis,"US Open, New York, USA",ATP,Jiri Lehečka,Tomas Martin Etcheverry,3,1,True,4,True,1.25,,4.0,,,,,,,,,,
2025-08-28,tennis,"US Open, New York, USA",ATP,Novak Djokovic,Zachary Svajda,3,1,True,4,True,1.05,,11.0,,,,,,,,,,
2025-08-28,tennis,"US Open, New York, USA",ATP,Joao Fonseca,Tomaš Machač,0,3,False,3,False,1.8,,2.0,,,,,,,,,,
2025-08-28,tennis,"US Open, New York, USA",ATP,Benjamin Bonzi,Marcos Giron,3,2,True,5,True,1.91,,1.91,,,,,,,,,,
2025-08-28,tennis,"US Open, New York, USA",ATP,Raphael Collignon,Casper Ruud,3,2,True,5,True,5.0,,1.17,,,,,,,,,,
2025-08-28,tennis,"US Open, New York, USA",ATP,Lloyd Harris,Taylor Fritz,1,3,False,4,True,10.0,,1.06,,,,,,,,,,
2025-08-28,tennis,"US Open, New York, USA",ATP,Cameron Norrie,Francisco Comesaña,3,1,True,4,True,1.5,,2.63,,,,,,,,,,
2025-08-28,tennis,"US Open, New York, USA",ATP,Arthur Rinderknech,Alejandro Davidovich Fokina,3,2,True,5,True,5.0,,1.17,,,,,,,,,,
2025-08-28,tennis,"US Open, New York, USA",ATP,Jakub Menšik,Ugo Blanchet,2,3,False,5,True,1.2,,4.5,,,,,,,,,,
2025-08-28,tennis,"US Open, New York, USA",ATP,Frances Tiafoe,Martin Damm Jr,3,1,True,4,True,1.13,,6.0,,,,,,,,,,
2025-08-28,tennis,"US Open, New York, USA",ATP,Luciano Darderi,Eliot Spizzirri,3,1,True,4,True,1.57,,2.38,,,,,,,,,,
2025-08-28,tennis,"US Open, New York, USA",ATP,Jordan Thompson,Adrian Mannarino,1,3,False,4,True,2.5,,1.53,,,,,,,,,,
2025-08-28,tennis,"US Open, New York, USA",ATP,Jan-Lennard Struff,Holger Rune,3,2,True,5,True,3.4,,1.33,,,,,,,,,,
2025-08-28,tennis,"US Open, New York, USA",ATP,Mattia Bellucci,Carlos Alcaraz,0,3,False,3,False,21.0,,1.01,,,,,,,,,,
2025-08-28,tennis,"US Open, New York, USA",ATP,Ben Shelton,Pablo Carreño Busta,3,0,True,3,False,1.07,,9.0,,,,,,,,,,
2025-08-28,tennis,"US Open, New York, USA",WTA,Emma Navarro,Catherine McNally,2,0,True,2,False,1.67,,2.2,,,,,,,,,,
2025-08-28,tennis,"US Open, New York, USA",WTA,Emma Raducanu,Janice Tjen,2,0,True,2,False,1.25,,4.0,,,,,,,,,,
2025-08-28,tennis,"US Open, New York, USA",WTA,Victoria Azarenka,Anastasia Pavlyuchenkova,2,0,True,2,False,2.3,,1.62,,,,,,,,,,
2025-08-28,tennis,"US Open, New York, USA",WTA,Cristina Bucsa,Alexandra Eala,2,0,True,2,False,2.5,,1.53,,,,,,,,,,
2025-08-28,tennis,"US Open, New York, USA",WTA,Jessica Pegula,Anna Blinkova,2,0,True,2,False,1.14,,5.5,,,,,,,,,,
2025-08-28,tennis,"US Open, New York, USA",WTA,Moyuka Uchijima,Barbora Krejčiková,0,2,False,2,False,5.0,,1.17,,,,,,,,,,
2025-08-28,tennis,"US Open, New York, USA",WTA,Elena Rybakina,Tereza Valentová,2,0,True,2,False,1.22,,4.33,,,,,,,,,,
2025-08-28,tennis,"US Open, New York, USA",WTA,Jelena Ostapenko,Taylor Townsend,0,2,False,2,False,2.1,,1.73,,,,,,,,,,
2025-08-28,tennis,"US Open, New York, USA",WTA,Liudmila Samsonova,Priscilla Hon,1,2,False,3,True,1.17,,5.0,,,,,,,,,,
2025-08-28,tennis,"US Open, New York, USA",WTA,Elise Mertens,Lulu Sun,2,0,True,2,False,1.2,,4.5,,,,,,,,,,
2025-08-28,tennis,"US Open, New York, USA",WTA,Anastasia Potapova,Mirra Andreeva,0,2,False,2,False,5.5,,1.14,,,,,,,,,,
2025-08-28,tennis,"US Open, New York, USA",WTA,Iva Jovic,Jasmine Paolini,0,2,False,2,False,3.5,,1.3,,,,,,,,,,
2025-08-28,tennis,"US Open, New York, USA",WTA,McCartney Kessler,Marketa Vondrousova,0,2,False,2,False,2.5,,1.53,,,,,,,,,,
2025-08-28,tennis,"US Open, New York, USA",WTA,Elsa Jacquemot,Leylah Fernandez,1,2,False,3,True,4.0,,1.25,,,,,,,,,,
2025-08-28,tennis,"US Open, New York, USA",WTA,Ann Li,Belinda Bencic,2,0,True,2,False,3.0,,1.4,,,,,,,,,,
2025-08-28,tennis,"US Open, New York, USA",WTA,Aryna Sabalenka,Polina Kudermetova,2,0,True,2,False,1.03,,15.0,,,,,,,,,,
2025-08-28,tennis,"US Open, New York, USA",ATP,Brandon Nakashima,Jerome Kym,2,3,False,5,True,1.3,,3.5,,,,,,,,,,
2025-08-28,tennis,"US Open, New York, USA",ATP,Jiri Lehečka,Tomas Martin Etcheverry,3,1,True,4,True,1.25,,4.0,,,,,,,,,,
2025-08-28,tennis,"US Open, New York, USA",ATP,Novak Djokovic,Zachary Svajda,3,1,True,4,True,1.05,,11.0,,,,,,,,,,
2025-08-28,tennis,"US Open, New York, USA",ATP,Joao Fonseca,Tomaš Machač,0,3,False,3,False,1.8,,2.0,,,,,,,,,,
2025-08-28,tennis,"US Open, New York, USA",ATP,Benjamin Bonzi,Marcos Giron,3,2,True,5,True,1.91,,1.91,,,,,,,,,,
2025-08-28,tennis,"US Open, New York, USA",ATP,Raphael Collignon,Casper Ruud,3,2,True,5,True,5.0,,1.17,,,,,,,,,,
2025-08-28,tennis,"US Open, New York, USA",ATP,Lloyd Harris,Taylor Fritz,1,3,False,4,True,10.0,,1.06,,,,,,,,,,
2025-08-28,tennis,"US Open, New York, USA",ATP,Cameron Norrie,Francisco Comesaña,3,1,True,4,True,1.5,,2.63,,,,,,,,,,
2025-08-28,tennis,"US Open, New York, USA",ATP,Arthur Rinderknech,Alejandro Davidovich Fokina,3,2,True,5,True,5.0,,1.17,,,,,,,,,,
2025-08-28,tennis,"US Open, New York, USA",ATP,Jakub Menšik,Ugo Blanchet,2,3,False,5,True,1.2,,4.5,,,,,,,,,,
2025-08-28,tennis,"US Open, New York, USA",ATP,Frances Tiafoe,Martin Damm Jr,3,1,True,4,True,1.13,,6.0,,,,,,,,,,
2025-08-28,tennis,"US Open, New York, USA",ATP,Luciano Darderi,Eliot Spizzirri,3,1,True,4,True,1.57,,2.38,,,,,,,,,,
2025-08-28,tennis,"US Open, New York, USA",ATP,Jordan Thompson,Adrian Mannarino,1,3,False,4,True,2.5,,1.53,,,,,,,,,,
2025-08-28,tennis,"US Open, New York, USA",ATP,Jan-Lennard Struff,Holger Rune,3,2,True,5,True,3.4,,1.33,,,,,,,,,,
2025-08-28,tennis,"US Open, New York, USA",ATP,Mattia Bellucci,Carlos Alcaraz,0,3,False,3,False,21.0,,1.01,,,,,,,,,,
2025-08-28,tennis,"US Open, New York, USA",ATP,Ben Shelton,Pablo Carreño Busta,3,0,True,3,False,1.07,,9.0,,,,,,,,,,
2025-08-28,tennis,"US Open, New York, USA",WTA,Emma Navarro,Catherine McNally,2,0,True,2,False,1.67,,2.2,,,,,,,,,,
2025-08-28,tennis,"US Open, New York, USA",WTA,Emma Raducanu,Janice Tjen,2,0,True,2,False,1.25,,4.0,,,,,,,,,,
2025-08-28,tennis,"US Open, New York, USA",WTA,Victoria Azarenka,Anastasia Pavlyuchenkova,2,0,True,2,False,2.3,,1.62,,,,,,,,,,
2025-08-28,tennis,"US Open, New York, USA",WTA,Cristina Bucsa,Alexandra Eala,2,0,True,2,False,2.5,,1.53,,,,,,,,,,
2025-08-28,tennis,"US Open, New York, USA",WTA,Jessica Pegula,Anna Blinkova,2,0,True,2,False,1.14,,5.5,,,,,,,,,,
2025-08-28,tennis,"US Open, New York, USA",WTA,Moyuka Uchijima,Barbora Krejčiková,0,2,False,2,False,5.0,,1.17,,,,,,,,,,
2025-08-28,tennis,"US Open, New York, USA",WTA,Elena Rybakina,Tereza Valentová,2,0,True,2,False,1.22,,4.33,,,,,,,,,,
2025-08-28,tennis,"US Open, New York, USA",WTA,Jelena Ostapenko,Taylor Townsend,0,2,False,2,False,2.1,,1.73,,,,,,,,,,
2025-08-28,tennis,"US Open, New York, USA",WTA,Liudmila Samsonova,Priscilla Hon,1,2,False,3,True,1.17,,5.0,,,,,,,,,,
2025-08-28,tennis,"US Open, New York, USA",WTA,Elise Mertens,Lulu Sun,2,0,True,2,False,1.2,,4.5,,,,,,,,,,
2025-08-28,tennis,"US Open, New York, USA",WTA,Anastasia Potapova,Mirra Andreeva,0,2,False,2,False,5.5,,1.14,,,,,,,,,,
2025-08-28,tennis,"US Open, New York, USA",WTA,Iva Jovic,Jasmine Paolini,0,2,False,2,False,3.5,,1.3,,,,,,,,,,
2025-08-28,tennis,"US Open, New York, USA",WTA,McCartney Kessler,Marketa Vondrousova,0,2,False,2,False,2.5,,1.53,,,,,,,,,,
2025-08-28,tennis,"US Open, New York, USA",WTA,Elsa Jacquemot,Leylah Fernandez,1,2,False,3,True,4.0,,1.25,,,,,,,,,,
2025-08-28,tennis,"US Open, New York, USA",WTA,Ann Li,Belinda Bencic,2,0,True,2,False,3.0,,1.4,,,,,,,,,,
2025-08-28,tennis,"US Open, New York, USA",WTA,Aryna Sabalenka,Polina Kudermetova,2,0,True,2,False,1.03,,15.0,,,,,,,,,,
2025-08-29,tennis,"US Open, New York, USA",ATP,Adam Walton,Coleman Wong,1,3,False,4,True,1.57,,2.38,,,,,,,,,,
2025-08-29,tennis,"US Open, New York, USA",ATP,Lorenzo Musetti,David Goffin,3,0,True,3,False,1.14,,5.5,,,,,,,,,,
2025-08-29,tennis,"US Open, New York, USA",ATP,Tristan Boyer,Andrey Rublev,1,3,False,4,True,11.0,,1.05,,,,,,,,,,
2025-08-29,tennis,"US Open, New York, USA",ATP,Karen Khachanov,Kamil Majchrzak,2,3,False,5,True,1.2,,4.5,,,,,,,,,,
2025-08-29,tennis,"US Open, New York, USA",ATP,Leandro Riedi,Francisco Cerundolo,3,2,True,5,True,2.75,,1.44,,,,,,,,,,
2025-08-29,tennis,"US Open, New York, USA",ATP,Valentin Royer,Denis Shapovalov,1,3,False,4,True,3.2,,1.36,,,,,,,,,,
2025-08-29,tennis,"US Open, New York, USA",ATP,Jenson Brooksby,Flavio Cobolli,2,3,False,5,True,2.38,,1.57,,,,,,,,,,
2025-08-29,tennis,"US Open, New York, USA",ATP,Jannik Sinner,Alexei Popyrin,3,0,True,3,False,1.01,,21.0,,,,,,,,,,
2025-08-29,tennis,"US Open, New York, USA",ATP,Gabriel Diallo,Jaume Munar,0,3,False,3,False,1.91,,1.91,,,,,,,,,,
2025-08-29,tennis,"US Open, New York, USA",ATP,Alexander Bublik,Tristan Schoolkate,3,0,True,3,False,1.2,,4.5,,,,,,,,,,
2025-08-29,tennis,"US Open, New York, USA",ATP,Alexander Zverev,Jacob Fearnley,3,0,True,3,False,1.05,,9.0,,,,,,,,,,
2025-08-29,tennis,"US Open, New York, USA",ATP,Roman Safiullin,Felix Auger-Aliassime,0,3,False,3,False,3.4,,1.33,,,,,,,,,,
2025-08-29,tennis,"US Open, New York, USA",ATP,Stefanos Tsitsipas,Daniel Altmaier,2,3,False,5,True,1.3,,3.5,,,,,,,,,,
2025-08-29,tennis,"US Open, New York, USA",ATP,Shintaro Mochizuki,Alex de Minaur,0,3,False,3,False,15.0,,1.03,,,,,,,,,,
2025-08-29,tennis,"US Open, New York, USA",ATP,Nuno Borges,Tommy Paul,2,3,False,5,True,4.0,,1.25,,,,,,,,,,
2025-08-29,tennis,"US Open, New York, USA",WTA,Anna Kalinskaya,Yulia Putintseva,2,0,True,2,False,1.3,,3.5,,,,,,,,,,
2025-08-29,tennis,"US Open, New York, USA",WTA,Beatriz Haddad Maia,Viktorija Golubic,2,0,True,2,False,1.73,,2.1,,,,,,,,,,
2025-08-29,tennis,"US Open, New York, USA",WTA,Ekaterina Alexandrova,Xinyu Wang,2,0,True,2,False,1.4,,3.0,,,,,,,,,,
2025-08-29,tennis,"US Open, New York, USA",WTA,Maria Sakkari,Anna Bondar,2,0,True,2,False,1.3,,3.5,,,,,,,,,,
2025-08-29,tennis,"US Open, New York, USA",WTA,Suzan Lamens,Iga Swiatek,1,2,False,3,True,26.0,,1.01,,,,,,,,,,
2025-08-29,tennis,"US Open, New York, USA",WTA,Zeynep Sönmez,Marta Kostyuk,1,2,False,3,True,4.5,,1.2,,,,,,,,,,
2025-08-29,tennis,"US Open, New York, USA",WTA,Magdalena Frech,Peyton Stearns,2,1,True,3,True,2.63,,1.5,,,,,,,,,,
2025-08-29,tennis,"US Open, New York, USA",WTA,Hailey Baptiste,Naomi Osaka,0,2,False,2,False,4.5,,1.2,,,,,,,,,,
2025-08-29,tennis,"US Open, New York, USA",WTA,Anastasia Zakharova,Laura Siegemund,0,2,False,2,False,2.5,,1.53,,,,,,,,,,
2025-08-29,tennis,"US Open, New York, USA",WTA,Sorana Cirstea,Karolina Muchova,1,2,False,3,True,2.0,,1.8,,,,,,,,,,
2025-08-29,tennis,"US Open, New York, USA",WTA,Renata Zarazua,Diane Parry,1,2,False,3,True,2.0,,1.8,,,,,,,,,,
2025-08-29,tennis,"US Open, New York, USA",WTA,Jaqueline Cristian,Ashlyn Krueger,2,1,True,3,True,2.3,,1.62,,,,,,,,,,
2025-08-29,tennis,"US Open, New York, USA",WTA,Daria Kasatkina,Kamilla Rakhimova,2,1,True,3,True,1.44,,2.75,,,,,,,,,,
2025-08-29,tennis,"US Open, New York, USA",WTA,Donna Vekić,Coco Gauff,0,2,False,2,False,6.0,,1.09,,,,,,,,,,
2025-08-29,tennis,"US Open, New York, USA",WTA,Amanda Anisimova,Maya Joint,2,0,True,2,False,1.3,,3.5,,,,,,,,,,
2025-08-29,tennis,"US Open, New York, USA",ATP,Adam Walton,Coleman Wong,1,3,False,4,True,1.57,,2.38,,,,,,,,,,
2025-08-29,tennis,"US Open, New York, USA",ATP,Lorenzo Musetti,David Goffin,3,0,True,3,False,1.14,,5.5,,,,,,,,,,
2025-08-29,tennis,"US Open, New York, USA",ATP,Tristan Boyer,Andrey Rublev,1,3,False,4,True,11.0,,1.05,,,,,,,,,,
2025-08-29,tennis,"US Open, New York, USA",ATP,Karen Khachanov,Kamil Majchrzak,2,3,False,5,True,1.2,,4.5,,,,,,,,,,
2025-08-29,tennis,"US Open, New York, USA",ATP,Leandro Riedi,Francisco Cerundolo,3,2,True,5,True,2.75,,1.44,,,,,,,,,,
2025-08-29,tennis,"US Open, New York, USA",ATP,Valentin Royer,Denis Shapovalov,1,3,False,4,True,3.2,,1.36,,,,,,,,,,
2025-08-29,tennis,"US Open, New York, USA",ATP,Jenson Brooksby,Flavio Cobolli,2,3,False,5,True,2.38,,1.57,,,,,,,,,,
2025-08-29,tennis,"US Open, New York, USA",ATP,Jannik Sinner,Alexei Popyrin,3,0,True,3,False,1.01,,21.0,,,,,,,,,,
2025-08-29,tennis,"US Open, New York, USA",ATP,Gabriel Diallo,Jaume Munar,0,3,False,3,False,1.91,,1.91,,,,,,,,,,
2025-08-29,tennis,"US Open, New York, USA",ATP,Alexander Bublik,Tristan Schoolkate,3,0,True,3,False,1.2,,4.5,,,,,,,,,,
2025-08-29,tennis,"US Open, New York, USA",ATP,Alexander Zverev,Jacob Fearnley,3,0,True,3,False,1.05,,9.0,,,,,,,,,,
2025-08-29,tennis,"US Open, New York, USA",ATP,Roman Safiullin,Felix Auger-Aliassime,0,3,False,3,False,3.4,,1.33,,,,,,,,,,
2025-08-29,tennis,"US Open, New York, USA",ATP,Stefanos Tsitsipas,Daniel Altmaier,2,3,False,5,True,1.3,,3.5,,,,,,,,,,
2025-08-29,tennis,"US Open, New York, USA",ATP,Shintaro Mochizuki,Alex de Minaur,0,3,False,3,False,15.0,,1.03,,,,,,,,,,
2025-08-29,tennis,"US Open, New York, USA",ATP,Nuno Borges,Tommy Paul,2,3,False,5,True,4.0,,1.25,,,,,,,,,,
2025-08-29,tennis,"US Open, New York, USA",WTA,Anna Kalinskaya,Yulia Putintseva,2,0,True,2,False,1.3,,3.5,,,,,,,,,,
2025-08-29,tennis,"US Open, New York, USA",WTA,Beatriz Haddad Maia,Viktorija Golubic,2,0,True,2,False,1.73,,2.1,,,,,,,,,,
2025-08-29,tennis,"US Open, New York, USA",WTA,Ekaterina Alexandrova,Xinyu Wang,2,0,True,2,False,1.4,,3.0,,,,,,,,,,
2025-08-29,tennis,"US Open, New York, USA",WTA,Maria Sakkari,Anna Bondar,2,0,True,2,False,1.3,,3.5,,,,,,,,,,
2025-08-29,tennis,"US Open, New York, USA",WTA,Suzan Lamens,Iga Swiatek,1,2,False,3,True,26.0,,1.01,,,,,,,,,,
2025-08-29,tennis,"US Open, New York, USA",WTA,Zeynep Sönmez,Marta Kostyuk,1,2,False,3,True,4.5,,1.2,,,,,,,,,,
2025-08-29,tennis,"US Open, New York, USA",WTA,Magdalena Frech,Peyton Stearns,2,1,True,3,True,2.63,,1.5,,,,,,,,,,
2025-08-29,tennis,"US Open, New York, USA",WTA,Hailey Baptiste,Naomi Osaka,0,2,False,2,False,4.5,,1.2,,,,,,,,,,
2025-08-29,tennis,"US Open, New York, USA",WTA,Anastasia Zakharova,Laura Siegemund,0,2,False,2,False,2.5,,1.53,,,,,,,,,,
2025-08-29,tennis,"US Open, New York, USA",WTA,Sorana Cirstea,Karolina Muchova,1,2,False,3,True,2.0,,1.8,,,,,,,,,,
2025-08-29,tennis,"US Open, New York, USA",WTA,Renata Zarazua,Diane Parry,1,2,False,3,True,2.0,,1.8,,,,,,,,,,
2025-08-29,tennis,"US Open, New York, USA",WTA,Jaqueline Cristian,Ashlyn Krueger,2,1,True,3,True,2.3,,1.62,,,,,,,,,,
2025-08-29,tennis,"US Open, New York, USA",WTA,Daria Kasatkina,Kamilla Rakhimova,2,1,True,3,True,1.44,,2.75,,,,,,,,,,
2025-08-29,tennis,"US Open, New York, USA",WTA,Donna Vekić,Coco Gauff,0,2,False,2,False,6.0,,1.09,,,,,,,,,,
2025-08-29,tennis,"US Open, New York, USA",WTA,Amanda Anisimova,Maya Joint,2,0,True,2,False,1.3,,3.5,,,,,,,,,,
2025-08-30,tennis,"US Open, New York, USA",ATP,Benjamin Bonzi,Arthur Rinderknech,1,3,False,4,True,1.8,,2.0,,,,,,,,,,
2025-08-30,tennis,"US Open, New York, USA",ATP,Jiri Lehečka,Raphael Collignon,3,0,True,3,False,1.13,,6.0,,,,,,,,,,
2025-08-30,tennis,"US Open, New York, USA",ATP,Luciano Darderi,Carlos Alcaraz,0,3,False,3,False,26.0,,1.01,,,,,,,,,,
2025-08-30,tennis,"US Open, New York, USA",ATP,Frances Tiafoe,Jan-Lennard Struff,0,3,False,3,False,1.36,,3.2,,,,,,,,,,
2025-08-30,tennis,"US Open, New York, USA",ATP,Novak Djokovic,Cameron Norrie,3,1,True,4,True,1.08,,8.0,,,,,,,,,,
2025-08-30,tennis,"US Open, New York, USA",ATP,Ugo Blanchet,Tomaš Machač,0,3,False,3,False,5.5,,1.14,,,,,,,,,,
2025-08-30,tennis,"US Open, New York, USA",ATP,Jerome Kym,Taylor Fritz,1,3,False,4,True,10.0,,1.06,,,,,,,,,,
2025-08-30,tennis,"US Open, New York, USA",WTA,Elena Rybakina,Emma Raducanu,2,0,True,2,False,1.53,,2.5,,,,,,,,,,
2025-08-30,tennis,"US Open, New York, USA",WTA,Marketa Vondrousova,Jasmine Paolini,2,0,True,2,False,1.91,,1.91,,,,,,,,,,
2025-08-30,tennis,"US Open, New York, USA",WTA,Jessica Pegula,Victoria Azarenka,2,0,True,2,False,1.22,,4.33,,,,,,,,,,
2025-08-30,tennis,"US Open, New York, USA",WTA,Elise Mertens,Cristina Bucsa,1,2,False,3,True,1.14,,5.5,,,,,,,,,,
2025-08-30,tennis,"US Open, New York, USA",WTA,Priscilla Hon,Ann Li,0,2,False,2,False,3.4,,1.33,,,,,,,,,,
2025-08-30,tennis,"US Open, New York, USA",WTA,Emma Navarro,Barbora Krejčiková,1,2,False,3,True,1.91,,1.91,,,,,,,,,,
2025-08-30,tennis,"US Open, New York, USA",WTA,Aryna Sabalenka,Leylah Fernandez,2,0,True,2,False,1.14,,5.5,,,,,,,,,,
2025-08-30,tennis,"US Open, New York, USA",WTA,Taylor Townsend,Mirra Andreeva,2,0,True,2,False,5.0,,1.17,,,,,,,,,,
2025-08-30,tennis,"US Open, New York, USA",ATP,Benjamin Bonzi,Arthur Rinderknech,1,3,False,4,True,1.8,,2.0,,,,,,,,,,
2025-08-30,tennis,"US Open, New York, USA",ATP,Jiri Lehečka,Raphael Collignon,3,0,True,3,False,1.13,,6.0,,,,,,,,,,
2025-08-30,tennis,"US Open, New York, USA",ATP,Luciano Darderi,Carlos Alcaraz,0,3,False,3,False,26.0,,1.01,,,,,,,,,,
2025-08-30,tennis,"US Open, New York, USA",ATP,Frances Tiafoe,Jan-Lennard Struff,0,3,False,3,False,1.36,,3.2,,,,,,,,,,
2025-08-30,tennis,"US Open, New York, USA",ATP,Novak Djokovic,Cameron Norrie,3,1,True,4,True,1.08,,8.0,,,,,,,,,,
2025-08-30,tennis,"US Open, New York, USA",ATP,Ugo Blanchet,Tomaš Machač,0,3,False,3,False,5.5,,1.14,,,,,,,,,,
2025-08-30,tennis,"US Open, New York, USA",ATP,Jerome Kym,Taylor Fritz,1,3,False,4,True,10.0,,1.06,,,,,,,,,,
2025-08-30,tennis,"US Open, New York, USA",WTA,Elena Rybakina,Emma Raducanu,2,0,True,2,False,1.53,,2.5,,,,,,,,,,
2025-08-30,tennis,"US Open, New York, USA",WTA,Marketa Vondrousova,Jasmine Paolini,2,0,True,2,False,1.91,,1.91,,,,,,,,,,
2025-08-30,tennis,"US Open, New York, USA",WTA,Jessica Pegula,Victoria Azarenka,2,0,True,2,False,1.22,,4.33,,,,,,,,,,
2025-08-30,tennis,"US Open, New York, USA",WTA,Elise Mertens,Cristina Bucsa,1,2,False,3,True,1.14,,5.5,,,,,,,,,,
2025-08-30,tennis,"US Open, New York, USA",WTA,Priscilla Hon,Ann Li,0,2,False,2,False,3.4,,1.33,,,,,,,,,,
2025-08-30,tennis,"US Open, New York, USA",WTA,Emma Navarro,Barbora Krejčiková,1,2,False,3,True,1.91,,1.91,,,,,,,,,,
2025-08-30,tennis,"US Open, New York, USA",WTA,Aryna Sabalenka,Leylah Fernandez,2,0,True,2,False,1.14,,5.5,,,,,,,,,,
2025-08-30,tennis,"US Open, New York, USA",WTA,Taylor Townsend,Mirra Andreeva,2,0,True,2,False,5.0,,1.17,,,,,,,,,,
2025-08-31,tennis,"US Open, New York, USA",ATP,Jaume Munar,Zizou Bergs,3,0,True,3,False,1.44,,2.75,,,,,,,,,,
2025-08-31,tennis,"US Open, New York, USA",ATP,Jannik Sinner,Denis Shapovalov,3,1,True,4,True,1.01,,21.0,,,,,,,,,,
2025-08-31,tennis,"US Open, New York, USA",ATP,Coleman Wong,Andrey Rublev,2,3,False,5,True,8.0,,1.08,,,,,,,,,,
2025-08-31,tennis,"US Open, New York, USA",ATP,Alexander Zverev,Felix Auger-Aliassime,1,3,False,4,True,1.28,,3.75,,,,,,,,,,
2025-08-31,tennis,"US Open, New York, USA",ATP,Alexander Bublik,Tommy Paul,3,2,True,5,True,1.91,,1.91,,,,,,,,,,
2025-08-31,tennis,"US Open, New York, USA",WTA,Linda Noskova,Karolina Muchova,1,2,False,3,True,1.91,,1.91,,,,,,,,,,
2025-08-31,tennis,"US Open, New York, USA",WTA,Magdalena Frech,Coco Gauff,0,2,False,2,False,8.0,,1.08,,,,,,,,,,
2025-08-31,tennis,"US Open, New York, USA",WTA,Diane Parry,Marta Kostyuk,1,2,False,3,True,3.75,,1.28,,,,,,,,,,
2025-08-31,tennis,"US Open, New York, USA",WTA,Daria Kasatkina,Naomi Osaka,1,2,False,3,True,3.75,,1.28,,,,,,,,,,
2025-08-31,tennis,"US Open, New York, USA",WTA,Ekaterina Alexandrova,Laura Siegemund,2,0,True,2,False,1.25,,4.0,,,,,,,,,,
2025-08-31,tennis,"US Open, New York, USA",WTA,Amanda Anisimova,Jaqueline Cristian,2,1,True,3,True,1.22,,4.33,,,,,,,,,,
2025-08-31,tennis,"US Open, New York, USA",WTA,Anna Kalinskaya,Iga Swiatek,0,2,False,2,False,5.0,,1.17,,,,,,,,,,
2025-08-31,tennis,"US Open, New York, USA",WTA,Beatriz Haddad Maia,Maria Sakkari,2,0,True,2,False,2.38,,1.57,,,,,,,,,,
2025-08-31,tennis,"US Open, New York, USA",ATP,Jaume Munar,Zizou Bergs,3,0,True,3,False,1.44,,2.75,,,,,,,,,,
2025-08-31,tennis,"US Open, New York, USA",ATP,Jannik Sinner,Denis Shapovalov,3,1,True,4,True,1.01,,21.0,,,,,,,,,,
2025-08-31,tennis,"US Open, New York, USA",ATP,Coleman Wong,Andrey Rublev,2,3,False,5,True,8.0,,1.08,,,,,,,,,,
2025-08-31,tennis,"US Open, New York, USA",ATP,Alexander Zverev,Felix Auger-Aliassime,1,3,False,4,True,1.28,,3.75,,,,,,,,,,
2025-08-31,tennis,"US Open, New York, USA",ATP,Alexander Bublik,Tommy Paul,3,2,True,5,True,1.91,,1.91,,,,,,,,,,
2025-08-31,tennis,"US Open, New York, USA",WTA,Linda Noskova,Karolina Muchova,1,2,False,3,True,1.91,,1.91,,,,,,,,,,
2025-08-31,tennis,"US Open, New York, USA",WTA,Magdalena Frech,Coco Gauff,0,2,False,2,False,8.0,,1.08,,,,,,,,,,
2025-08-31,tennis,"US Open, New York, USA",WTA,Diane Parry,Marta Kostyuk,1,2,False,3,True,3.75,,1.28,,,,,,,,,,
2025-08-31,tennis,"US Open, New York, USA",WTA,Daria Kasatkina,Naomi Osaka,1,2,False,3,True,3.75,,1.28,,,,,,,,,,
2025-08-31,tennis,"US Open, New York, USA",WTA,Ekaterina Alexandrova,Laura Siegemund,2,0,True,2,False,1.25,,4.0,,,,,,,,,,
2025-08-31,tennis,"US Open, New York, USA",WTA,Amanda Anisimova,Jaqueline Cristian,2,1,True,3,True,1.22,,4.33,,,,,,,,,,
2025-08-31,tennis,"US Open, New York, USA",WTA,Anna Kalinskaya,Iga Swiatek,0,2,False,2,False,5.0,,1.17,,,,,,,,,,
2025-08-31,tennis,"US Open, New York, USA",WTA,Beatriz Haddad Maia,Maria Sakkari,2,0,True,2,False,2.38,,1.57,,,,,,,,,,
2025-09-01,tennis,"US Open, New York, USA",ATP,Adrian Mannarino,Jiri Lehečka,1,3,False,4,True,3.5,,1.3,,,,,,,,,,
2025-09-01,tennis,"US Open, New York, USA",ATP,Arthur Rinderknech,Carlos Alcaraz,0,3,False,3,False,23.0,,1.01,,,,,,,,,,
2025-09-01,tennis,"US Open, New York, USA",ATP,Tomaš Machač,Taylor Fritz,0,3,False,3,False,3.2,,1.36,,,,,,,,,,
2025-09-01,tennis,"US Open, New York, USA",ATP,Novak Djokovic,Jan-Lennard Struff,3,0,True,3,False,1.11,,5.5,,,,,,,,,,
2025-09-01,tennis,"US Open, New York, USA",WTA,Jessica Pegula,Ann Li,2,0,True,2,False,1.22,,4.33,,,,,,,,,,
2025-09-01,tennis,"US Open, New York, USA",WTA,Barbora Krejčiková,Taylor Townsend,2,1,True,3,True,1.73,,2.1,,,,,,,,,,
2025-09-01,tennis,"US Open, New York, USA",WTA,Aryna Sabalenka,Cristina Bucsa,2,0,True,2,False,1.03,,15.0,,,,,,,,,,
2025-09-01,tennis,"US Open, New York, USA",WTA,Elena Rybakina,Marketa Vondrousova,1,2,False,3,True,1.36,,3.2,,,,,,,,,,
2025-09-01,tennis,"US Open, New York, USA",ATP,Adrian Mannarino,Jiri Lehečka,1,3,False,4,True,3.5,,1.3,,,,,,,,,,
2025-09-01,tennis,"US Open, New York, USA",ATP,Arthur Rinderknech,Carlos Alcaraz,0,3,False,3,False,23.0,,1.01,,,,,,,,,,
2025-09-01,tennis,"US Open, New York, USA",ATP,Tomaš Machač,Taylor Fritz,0,3,False,3,False,3.2,,1.36,,,,,,,,,,
2025-09-01,tennis,"US Open, New York, USA",ATP,Novak Djokovic,Jan-Lennard Struff,3,0,True,3,False,1.11,,5.5,,,,,,,,,,
2025-09-01,tennis,"US Open, New York, USA",WTA,Jessica Pegula,Ann Li,2,0,True,2,False,1.22,,4.33,,,,,,,,,,
2025-09-01,tennis,"US Open, New York, USA",WTA,Barbora Krejčiková,Taylor Townsend,2,1,True,3,True,1.73,,2.1,,,,,,,,,,
2025-09-01,tennis,"US Open, New York, USA",WTA,Aryna Sabalenka,Cristina Bucsa,2,0,True,2,False,1.03,,15.0,,,,,,,,,,
2025-09-01,tennis,"US Open, New York, USA",WTA,Elena Rybakina,Marketa Vondrousova,1,2,False,3,True,1.36,,3.2,,,,,,,,,,
2025-09-02,tennis,"US Open, New York, USA",ATP,Leandro Riedi,Alex de Minaur,0,3,False,3,False,11.0,,1.05,,,,,,,,,,
2025-09-02,tennis,"US Open, New York, USA",ATP,Felix Auger-Aliassime,Andrey Rublev,3,0,True,3,False,2.0,,1.8,,,,,,,,,,
2025-09-02,tennis,"US Open, New York, USA",ATP,Lorenzo Musetti,Jaume Munar,3,0,True,3,False,1.44,,2.75,,,,,,,,,,
2025-09-02,tennis,"US Open, New York, USA",ATP,Jannik Sinner,Alexander Bublik,3,0,True,3,False,1.08,,8.0,,,,,,,,,,
2025-09-02,tennis,"US Open, New York, USA",WTA,Ekaterina Alexandrova,Iga Swiatek,0,2,False,2,False,4.0,,1.25,,,,,,,,,,
2025-09-02,tennis,"US Open, New York, USA",WTA,Marta Kostyuk,Karolina Muchova,1,2,False,3,True,2.2,,1.67,,,,,,,,,,
2025-09-02,tennis,"US Open, New York, USA",WTA,Naomi Osaka,Coco Gauff,2,0,True,2,False,2.1,,1.73,,,,,,,,,,
2025-09-02,tennis,"US Open, New York, USA",WTA,Amanda Anisimova,Beatriz Haddad Maia,2,0,True,2,False,1.25,,4.0,,,,,,,,,,
2025-09-02,tennis,"Shanghai, China",Challenger,James McCabe,Fajing Sun,0,2,False,2,False,1.44,,2.63,,,,,,,,,,
2025-09-02,tennis,"Shanghai, China",Challenger,Jie Cui,Yu Hsiou Hsu,0,2,False,2,False,3.25,,1.33,,,,,,,,,,
2025-09-02,tennis,"Shanghai, China",Challenger,Kasidit Samrej,Tung-Lin Wu,2,1,True,3,True,3.0,,1.36,,,,,,,,,,
2025-09-02,tennis,"Shanghai, China",Challenger,Kokoro Isomura,Renta Tokuda,0,2,False,2,False,2.75,,1.4,,,,,,,,,,
2025-09-02,tennis,ITF M15 Madrid Men,ITF Men,Daniel Lara Salmeron,Carles Córdoba,0,2,False,2,False,4.33,,1.2,,,,,,,,,,
2025-09-02,tennis,ITF M15 Madrid Men,ITF Men,Diego Fernandez Flores,N. Benito Fernandez,2,0,True,2,False,1.02,,10.5,,,,,,,,,,
2025-09-02,tennis,ITF M15 Madrid Men,ITF Men,Izan Almazan Valiente,Luis Garcia Paez,2,0,True,2,False,1.2,,4.33,,,,,,,,,,
2025-09-02,tennis,ITF M15 Madrid Men,ITF Men,Pedro Rodenas,Michiel De Krom,2,0,True,2,False,2.25,,1.57,,,,,,,,,,
2025-09-02,tennis,"US Open, New York, USA",ATP,Leandro Riedi,Alex de Minaur,0,3,False,3,False,11.0,,1.05,,,,,,,,,,
2025-09-02,tennis,"US Open, New York, USA",ATP,Felix Auger-Aliassime,Andrey Rublev,3,0,True,3,False,2.0,,1.8,,,,,,,,,,
2025-09-02,tennis,"US Open, New York, USA",ATP,Lorenzo Musetti,Jaume Munar,3,0,True,3,False,1.44,,2.75,,,,,,,,,,
2025-09-02,tennis,"US Open, New York, USA",ATP,Jannik Sinner,Alexander Bublik,3,0,True,3,False,1.08,,8.0,,,,,,,,,,
2025-09-02,tennis,"US Open, New York, USA",WTA,Ekaterina Alexandrova,Iga Swiatek,0,2,False,2,False,4.0,,1.25,,,,,,,,,,
2025-09-02,tennis,"US Open, New York, USA",WTA,Marta Kostyuk,Karolina Muchova,1,2,False,3,True,2.2,,1.67,,,,,,,,,,
2025-09-02,tennis,"US Open, New York, USA",WTA,Naomi Osaka,Coco Gauff,2,0,True,2,False,2.1,,1.73,,,,,,,,,,
2025-09-02,tennis,"US Open, New York, USA",WTA,Amanda Anisimova,Beatriz Haddad Maia,2,0,True,2,False,1.25,,4.0,,,,,,,,,,
2025-09-02,tennis,"Shanghai, China",Challenger,James McCabe,Fajing Sun,0,2,False,2,False,1.44,,2.63,,,,,,,,,,
2025-09-02,tennis,"Shanghai, China",Challenger,Jie Cui,Yu Hsiou Hsu,0,2,False,2,False,3.25,,1.33,,,,,,,,,,
2025-09-02,tennis,"Shanghai, China",Challenger,Kasidit Samrej,Tung-Lin Wu,2,1,True,3,True,3.0,,1.36,,,,,,,,,,
2025-09-02,tennis,"Shanghai, China",Challenger,Kokoro Isomura,Renta Tokuda,0,2,False,2,False,2.75,,1.4,,,,,,,,,,
2025-09-02,tennis,ITF M15 Madrid Men,ITF Men,Daniel Lara Salmeron,Carles Córdoba,0,2,False,2,False,4.33,,1.2,,,,,,,,,,
2025-09-02,tennis,ITF M15 Madrid Men,ITF Men,Diego Fernandez Flores,N. Benito Fernandez,2,0,True,2,False,1.02,,10.5,,,,,,,,,,
2025-09-02,tennis,ITF M15 Madrid Men,ITF Men,Izan Almazan Valiente,Luis Garcia Paez,2,0,True,2,False,1.2,,4.33,,,,,,,,,,
2025-09-02,tennis,ITF M15 Madrid Men,ITF Men,Pedro Rodenas,Michiel De Krom,2,0,True,2,False,2.25,,1.57,,,,,,,,,,
2025-09-03,tennis,"Shanghai, China",Challenger,Giulio Zeppieri,Gauthier Onclin,2,0,True,2,False,1.53,,2.38,,,,,,,,,,
2025-09-03,tennis,"Shanghai, China",Challenger,Yan Bai,Tsung-Hao Huang,0,2,False,2,False,1.57,,2.25,,,,,,,,,,
2025-09-03,tennis,"US Open, New York, USA",ATP,Jiri Lehečka,Carlos Alcaraz,0,3,False,3,False,11.0,,1.05,,,,,,,,,,
2025-09-03,tennis,"US Open, New York, USA",ATP,Novak Djokovic,Taylor Fritz,3,1,True,4,True,1.44,,2.75,,,,,,,,,,
2025-09-03,tennis,"US Open, New York, USA",WTA,Jessica Pegula,Barbora Krejčiková,2,0,True,2,False,1.36,,3.2,,,,,,,,,,
2025-09-03,tennis,"Shanghai, China",Challenger,Giulio Zeppieri,Gauthier Onclin,2,0,True,2,False,1.53,,2.38,,,,,,,,,,
2025-09-03,tennis,"Shanghai, China",Challenger,Yan Bai,Tsung-Hao Huang,0,2,False,2,False,1.57,,2.25,,,,,,,,,,
2025-09-03,tennis,"Shanghai, China",Challenger,Beibit Zhukayev,Ilia Simakin,1,2,False,3,True,1.91,,1.8,,,,,,,,,,
2025-09-03,tennis,"Shanghai, China",Challenger,Yasutaka Uchiyama,Arthur Gea,2,0,True,2,False,2.2,,1.62,,,,,,,,,,
2025-09-03,tennis,"Shanghai, China",Challenger,Oliver Crawford,Marat Sharipov,2,0,True,2,False,1.57,,2.25,,,,,,,,,,
2025-09-03,tennis,"Shanghai, China",Challenger,Rio Noguchi,Yosuke Watanuki,2,0,True,2,False,3.25,,1.33,,,,,,,,,,
2025-09-03,tennis,"Shanghai, China",Challenger,Daniel Evans,Linang Xiao,2,0,True,2,False,1.13,,6.0,,,,,,,,,,
2025-09-03,tennis,ITF M15 Madrid Men,ITF Men,Francisco Rocha,Asier Meneses Perny,2,0,True,2,False,1.01,,13.0,,,,,,,,,,
2025-09-03,tennis,ITF M15 Madrid Men,ITF Men,Lucca Helguera Casado,Mikel Martinez,2,1,True,3,True,1.33,,3.25,,,,,,,,,,
2025-09-03,tennis,ITF M15 Madrid Men,ITF Men,Pavlos Tsitsipas,Jose Dominguez Alonso,2,0,True,2,False,1.36,,3.0,,,,,,,,,,
2025-09-03,tennis,ITF M15 Madrid Men,ITF Men,Ryan Nijboer,Enrique Carrascosa Diaz,0,2,False,2,False,1.03,,10.0,,,,,,,,,,
2025-09-03,tennis,ITF M15 Madrid Men,ITF Men,Joshua Peck,Noah López Cherubino,0,2,False,2,False,3.0,,1.36,,,,,,,,,,
2025-09-03,tennis,ITF M15 Madrid Men,ITF Men,Miles Clark,Julio Cesar Porras,0,2,False,2,False,8.5,,1.05,,,,,,,,,,
2025-09-03,tennis,ITF M15 Madrid Men,ITF Men,Sergio Planella Hernandez,Tomas Curras Abasolo,1,2,False,3,True,2.25,,1.57,,,,,,,,,,
2025-09-03,tennis,"US Open, New York, USA",ATP,Jiri Lehečka,Carlos Alcaraz,0,3,False,3,False,11.0,,1.05,,,,,,,,,,
2025-09-03,tennis,"US Open, New York, USA",ATP,Novak Djokovic,Taylor Fritz,3,1,True,4,True,1.44,,2.75,,,,,,,,,,
2025-09-03,tennis,"US Open, New York, USA",WTA,Jessica Pegula,Barbora Krejčiková,2,0,True,2,False,1.36,,3.2,,,,,,,,,,
2025-09-03,tennis,"Shanghai, China",Challenger,Giulio Zeppieri,Gauthier Onclin,2,0,True,2,False,1.53,,2.38,,,,,,,,,,
2025-09-03,tennis,"Shanghai, China",Challenger,Yan Bai,Tsung-Hao Huang,0,2,False,2,False,1.57,,2.25,,,,,,,,,,
2025-09-03,tennis,"Shanghai, China",Challenger,Beibit Zhukayev,Ilia Simakin,1,2,False,3,True,1.91,,1.8,,,,,,,,,,
2025-09-03,tennis,"Shanghai, China",Challenger,Yasutaka Uchiyama,Arthur Gea,2,0,True,2,False,2.2,,1.62,,,,,,,,,,
2025-09-03,tennis,"Shanghai, China",Challenger,Oliver Crawford,Marat Sharipov,2,0,True,2,False,1.57,,2.25,,,,,,,,,,
2025-09-03,tennis,"Shanghai, China",Challenger,Rio Noguchi,Yosuke Watanuki,2,0,True,2,False,3.25,,1.33,,,,,,,,,,
2025-09-03,tennis,"Shanghai, China",Challenger,Daniel Evans,Linang Xiao,2,0,True,2,False,1.13,,6.0,,,,,,,,,,
2025-09-03,tennis,ITF M15 Madrid Men,ITF Men,Francisco Rocha,Asier Meneses Perny,2,0,True,2,False,1.01,,13.0,,,,,,,,,,
2025-09-03,tennis,ITF M15 Madrid Men,ITF Men,Lucca Helguera Casado,Mikel Martinez,2,1,True,3,True,1.33,,3.25,,,,,,,,,,
2025-09-03,tennis,ITF M15 Madrid Men,ITF Men,Pavlos Tsitsipas,Jose Dominguez Alonso,2,0,True,2,False,1.36,,3.0,,,,,,,,,,
2025-09-03,tennis,ITF M15 Madrid Men,ITF Men,Ryan Nijboer,Enrique Carrascosa Diaz,0,2,False,2,False,1.03,,10.0,,,,,,,,,,
2025-09-03,tennis,ITF M15 Madrid Men,ITF Men,Joshua Peck,Noah López Cherubino,0,2,False,2,False,3.0,,1.36,,,,,,,,,,
2025-09-03,tennis,ITF M15 Madrid Men,ITF Men,Miles Clark,Julio Cesar Porras,0,2,False,2,False,8.5,,1.05,,,,,,,,,,
2025-09-03,tennis,ITF M15 Madrid Men,ITF Men,Sergio Planella Hernandez,Tomas Curras Abasolo,1,2,False,3,True,2.25,,1.57,,,,,,,,,,
2025-09-04,tennis,ITF M15 Madrid Men,ITF Men,Alvaro Peiro Serrano,Nicolas Goldberg Alviani,1,2,False,3,True,1.2,,4.33,,,,,,,,,,
2025-09-04,tennis,ITF M15 Madrid Men,ITF Men,Anas Mazdrashki,Carlos Giraldi,2,0,True,2,False,1.1,,6.5,,,,,,,,,,
2025-09-04,tennis,ITF M15 Madrid Men,ITF Men,Sergi Fita Juan,Brandon Perez,2,0,True,2,False,1.36,,3.0,,,,,,,,,,
2025-09-04,tennis,"US Open, New York, USA",ATP,Felix Auger-Aliassime,Alex de Minaur,3,1,True,4,True,2.2,,1.67,,,,,,,,,,
2025-09-04,tennis,"US Open, New York, USA",ATP,Jannik Sinner,Lorenzo Musetti,3,0,True,3,False,1.03,,15.0,,,,,,,,,,
2025-09-04,tennis,"US Open, New York, USA",WTA,Amanda Anisimova,Iga Swiatek,2,0,True,2,False,4.33,,1.22,,,,,,,,,,
2025-09-04,tennis,"US Open, New York, USA",WTA,Karolina Muchova,Naomi Osaka,0,2,False,2,False,3.5,,1.3,,,,,,,,,,
2025-09-04,tennis,"Shanghai, China",Challenger,Giulio Zeppieri,Petr Bar Biryukov,2,0,True,2,False,1.22,,4.0,,,,,,,,,,
2025-09-04,tennis,"Shanghai, China",Challenger,Kasidit Samrej,Yu Hsiou Hsu,0,2,False,2,False,4.0,,1.22,,,,,,,,,,
2025-09-04,tennis,"Shanghai, China",Challenger,Tsung-Hao Huang,Bernard Tomic,0,2,False,2,False,3.75,,1.25,,,,,,,,,,
2025-09-04,tennis,"Shanghai, China",Challenger,Yi Zhou,Renta Tokuda,2,0,True,2,False,1.67,,2.1,,,,,,,,,,
2025-09-04,tennis,"Shanghai, China",Challenger,Ilia Simakin,Yasutaka Uchiyama,0,2,False,2,False,1.67,,2.1,,,,,,,,,,
2025-09-04,tennis,"Shanghai, China",Challenger,Fajing Sun,Omar Jasika,1,2,False,3,True,1.57,,2.25,,,,,,,,,,
2025-09-04,tennis,"Shanghai, China",Challenger,Oliver Crawford,Rio Noguchi,1,2,False,3,True,1.5,,2.5,,,,,,,,,,
2025-09-04,tennis,ITF M15 Madrid Men,ITF Men,Alvaro Peiro Serrano,Nicolas Goldberg Alviani,1,2,False,3,True,1.2,,4.33,,,,,,,,,,
2025-09-04,tennis,ITF M15 Madrid Men,ITF Men,Anas Mazdrashki,Carlos Giraldi,2,0,True,2,False,1.1,,6.5,,,,,,,,,,
2025-09-04,tennis,ITF M15 Madrid Men,ITF Men,Sergi Fita Juan,Brandon Perez,2,0,True,2,False,1.36,,3.0,,,,,,,,,,
2025-09-04,tennis,ITF M15 Madrid Men,ITF Men,Carles Córdoba,Pedro Rodenas,0,2,False,2,False,6.5,,1.1,,,,,,,,,,
2025-09-04,tennis,ITF M15 Madrid Men,ITF Men,Noah López Cherubino,Julio Cesar Porras,1,2,False,3,True,3.5,,1.29,,,,,,,,,,
2025-09-04,tennis,"US Open, New York, USA",ATP,Felix Auger-Aliassime,Alex de Minaur,3,1,True,4,True,2.2,,1.67,,,,,,,,,,
2025-09-04,tennis,"US Open, New York, USA",ATP,Jannik Sinner,Lorenzo Musetti,3,0,True,3,False,1.03,,15.0,,,,,,,,,,
2025-09-04,tennis,"US Open, New York, USA",WTA,Amanda Anisimova,Iga Swiatek,2,0,True,2,False,4.33,,1.22,,,,,,,,,,
2025-09-04,tennis,"US Open, New York, USA",WTA,Karolina Muchova,Naomi Osaka,0,2,False,2,False,3.5,,1.3,,,,,,,,,,
2025-09-04,tennis,"Shanghai, China",Challenger,Giulio Zeppieri,Petr Bar Biryukov,2,0,True,2,False,1.22,,4.0,,,,,,,,,,
2025-09-04,tennis,"Shanghai, China",Challenger,Kasidit Samrej,Yu Hsiou Hsu,0,2,False,2,False,4.0,,1.22,,,,,,,,,,
2025-09-04,tennis,"Shanghai, China",Challenger,Tsung-Hao Huang,Bernard Tomic,0,2,False,2,False,3.75,,1.25,,,,,,,,,,
2025-09-04,tennis,"Shanghai, China",Challenger,Yi Zhou,Renta Tokuda,2,0,True,2,False,1.67,,2.1,,,,,,,,,,
2025-09-04,tennis,"Shanghai, China",Challenger,Ilia Simakin,Yasutaka Uchiyama,0,2,False,2,False,1.67,,2.1,,,,,,,,,,
2025-09-04,tennis,"Shanghai, China",Challenger,Fajing Sun,Omar Jasika,1,2,False,3,True,1.57,,2.25,,,,,,,,,,
2025-09-04,tennis,"Shanghai, China",Challenger,Oliver Crawford,Rio Noguchi,1,2,False,3,True,1.5,,2.5,,,,,,,,,,
2025-09-04,tennis,ITF M15 Madrid Men,ITF Men,Alvaro Peiro Serrano,Nicolas Goldberg Alviani,1,2,False,3,True,1.2,,4.33,,,,,,,,,,
2025-09-04,tennis,ITF M15 Madrid Men,ITF Men,Anas Mazdrashki,Carlos Giraldi,2,0,True,2,False,1.1,,6.5,,,,,,,,,,
2025-09-04,tennis,ITF M15 Madrid Men,ITF Men,Sergi Fita Juan,Brandon Perez,2,0,True,2,False,1.36,,3.0,,,,,,,,,,
2025-09-04,tennis,ITF M15 Madrid Men,ITF Men,Carles Córdoba,Pedro Rodenas,0,2,False,2,False,6.5,,1.1,,,,,,,,,,
2025-09-04,tennis,ITF M15 Madrid Men,ITF Men,Noah López Cherubino,Julio Cesar Porras,1,2,False,3,True,3.5,,1.29,,,,,,,,,,
2025-09-05,tennis,ITF M15 Madrid Men,ITF Men,Francisco Rocha,Anas Mazdrashki,1,2,False,3,True,1.83,,1.83,,,,,,,,,,
2025-09-05,tennis,ITF M15 Madrid Men,ITF Men,Pavlos Tsitsipas,Lucca Helguera Casado,2,0,True,2,False,2.1,,1.67,,,,,,,,,,
2025-09-05,tennis,ITF M15 Madrid Men,ITF Men,Sergi Fita Juan,Tomas Curras Abasolo,0,2,False,2,False,2.5,,1.5,,,,,,,,,,
2025-09-05,tennis,"US Open, New York, USA",WTA,Aryna Sabalenka,Jessica Pegula,2,1,True,3,True,1.3,,3.5,,,,,,,,,,
2025-09-05,tennis,"US Open, New York, USA",WTA,Naomi Osaka,Amanda Anisimova,1,2,False,3,True,1.91,,1.91,,,,,,,,,,
2025-09-05,tennis,"Shanghai, China",Challenger,Yasutaka Uchiyama,Rio Noguchi,2,1,True,3,True,1.67,,2.1,,,,,,,,,,
2025-09-05,tennis,"Shanghai, China",Challenger,Omar Jasika,Bernard Tomic,0,2,False,2,False,3.0,,1.36,,,,,,,,,,
2025-09-05,tennis,ITF M15 Madrid Men,ITF Men,Francisco Rocha,Anas Mazdrashki,1,2,False,3,True,1.83,,1.83,,,,,,,,,,
2025-09-05,tennis,ITF M15 Madrid Men,ITF Men,Pavlos Tsitsipas,Lucca Helguera Casado,2,0,True,2,False,2.1,,1.67,,,,,,,,,,
2025-09-05,tennis,ITF M15 Madrid Men,ITF Men,Sergi Fita Juan,Tomas Curras Abasolo,0,2,False,2,False,2.5,,1.5,,,,,,,,,,
2025-09-05,tennis,"US Open, New York, USA",WTA,Aryna Sabalenka,Jessica Pegula,2,1,True,3,True,1.3,,3.5,,,,,,,,,,
2025-09-05,tennis,"US Open, New York, USA",WTA,Naomi Osaka,Amanda Anisimova,1,2,False,3,True,1.91,,1.91,,,,,,,,,,
2025-09-05,tennis,"Shanghai, China",Challenger,Yasutaka Uchiyama,Rio Noguchi,2,1,True,3,True,1.67,,2.1,,,,,,,,,,
2025-09-05,tennis,"Shanghai, China",Challenger,Omar Jasika,Bernard Tomic,0,2,False,2,False,3.0,,1.36,,,,,,,,,,
2025-09-05,tennis,ITF M15 Madrid Men,ITF Men,Francisco Rocha,Anas Mazdrashki,1,2,False,3,True,1.83,,1.83,,,,,,,,,,
2025-09-05,tennis,ITF M15 Madrid Men,ITF Men,Pavlos Tsitsipas,Lucca Helguera Casado,2,0,True,2,False,2.1,,1.67,,,,,,,,,,
2025-09-05,tennis,ITF M15 Madrid Men,ITF Men,Sergi Fita Juan,Tomas Curras Abasolo,0,2,False,2,False,2.5,,1.5,,,,,,,,,,
2025-09-06,tennis,"Shanghai, China",Challenger,Filip Peliwo,Giulio Zeppieri,0,2,False,2,False,7.0,,1.1,,,,,,,,,,
2025-09-06,tennis,"Shanghai, China",Challenger,Yi Zhou,Yu Hsiou Hsu,1,2,False,3,True,2.25,,1.57,,,,,,,,,,
2025-09-06,tennis,"US Open, New York, USA",ATP,Novak Djokovic,Carlos Alcaraz,0,3,False,3,False,4.0,,1.25,,,,,,,,,,
2025-09-06,tennis,"US Open, New York, USA",ATP,Jannik Sinner,Felix Auger-Aliassime,3,1,True,4,True,1.02,,17.0,,,,,,,,,,
2025-09-06,tennis,"Shanghai, China",Challenger,Filip Peliwo,Giulio Zeppieri,0,2,False,2,False,7.0,,1.1,,,,,,,,,,
2025-09-06,tennis,"Shanghai, China",Challenger,Yi Zhou,Yu Hsiou Hsu,1,2,False,3,True,2.25,,1.57,,,,,,,,,,
2025-09-06,tennis,"Shanghai, China",Challenger,Bernard Tomic,Yasutaka Uchiyama,0,2,False,2,False,1.83,,1.83,,,,,,,,,,
2025-09-06,tennis,"US Open, New York, USA",ATP,Novak Djokovic,Carlos Alcaraz,0,3,False,3,False,4.0,,1.25,,,,,,,,,,
2025-09-06,tennis,"US Open, New York, USA",ATP,Jannik Sinner,Felix Auger-Aliassime,3,1,True,4,True,1.02,,17.0,,,,,,,,,,
2025-09-06,tennis,"Shanghai, China",Challenger,Filip Peliwo,Giulio Zeppieri,0,2,False,2,False,7.0,,1.1,,,,,,,,,,
2025-09-06,tennis,"Shanghai, China",Challenger,Yi Zhou,Yu Hsiou Hsu,1,2,False,3,True,2.25,,1.57,,,,,,,,,,
2025-09-06,tennis,"Shanghai, China",Challenger,Bernard Tomic,Yasutaka Uchiyama,0,2,False,2,False,1.83,,1.83,,,,,,,,,,
2025-09-07,tennis,"Shanghai, China",Challenger,Giulio Zeppieri,Yu Hsiou Hsu,2,0,True,2,False,1.53,,2.38,,,,,,,,,,
2025-09-07,tennis,"US Open, New York, USA",WTA,Aryna Sabalenka,Amanda Anisimova,2,0,True,2,False,1.48,,2.75,,,,,,,,,,
2025-09-07,tennis,"Shanghai, China",Challenger,Giulio Zeppieri,Yu Hsiou Hsu,2,0,True,2,False,1.53,,2.38,,,,,,,,,,
2025-09-07,tennis,"Shanghai, China",Challenger,Giulio Zeppieri,Yasutaka Uchiyama,2,0,True,2,False,1.4,,2.75,,,,,,,,,,
2025-09-07,tennis,"US Open, New York, USA",WTA,Aryna Sabalenka,Amanda Anisimova,2,0,True,2,False,1.48,,2.75,,,,,,,,,,
2025-09-07,tennis,"Shanghai, China",Challenger,Giulio Zeppieri,Yu Hsiou Hsu,2,0,True,2,False,1.53,,2.38,,,,,,,,,,
2025-09-07,tennis,"Shanghai, China",Challenger,Giulio Zeppieri,Yasutaka Uchiyama,2,0,True,2,False,1.4,,2.75,,,,,,,,,,
2025-09-08,tennis,"US Open, New York, USA",ATP,Jannik Sinner,Carlos Alcaraz,1,3,False,4,True,1.75,,2.15,,,,,,,,,,
2025-09-08,tennis,"US Open, New York, USA",ATP,Jannik Sinner,Carlos Alcaraz,1,3,False,4,True,1.75,,2.15,,,,,,,,,,
2025-09-09,tennis,ITF M15 Madrid 2 Men,ITF Men,Gian Luca Tanner,Noah López Cherubino,2,1,True,3,True,1.83,,1.83,,,,,,,,,,
2025-09-09,tennis,ITF M15 Madrid 2 Men,ITF Men,Joao Victor Couto Loureiro,Ricardo Rodríguez-Pace,2,0,True,2,False,1.57,,2.25,,,,,,,,,,
2025-09-09,tennis,ITF M15 Madrid 2 Men,ITF Men,Matisse Bobichon,Alejandro Turriziani Alvarez,2,0,True,2,False,1.67,,2.1,,,,,,,,,,
2025-09-09,tennis,ITF M15 Madrid 2 Men,ITF Men,Pedro Rodenas,Mario Gonzalez Fernandez,0,2,False,2,False,1.5,,2.5,,,,,,,,,,
2025-09-09,tennis,ITF M15 Madrid 2 Men,ITF Men,Gian Luca Tanner,Noah López Cherubino,2,1,True,3,True,1.83,,1.83,,,,,,,,,,
2025-09-09,tennis,ITF M15 Madrid 2 Men,ITF Men,Joao Victor Couto Loureiro,Ricardo Rodríguez-Pace,2,0,True,2,False,1.57,,2.25,,,,,,,,,,
2025-09-09,tennis,ITF M15 Madrid 2 Men,ITF Men,Matisse Bobichon,Alejandro Turriziani Alvarez,2,0,True,2,False,1.67,,2.1,,,,,,,,,,
2025-09-09,tennis,ITF M15 Madrid 2 Men,ITF Men,Pedro Rodenas,Mario Gonzalez Fernandez,0,2,False,2,False,1.5,,2.5,,,,,,,,,,
2025-09-10,tennis,ITF W15 Madrid 2 Women,ITF Women,Aliesia Reva,Judith Perello Saavedra,1,2,False,3,True,3.75,,1.25,,,,,,,,,,
2025-09-10,tennis,ITF W15 Madrid 2 Women,ITF Women,Amanda Montes Khaghani,Valentina Losciale,0,2,False,2,False,3.5,,1.29,,,,,,,,,,
2025-09-10,tennis,ITF W15 Madrid 2 Women,ITF Women,Carmen López Martínez,Min Liu,2,0,True,2,False,1.25,,3.75,,,,,,,,,,
2025-09-10,tennis,ITF W15 Madrid 2 Women,ITF Women,Isabel Skoog,Jialin Tian,0,2,False,2,False,4.33,,1.2,,,,,,,,,,
2025-09-10,tennis,ITF M15 Madrid 2 Men,ITF Men,Daniel De Jonge,Nicolas Goldberg Alviani,2,0,True,2,False,1.03,,10.0,,,,,,,,,,
2025-09-10,tennis,ITF M15 Madrid 2 Men,ITF Men,Guillaume Dalmasso,Luis Garcia Paez,2,0,True,2,False,1.3,,3.4,,,,,,,,,,
2025-09-10,tennis,ITF M15 Madrid 2 Men,ITF Men,Joshua Peck,Samuel de Felipe Garcia,2,1,True,3,True,1.62,,2.2,,,,,,,,,,
2025-09-10,tennis,ITF M15 Madrid 2 Men,ITF Men,Karol Malirz,Michiel De Krom,0,2,False,2,False,7.0,,1.08,,,,,,,,,,
2025-09-10,tennis,ITF M15 Madrid 2 Men,ITF Men,Leyton Rivera,Brandon Perez,2,0,True,2,False,1.53,,2.38,,,,,,,,,,
2025-09-10,tennis,ITF M15 Madrid 2 Men,ITF Men,Andreja Petrovic,Robert Watzka,2,0,True,2,False,1.11,,6.0,,,,,,,,,,
2025-09-10,tennis,ITF M15 Madrid 2 Men,ITF Men,Giles Hussey,Raffael Gasanov,2,0,True,2,False,1.01,,13.0,,,,,,,,,,
2025-09-10,tennis,ITF M15 Madrid 2 Men,ITF Men,Lucca Helguera Casado,Ruben Fernandez,2,0,True,2,False,1.36,,3.0,,,,,,,,,,
2025-09-10,tennis,ITF W15 Madrid 2 Women,ITF Women,Aliesia Reva,Judith Perello Saavedra,1,2,False,3,True,3.75,,1.25,,,,,,,,,,
2025-09-10,tennis,ITF W15 Madrid 2 Women,ITF Women,Amanda Montes Khaghani,Valentina Losciale,0,2,False,2,False,3.5,,1.29,,,,,,,,,,
2025-09-10,tennis,ITF W15 Madrid 2 Women,ITF Women,Carmen López Martínez,Min Liu,2,0,True,2,False,1.25,,3.75,,,,,,,,,,
2025-09-10,tennis,ITF W15 Madrid 2 Women,ITF Women,Isabel Skoog,Jialin Tian,0,2,False,2,False,4.33,,1.2,,,,,,,,,,
2025-09-10,tennis,ITF W15 Madrid 2 Women,ITF Women,Ann Akasha Ceuca,Aleksandra Pozarenko,2,0,True,2,False,2.62,,1.44,,,,,,,,,,
2025-09-10,tennis,ITF W15 Madrid 2 Women,ITF Women,Ariadna Garcia-Patron Canals,Nicole Gadient,0,2,False,2,False,2.5,,1.5,,,,,,,,,,
2025-09-10,tennis,ITF W15 Madrid 2 Women,ITF Women,Shiyu Ye,Vanja Gudelj,2,0,True,2,False,1.1,,6.5,,,,,,,,,,
2025-09-10,tennis,ITF W15 Madrid 2 Women,ITF Women,Alba Rey Garcia,Didi Bredberg Canizares,2,0,True,2,False,1.25,,3.75,,,,,,,,,,
2025-09-10,tennis,ITF W15 Madrid 2 Women,ITF Women,María Oliver Sánchez,Marina Benito,2,0,True,2,False,1.25,,3.75,,,,,,,,,,
2025-09-10,tennis,ITF W15 Madrid 2 Women,ITF Women,Paula Cembranos,Madhurima Sawant,2,0,True,2,False,1.33,,3.25,,,,,,,,,,
2025-09-10,tennis,ITF W15 Madrid 2 Women,ITF Women,C. Mulet Bouza,Gabriela Maria Vancea,0,2,False,2,False,3.0,,1.36,,,,,,,,,,
2025-09-10,tennis,ITF M15 Madrid 2 Men,ITF Men,Daniel De Jonge,Nicolas Goldberg Alviani,2,0,True,2,False,1.03,,10.0,,,,,,,,,,
2025-09-10,tennis,ITF M15 Madrid 2 Men,ITF Men,Guillaume Dalmasso,Luis Garcia Paez,2,0,True,2,False,1.3,,3.4,,,,,,,,,,
2025-09-10,tennis,ITF M15 Madrid 2 Men,ITF Men,Joshua Peck,Samuel de Felipe Garcia,2,1,True,3,True,1.62,,2.2,,,,,,,,,,
2025-09-10,tennis,ITF M15 Madrid 2 Men,ITF Men,Karol Malirz,Michiel De Krom,0,2,False,2,False,7.0,,1.08,,,,,,,,,,
2025-09-10,tennis,ITF M15 Madrid 2 Men,ITF Men,Leyton Rivera,Brandon Perez,2,0,True,2,False,1.53,,2.38,,,,,,,,,,
2025-09-10,tennis,ITF M15 Madrid 2 Men,ITF Men,Andreja Petrovic,Robert Watzka,2,0,True,2,False,1.11,,6.0,,,,,,,,,,
2025-09-10,tennis,ITF M15 Madrid 2 Men,ITF Men,Giles Hussey,Raffael Gasanov,2,0,True,2,False,1.01,,13.0,,,,,,,,,,
2025-09-10,tennis,ITF M15 Madrid 2 Men,ITF Men,Lucca Helguera Casado,Ruben Fernandez,2,0,True,2,False,1.36,,3.0,,,,,,,,,,
2025-09-10,tennis,ITF W15 Madrid 2 Women,ITF Women,Aliesia Reva,Judith Perello Saavedra,1,2,False,3,True,3.75,,1.25,,,,,,,,,,
2025-09-10,tennis,ITF W15 Madrid 2 Women,ITF Women,Amanda Montes Khaghani,Valentina Losciale,0,2,False,2,False,3.5,,1.29,,,,,,,,,,
2025-09-10,tennis,ITF W15 Madrid 2 Women,ITF Women,Carmen López Martínez,Min Liu,2,0,True,2,False,1.25,,3.75,,,,,,,,,,
2025-09-10,tennis,ITF W15 Madrid 2 Women,ITF Women,Isabel Skoog,Jialin Tian,0,2,False,2,False,4.33,,1.2,,,,,,,,,,
2025-09-10,tennis,ITF W15 Madrid 2 Women,ITF Women,Ann Akasha Ceuca,Aleksandra Pozarenko,2,0,True,2,False,2.62,,1.44,,,,,,,,,,
2025-09-10,tennis,ITF W15 Madrid 2 Women,ITF Women,Ariadna Garcia-Patron Canals,Nicole Gadient,0,2,False,2,False,2.5,,1.5,,,,,,,,,,
2025-09-10,tennis,ITF W15 Madrid 2 Women,ITF Women,Shiyu Ye,Vanja Gudelj,2,0,True,2,False,1.1,,6.5,,,,,,,,,,
2025-09-10,tennis,ITF W15 Madrid 2 Women,ITF Women,Alba Rey Garcia,Didi Bredberg Canizares,2,0,True,2,False,1.25,,3.75,,,,,,,,,,
2025-09-10,tennis,ITF W15 Madrid 2 Women,ITF Women,María Oliver Sánchez,Marina Benito,2,0,True,2,False,1.25,,3.75,,,,,,,,,,
2025-09-10,tennis,ITF W15 Madrid 2 Women,ITF Women,Paula Cembranos,Madhurima Sawant,2,0,True,2,False,1.33,,3.25,,,,,,,,,,
2025-09-10,tennis,ITF W15 Madrid 2 Women,ITF Women,C. Mulet Bouza,Gabriela Maria Vancea,0,2,False,2,False,3.0,,1.36,,,,,,,,,,
2025-09-11,tennis,ITF M15 Madrid 2 Men,ITF Men,Enrique Collar,E. Blanco Fernandez De Leceta,2,0,True,2,False,3.75,,1.25,,,,,,,,,,
2025-09-11,tennis,ITF M15 Madrid 2 Men,ITF Men,Jose Dominguez Alonso,Pavel Lagutin,0,2,False,2,False,9.0,,1.04,,,,,,,,,,
2025-09-11,tennis,ITF M15 Madrid 2 Men,ITF Men,Mikel Martinez,N. Benito Fernandez,2,0,True,2,False,1.17,,4.5,,,,,,,,,,
2025-09-11,tennis,ITF M15 Madrid 2 Men,ITF Men,Pavlos Tsitsipas,Marc Ros Mesas,2,0,True,2,False,1.17,,4.5,,,,,,,,,,
2025-09-11,tennis,ITF W15 Madrid 2 Women,ITF Women,Celia Anson Sánchez,Shannon Lam,0,2,False,2,False,4.33,,1.2,,,,,,,,,,
2025-09-11,tennis,ITF W15 Madrid 2 Women,ITF Women,Neila Trklja,Carmen Gallardo Guevara,0,2,False,2,False,3.0,,1.36,,,,,,,,,,
2025-09-11,tennis,ITF W15 Madrid 2 Women,ITF Women,Stefaniya Pushkar,Lucia Llinares Domingo,2,1,True,3,True,1.53,,2.38,,,,,,,,,,
2025-09-11,tennis,ITF M15 Madrid 2 Men,ITF Men,Enrique Collar,E. Blanco Fernandez De Leceta,2,0,True,2,False,3.75,,1.25,,,,,,,,,,
2025-09-11,tennis,ITF M15 Madrid 2 Men,ITF Men,Jose Dominguez Alonso,Pavel Lagutin,0,2,False,2,False,9.0,,1.04,,,,,,,,,,
2025-09-11,tennis,ITF M15 Madrid 2 Men,ITF Men,Mikel Martinez,N. Benito Fernandez,2,0,True,2,False,1.17,,4.5,,,,,,,,,,
2025-09-11,tennis,ITF M15 Madrid 2 Men,ITF Men,Pavlos Tsitsipas,Marc Ros Mesas,2,0,True,2,False,1.17,,4.5,,,,,,,,,,
2025-09-11,tennis,ITF M15 Madrid 2 Men,ITF Men,Daniel De Jonge,Joshua Peck,2,0,True,2,False,1.2,,4.33,,,,,,,,,,
2025-09-11,tennis,ITF M15 Madrid 2 Men,ITF Men,Gian Luca Tanner,Mario Gonzalez Fernandez,2,0,True,2,False,3.0,,1.36,,,,,,,,,,
2025-09-11,tennis,ITF M15 Madrid 2 Men,ITF Men,Joao Victor Couto Loureiro,Pavel Lagutin,2,0,True,2,False,3.0,,1.36,,,,,,,,,,
2025-09-11,tennis,ITF M15 Madrid 2 Men,ITF Men,Mikel Martinez,Michiel De Krom,2,1,True,3,True,5.5,,1.12,,,,,,,,,,
2025-09-11,tennis,ITF M15 Madrid 2 Men,ITF Men,Andreja Petrovic,Leyton Rivera,0,2,False,2,False,1.57,,2.25,,,,,,,,,,
2025-09-11,tennis,ITF M15 Madrid 2 Men,ITF Men,Guillaume Dalmasso,Lucca Helguera Casado,2,1,True,3,True,1.36,,3.0,,,,,,,,,,
2025-09-11,tennis,ITF M15 Madrid 2 Men,ITF Men,Pavlos Tsitsipas,Matisse Bobichon,0,2,False,2,False,4.0,,1.22,,,,,,,,,,
2025-09-11,tennis,ITF W15 Madrid 2 Women,ITF Women,Celia Anson Sánchez,Shannon Lam,0,2,False,2,False,4.33,,1.2,,,,,,,,,,
2025-09-11,tennis,ITF W15 Madrid 2 Women,ITF Women,Neila Trklja,Carmen Gallardo Guevara,0,2,False,2,False,3.0,,1.36,,,,,,,,,,
2025-09-11,tennis,ITF W15 Madrid 2 Women,ITF Women,Stefaniya Pushkar,Lucia Llinares Domingo,2,1,True,3,True,1.53,,2.38,,,,,,,,,,
2025-09-11,tennis,ITF W15 Madrid 2 Women,ITF Women,Gabriela Maria Vancea,Judith Perello Saavedra,1,2,False,3,True,4.33,,1.2,,,,,,,,,,
2025-09-11,tennis,ITF W15 Madrid 2 Women,ITF Women,Nicole Gadient,Jialin Tian,0,2,False,2,False,6.5,,1.1,,,,,,,,,,
2025-09-11,tennis,ITF W15 Madrid 2 Women,ITF Women,Paula Cembranos,María Oliver Sánchez,2,0,True,2,False,1.8,,1.91,,,,,,,,,,
2025-09-11,tennis,ITF W15 Madrid 2 Women,ITF Women,Shiyu Ye,Valentina Losciale,2,0,True,2,False,1.44,,2.62,,,,,,,,,,
2025-09-11,tennis,ITF W15 Madrid 2 Women,ITF Women,Alba Rey Garcia,Maria Garcia Cid,2,0,True,2,False,1.25,,3.75,,,,,,,,,,
2025-09-11,tennis,ITF W15 Madrid 2 Women,ITF Women,Carmen Gallardo Guevara,Stefaniya Pushkar,2,0,True,2,False,1.53,,2.38,,,,,,,,,,
2025-09-11,tennis,ITF W15 Madrid 2 Women,ITF Women,Carmen López Martínez,Maria Penalver Aguilo,2,1,True,3,True,1.03,,10.0,,,,,,,,,,
2025-09-11,tennis,ITF W15 Madrid 2 Women,ITF Women,Shannon Lam,Ann Akasha Ceuca,2,0,True,2,False,1.4,,2.75,,,,,,,,,,
2025-09-11,tennis,ITF M15 Madrid 2 Men,ITF Men,Enrique Collar,E. Blanco Fernandez De Leceta,2,0,True,2,False,3.75,,1.25,,,,,,,,,,
2025-09-11,tennis,ITF M15 Madrid 2 Men,ITF Men,Jose Dominguez Alonso,Pavel Lagutin,0,2,False,2,False,9.0,,1.04,,,,,,,,,,
2025-09-11,tennis,ITF M15 Madrid 2 Men,ITF Men,Mikel Martinez,N. Benito Fernandez,2,0,True,2,False,1.17,,4.5,,,,,,,,,,
2025-09-11,tennis,ITF M15 Madrid 2 Men,ITF Men,Pavlos Tsitsipas,Marc Ros Mesas,2,0,True,2,False,1.17,,4.5,,,,,,,,,,
2025-09-11,tennis,ITF M15 Madrid 2 Men,ITF Men,Daniel De Jonge,Joshua Peck,2,0,True,2,False,1.2,,4.33,,,,,,,,,,
2025-09-11,tennis,ITF M15 Madrid 2 Men,ITF Men,Gian Luca Tanner,Mario Gonzalez Fernandez,2,0,True,2,False,3.0,,1.36,,,,,,,,,,
2025-09-11,tennis,ITF M15 Madrid 2 Men,ITF Men,Joao Victor Couto Loureiro,Pavel Lagutin,2,0,True,2,False,3.0,,1.36,,,,,,,,,,
2025-09-11,tennis,ITF M15 Madrid 2 Men,ITF Men,Mikel Martinez,Michiel De Krom,2,1,True,3,True,5.5,,1.12,,,,,,,,,,
2025-09-11,tennis,ITF M15 Madrid 2 Men,ITF Men,Andreja Petrovic,Leyton Rivera,0,2,False,2,False,1.57,,2.25,,,,,,,,,,
2025-09-11,tennis,ITF M15 Madrid 2 Men,ITF Men,Guillaume Dalmasso,Lucca Helguera Casado,2,1,True,3,True,1.36,,3.0,,,,,,,,,,
2025-09-11,tennis,ITF M15 Madrid 2 Men,ITF Men,Pavlos Tsitsipas,Matisse Bobichon,0,2,False,2,False,4.0,,1.22,,,,,,,,,,
2025-09-11,tennis,ITF W15 Madrid 2 Women,ITF Women,Celia Anson Sánchez,Shannon Lam,0,2,False,2,False,4.33,,1.2,,,,,,,,,,
2025-09-11,tennis,ITF W15 Madrid 2 Women,ITF Women,Neila Trklja,Carmen Gallardo Guevara,0,2,False,2,False,3.0,,1.36,,,,,,,,,,
2025-09-11,tennis,ITF W15 Madrid 2 Women,ITF Women,Stefaniya Pushkar,Lucia Llinares Domingo,2,1,True,3,True,1.53,,2.38,,,,,,,,,,
2025-09-11,tennis,ITF W15 Madrid 2 Women,ITF Women,Gabriela Maria Vancea,Judith Perello Saavedra,1,2,False,3,True,4.33,,1.2,,,,,,,,,,
2025-09-11,tennis,ITF W15 Madrid 2 Women,ITF Women,Nicole Gadient,Jialin Tian,0,2,False,2,False,6.5,,1.1,,,,,,,,,,
2025-09-11,tennis,ITF W15 Madrid 2 Women,ITF Women,Paula Cembranos,María Oliver Sánchez,2,0,True,2,False,1.8,,1.91,,,,,,,,,,
2025-09-11,tennis,ITF W15 Madrid 2 Women,ITF Women,Shiyu Ye,Valentina Losciale,2,0,True,2,False,1.44,,2.62,,,,,,,,,,
2025-09-11,tennis,ITF W15 Madrid 2 Women,ITF Women,Alba Rey Garcia,Maria Garcia Cid,2,0,True,2,False,1.25,,3.75,,,,,,,,,,
2025-09-11,tennis,ITF W15 Madrid 2 Women,ITF Women,Carmen Gallardo Guevara,Stefaniya Pushkar,2,0,True,2,False,1.53,,2.38,,,,,,,,,,
2025-09-11,tennis,ITF W15 Madrid 2 Women,ITF Women,Carmen López Martínez,Maria Penalver Aguilo,2,1,True,3,True,1.03,,10.0,,,,,,,,,,
2025-09-11,tennis,ITF W15 Madrid 2 Women,ITF Women,Shannon Lam,Ann Akasha Ceuca,2,0,True,2,False,1.4,,2.75,,,,,,,,,,
2025-09-12,tennis,ITF M15 Madrid 2 Men,ITF Men,Giles Hussey,Joao Victor Couto Loureiro,2,0,True,2,False,1.11,,6.0,,,,,,,,,,
2025-09-12,tennis,ITF M15 Madrid 2 Men,ITF Men,Matisse Bobichon,Gian Luca Tanner,2,0,True,2,False,1.44,,2.62,,,,,,,,,,
2025-09-12,tennis,ITF M15 Madrid 2 Men,ITF Men,Daniel De Jonge,Mikel Martinez,2,0,True,2,False,1.33,,3.25,,,,,,,,,,
2025-09-12,tennis,ITF M15 Madrid 2 Men,ITF Men,Guillaume Dalmasso,Leyton Rivera,2,0,True,2,False,1.36,,3.0,,,,,,,,,,
2025-09-12,tennis,ITF W15 Madrid 2 Women,ITF Women,Shannon Lam,Jialin Tian,2,1,True,3,True,2.0,,1.73,,,,,,,,,,
2025-09-12,tennis,ITF W15 Madrid 2 Women,ITF Women,Alba Rey Garcia,Carmen Gallardo Guevara,2,0,True,2,False,1.25,,3.75,,,,,,,,,,
2025-09-12,tennis,ITF W15 Madrid 2 Women,ITF Women,Carmen López Martínez,Shiyu Ye,0,2,False,2,False,1.67,,2.1,,,,,,,,,,
2025-09-12,tennis,ITF M15 Madrid 2 Men,ITF Men,Giles Hussey,Joao Victor Couto Loureiro,2,0,True,2,False,1.11,,6.0,,,,,,,,,,
2025-09-12,tennis,ITF M15 Madrid 2 Men,ITF Men,Matisse Bobichon,Gian Luca Tanner,2,0,True,2,False,1.44,,2.62,,,,,,,,,,
2025-09-12,tennis,ITF M15 Madrid 2 Men,ITF Men,Daniel De Jonge,Mikel Martinez,2,0,True,2,False,1.33,,3.25,,,,,,,,,,
2025-09-12,tennis,ITF M15 Madrid 2 Men,ITF Men,Guillaume Dalmasso,Leyton Rivera,2,0,True,2,False,1.36,,3.0,,,,,,,,,,
2025-09-12,tennis,ITF W15 Madrid 2 Women,ITF Women,Shannon Lam,Jialin Tian,2,1,True,3,True,2.0,,1.73,,,,,,,,,,
2025-09-12,tennis,ITF W15 Madrid 2 Women,ITF Women,Alba Rey Garcia,Carmen Gallardo Guevara,2,0,True,2,False,1.25,,3.75,,,,,,,,,,
2025-09-12,tennis,ITF W15 Madrid 2 Women,ITF Women,Carmen López Martínez,Shiyu Ye,0,2,False,2,False,1.67,,2.1,,,,,,,,,,
2025-09-13,tennis,ITF M15 Madrid 2 Men,ITF Men,Matisse Bobichon,Daniel De Jonge,2,0,True,2,False,1.8,,1.91,,,,,,,,,,
2025-09-13,tennis,ITF M15 Madrid 2 Men,ITF Men,Giles Hussey,Guillaume Dalmasso,2,0,True,2,False,1.14,,5.0,,,,,,,,,,
2025-09-13,tennis,ITF W15 Madrid 2 Women,ITF Women,Judith Perello Saavedra,Shannon Lam,1,2,False,3,True,2.5,,1.5,,,,,,,,,,
2025-09-13,tennis,ITF W15 Madrid 2 Women,ITF Women,Alba Rey Garcia,Shiyu Ye,0,2,False,2,False,1.36,,3.0,,,,,,,,,,
2025-09-13,tennis,ITF M15 Madrid 2 Men,ITF Men,Matisse Bobichon,Daniel De Jonge,2,0,True,2,False,1.8,,1.91,,,,,,,,,,
2025-09-13,tennis,ITF M15 Madrid 2 Men,ITF Men,Giles Hussey,Guillaume Dalmasso,2,0,True,2,False,1.14,,5.0,,,,,,,,,,
2025-09-13,tennis,ITF W15 Madrid 2 Women,ITF Women,Judith Perello Saavedra,Shannon Lam,1,2,False,3,True,2.5,,1.5,,,,,,,,,,
2025-09-13,tennis,ITF W15 Madrid 2 Women,ITF Women,Alba Rey Garcia,Shiyu Ye,0,2,False,2,False,1.36,,3.0,,,,,,,,,,
2025-09-14,tennis,ITF W15 Madrid 2 Women,ITF Women,Shiyu Ye,Shannon Lam,2,0,True,2,False,2.0,,1.73,,,,,,,,,,
2025-09-14,tennis,ITF W15 Madrid 2 Women,ITF Women,Shiyu Ye,Shannon Lam,2,0,True,2,False,2.0,,1.73,,,,,,,,,,
2025-10-01,tennis,"Shanghai, China",ATP,Adam Walton,Mattia Bellucci,0,2,False,2,False,2.0,,1.8,,,,,,,,,,
2025-10-01,tennis,"Shanghai, China",ATP,David Goffin,Alexandre Muller,2,1,True,3,True,2.0,,1.8,,,,,,,,,,
2025-10-01,tennis,"Shanghai, China",ATP,Jaume Munar,Marton Fucsovics,2,1,True,3,True,2.1,,1.73,,,,,,,,,,
2025-10-01,tennis,"Shanghai, China",ATP,Sebastian Ofner,Luca Nardi,1,2,False,3,True,2.2,,1.67,,,,,,,,,,
2025-10-01,tennis,"Shanghai, China",ATP,Jordan Thompson,August Holmgren,2,1,True,3,True,1.4,,3.0,,,,,,,,,,
2025-10-01,tennis,"Shanghai, China",ATP,Tristan Schoolkate,Daniel Altmaier,0,2,False,2,False,1.91,,1.91,,,,,,,,,,
2025-10-01,tennis,"Shanghai, China",ATP,Adrian Mannarino,Matteo Berrettini,2,0,True,2,False,2.2,,1.67,,,,,,,,,,
2025-10-01,tennis,"Shanghai, China",ATP,Marin Čilić,Nikoloz Basilashvili,2,0,True,2,False,2.0,,1.8,,,,,,,,,,
2025-10-01,tennis,"Shanghai, China",ATP,Yoshihito Nishioka,Alexander Shevchenko,2,0,True,2,False,1.73,,2.1,,,,,,,,,,
2025-10-01,tennis,"Shanghai, China",ATP,Laslo Djere,Valentin Vacherot,0,2,False,2,False,2.5,,1.53,,,,,,,,,,
2025-10-01,tennis,"Shanghai, China",ATP,Sebastian Korda,Zizou Bergs,0,2,False,2,False,1.4,,3.0,,,,,,,,,,
2025-10-01,tennis,"Shanghai, China",ATP,Adam Walton,Mattia Bellucci,0,2,False,2,False,2.0,,1.8,,,,,,,,,,
2025-10-01,tennis,"Shanghai, China",ATP,David Goffin,Alexandre Muller,2,1,True,3,True,2.0,,1.8,,,,,,,,,,
2025-10-01,tennis,"Shanghai, China",ATP,Jaume Munar,Marton Fucsovics,2,1,True,3,True,2.1,,1.73,,,,,,,,,,
2025-10-01,tennis,"Shanghai, China",ATP,Sebastian Ofner,Luca Nardi,1,2,False,3,True,2.2,,1.67,,,,,,,,,,
2025-10-01,tennis,"Shanghai, China",ATP,Jordan Thompson,August Holmgren,2,1,True,3,True,1.4,,3.0,,,,,,,,,,
2025-10-01,tennis,"Shanghai, China",ATP,Tristan Schoolkate,Daniel Altmaier,0,2,False,2,False,1.91,,1.91,,,,,,,,,,
2025-10-01,tennis,"Shanghai, China",ATP,Adrian Mannarino,Matteo Berrettini,2,0,True,2,False,2.2,,1.67,,,,,,,,,,
2025-10-01,tennis,"Shanghai, China",ATP,Marin Čilić,Nikoloz Basilashvili,2,0,True,2,False,2.0,,1.8,,,,,,,,,,
2025-10-01,tennis,"Shanghai, China",ATP,Yoshihito Nishioka,Alexander Shevchenko,2,0,True,2,False,1.73,,2.1,,,,,,,,,,
2025-10-01,tennis,"Shanghai, China",ATP,Laslo Djere,Valentin Vacherot,0,2,False,2,False,2.5,,1.53,,,,,,,,,,
2025-10-01,tennis,"Shanghai, China",ATP,Sebastian Korda,Zizou Bergs,0,2,False,2,False,1.4,,3.0,,,,,,,,,,
2025-10-02,tennis,"Shanghai, China",ATP,Zhizhen Zhang,Sebastián Báez,1,2,False,3,True,1.8,,2.0,,,,,,,,,,
2025-10-02,tennis,"Shanghai, China",ATP,Lorenzo Sonego,Yannick Hanfmann,1,2,False,3,True,1.62,,2.3,,,,,,,,,,
2025-10-02,tennis,"Shanghai, China",ATP,Zhizhen Zhang,Sebastián Báez,1,2,False,3,True,1.8,,2.0,,,,,,,,,,
2025-10-02,tennis,"Shanghai, China",ATP,Lorenzo Sonego,Yannick Hanfmann,1,2,False,3,True,1.62,,2.3,,,,,,,,,,
2025-10-02,tennis,"Shanghai, China",ATP,Fábián Marozsán,Stan Wawrinka,2,1,True,3,True,1.4,,3.0,,,,,,,,,,
2025-10-02,tennis,"Shanghai, China",ATP,Botic Van de Zandschulp,Nuno Borges,0,2,False,2,False,2.0,,1.8,,,,,,,,,,
2025-10-02,tennis,"Shanghai, China",ATP,Francisco Comesaña,Ugo Blanchet,2,0,True,2,False,1.8,,2.0,,,,,,,,,,
2025-10-02,tennis,"Shanghai, China",ATP,Jenson Brooksby,James Trotter,2,0,True,2,False,1.28,,3.75,,,,,,,,,,
2025-10-02,tennis,"Shanghai, China",ATP,Damir Džumhur,Christopher O'Connell,0,2,False,2,False,2.3,,1.62,,,,,,,,,,
2025-10-02,tennis,"Shanghai, China",ATP,Reilly Opelka,Benjamin Bonzi,0,2,False,2,False,1.8,,2.0,,,,,,,,,,
2025-10-02,tennis,"Shanghai, China",ATP,Kamil Majchrzak,Ethan Quinn,2,0,True,2,False,2.2,,1.67,,,,,,,,,,
2025-10-02,tennis,"Shanghai, China",ATP,Yi Zhou,Jesper De Jong,1,2,False,3,True,2.75,,1.44,,,,,,,,,,
2025-10-02,tennis,"Shanghai, China",ATP,Arthur Cazaux,Pedro Martinez,2,1,True,3,True,1.17,,5.0,,,,,,,,,,
2025-10-02,tennis,"Shanghai, China",ATP,Valentin Royer,Mariano Navone,2,1,True,3,True,1.4,,3.0,,,,,,,,,,
2025-10-02,tennis,"Shanghai, China",ATP,Marcos Giron,Alejandro Tabilo,0,2,False,2,False,2.1,,1.73,,,,,,,,,,
2025-10-02,tennis,"Shanghai, China",ATP,Zhizhen Zhang,Sebastián Báez,1,2,False,3,True,1.8,,2.0,,,,,,,,,,
2025-10-02,tennis,"Shanghai, China",ATP,Lorenzo Sonego,Yannick Hanfmann,1,2,False,3,True,1.62,,2.3,,,,,,,,,,
2025-10-02,tennis,"Shanghai, China",ATP,Fábián Marozsán,Stan Wawrinka,2,1,True,3,True,1.4,,3.0,,,,,,,,,,
2025-10-02,tennis,"Shanghai, China",ATP,Botic Van de Zandschulp,Nuno Borges,0,2,False,2,False,2.0,,1.8,,,,,,,,,,
2025-10-02,tennis,"Shanghai, China",ATP,Francisco Comesaña,Ugo Blanchet,2,0,True,2,False,1.8,,2.0,,,,,,,,,,
2025-10-02,tennis,"Shanghai, China",ATP,Jenson Brooksby,James Trotter,2,0,True,2,False,1.28,,3.75,,,,,,,,,,
2025-10-02,tennis,"Shanghai, China",ATP,Damir Džumhur,Christopher O'Connell,0,2,False,2,False,2.3,,1.62,,,,,,,,,,
2025-10-02,tennis,"Shanghai, China",ATP,Reilly Opelka,Benjamin Bonzi,0,2,False,2,False,1.8,,2.0,,,,,,,,,,
2025-10-02,tennis,"Shanghai, China",ATP,Kamil Majchrzak,Ethan Quinn,2,0,True,2,False,2.2,,1.67,,,,,,,,,,
2025-10-02,tennis,"Shanghai, China",ATP,Yi Zhou,Jesper De Jong,1,2,False,3,True,2.75,,1.44,,,,,,,,,,
2025-10-02,tennis,"Shanghai, China",ATP,Arthur Cazaux,Pedro Martinez,2,1,True,3,True,1.17,,5.0,,,,,,,,,,
2025-10-02,tennis,"Shanghai, China",ATP,Valentin Royer,Mariano Navone,2,1,True,3,True,1.4,,3.0,,,,,,,,,,
2025-10-02,tennis,"Shanghai, China",ATP,Marcos Giron,Alejandro Tabilo,0,2,False,2,False,2.1,,1.73,,,,,,,,,,
2025-10-03,tennis,"Shanghai, China",ATP,Mackenzie McDonald,Quentin Halys,0,2,False,2,False,1.53,,2.5,,,,,,,,,,
2025-10-03,tennis,"Shanghai, China",ATP,Aleksandar Kovacevic,Juncheng Shang,1,2,False,3,True,2.75,,1.44,,,,,,,,,,
2025-10-03,tennis,"Shanghai, China",ATP,Matteo Arnaldi,Rei Sakamoto,2,0,True,2,False,1.57,,2.38,,,,,,,,,,
2025-10-03,tennis,"Shanghai, China",ATP,Mackenzie McDonald,Quentin Halys,0,2,False,2,False,1.53,,2.5,,,,,,,,,,
2025-10-03,tennis,"Shanghai, China",ATP,Aleksandar Kovacevic,Juncheng Shang,1,2,False,3,True,2.75,,1.44,,,,,,,,,,
2025-10-03,tennis,"Shanghai, China",ATP,Matteo Arnaldi,Rei Sakamoto,2,0,True,2,False,1.57,,2.38,,,,,,,,,,
2025-10-03,tennis,"Shanghai, China",ATP,Yunchaokete Bu,Juan Manuel Cerundolo,2,1,True,3,True,1.53,,2.5,,,,,,,,,,
2025-10-03,tennis,"Shanghai, China",ATP,Ben Shelton,David Goffin,0,2,False,2,False,1.25,,4.0,,,,,,,,,,
2025-10-03,tennis,"Shanghai, China",ATP,Benjamin Bonzi,Gabriel Diallo,0,2,False,2,False,2.63,,1.5,,,,,,,,,,
2025-10-03,tennis,"Shanghai, China",ATP,Frances Tiafoe,Yannick Hanfmann,1,2,False,3,True,1.53,,2.5,,,,,,,,,,
2025-10-03,tennis,"Shanghai, China",ATP,Francisco Cerundolo,Adrian Mannarino,2,0,True,2,False,1.91,,1.91,,,,,,,,,,
2025-10-03,tennis,"Shanghai, China",ATP,Sebastián Báez,Holger Rune,0,2,False,2,False,5.0,,1.17,,,,,,,,,,
2025-10-03,tennis,"Shanghai, China",ATP,Ugo Humbert,Jordan Thompson,2,0,True,2,False,1.57,,2.38,,,,,,,,,,
2025-10-03,tennis,"Shanghai, China",ATP,Learner Tien,Miomir Kecmanović,2,1,True,3,True,1.91,,1.91,,,,,,,,,,
2025-10-03,tennis,"Shanghai, China",ATP,Mattia Bellucci,Tomaš Machač,0,2,False,2,False,2.63,,1.5,,,,,,,,,,
2025-10-03,tennis,"Shanghai, China",ATP,Luca Nardi,Giovanni Mpetshi Perricard,0,2,False,2,False,2.5,,1.53,,,,,,,,,,
2025-10-03,tennis,"Shanghai, China",ATP,Mackenzie McDonald,Quentin Halys,0,2,False,2,False,1.53,,2.5,,,,,,,,,,
2025-10-03,tennis,"Shanghai, China",ATP,Aleksandar Kovacevic,Juncheng Shang,1,2,False,3,True,2.75,,1.44,,,,,,,,,,
2025-10-03,tennis,"Shanghai, China",ATP,Matteo Arnaldi,Rei Sakamoto,2,0,True,2,False,1.57,,2.38,,,,,,,,,,
2025-10-03,tennis,"Shanghai, China",ATP,Yunchaokete Bu,Juan Manuel Cerundolo,2,1,True,3,True,1.53,,2.5,,,,,,,,,,
2025-10-03,tennis,"Shanghai, China",ATP,Ben Shelton,David Goffin,0,2,False,2,False,1.25,,4.0,,,,,,,,,,
2025-10-03,tennis,"Shanghai, China",ATP,Benjamin Bonzi,Gabriel Diallo,0,2,False,2,False,2.63,,1.5,,,,,,,,,,
2025-10-03,tennis,"Shanghai, China",ATP,Frances Tiafoe,Yannick Hanfmann,1,2,False,3,True,1.53,,2.5,,,,,,,,,,
2025-10-03,tennis,"Shanghai, China",ATP,Francisco Cerundolo,Adrian Mannarino,2,0,True,2,False,1.91,,1.91,,,,,,,,,,
2025-10-03,tennis,"Shanghai, China",ATP,Sebastián Báez,Holger Rune,0,2,False,2,False,5.0,,1.17,,,,,,,,,,
2025-10-03,tennis,"Shanghai, China",ATP,Ugo Humbert,Jordan Thompson,2,0,True,2,False,1.57,,2.38,,,,,,,,,,
2025-10-03,tennis,"Shanghai, China",ATP,Learner Tien,Miomir Kecmanović,2,1,True,3,True,1.91,,1.91,,,,,,,,,,
2025-10-03,tennis,"Shanghai, China",ATP,Mattia Bellucci,Tomaš Machač,0,2,False,2,False,2.63,,1.5,,,,,,,,,,
2025-10-03,tennis,"Shanghai, China",ATP,Luca Nardi,Giovanni Mpetshi Perricard,0,2,False,2,False,2.5,,1.53,,,,,,,,,,
2025-10-04,tennis,"Shanghai, China",ATP,Marin Čilić,Novak Djokovic,0,2,False,2,False,8.0,,1.08,,,,,,,,,,
2025-10-04,tennis,"Shanghai, China",ATP,Tallon Griekspoor,Jenson Brooksby,2,1,True,3,True,2.75,,1.44,,,,,,,,,,
2025-10-04,tennis,"Shanghai, China",ATP,Jaume Munar,Flavio Cobolli,2,0,True,2,False,2.1,,1.73,,,,,,,,,,
2025-10-04,tennis,"Shanghai, China",ATP,Alexander Bublik,Valentin Vacherot,1,2,False,3,True,1.28,,3.75,,,,,,,,,,
2025-10-04,tennis,"Shanghai, China",ATP,Marin Čilić,Novak Djokovic,0,2,False,2,False,8.0,,1.08,,,,,,,,,,
2025-10-04,tennis,"Shanghai, China",ATP,Tallon Griekspoor,Jenson Brooksby,2,1,True,3,True,2.75,,1.44,,,,,,,,,,
2025-10-04,tennis,"Shanghai, China",ATP,Jaume Munar,Flavio Cobolli,2,0,True,2,False,2.1,,1.73,,,,,,,,,,
2025-10-04,tennis,"Shanghai, China",ATP,Alexander Bublik,Valentin Vacherot,1,2,False,3,True,1.28,,3.75,,,,,,,,,,
2025-10-04,tennis,"Shanghai, China",ATP,Taylor Fritz,Fábián Marozsán,2,1,True,3,True,1.25,,4.0,,,,,,,,,,
2025-10-04,tennis,"Shanghai, China",ATP,Andrey Rublev,Yoshihito Nishioka,1,2,False,3,True,1.28,,3.75,,,,,,,,,,
2025-10-04,tennis,"Shanghai, China",ATP,Brandon Nakashima,Kamil Majchrzak,0,2,False,2,False,1.5,,2.63,,,,,,,,,,
2025-10-04,tennis,"Shanghai, China",ATP,Camilo Ugo Carabelli,Alex de Minaur,0,2,False,2,False,15.0,,1.03,,,,,,,,,,
2025-10-04,tennis,"Shanghai, China",ATP,Felix Auger-Aliassime,Alejandro Tabilo,2,0,True,2,False,1.53,,2.5,,,,,,,,,,
2025-10-04,tennis,"Shanghai, China",ATP,Quentin Halys,Jiri Lehečka,0,2,False,2,False,4.5,,1.2,,,,,,,,,,
2025-10-04,tennis,"Shanghai, China",ATP,Arthur Rinderknech,Alex Michelsen,2,0,True,2,False,1.91,,1.91,,,,,,,,,,
2025-10-04,tennis,"Shanghai, China",ATP,Jesper De Jong,Jakub Menšik,2,1,True,3,True,2.75,,1.44,,,,,,,,,,
2025-10-04,tennis,"Shanghai, China",ATP,Alexander Zverev,Valentin Royer,2,0,True,2,False,1.25,,4.0,,,,,,,,,,
2025-10-04,tennis,"Shanghai, China",ATP,Denis Shapovalov,Christopher O'Connell,2,0,True,2,False,1.4,,3.0,,,,,,,,,,
2025-10-04,tennis,"Shanghai, China",ATP,Francisco Comesaña,Lorenzo Musetti,0,2,False,2,False,3.5,,1.3,,,,,,,,,,
2025-10-04,tennis,"Shanghai, China",ATP,Corentin Moutet,Learner Tien,1,2,False,3,True,1.73,,2.1,,,,,,,,,,
2025-10-04,tennis,"Shanghai, China",ATP,Alejandro Davidovich Fokina,Matteo Arnaldi,2,0,True,2,False,1.44,,2.75,,,,,,,,,,
2025-10-04,tennis,"Shanghai, China",ATP,Luciano Darderi,Yunchaokete Bu,2,0,True,2,False,2.1,,1.73,,,,,,,,,,
2025-10-04,tennis,"Shanghai, China",ATP,Arthur Cazaux,Cameron Norrie,1,2,False,3,True,1.8,,2.0,,,,,,,,,,
2025-10-04,tennis,"Shanghai, China",ATP,Marin Čilić,Novak Djokovic,0,2,False,2,False,8.0,,1.08,,,,,,,,,,
2025-10-04,tennis,"Shanghai, China",ATP,Tallon Griekspoor,Jenson Brooksby,2,1,True,3,True,2.75,,1.44,,,,,,,,,,
2025-10-04,tennis,"Shanghai, China",ATP,Jaume Munar,Flavio Cobolli,2,0,True,2,False,2.1,,1.73,,,,,,,,,,
2025-10-04,tennis,"Shanghai, China",ATP,Alexander Bublik,Valentin Vacherot,1,2,False,3,True,1.28,,3.75,,,,,,,,,,
2025-10-04,tennis,"Shanghai, China",ATP,Taylor Fritz,Fábián Marozsán,2,1,True,3,True,1.25,,4.0,,,,,,,,,,
2025-10-04,tennis,"Shanghai, China",ATP,Andrey Rublev,Yoshihito Nishioka,1,2,False,3,True,1.28,,3.75,,,,,,,,,,
2025-10-04,tennis,"Shanghai, China",ATP,Brandon Nakashima,Kamil Majchrzak,0,2,False,2,False,1.5,,2.63,,,,,,,,,,
2025-10-04,tennis,"Shanghai, China",ATP,Camilo Ugo Carabelli,Alex de Minaur,0,2,False,2,False,15.0,,1.03,,,,,,,,,,
2025-10-04,tennis,"Shanghai, China",ATP,Felix Auger-Aliassime,Alejandro Tabilo,2,0,True,2,False,1.53,,2.5,,,,,,,,,,
2025-10-04,tennis,"Shanghai, China",ATP,Quentin Halys,Jiri Lehečka,0,2,False,2,False,4.5,,1.2,,,,,,,,,,
2025-10-04,tennis,"Shanghai, China",ATP,Arthur Rinderknech,Alex Michelsen,2,0,True,2,False,1.91,,1.91,,,,,,,,,,
2025-10-04,tennis,"Shanghai, China",ATP,Jesper De Jong,Jakub Menšik,2,1,True,3,True,2.75,,1.44,,,,,,,,,,
2025-10-04,tennis,"Shanghai, China",ATP,Alexander Zverev,Valentin Royer,2,0,True,2,False,1.25,,4.0,,,,,,,,,,
2025-10-04,tennis,"Shanghai, China",ATP,Denis Shapovalov,Christopher O'Connell,2,0,True,2,False,1.4,,3.0,,,,,,,,,,
2025-10-04,tennis,"Shanghai, China",ATP,Francisco Comesaña,Lorenzo Musetti,0,2,False,2,False,3.5,,1.3,,,,,,,,,,
2025-10-04,tennis,"Shanghai, China",ATP,Corentin Moutet,Learner Tien,1,2,False,3,True,1.73,,2.1,,,,,,,,,,
2025-10-04,tennis,"Shanghai, China",ATP,Alejandro Davidovich Fokina,Matteo Arnaldi,2,0,True,2,False,1.44,,2.75,,,,,,,,,,
2025-10-04,tennis,"Shanghai, China",ATP,Luciano Darderi,Yunchaokete Bu,2,0,True,2,False,2.1,,1.73,,,,,,,,,,
2025-10-04,tennis,"Shanghai, China",ATP,Arthur Cazaux,Cameron Norrie,1,2,False,3,True,1.8,,2.0,,,,,,,,,,
2025-10-05,tennis,"Shanghai, China",ATP,Dalibor Svrčina,Daniil Medvedev,0,2,False,2,False,4.33,,1.22,,,,,,,,,,
2025-10-05,tennis,"Shanghai, China",ATP,Daniel Altmaier,Jannik Sinner,0,2,False,2,False,17.0,,1.02,,,,,,,,,,
2025-10-05,tennis,"Shanghai, China",ATP,Nuno Borges,Aleksandar Vukic,2,0,True,2,False,1.44,,2.75,,,,,,,,,,
2025-10-05,tennis,"Shanghai, China",ATP,Dalibor Svrčina,Daniil Medvedev,0,2,False,2,False,4.33,,1.22,,,,,,,,,,
2025-10-05,tennis,"Shanghai, China",ATP,Daniel Altmaier,Jannik Sinner,0,2,False,2,False,17.0,,1.02,,,,,,,,,,
2025-10-05,tennis,"Shanghai, China",ATP,Nuno Borges,Aleksandar Vukic,2,0,True,2,False,1.44,,2.75,,,,,,,,,,
2025-10-05,tennis,"Shanghai, China",ATP,Karen Khachanov,Juncheng Shang,0,2,False,2,False,1.57,,2.38,,,,,,,,,,
2025-10-05,tennis,"Shanghai, China",ATP,Ugo Humbert,Holger Rune,0,2,False,2,False,2.63,,1.5,,,,,,,,,,
2025-10-05,tennis,"Shanghai, China",ATP,Francisco Cerundolo,Zizou Bergs,0,2,False,2,False,1.62,,2.3,,,,,,,,,,
2025-10-05,tennis,"Shanghai, China",ATP,Taylor Fritz,Giovanni Mpetshi Perricard,0,2,False,2,False,1.2,,4.5,,,,,,,,,,
2025-10-05,tennis,"Shanghai, China",ATP,Yoshihito Nishioka,Jaume Munar,1,2,False,3,True,2.63,,1.5,,,,,,,,,,
2025-10-05,tennis,"Shanghai, China",ATP,Dalibor Svrčina,Daniil Medvedev,0,2,False,2,False,4.33,,1.22,,,,,,,,,,
2025-10-05,tennis,"Shanghai, China",ATP,Daniel Altmaier,Jannik Sinner,0,2,False,2,False,17.0,,1.02,,,,,,,,,,
2025-10-05,tennis,"Shanghai, China",ATP,Nuno Borges,Aleksandar Vukic,2,0,True,2,False,1.44,,2.75,,,,,,,,,,
2025-10-05,tennis,"Shanghai, China",ATP,Karen Khachanov,Juncheng Shang,0,2,False,2,False,1.57,,2.38,,,,,,,,,,
2025-10-05,tennis,"Shanghai, China",ATP,Ugo Humbert,Holger Rune,0,2,False,2,False,2.63,,1.5,,,,,,,,,,
2025-10-05,tennis,"Shanghai, China",ATP,Francisco Cerundolo,Zizou Bergs,0,2,False,2,False,1.62,,2.3,,,,,,,,,,
2025-10-05,tennis,"Shanghai, China",ATP,Taylor Fritz,Giovanni Mpetshi Perricard,0,2,False,2,False,1.2,,4.5,,,,,,,,,,
2025-10-05,tennis,"Shanghai, China",ATP,Yoshihito Nishioka,Jaume Munar,1,2,False,3,True,2.63,,1.5,,,,,,,,,,
2025-10-06,tennis,"Shanghai, China",ATP,Yannick Hanfmann,Novak Djokovic,1,2,False,3,True,8.0,,1.08,,,,,,,,,,
2025-10-06,tennis,"Shanghai, China",ATP,Yannick Hanfmann,Novak Djokovic,1,2,False,3,True,8.0,,1.08,,,,,,,,,,
2025-10-06,tennis,"Shanghai, China",ATP,Felix Auger-Aliassime,Jesper De Jong,2,0,True,2,False,1.22,,4.33,,,,,,,,,,
2025-10-06,tennis,"Shanghai, China",ATP,Kamil Majchrzak,Alex de Minaur,0,2,False,2,False,5.5,,1.14,,,,,,,,,,
2025-10-06,tennis,"Shanghai, China",ATP,Juncheng Shang,Nuno Borges,1,2,False,3,True,1.67,,2.2,,,,,,,,,,
2025-10-06,tennis,"Shanghai, China",ATP,Denis Shapovalov,Jiri Lehečka,0,2,False,2,False,2.5,,1.53,,,,,,,,,,
2025-10-06,tennis,"Shanghai, China",ATP,Luciano Darderi,Lorenzo Musetti,0,2,False,2,False,4.33,,1.22,,,,,,,,,,
2025-10-06,tennis,"Shanghai, China",ATP,Yannick Hanfmann,Novak Djokovic,1,2,False,3,True,8.0,,1.08,,,,,,,,,,
2025-10-06,tennis,"Shanghai, China",ATP,Felix Auger-Aliassime,Jesper De Jong,2,0,True,2,False,1.22,,4.33,,,,,,,,,,
2025-10-06,tennis,"Shanghai, China",ATP,Kamil Majchrzak,Alex de Minaur,0,2,False,2,False,5.5,,1.14,,,,,,,,,,
2025-10-06,tennis,"Shanghai, China",ATP,Juncheng Shang,Nuno Borges,1,2,False,3,True,1.67,,2.2,,,,,,,,,,
2025-10-06,tennis,"Shanghai, China",ATP,Denis Shapovalov,Jiri Lehečka,0,2,False,2,False,2.5,,1.53,,,,,,,,,,
2025-10-06,tennis,"Shanghai, China",ATP,Luciano Darderi,Lorenzo Musetti,0,2,False,2,False,4.33,,1.22,,,,,,,,,,
2025-10-07,tennis,"Shanghai, China",ATP,Alexander Zverev,Arthur Rinderknech,1,2,False,3,True,1.3,,3.5,,,,,,,,,,
2025-10-07,tennis,"Shanghai, China",ATP,Learner Tien,Cameron Norrie,2,0,True,2,False,1.73,,2.1,,,,,,,,,,
2025-10-07,tennis,"Shanghai, China",ATP,Alexander Zverev,Arthur Rinderknech,1,2,False,3,True,1.3,,3.5,,,,,,,,,,
2025-10-07,tennis,"Shanghai, China",ATP,Learner Tien,Cameron Norrie,2,0,True,2,False,1.73,,2.1,,,,,,,,,,
2025-10-07,tennis,"Shanghai, China",ATP,Alejandro Davidovich Fokina,Daniil Medvedev,0,2,False,2,False,2.75,,1.44,,,,,,,,,,
2025-10-07,tennis,"Shanghai, China",ATP,Gabriel Diallo,Zizou Bergs,1,2,False,3,True,1.5,,2.63,,,,,,,,,,
2025-10-07,tennis,"Shanghai, China",ATP,Giovanni Mpetshi Perricard,Holger Rune,1,2,False,3,True,2.63,,1.5,,,,,,,,,,
2025-10-07,tennis,"Shanghai, China",ATP,Alexander Zverev,Arthur Rinderknech,1,2,False,3,True,1.3,,3.5,,,,,,,,,,
2025-10-07,tennis,"Shanghai, China",ATP,Learner Tien,Cameron Norrie,2,0,True,2,False,1.73,,2.1,,,,,,,,,,
2025-10-07,tennis,"Shanghai, China",ATP,Alejandro Davidovich Fokina,Daniil Medvedev,0,2,False,2,False,2.75,,1.44,,,,,,,,,,
2025-10-07,tennis,"Shanghai, China",ATP,Gabriel Diallo,Zizou Bergs,1,2,False,3,True,1.5,,2.63,,,,,,,,,,
2025-10-07,tennis,"Shanghai, China",ATP,Giovanni Mpetshi Perricard,Holger Rune,1,2,False,3,True,2.63,,1.5,,,,,,,,,,
2025-10-08,tennis,"Shanghai, China",ATP,Jaume Munar,Novak Djokovic,1,2,False,3,True,5.0,,1.17,,,,,,,,,,
2025-10-08,tennis,"Shanghai, China",ATP,Jaume Munar,Novak Djokovic,1,2,False,3,True,5.0,,1.17,,,,,,,,,,
2025-10-08,tennis,"Shanghai, China",ATP,Valentin Vacherot,Tallon Griekspoor,2,1,True,3,True,2.3,,1.62,,,,,,,,,,
2025-10-08,tennis,"Shanghai, China",ATP,Arthur Rinderknech,Jiri Lehečka,2,0,True,2,False,3.4,,1.33,,,,,,,,,,
2025-10-08,tennis,"Shanghai, China",ATP,Nuno Borges,Alex de Minaur,0,2,False,2,False,6.0,,1.13,,,,,,,,,,
2025-10-08,tennis,"Shanghai, China",ATP,Jaume Munar,Novak Djokovic,1,2,False,3,True,5.0,,1.17,,,,,,,,,,
2025-10-08,tennis,"Shanghai, China",ATP,Valentin Vacherot,Tallon Griekspoor,2,1,True,3,True,2.3,,1.62,,,,,,,,,,
2025-10-08,tennis,"Shanghai, China",ATP,Arthur Rinderknech,Jiri Lehečka,2,0,True,2,False,3.4,,1.33,,,,,,,,,,
2025-10-08,tennis,"Shanghai, China",ATP,Nuno Borges,Alex de Minaur,0,2,False,2,False,6.0,,1.13,,,,,,,,,,
2025-10-09,tennis,"Shanghai, China",ATP,Felix Auger-Aliassime,Lorenzo Musetti,2,0,True,2,False,1.91,,1.91,,,,,,,,,,
2025-10-09,tennis,"Shanghai, China",ATP,Felix Auger-Aliassime,Lorenzo Musetti,2,0,True,2,False,1.91,,1.91,,,,,,,,,,
2025-10-09,tennis,"Shanghai, China",ATP,Learner Tien,Daniil Medvedev,1,2,False,3,True,3.4,,1.33,,,,,,,,,,
2025-10-09,tennis,"Shanghai, China",ATP,Holger Rune,Valentin Vacherot,1,2,False,3,True,1.25,,4.0,,,,,,,,,,
2025-10-09,tennis,"Shanghai, China",ATP,Felix Auger-Aliassime,Lorenzo Musetti,2,0,True,2,False,1.91,,1.91,,,,,,,,,,
2025-10-09,tennis,"Shanghai, China",ATP,Learner Tien,Daniil Medvedev,1,2,False,3,True,3.4,,1.33,,,,,,,,,,
2025-10-09,tennis,"Shanghai, China",ATP,Holger Rune,Valentin Vacherot,1,2,False,3,True,1.25,,4.0,,,,,,,,,,
2025-10-10,tennis,"Shanghai, China",ATP,Zizou Bergs,Novak Djokovic,0,2,False,2,False,3.5,,1.3,,,,,,,,,,
2025-10-10,tennis,"Shanghai, China",ATP,Zizou Bergs,Novak Djokovic,0,2,False,2,False,3.5,,1.3,,,,,,,,,,
2025-10-10,tennis,"Shanghai, China",ATP,Arthur Rinderknech,Felix Auger-Aliassime,2,0,True,2,False,3.5,,1.3,,,,,,,,,,
2025-10-10,tennis,"Shanghai, China",ATP,Zizou Bergs,Novak Djokovic,0,2,False,2,False,3.5,,1.3,,,,,,,,,,
2025-10-10,tennis,"Shanghai, China",ATP,Arthur Rinderknech,Felix Auger-Aliassime,2,0,True,2,False,3.5,,1.3,,,,,,,,,,
2025-10-11,tennis,"Shanghai, China",ATP,Daniil Medvedev,Alex de Minaur,2,0,True,2,False,2.63,,1.5,,,,,,,,,,
2025-10-11,tennis,"Shanghai, China",ATP,Daniil Medvedev,Alex de Minaur,2,0,True,2,False,2.63,,1.5,,,,,,,,,,
2025-10-11,tennis,"Shanghai, China",ATP,Novak Djokovic,Valentin Vacherot,0,2,False,2,False,1.11,,6.5,,,,,,,,,,
2025-10-11,tennis,"Shanghai, China",ATP,Daniil Medvedev,Alex de Minaur,2,0,True,2,False,2.63,,1.5,,,,,,,,,,
2025-10-11,tennis,"Shanghai, China",ATP,Novak Djokovic,Valentin Vacherot,0,2,False,2,False,1.11,,6.5,,,,,,,,,,
2025-10-12,tennis,"Shanghai, China",ATP,Daniil Medvedev,Arthur Rinderknech,1,2,False,3,True,1.33,,3.4,,,,,,,,,,
2025-10-12,tennis,"Shanghai, China",ATP,Daniil Medvedev,Arthur Rinderknech,1,2,False,3,True,1.33,,3.4,,,,,,,,,,
2025-10-12,tennis,"Shanghai, China",ATP,Arthur Rinderknech,Valentin Vacherot,1,2,False,3,True,1.62,,2.3,,,,,,,,,,
2025-10-12,tennis,"Shanghai, China",ATP,Daniil Medvedev,Arthur Rinderknech,1,2,False,3,True,1.33,,3.4,,,,,,,,,,
2025-10-12,tennis,"Shanghai, China",ATP,Arthur Rinderknech,Valentin Vacherot,1,2,False,3,True,1.62,,2.3,,,,,,,,,,
2025-11-02,tennis,"WTA Tour Finals, Group B",WTA,Iga Swiatek,Madison Keys,2,0,True,2,False,1.17,,5.0,,,,,,,,,,
2025-11-02,tennis,"WTA Tour Finals, Group B",WTA,Amanda Anisimova,Elena Rybakina,0,2,False,2,False,2.0,,1.8,,,,,,,,,,
2025-11-02,tennis,"WTA Tour Finals, Group B",WTA,Iga Swiatek,Madison Keys,2,0,True,2,False,1.17,,5.0,,,,,,,,,,
2025-11-02,tennis,"WTA Tour Finals, Group B",WTA,Amanda Anisimova,Elena Rybakina,0,2,False,2,False,2.0,,1.8,,,,,,,,,,
2025-11-03,tennis,"WTA Tour Finals, Group A",WTA,Aryna Sabalenka,Jasmine Paolini,2,0,True,2,False,1.28,,3.75,,,,,,,,,,
2025-11-03,tennis,"WTA Tour Finals, Group A",WTA,Coco Gauff,Jessica Pegula,1,2,False,3,True,1.5,,2.63,,,,,,,,,,
2025-11-03,tennis,"WTA Tour Finals, Group A",WTA,Aryna Sabalenka,Jasmine Paolini,2,0,True,2,False,1.28,,3.75,,,,,,,,,,
2025-11-03,tennis,"WTA Tour Finals, Group A",WTA,Coco Gauff,Jessica Pegula,1,2,False,3,True,1.5,,2.63,,,,,,,,,,
2025-11-04,tennis,"WTA Tour Finals, Group B",WTA,Iga Swiatek,Elena Rybakina,1,2,False,3,True,1.67,,2.2,,,,,,,,,,
2025-11-04,tennis,"WTA Tour Finals, Group B",WTA,Amanda Anisimova,Madison Keys,2,1,True,3,True,1.33,,3.4,,,,,,,,,,
2025-11-04,tennis,"WTA Tour Finals, Group B",WTA,Iga Swiatek,Elena Rybakina,1,2,False,3,True,1.67,,2.2,,,,,,,,,,
2025-11-04,tennis,"WTA Tour Finals, Group B",WTA,Amanda Anisimova,Madison Keys,2,1,True,3,True,1.33,,3.4,,,,,,,,,,
2025-11-05,tennis,"WTA Tour Finals, Group A",WTA,Coco Gauff,Jasmine Paolini,2,0,True,2,False,1.44,,2.75,,,,,,,,,,
2025-11-05,tennis,"WTA Tour Finals, Group A",WTA,Aryna Sabalenka,Jessica Pegula,2,1,True,3,True,1.28,,3.75,,,,,,,,,,
2025-11-05,tennis,"WTA Tour Finals, Group A",WTA,Coco Gauff,Jasmine Paolini,2,0,True,2,False,1.44,,2.75,,,,,,,,,,
2025-11-05,tennis,"WTA Tour Finals, Group A",WTA,Aryna Sabalenka,Jessica Pegula,2,1,True,3,True,1.28,,3.75,,,,,,,,,,
2025-11-06,tennis,"WTA Tour Finals, Group B",WTA,Elena Rybakina,Ekaterina Alexandrova,2,0,True,2,False,1.4,,3.0,,,,,,,,,,
2025-11-06,tennis,"WTA Tour Finals, Group B",WTA,Iga Swiatek,Amanda Anisimova,1,2,False,3,True,1.5,,2.63,,,,,,,,,,
2025-11-06,tennis,"WTA Tour Finals, Group B",WTA,Elena Rybakina,Ekaterina Alexandrova,2,0,True,2,False,1.4,,3.0,,,,,,,,,,
2025-11-06,tennis,"WTA Tour Finals, Group B",WTA,Iga Swiatek,Amanda Anisimova,1,2,False,3,True,1.5,,2.63,,,,,,,,,,
2025-11-07,tennis,"WTA Tour Finals, Group A",WTA,Jessica Pegula,Jasmine Paolini,2,0,True,2,False,1.25,,4.0,,,,,,,,,,
2025-11-07,tennis,"WTA Tour Finals, Group A",WTA,Aryna Sabalenka,Coco Gauff,2,0,True,2,False,1.5,,2.63,,,,,,,,,,
2025-11-07,tennis,"WTA Tour Finals, Group A",WTA,Jessica Pegula,Jasmine Paolini,2,0,True,2,False,1.25,,4.0,,,,,,,,,,
2025-11-07,tennis,"WTA Tour Finals, Group A",WTA,Aryna Sabalenka,Coco Gauff,2,0,True,2,False,1.5,,2.63,,,,,,,,,,
2025-11-08,tennis,WTA Tour Finals,WTA,Jessica Pegula,Elena Rybakina,1,2,False,3,True,2.75,,1.4,,,,,,,,,,
2025-11-08,tennis,WTA Tour Finals,WTA,Aryna Sabalenka,Amanda Anisimova,2,1,True,3,True,1.36,,3.0,,,,,,,,,,
2025-11-08,tennis,WTA Tour Finals,WTA,Jessica Pegula,Elena Rybakina,1,2,False,3,True,2.75,,1.4,,,,,,,,,,
2025-11-08,tennis,WTA Tour Finals,WTA,Aryna Sabalenka,Amanda Anisimova,2,1,True,3,True,1.36,,3.0,,,,,,,,,,
2025-11-09,tennis,WTA Tour Finals,WTA,Aryna Sabalenka,Elena Rybakina,0,2,False,2,False,1.53,,2.5,,,,,,,,,,
2025-11-09,tennis,WTA Tour Finals,WTA,Aryna Sabalenka,Elena Rybakina,0,2,False,2,False,1.53,,2.5,,,,,,,,,,
2025-11-25,tennis,Australian Open Asia-Pacific Wildcard Playoff,WTA,Sahaja Yamalapalli,Jiangxue Han,1,2,False,3,True,1.33,,3.25,,,,,,,,,,
2025-11-25,tennis,Australian Open Asia-Pacific Wildcard Playoff,WTA,Sahaja Yamalapalli,Jiangxue Han,1,2,False,3,True,1.33,,3.25,,,,,,,,,,
2025-11-26,tennis,ITF M15 Madrid 3 Men,ITF Men,Alejandro Turriziani Alvarez,Michiel De Krom,0,2,False,2,False,2.2,,1.62,,,,,,,,,,
2025-11-26,tennis,ITF M15 Madrid 3 Men,ITF Men,Carles Hernandez,Izan Almazan Valiente,1,2,False,3,True,1.91,,1.8,,,,,,,,,,
2025-11-26,tennis,ITF M15 Madrid 3 Men,ITF Men,Christian Sigsgaard,Luka Talan Lopatič,2,0,True,2,False,1.29,,3.5,,,,,,,,,,
2025-11-26,tennis,ITF M15 Madrid 3 Men,ITF Men,Pablo Masjuan Ginel,Anas Mazdrashki,0,2,False,2,False,2.1,,1.67,,,,,,,,,,
2025-11-26,tennis,ITF M15 Madrid 3 Men,ITF Men,Ryan Nijboer,Benjamin Winter Lopez,0,2,False,2,False,1.44,,2.62,,,,,,,,,,
2025-11-26,tennis,Australian Open Asia-Pacific Wildcard Playoff,ATP,Sidharth Rawat,Coleman Wong,0,2,False,2,False,7.0,,1.08,,,,,,,,,,
2025-11-26,tennis,Australian Open Asia-Pacific Wildcard Playoff,ATP,Ye Cong Mo,Mikhail Kukushkin,0,2,False,2,False,2.62,,1.44,,,,,,,,,,
2025-11-26,tennis,Australian Open Asia-Pacific Wildcard Playoff,WTA,Kyoka Okamura,En-Shuo Liang,0,2,False,2,False,2.38,,1.53,,,,,,,,,,
2025-11-26,tennis,Australian Open Asia-Pacific Wildcard Playoff,WTA,Lanlana Tararudee,Zongyu Li,2,0,True,2,False,1.1,,6.5,,,,,,,,,,
2025-11-26,tennis,Australian Open Asia-Pacific Wildcard Playoff,WTA,Wushuang Zheng,Hiromi Abe,0,2,False,2,False,2.62,,1.44,,,,,,,,,,
2025-11-26,tennis,Australian Open Asia-Pacific Wildcard Playoff,WTA,Xinxin Yao,Zarina Diyas,0,2,False,2,False,3.25,,1.33,,,,,,,,,,
2025-11-26,tennis,ITF M15 Madrid 3 Men,ITF Men,Alejandro Turriziani Alvarez,Michiel De Krom,0,2,False,2,False,2.2,,1.62,,,,,,,,,,
2025-11-26,tennis,ITF M15 Madrid 3 Men,ITF Men,Carles Hernandez,Izan Almazan Valiente,1,2,False,3,True,1.91,,1.8,,,,,,,,,,
2025-11-26,tennis,ITF M15 Madrid 3 Men,ITF Men,Christian Sigsgaard,Luka Talan Lopatič,2,0,True,2,False,1.29,,3.5,,,,,,,,,,
2025-11-26,tennis,ITF M15 Madrid 3 Men,ITF Men,Pablo Masjuan Ginel,Anas Mazdrashki,0,2,False,2,False,2.1,,1.67,,,,,,,,,,
2025-11-26,tennis,ITF M15 Madrid 3 Men,ITF Men,Ryan Nijboer,Benjamin Winter Lopez,0,2,False,2,False,1.44,,2.62,,,,,,,,,,
2025-11-26,tennis,ITF M15 Madrid 3 Men,ITF Men,Diego Fernandez Flores,Pierre Yves Bailly,0,2,False,2,False,3.75,,1.25,,,,,,,,,,
2025-11-26,tennis,ITF M15 Madrid 3 Men,ITF Men,Abel Forger,Yaroslav Demin,1,2,False,3,True,1.4,,2.75,,,,,,,,,,
2025-11-26,tennis,ITF M15 Madrid 3 Men,ITF Men,Pedro Rodenas,Lucca Helguera Casado,2,0,True,2,False,1.14,,5.0,,,,,,,,,,
2025-11-26,tennis,Australian Open Asia-Pacific Wildcard Playoff,ATP,Sidharth Rawat,Coleman Wong,0,2,False,2,False,7.0,,1.08,,,,,,,,,,
2025-11-26,tennis,Australian Open Asia-Pacific Wildcard Playoff,ATP,Ye Cong Mo,Mikhail Kukushkin,0,2,False,2,False,2.62,,1.44,,,,,,,,,,
2025-11-26,tennis,Australian Open Asia-Pacific Wildcard Playoff,WTA,Kyoka Okamura,En-Shuo Liang,0,2,False,2,False,2.38,,1.53,,,,,,,,,,
2025-11-26,tennis,Australian Open Asia-Pacific Wildcard Playoff,WTA,Lanlana Tararudee,Zongyu Li,2,0,True,2,False,1.1,,6.5,,,,,,,,,,
2025-11-26,tennis,Australian Open Asia-Pacific Wildcard Playoff,WTA,Wushuang Zheng,Hiromi Abe,0,2,False,2,False,2.62,,1.44,,,,,,,,,,
2025-11-26,tennis,Australian Open Asia-Pacific Wildcard Playoff,WTA,Xinxin Yao,Zarina Diyas,0,2,False,2,False,3.25,,1.33,,,,,,,,,,
2025-11-26,tennis,ITF M15 Madrid 3 Men,ITF Men,Alejandro Turriziani Alvarez,Michiel De Krom,0,2,False,2,False,2.2,,1.62,,,,,,,,,,
2025-11-26,tennis,ITF M15 Madrid 3 Men,ITF Men,Carles Hernandez,Izan Almazan Valiente,1,2,False,3,True,1.91,,1.8,,,,,,,,,,
2025-11-26,tennis,ITF M15 Madrid 3 Men,ITF Men,Christian Sigsgaard,Luka Talan Lopatič,2,0,True,2,False,1.29,,3.5,,,,,,,,,,
2025-11-26,tennis,ITF M15 Madrid 3 Men,ITF Men,Pablo Masjuan Ginel,Anas Mazdrashki,0,2,False,2,False,2.1,,1.67,,,,,,,,,,
2025-11-26,tennis,ITF M15 Madrid 3 Men,ITF Men,Ryan Nijboer,Benjamin Winter Lopez,0,2,False,2,False,1.44,,2.62,,,,,,,,,,
2025-11-26,tennis,ITF M15 Madrid 3 Men,ITF Men,Diego Fernandez Flores,Pierre Yves Bailly,0,2,False,2,False,3.75,,1.25,,,,,,,,,,
2025-11-26,tennis,ITF M15 Madrid 3 Men,ITF Men,Abel Forger,Yaroslav Demin,1,2,False,3,True,1.4,,2.75,,,,,,,,,,
2025-11-26,tennis,ITF M15 Madrid 3 Men,ITF Men,Pedro Rodenas,Lucca Helguera Casado,2,0,True,2,False,1.14,,5.0,,,,,,,,,,
2025-11-27,tennis,ITF M15 Madrid 3 Men,ITF Men,Daniel Lara Salmeron,Leonid Sheyngezikht,1,2,False,3,True,5.0,,1.14,,,,,,,,,,
2025-11-27,tennis,ITF M15 Madrid 3 Men,ITF Men,Harold Huens,Julio Cesar Porras,2,1,True,3,True,2.5,,1.5,,,,,,,,,,
2025-11-27,tennis,Australian Open Asia-Pacific Wildcard Playoff,ATP,Yosuke Watanuki,Beibit Zhukayev,1,2,False,3,True,1.44,,2.62,,,,,,,,,,
2025-11-27,tennis,Australian Open Asia-Pacific Wildcard Playoff,WTA,Zarina Diyas,Junhan Zhang,2,0,True,2,False,1.22,,4.0,,,,,,,,,,
2025-11-27,tennis,ITF M15 Madrid 3 Men,ITF Men,Daniel Lara Salmeron,Leonid Sheyngezikht,1,2,False,3,True,5.0,,1.14,,,,,,,,,,
2025-11-27,tennis,ITF M15 Madrid 3 Men,ITF Men,Harold Huens,Julio Cesar Porras,2,1,True,3,True,2.5,,1.5,,,,,,,,,,
2025-11-27,tennis,ITF M15 Madrid 3 Men,ITF Men,Alejandro Juan Mano,Cyril Vandermeersch,1,2,False,3,True,2.38,,1.53,,,,,,,,,,
2025-11-27,tennis,ITF M15 Madrid 3 Men,ITF Men,Aleksander Chayka,Sergio Planella Hernandez,2,1,True,3,True,2.38,,1.53,,,,,,,,,,
2025-11-27,tennis,ITF M15 Madrid 3 Men,ITF Men,Pieter De Lange,Louis Van Herck,2,0,True,2,False,1.33,,3.25,,,,,,,,,,
2025-11-27,tennis,ITF M15 Madrid 3 Men,ITF Men,Izan Almazan Valiente,Harold Huens,2,1,True,3,True,2.2,,1.62,,,,,,,,,,
2025-11-27,tennis,ITF M15 Madrid 3 Men,ITF Men,Leonid Sheyngezikht,Pierre Yves Bailly,0,2,False,2,False,5.0,,1.14,,,,,,,,,,
2025-11-27,tennis,Australian Open Asia-Pacific Wildcard Playoff,ATP,Yosuke Watanuki,Beibit Zhukayev,1,2,False,3,True,1.44,,2.62,,,,,,,,,,
2025-11-27,tennis,Australian Open Asia-Pacific Wildcard Playoff,WTA,Zarina Diyas,Junhan Zhang,2,0,True,2,False,1.22,,4.0,,,,,,,,,,
2025-11-27,tennis,ITF M15 Madrid 3 Men,ITF Men,Daniel Lara Salmeron,Leonid Sheyngezikht,1,2,False,3,True,5.0,,1.14,,,,,,,,,,
2025-11-27,tennis,ITF M15 Madrid 3 Men,ITF Men,Harold Huens,Julio Cesar Porras,2,1,True,3,True,2.5,,1.5,,,,,,,,,,
2025-11-27,tennis,ITF M15 Madrid 3 Men,ITF Men,Alejandro Juan Mano,Cyril Vandermeersch,1,2,False,3,True,2.38,,1.53,,,,,,,,,,
2025-11-27,tennis,ITF M15 Madrid 3 Men,ITF Men,Aleksander Chayka,Sergio Planella Hernandez,2,1,True,3,True,2.38,,1.53,,,,,,,,,,
2025-11-27,tennis,ITF M15 Madrid 3 Men,ITF Men,Pieter De Lange,Louis Van Herck,2,0,True,2,False,1.33,,3.25,,,,,,,,,,
2025-11-27,tennis,ITF M15 Madrid 3 Men,ITF Men,Izan Almazan Valiente,Harold Huens,2,1,True,3,True,2.2,,1.62,,,,,,,,,,
2025-11-27,tennis,ITF M15 Madrid 3 Men,ITF Men,Leonid Sheyngezikht,Pierre Yves Bailly,0,2,False,2,False,5.0,,1.14,,,,,,,,,,
2025-11-28,tennis,ITF M15 Madrid 3 Men,ITF Men,Pieter De Lange,Michiel De Krom,0,2,False,2,False,2.62,,1.44,,,,,,,,,,
2025-11-28,tennis,ITF M15 Madrid 3 Men,ITF Men,Pavel Lagutin,Pedro Rodenas,0,2,False,2,False,3.5,,1.29,,,,,,,,,,
2025-11-28,tennis,ITF M15 Madrid 3 Men,ITF Men,Pieter De Lange,Michiel De Krom,0,2,False,2,False,2.62,,1.44,,,,,,,,,,
2025-11-28,tennis,ITF M15 Madrid 3 Men,ITF Men,Pavel Lagutin,Pedro Rodenas,0,2,False,2,False,3.5,,1.29,,,,,,,,,,
2025-11-28,tennis,ITF M15 Madrid 3 Men,ITF Men,Aleksander Chayka,Cyril Vandermeersch,0,2,False,2,False,7.0,,1.08,,,,,,,,,,
2025-11-28,tennis,ITF M15 Madrid 3 Men,ITF Men,Christian Sigsgaard,Anas Mazdrashki,2,0,True,2,False,1.53,,2.38,,,,,,,,,,
2025-11-28,tennis,ITF M15 Madrid 3 Men,ITF Men,Pieter De Lange,Michiel De Krom,0,2,False,2,False,2.62,,1.44,,,,,,,,,,
2025-11-28,tennis,ITF M15 Madrid 3 Men,ITF Men,Pavel Lagutin,Pedro Rodenas,0,2,False,2,False,3.5,,1.29,,,,,,,,,,
2025-11-28,tennis,ITF M15 Madrid 3 Men,ITF Men,Aleksander Chayka,Cyril Vandermeersch,0,2,False,2,False,7.0,,1.08,,,,,,,,,,
2025-11-28,tennis,ITF M15 Madrid 3 Men,ITF Men,Christian Sigsgaard,Anas Mazdrashki,2,0,True,2,False,1.53,,2.38,,,,,,,,,,
2025-11-29,tennis,ITF M15 Madrid 3 Men,ITF Men,Christian Sigsgaard,Pierre Yves Bailly,2,1,True,3,True,2.1,,1.67,,,,,,,,,,
2025-11-29,tennis,ITF M15 Madrid 3 Men,ITF Men,Patrick Schoen,Izan Almazan Valiente,0,2,False,2,False,1.36,,3.0,,,,,,,,,,
2025-11-29,tennis,ITF M15 Madrid 3 Men,ITF Men,Pedro Rodenas,Michiel De Krom,2,0,True,2,False,1.5,,2.5,,,,,,,,,,
2025-11-29,tennis,Australian Open Asia-Pacific Wildcard Playoff,ATP,Yunchaokete Bu,Akira Santillan,2,0,True,2,False,1.36,,3.0,,,,,,,,,,
2025-11-29,tennis,Australian Open Asia-Pacific Wildcard Playoff,WTA,En-Shuo Liang,Zarina Diyas,0,2,False,2,False,2.25,,1.57,,,,,,,,,,
2025-11-29,tennis,ITF M15 Madrid 3 Men,ITF Men,Christian Sigsgaard,Pierre Yves Bailly,2,1,True,3,True,2.1,,1.67,,,,,,,,,,
2025-11-29,tennis,ITF M15 Madrid 3 Men,ITF Men,Patrick Schoen,Izan Almazan Valiente,0,2,False,2,False,1.36,,3.0,,,,,,,,,,
2025-11-29,tennis,ITF M15 Madrid 3 Men,ITF Men,Pedro Rodenas,Michiel De Krom,2,0,True,2,False,1.5,,2.5,,,,,,,,,,
2025-11-29,tennis,ITF M15 Madrid 3 Men,ITF Men,Yaroslav Demin,Cyril Vandermeersch,0,2,False,2,False,2.62,,1.44,,,,,,,,,,
2025-11-29,tennis,Australian Open Asia-Pacific Wildcard Playoff,ATP,Yunchaokete Bu,Akira Santillan,2,0,True,2,False,1.36,,3.0,,,,,,,,,,
2025-11-29,tennis,Australian Open Asia-Pacific Wildcard Playoff,WTA,En-Shuo Liang,Zarina Diyas,0,2,False,2,False,2.25,,1.57,,,,,,,,,,
2025-11-29,tennis,ITF M15 Madrid 3 Men,ITF Men,Christian Sigsgaard,Pierre Yves Bailly,2,1,True,3,True,2.1,,1.67,,,,,,,,,,
2025-11-29,tennis,ITF M15 Madrid 3 Men,ITF Men,Patrick Schoen,Izan Almazan Valiente,0,2,False,2,False,1.36,,3.0,,,,,,,,,,
2025-11-29,tennis,ITF M15 Madrid 3 Men,ITF Men,Pedro Rodenas,Michiel De Krom,2,0,True,2,False,1.5,,2.5,,,,,,,,,,
2025-11-29,tennis,ITF M15 Madrid 3 Men,ITF Men,Yaroslav Demin,Cyril Vandermeersch,0,2,False,2,False,2.62,,1.44,,,,,,,,,,
2025-12-01,tennis,ITF M15 Madrid 3 Men,ITF Men,Izan Almazan Valiente,Cyril Vandermeersch,0,2,False,2,False,3.0,,1.36,,,,,,,,,,
2025-12-01,tennis,ITF M15 Madrid 3 Men,ITF Men,Izan Almazan Valiente,Cyril Vandermeersch,0,2,False,2,False,3.0,,1.36,,,,,,,,,,
2025-12-01,tennis,ITF M15 Madrid 3 Men,ITF Men,Izan Almazan Valiente,Cyril Vandermeersch,0,2,False,2,False,3.0,,1.36,,,,,,,,,,
2025-12-03,tennis,ITF M15 Madrid 4 Men,ITF Men,Carles Córdoba,Karol Malirz,2,0,True,2,False,1.33,,3.25,,,,,,,,,,
2025-12-03,tennis,ITF M15 Madrid 4 Men,ITF Men,Alvaro Jimenez,Luka Talan Lopatič,0,2,False,2,False,2.0,,1.73,,,,,,,,,,
2025-12-03,tennis,ITF M15 Madrid 4 Men,ITF Men,Eudald Gonzalez,Carlos Lopez Montagud,0,2,False,2,False,7.5,,1.07,,,,,,,,,,
2025-12-03,tennis,ITF M15 Madrid 4 Men,ITF Men,Carles Córdoba,Karol Malirz,2,0,True,2,False,1.33,,3.25,,,,,,,,,,
2025-12-03,tennis,ITF M15 Madrid 4 Men,ITF Men,Alvaro Jimenez,Luka Talan Lopatič,0,2,False,2,False,2.0,,1.73,,,,,,,,,,
2025-12-03,tennis,ITF M15 Madrid 4 Men,ITF Men,Eudald Gonzalez,Carlos Lopez Montagud,0,2,False,2,False,7.5,,1.07,,,,,,,,,,
2025-12-04,tennis,ITF M15 Madrid 4 Men,ITF Men,David Jorda Sanchis,Tiago Torres,0,2,False,2,False,1.29,,3.5,,,,,,,,,,
2025-12-04,tennis,ITF M15 Madrid 4 Men,ITF Men,Ignacio Parisca Romera,Max Alcala Gurri,1,2,False,3,True,3.75,,1.25,,,,,,,,,,
2025-12-04,tennis,ITF M15 Madrid 4 Men,ITF Men,John Echeverria,Sergi Perez Contri,0,2,False,2,False,2.1,,1.67,,,,,,,,,,
2025-12-04,tennis,ITF M15 Madrid 4 Men,ITF Men,Tomas Curras Abasolo,Xavi Palomar,2,0,True,2,False,1.12,,5.5,,,,,,,,,,
2025-12-04,tennis,ITF M15 Madrid 4 Men,ITF Men,Alejo Sanchez Quilez,Noah Regas Luis,2,0,True,2,False,1.06,,8.0,,,,,,,,,,
2025-12-04,tennis,ITF M15 Madrid 4 Men,ITF Men,Mario Gonzalez Fernandez,Luis Garcia Paez,2,0,True,2,False,1.11,,6.0,,,,,,,,,,
2025-12-04,tennis,ITF M15 Madrid 4 Men,ITF Men,Max Villar,Diego Fernandez Flores,0,2,False,2,False,6.0,,1.11,,,,,,,,,,
2025-12-04,tennis,ITF M15 Madrid 4 Men,ITF Men,Sergio Planella Hernandez,Daniel Lara Salmeron,1,2,False,3,True,1.06,,8.0,,,,,,,,,,
2025-12-04,tennis,ITF M15 Madrid 4 Men,ITF Men,David Jorda Sanchis,Tiago Torres,0,2,False,2,False,1.29,,3.5,,,,,,,,,,
2025-12-04,tennis,ITF M15 Madrid 4 Men,ITF Men,Ignacio Parisca Romera,Max Alcala Gurri,1,2,False,3,True,3.75,,1.25,,,,,,,,,,
2025-12-04,tennis,ITF M15 Madrid 4 Men,ITF Men,John Echeverria,Sergi Perez Contri,0,2,False,2,False,2.1,,1.67,,,,,,,,,,
2025-12-04,tennis,ITF M15 Madrid 4 Men,ITF Men,Tomas Curras Abasolo,Xavi Palomar,2,0,True,2,False,1.12,,5.5,,,,,,,,,,
2025-12-04,tennis,ITF M15 Madrid 4 Men,ITF Men,Alejo Sanchez Quilez,Noah Regas Luis,2,0,True,2,False,1.06,,8.0,,,,,,,,,,
2025-12-04,tennis,ITF M15 Madrid 4 Men,ITF Men,Mario Gonzalez Fernandez,Luis Garcia Paez,2,0,True,2,False,1.11,,6.0,,,,,,,,,,
2025-12-04,tennis,ITF M15 Madrid 4 Men,ITF Men,Max Villar,Diego Fernandez Flores,0,2,False,2,False,6.0,,1.11,,,,,,,,,,
2025-12-04,tennis,ITF M15 Madrid 4 Men,ITF Men,Sergio Planella Hernandez,Daniel Lara Salmeron,1,2,False,3,True,1.06,,8.0,,,,,,,,,,
2025-12-04,tennis,ITF M15 Madrid 4 Men,ITF Men,Nicholas David Ionel,Guilherme Valdoleiros,2,0,True,2,False,1.1,,6.5,,,,,,,,,,
2025-12-04,tennis,ITF M15 Madrid 4 Men,ITF Men,Toprak Avcibasi,Michiel De Krom,0,2,False,2,False,4.33,,1.2,,,,,,,,,,
2025-12-04,tennis,ITF M15 Madrid 4 Men,ITF Men,Diego Fernandez Flores,Michiel De Krom,2,1,True,3,True,3.75,,1.25,,,,,,,,,,
2025-12-04,tennis,ITF M15 Madrid 4 Men,ITF Men,Tiago Torres,Tomas Curras Abasolo,2,1,True,3,True,2.1,,1.67,,,,,,,,,,
2025-12-04,tennis,ITF M15 Madrid 4 Men,ITF Men,David Jorda Sanchis,Tiago Torres,0,2,False,2,False,1.29,,3.5,,,,,,,,,,
2025-12-04,tennis,ITF M15 Madrid 4 Men,ITF Men,Ignacio Parisca Romera,Max Alcala Gurri,1,2,False,3,True,3.75,,1.25,,,,,,,,,,
2025-12-04,tennis,ITF M15 Madrid 4 Men,ITF Men,John Echeverria,Sergi Perez Contri,0,2,False,2,False,2.1,,1.67,,,,,,,,,,
2025-12-04,tennis,ITF M15 Madrid 4 Men,ITF Men,Tomas Curras Abasolo,Xavi Palomar,2,0,True,2,False,1.12,,5.5,,,,,,,,,,
2025-12-04,tennis,ITF M15 Madrid 4 Men,ITF Men,Alejo Sanchez Quilez,Noah Regas Luis,2,0,True,2,False,1.06,,8.0,,,,,,,,,,
2025-12-04,tennis,ITF M15 Madrid 4 Men,ITF Men,Mario Gonzalez Fernandez,Luis Garcia Paez,2,0,True,2,False,1.11,,6.0,,,,,,,,,,
2025-12-04,tennis,ITF M15 Madrid 4 Men,ITF Men,Max Villar,Diego Fernandez Flores,0,2,False,2,False,6.0,,1.11,,,,,,,,,,
2025-12-04,tennis,ITF M15 Madrid 4 Men,ITF Men,Sergio Planella Hernandez,Daniel Lara Salmeron,1,2,False,3,True,1.06,,8.0,,,,,,,,,,
2025-12-04,tennis,ITF M15 Madrid 4 Men,ITF Men,Nicholas David Ionel,Guilherme Valdoleiros,2,0,True,2,False,1.1,,6.5,,,,,,,,,,
2025-12-04,tennis,ITF M15 Madrid 4 Men,ITF Men,Toprak Avcibasi,Michiel De Krom,0,2,False,2,False,4.33,,1.2,,,,,,,,,,
2025-12-04,tennis,ITF M15 Madrid 4 Men,ITF Men,Diego Fernandez Flores,Michiel De Krom,2,1,True,3,True,3.75,,1.25,,,,,,,,,,
2025-12-04,tennis,ITF M15 Madrid 4 Men,ITF Men,Tiago Torres,Tomas Curras Abasolo,2,1,True,3,True,2.1,,1.67,,,,,,,,,,
2025-12-05,tennis,ITF M15 Madrid 4 Men,ITF Men,Oscar Jose Gutierrez,Carlos Lopez Montagud,0,2,False,2,False,3.5,,1.29,,,,,,,,,,
2025-12-05,tennis,ITF M15 Madrid 4 Men,ITF Men,Alejo Sanchez Quilez,Sergi Perez Contri,2,0,True,2,False,2.1,,1.67,,,,,,,,,,
2025-12-05,tennis,ITF M15 Madrid 4 Men,ITF Men,Nicholas David Ionel,Rafael Izquierdo Luque,2,0,True,2,False,1.67,,2.1,,,,,,,,,,
2025-12-05,tennis,ITF M15 Madrid 4 Men,ITF Men,Oscar Jose Gutierrez,Carlos Lopez Montagud,0,2,False,2,False,3.5,,1.29,,,,,,,,,,
2025-12-05,tennis,ITF M15 Madrid 4 Men,ITF Men,Alejo Sanchez Quilez,Sergi Perez Contri,2,0,True,2,False,2.1,,1.67,,,,,,,,,,
2025-12-05,tennis,ITF M15 Madrid 4 Men,ITF Men,Nicholas David Ionel,Rafael Izquierdo Luque,2,0,True,2,False,1.67,,2.1,,,,,,,,,,
2025-12-05,tennis,ITF M15 Madrid 4 Men,ITF Men,Luka Talan Lopatič,Max Alcala Gurri,0,2,False,2,False,6.0,,1.11,,,,,,,,,,
2025-12-05,tennis,ITF M15 Madrid 4 Men,ITF Men,Mario Gonzalez Fernandez,Daniel Lara Salmeron,2,0,True,2,False,1.06,,8.0,,,,,,,,,,
2025-12-05,tennis,ITF M15 Madrid 4 Men,ITF Men,Nicholas David Ionel,Carlos Lopez Montagud,0,2,False,2,False,2.75,,1.4,,,,,,,,,,
2025-12-05,tennis,ITF M15 Madrid 4 Men,ITF Men,Tiago Torres,Alejo Sanchez Quilez,2,1,True,3,True,1.67,,2.1,,,,,,,,,,
2025-12-05,tennis,ITF M15 Madrid 4 Men,ITF Men,Oscar Jose Gutierrez,Carlos Lopez Montagud,0,2,False,2,False,3.5,,1.29,,,,,,,,,,
2025-12-05,tennis,ITF M15 Madrid 4 Men,ITF Men,Alejo Sanchez Quilez,Sergi Perez Contri,2,0,True,2,False,2.1,,1.67,,,,,,,,,,
2025-12-05,tennis,ITF M15 Madrid 4 Men,ITF Men,Nicholas David Ionel,Rafael Izquierdo Luque,2,0,True,2,False,1.67,,2.1,,,,,,,,,,
2025-12-05,tennis,ITF M15 Madrid 4 Men,ITF Men,Luka Talan Lopatič,Max Alcala Gurri,0,2,False,2,False,6.0,,1.11,,,,,,,,,,
2025-12-05,tennis,ITF M15 Madrid 4 Men,ITF Men,Mario Gonzalez Fernandez,Daniel Lara Salmeron,2,0,True,2,False,1.06,,8.0,,,,,,,,,,
2025-12-05,tennis,ITF M15 Madrid 4 Men,ITF Men,Nicholas David Ionel,Carlos Lopez Montagud,0,2,False,2,False,2.75,,1.4,,,,,,,,,,
2025-12-05,tennis,ITF M15 Madrid 4 Men,ITF Men,Tiago Torres,Alejo Sanchez Quilez,2,1,True,3,True,1.67,,2.1,,,,,,,,,,
2025-12-06,tennis,ITF M15 Madrid 4 Men,ITF Men,Mario Gonzalez Fernandez,Max Alcala Gurri,0,2,False,2,False,4.0,,1.22,,,,,,,,,,
2025-12-06,tennis,ITF M15 Madrid 4 Men,ITF Men,Stefan Palosi,Diego Fernandez Flores,2,1,True,3,True,1.25,,3.75,,,,,,,,,,
2025-12-06,tennis,ITF M15 Madrid 4 Men,ITF Men,Mario Gonzalez Fernandez,Max Alcala Gurri,0,2,False,2,False,4.0,,1.22,,,,,,,,,,
2025-12-06,tennis,ITF M15 Madrid 4 Men,ITF Men,Stefan Palosi,Diego Fernandez Flores,2,1,True,3,True,1.25,,3.75,,,,,,,,,,
2025-12-06,tennis,ITF M15 Madrid 4 Men,ITF Men,Mario Gonzalez Fernandez,Max Alcala Gurri,0,2,False,2,False,4.0,,1.22,,,,,,,,,,
2025-12-06,tennis,ITF M15 Madrid 4 Men,ITF Men,Stefan Palosi,Diego Fernandez Flores,2,1,True,3,True,1.25,,3.75,,,,,,,,,,
2025-12-07,tennis,ITF M15 Madrid 4 Men,ITF Men,Tiago Torres,Stefan Palosi,0,2,False,2,False,2.0,,1.73,,,,,,,,,,
2025-12-07,tennis,ITF M15 Madrid 4 Men,ITF Men,Carlos Lopez Montagud,Max Alcala Gurri,0,2,False,2,False,2.1,,1.67,,,,,,,,,,
2025-12-07,tennis,ITF M15 Madrid 4 Men,ITF Men,Tiago Torres,Stefan Palosi,0,2,False,2,False,2.0,,1.73,,,,,,,,,,
2025-12-07,tennis,ITF M15 Madrid 4 Men,ITF Men,Carlos Lopez Montagud,Max Alcala Gurri,0,2,False,2,False,2.1,,1.67,,,,,,,,,,
2025-12-07,tennis,ITF M15 Madrid 4 Men,ITF Men,Tiago Torres,Stefan Palosi,0,2,False,2,False,2.0,,1.73,,,,,,,,,,
2025-12-07,tennis,ITF M15 Madrid 4 Men,ITF Men,Carlos Lopez Montagud,Max Alcala Gurri,0,2,False,2,False,2.1,,1.67,,,,,,,,,,
2025-12-08,tennis,ITF M15 Madrid 4 Men,ITF Men,Stefan Palosi,Max Alcala Gurri,0,2,False,2,False,2.75,,1.4,,,,,,,,,,
2025-12-08,tennis,ITF M15 Madrid 4 Men,ITF Men,Stefan Palosi,Max Alcala Gurri,0,2,False,2,False,2.75,,1.4,,,,,,,,,,
2025-12-08,tennis,ITF M15 Madrid 4 Men,ITF Men,Stefan Palosi,Max Alcala Gurri,0,2,False,2,False,2.75,,1.4,,,,,,,,,,
2026-01-18,tennis,"Australian Open, Melbourne, Australia",ATP,Arthur Fery,Flavio Cobolli,3,0,True,3,False,3.2,,1.36,,,,,,,,,,
2026-01-18,tennis,"Australian Open, Melbourne, Australia",ATP,Miomir Kecmanović,Tomas Martin Etcheverry,2,3,False,5,True,2.1,,1.73,,,,,,,,,,
2026-01-18,tennis,"Australian Open, Melbourne, Australia",ATP,Tristan Schoolkate,Corentin Moutet,0,3,False,3,False,3.4,,1.33,,,,,,,,,,
2026-01-18,tennis,"Australian Open, Melbourne, Australia",ATP,Alexander Zverev,Gabriel Diallo,3,1,True,4,True,1.13,,6.0,,,,,,,,,,
2026-01-18,tennis,"Australian Open, Melbourne, Australia",ATP,Francisco Cerundolo,Zhizhen Zhang,3,0,True,3,False,1.4,,3.0,,,,,,,,,,
2026-01-18,tennis,"Australian Open, Melbourne, Australia",ATP,Patrick Kypson,Francisco Comesaña,1,3,False,4,True,2.38,,1.57,,,,,,,,,,
2026-01-18,tennis,"Australian Open, Melbourne, Australia",ATP,Emilio Nava,Kyrian Jacquet,3,2,True,5,True,1.57,,2.38,,,,,,,,,,
2026-01-18,tennis,"Australian Open, Melbourne, Australia",ATP,Liam Draxl,Damir Džumhur,0,3,False,3,False,2.1,,1.73,,,,,,,,,,
2026-01-18,tennis,"Australian Open, Melbourne, Australia",ATP,Michael Zheng,Sebastian Korda,3,2,True,5,True,3.5,,1.3,,,,,,,,,,
2026-01-18,tennis,"Australian Open, Melbourne, Australia",ATP,Alexander Blockx,Jaime Faria,1,3,False,4,True,1.57,,2.38,,,,,,,,,,
2026-01-18,tennis,"Australian Open, Melbourne, Australia",ATP,Camilo Ugo Carabelli,Marton Fucsovics,0,3,False,3,False,4.5,,1.2,,,,,,,,,,
2026-01-18,tennis,"Australian Open, Melbourne, Australia",ATP,Frances Tiafoe,Jason Kubler,3,0,True,3,False,1.22,,4.33,,,,,,,,,,
2026-01-18,tennis,"Australian Open, Melbourne, Australia",ATP,Yannick Hanfmann,Zachary Svajda,3,1,True,4,True,2.3,,1.62,,,,,,,,,,
2026-01-18,tennis,"Australian Open, Melbourne, Australia",ATP,Benjamin Bonzi,Cameron Norrie,2,3,False,5,True,3.5,,1.3,,,,,,,,,,
2026-01-18,tennis,"Australian Open, Melbourne, Australia",ATP,Alexander Bublik,Jenson Brooksby,3,0,True,3,False,1.28,,3.75,,,,,,,,,,
2026-01-18,tennis,"Australian Open, Melbourne, Australia",ATP,Carlos Alcaraz,Adam Walton,3,0,True,3,False,1.0,,41.0,,,,,,,,,,
2026-01-18,tennis,"Australian Open, Melbourne, Australia",WTA,Dayana Yastremska,Elena-Gabriela Ruse,0,2,False,2,False,1.73,,2.1,,,,,,,,,,
2026-01-18,tennis,"Australian Open, Melbourne, Australia",WTA,Talia Gibson,Anna Blinkova,2,0,True,2,False,1.8,,2.0,,,,,,,,,,
2026-01-18,tennis,"Australian Open, Melbourne, Australia",WTA,Yulia Putintseva,Beatriz Haddad Maia,2,1,True,3,True,1.73,,2.1,,,,,,,,,,
2026-01-18,tennis,"Australian Open, Melbourne, Australia",WTA,Aliaksandra Sasnovich,Jasmine Paolini,0,2,False,2,False,3.4,,1.33,,,,,,,,,,
2026-01-18,tennis,"Australian Open, Melbourne, Australia",WTA,Maria Sakkari,Leolia Jeanjean,2,0,True,2,False,1.17,,5.0,,,,,,,,,,
2026-01-18,tennis,"Australian Open, Melbourne, Australia",WTA,Catherine McNally,Himeno Sakatsume,2,0,True,2,False,1.4,,3.0,,,,,,,,,,
2026-01-18,tennis,"Australian Open, Melbourne, Australia",WTA,Elsa Jacquemot,Marta Kostyuk,2,1,True,3,True,8.0,,1.08,,,,,,,,,,
2026-01-18,tennis,"Australian Open, Melbourne, Australia",WTA,Elina Svitolina,Cristina Bucsa,2,0,True,2,False,1.2,,4.5,,,,,,,,,,
2026-01-18,tennis,"Australian Open, Melbourne, Australia",WTA,Ekaterina Alexandrova,Zeynep Sönmez,1,2,False,3,True,1.25,,4.0,,,,,,,,,,
2026-01-18,tennis,"Australian Open, Melbourne, Australia",WTA,Polina Kudermetova,Guiomar Maristany,2,0,True,2,False,1.22,,4.33,,,,,,,,,,
2026-01-18,tennis,"Australian Open, Melbourne, Australia",WTA,Aryna Sabalenka,Tiantsoa Rakotomanga Rajaonah,2,0,True,2,False,1.0,,34.0,,,,,,,,,,
2026-01-18,tennis,"Australian Open, Melbourne, Australia",WTA,Suzan Lamens,Anastasia Potapova,1,2,False,3,True,2.75,,1.44,,,,,,,,,,
2026-01-18,tennis,"Australian Open, Melbourne, Australia",WTA,Anastasia Pavlyuchenkova,Zhuoxuan Bai,1,2,False,3,True,1.62,,2.3,,,,,,,,,,
2026-01-18,tennis,"Australian Open, Melbourne, Australia",WTA,Olga Danilović,Venus Williams,2,1,True,3,True,1.14,,5.5,,,,,,,,,,
2026-01-18,tennis,"Australian Open, Melbourne, Australia",ATP,Arthur Fery,Flavio Cobolli,3,0,True,3,False,3.2,,1.36,,,,,,,,,,
2026-01-18,tennis,"Australian Open, Melbourne, Australia",ATP,Miomir Kecmanović,Tomas Martin Etcheverry,2,3,False,5,True,2.1,,1.73,,,,,,,,,,
2026-01-18,tennis,"Australian Open, Melbourne, Australia",ATP,Tristan Schoolkate,Corentin Moutet,0,3,False,3,False,3.4,,1.33,,,,,,,,,,
2026-01-18,tennis,"Australian Open, Melbourne, Australia",ATP,Alexander Zverev,Gabriel Diallo,3,1,True,4,True,1.13,,6.0,,,,,,,,,,
2026-01-18,tennis,"Australian Open, Melbourne, Australia",ATP,Francisco Cerundolo,Zhizhen Zhang,3,0,True,3,False,1.4,,3.0,,,,,,,,,,
2026-01-18,tennis,"Australian Open, Melbourne, Australia",ATP,Patrick Kypson,Francisco Comesaña,1,3,False,4,True,2.38,,1.57,,,,,,,,,,
2026-01-18,tennis,"Australian Open, Melbourne, Australia",ATP,Emilio Nava,Kyrian Jacquet,3,2,True,5,True,1.57,,2.38,,,,,,,,,,
2026-01-18,tennis,"Australian Open, Melbourne, Australia",ATP,Liam Draxl,Damir Džumhur,0,3,False,3,False,2.1,,1.73,,,,,,,,,,
2026-01-18,tennis,"Australian Open, Melbourne, Australia",ATP,Michael Zheng,Sebastian Korda,3,2,True,5,True,3.5,,1.3,,,,,,,,,,
2026-01-18,tennis,"Australian Open, Melbourne, Australia",ATP,Alexander Blockx,Jaime Faria,1,3,False,4,True,1.57,,2.38,,,,,,,,,,
2026-01-18,tennis,"Australian Open, Melbourne, Australia",ATP,Camilo Ugo Carabelli,Marton Fucsovics,0,3,False,3,False,4.5,,1.2,,,,,,,,,,
2026-01-18,tennis,"Australian Open, Melbourne, Australia",ATP,Frances Tiafoe,Jason Kubler,3,0,True,3,False,1.22,,4.33,,,,,,,,,,
2026-01-18,tennis,"Australian Open, Melbourne, Australia",ATP,Yannick Hanfmann,Zachary Svajda,3,1,True,4,True,2.3,,1.62,,,,,,,,,,
2026-01-18,tennis,"Australian Open, Melbourne, Australia",ATP,Benjamin Bonzi,Cameron Norrie,2,3,False,5,True,3.5,,1.3,,,,,,,,,,
2026-01-18,tennis,"Australian Open, Melbourne, Australia",ATP,Alexander Bublik,Jenson Brooksby,3,0,True,3,False,1.28,,3.75,,,,,,,,,,
2026-01-18,tennis,"Australian Open, Melbourne, Australia",ATP,Carlos Alcaraz,Adam Walton,3,0,True,3,False,1.0,,41.0,,,,,,,,,,
2026-01-18,tennis,"Australian Open, Melbourne, Australia",WTA,Dayana Yastremska,Elena-Gabriela Ruse,0,2,False,2,False,1.73,,2.1,,,,,,,,,,
2026-01-18,tennis,"Australian Open, Melbourne, Australia",WTA,Talia Gibson,Anna Blinkova,2,0,True,2,False,1.8,,2.0,,,,,,,,,,
2026-01-18,tennis,"Australian Open, Melbourne, Australia",WTA,Yulia Putintseva,Beatriz Haddad Maia,2,1,True,3,True,1.73,,2.1,,,,,,,,,,
2026-01-18,tennis,"Australian Open, Melbourne, Australia",WTA,Aliaksandra Sasnovich,Jasmine Paolini,0,2,False,2,False,3.4,,1.33,,,,,,,,,,
2026-01-18,tennis,"Australian Open, Melbourne, Australia",WTA,Maria Sakkari,Leolia Jeanjean,2,0,True,2,False,1.17,,5.0,,,,,,,,,,
2026-01-18,tennis,"Australian Open, Melbourne, Australia",WTA,Catherine McNally,Himeno Sakatsume,2,0,True,2,False,1.4,,3.0,,,,,,,,,,
2026-01-18,tennis,"Australian Open, Melbourne, Australia",WTA,Elsa Jacquemot,Marta Kostyuk,2,1,True,3,True,8.0,,1.08,,,,,,,,,,
2026-01-18,tennis,"Australian Open, Melbourne, Australia",WTA,Elina Svitolina,Cristina Bucsa,2,0,True,2,False,1.2,,4.5,,,,,,,,,,
2026-01-18,tennis,"Australian Open, Melbourne, Australia",WTA,Ekaterina Alexandrova,Zeynep Sönmez,1,2,False,3,True,1.25,,4.0,,,,,,,,,,
2026-01-18,tennis,"Australian Open, Melbourne, Australia",WTA,Polina Kudermetova,Guiomar Maristany,2,0,True,2,False,1.22,,4.33,,,,,,,,,,
2026-01-18,tennis,"Australian Open, Melbourne, Australia",WTA,Aryna Sabalenka,Tiantsoa Rakotomanga Rajaonah,2,0,True,2,False,1.0,,34.0,,,,,,,,,,
2026-01-18,tennis,"Australian Open, Melbourne, Australia",WTA,Suzan Lamens,Anastasia Potapova,1,2,False,3,True,2.75,,1.44,,,,,,,,,,
2026-01-18,tennis,"Australian Open, Melbourne, Australia",WTA,Anastasia Pavlyuchenkova,Zhuoxuan Bai,1,2,False,3,True,1.62,,2.3,,,,,,,,,,
2026-01-18,tennis,"Australian Open, Melbourne, Australia",WTA,Olga Danilović,Venus Williams,2,1,True,3,True,1.14,,5.5,,,,,,,,,,
2026-01-19,tennis,"Australian Open, Melbourne, Australia",WTA,Mananchaya Sawangkaew,Emma Raducanu,0,2,False,2,False,4.5,,1.2,,,,,,,,,,
2026-01-19,tennis,"Australian Open, Melbourne, Australia",ATP,Mariano Navone,Hamad Medjedović,1,3,False,4,True,3.2,,1.36,,,,,,,,,,
2026-01-19,tennis,"Australian Open, Melbourne, Australia",ATP,Quentin Halys,Alejandro Tabilo,3,0,True,3,False,1.8,,2.0,,,,,,,,,,
2026-01-19,tennis,"Australian Open, Melbourne, Australia",ATP,Elias Ymer,Alexander Shevchenko,1,3,False,4,True,2.75,,1.44,,,,,,,,,,
2026-01-19,tennis,"Australian Open, Melbourne, Australia",ATP,Daniil Medvedev,Jesper De Jong,3,0,True,3,False,1.04,,13.0,,,,,,,,,,
2026-01-19,tennis,"Australian Open, Melbourne, Australia",ATP,Fábián Marozsán,Arthur Rinderknech,3,1,True,4,True,1.8,,2.0,,,,,,,,,,
2026-01-19,tennis,"Australian Open, Melbourne, Australia",ATP,Juncheng Shang,Roberto Bautista Agut,3,1,True,4,True,1.3,,3.5,,,,,,,,,,
2026-01-19,tennis,"Australian Open, Melbourne, Australia",ATP,Tommy Paul,Aleksandar Kovacevic,3,0,True,3,False,1.17,,5.0,,,,,,,,,,
2026-01-19,tennis,"Australian Open, Melbourne, Australia",ATP,Nicolai Budkov Kjaer,Reilly Opelka,0,3,False,3,False,2.5,,1.53,,,,,,,,,,
2026-01-19,tennis,"Australian Open, Melbourne, Australia",ATP,Matteo Arnaldi,Andrey Rublev,0,3,False,3,False,4.33,,1.22,,,,,,,,,,
2026-01-19,tennis,"Australian Open, Melbourne, Australia",ATP,Juan Manuel Cerundolo,Jordan Thompson,1,3,False,4,True,2.75,,1.44,,,,,,,,,,
2026-01-19,tennis,"Australian Open, Melbourne, Australia",ATP,Mackenzie McDonald,Alex de Minaur,0,3,False,3,False,11.0,,1.05,,,,,,,,,,
2026-01-19,tennis,"Australian Open, Melbourne, Australia",ATP,Learner Tien,Marcos Giron,3,2,True,5,True,1.5,,2.63,,,,,,,,,,
2026-01-19,tennis,"Australian Open, Melbourne, Australia",ATP,Filip Misolic,Alejandro Davidovich Fokina,0,3,False,3,False,10.0,,1.06,,,,,,,,,,
2026-01-19,tennis,"Australian Open, Melbourne, Australia",ATP,Thiago Agustin Tirante,Aleksandar Vukic,3,0,True,3,False,2.75,,1.44,,,,,,,,,,
2026-01-19,tennis,"Australian Open, Melbourne, Australia",ATP,Laslo Djere,Stan Wawrinka,1,3,False,4,True,2.0,,1.8,,,,,,,,,,
2026-01-19,tennis,"Australian Open, Melbourne, Australia",ATP,Kamil Majchrzak,Jacob Fearnley,3,1,True,4,True,1.44,,2.75,,,,,,,,,,
2026-01-19,tennis,"Australian Open, Melbourne, Australia",ATP,Brandon Nakashima,Botic Van de Zandschulp,1,3,False,4,True,1.36,,3.2,,,,,,,,,,
2026-01-19,tennis,"Australian Open, Melbourne, Australia",ATP,Daniel Altmaier,Marin Čilić,0,3,False,3,False,2.63,,1.5,,,,,,,,,,
2026-01-19,tennis,"Australian Open, Melbourne, Australia",ATP,Terence Atmane,Francesco Maestrelli,2,3,False,5,True,1.5,,2.63,,,,,,,,,,
2026-01-19,tennis,"Australian Open, Melbourne, Australia",ATP,Jaume Munar,Dalibor Svrčina,3,2,True,5,True,1.22,,4.33,,,,,,,,,,
2026-01-19,tennis,"Australian Open, Melbourne, Australia",ATP,Denis Shapovalov,Yunchaokete Bu,3,0,True,3,False,1.5,,2.63,,,,,,,,,,
2026-01-19,tennis,"Australian Open, Melbourne, Australia",ATP,Adrian Mannarino,Rinky Hijikata,0,3,False,3,False,2.2,,1.67,,,,,,,,,,
2026-01-19,tennis,"Australian Open, Melbourne, Australia",ATP,Jiri Lehečka,Arthur Gea,0,3,False,3,False,1.33,,3.4,,,,,,,,,,
2026-01-19,tennis,"Australian Open, Melbourne, Australia",ATP,Martin Damm Jr,Valentin Vacherot,0,3,False,3,False,2.75,,1.44,,,,,,,,,,
2026-01-19,tennis,"Australian Open, Melbourne, Australia",ATP,Alexei Popyrin,Alexandre Muller,2,3,False,5,True,1.36,,3.2,,,,,,,,,,
2026-01-19,tennis,"Australian Open, Melbourne, Australia",WTA,Mananchaya Sawangkaew,Emma Raducanu,0,2,False,2,False,4.5,,1.2,,,,,,,,,,
2026-01-19,tennis,"Australian Open, Melbourne, Australia",WTA,Anna Bondar,Elizabeth Mandlik,2,0,True,2,False,1.3,,3.5,,,,,,,,,,
2026-01-19,tennis,"Australian Open, Melbourne, Australia",WTA,Emiliana Arango,McCartney Kessler,0,2,False,2,False,5.0,,1.17,,,,,,,,,,
2026-01-19,tennis,"Australian Open, Melbourne, Australia",WTA,Magda Linette,Emma Navarro,2,1,True,3,True,3.2,,1.36,,,,,,,,,,
2026-01-19,tennis,"Australian Open, Melbourne, Australia",WTA,Petra Marčinko,Tatjana Maria,2,0,True,2,False,1.4,,3.0,,,,,,,,,,
2026-01-19,tennis,"Australian Open, Melbourne, Australia",WTA,Storm Hunter,Jessica Bouzas Maneiro,2,0,True,2,False,2.75,,1.44,,,,,,,,,,
2026-01-19,tennis,"Australian Open, Melbourne, Australia",WTA,Veronika Erjavec,Magdalena Frech,0,2,False,2,False,4.33,,1.22,,,,,,,,,,
2026-01-19,tennis,"Australian Open, Melbourne, Australia",WTA,Sofia Kenin,Peyton Stearns,0,2,False,2,False,1.67,,2.2,,,,,,,,,,
2026-01-19,tennis,"Australian Open, Melbourne, Australia",WTA,Ann Li,Camila Osorio,2,1,True,3,True,1.62,,2.3,,,,,,,,,,
2026-01-19,tennis,"Australian Open, Melbourne, Australia",WTA,Coco Gauff,Kamilla Rakhimova,2,0,True,2,False,1.04,,13.0,,,,,,,,,,
2026-01-19,tennis,"Australian Open, Melbourne, Australia",WTA,Jessica Pegula,Anastasia Zakharova,2,0,True,2,False,1.07,,9.0,,,,,,,,,,
2026-01-19,tennis,"Australian Open, Melbourne, Australia",WTA,Dalma Galfi,Clara Tauson,0,2,False,2,False,2.75,,1.44,,,,,,,,,,
2026-01-19,tennis,"Australian Open, Melbourne, Australia",WTA,Karolina Muchova,Jaqueline Cristian,2,0,True,2,False,1.17,,5.0,,,,,,,,,,
2026-01-19,tennis,"Australian Open, Melbourne, Australia",WTA,Alycia Parks,Alexandra Eala,2,1,True,3,True,3.75,,1.28,,,,,,,,,,
2026-01-19,tennis,"Australian Open, Melbourne, Australia",WTA,Simona Waltert,Amanda Anisimova,0,2,False,2,False,15.0,,1.03,,,,,,,,,,
2026-01-19,tennis,"Australian Open, Melbourne, Australia",WTA,Oksana Selekhmeteva,Ella Seidel,2,1,True,3,True,1.73,,2.1,,,,,,,,,,
2026-01-19,tennis,"Australian Open, Melbourne, Australia",WTA,Iva Jovic,Katie Volynets,2,0,True,2,False,1.33,,3.4,,,,,,,,,,
2026-01-19,tennis,"Australian Open, Melbourne, Australia",WTA,Linda Noskova,Darja Semenistaja,2,0,True,2,False,1.13,,6.0,,,,,,,,,,
2026-01-19,tennis,"Australian Open, Melbourne, Australia",WTA,Victoria Mboko,Emerson Jones,2,0,True,2,False,1.22,,4.33,,,,,,,,,,
2026-01-19,tennis,"Australian Open, Melbourne, Australia",WTA,Yuliia Starodubtseva,Ajla Tomljanovic,1,2,False,3,True,2.1,,1.73,,,,,,,,,,
2026-01-19,tennis,"Australian Open, Melbourne, Australia",WTA,Zarina Diyas,Paula Badosa,0,2,False,2,False,17.0,,1.02,,,,,,,,,,
2026-01-19,tennis,"Australian Open, Melbourne, Australia",WTA,Renata Zarazua,Marie Bouzkova,0,2,False,2,False,3.75,,1.28,,,,,,,,,,
2026-01-19,tennis,"Australian Open, Melbourne, Australia",WTA,Barbora Krejčiková,Diana Shnaider,1,2,False,3,True,2.5,,1.53,,,,,,,,,,
2026-01-19,tennis,"Australian Open, Melbourne, Australia",WTA,Donna Vekić,Mirra Andreeva,1,2,False,3,True,6.5,,1.11,,,,,,,,,,
2026-01-19,tennis,"Australian Open, Melbourne, Australia",WTA,Yue Yuan,Iga Swiatek,0,2,False,2,False,26.0,,1.01,,,,,,,,,,
2026-01-19,tennis,"Australian Open, Melbourne, Australia",WTA,Solana Sierra,Moyuka Uchijima,0,2,False,2,False,1.44,,2.75,,,,,,,,,,
2026-01-19,tennis,"Australian Open, Melbourne, Australia",WTA,Elise Mertens,Lanlana Tararudee,2,0,True,2,False,1.25,,4.0,,,,,,,,,,
2026-01-19,tennis,"Australian Open, Melbourne, Australia",ATP,Mariano Navone,Hamad Medjedović,1,3,False,4,True,3.2,,1.36,,,,,,,,,,
2026-01-19,tennis,"Australian Open, Melbourne, Australia",ATP,Quentin Halys,Alejandro Tabilo,3,0,True,3,False,1.8,,2.0,,,,,,,,,,
2026-01-19,tennis,"Australian Open, Melbourne, Australia",ATP,Elias Ymer,Alexander Shevchenko,1,3,False,4,True,2.75,,1.44,,,,,,,,,,
2026-01-19,tennis,"Australian Open, Melbourne, Australia",ATP,Daniil Medvedev,Jesper De Jong,3,0,True,3,False,1.04,,13.0,,,,,,,,,,
2026-01-19,tennis,"Australian Open, Melbourne, Australia",ATP,Fábián Marozsán,Arthur Rinderknech,3,1,True,4,True,1.8,,2.0,,,,,,,,,,
2026-01-19,tennis,"Australian Open, Melbourne, Australia",ATP,Juncheng Shang,Roberto Bautista Agut,3,1,True,4,True,1.3,,3.5,,,,,,,,,,
2026-01-19,tennis,"Australian Open, Melbourne, Australia",ATP,Tommy Paul,Aleksandar Kovacevic,3,0,True,3,False,1.17,,5.0,,,,,,,,,,
2026-01-19,tennis,"Australian Open, Melbourne, Australia",ATP,Nicolai Budkov Kjaer,Reilly Opelka,0,3,False,3,False,2.5,,1.53,,,,,,,,,,
2026-01-19,tennis,"Australian Open, Melbourne, Australia",ATP,Matteo Arnaldi,Andrey Rublev,0,3,False,3,False,4.33,,1.22,,,,,,,,,,
2026-01-19,tennis,"Australian Open, Melbourne, Australia",ATP,Juan Manuel Cerundolo,Jordan Thompson,1,3,False,4,True,2.75,,1.44,,,,,,,,,,
2026-01-19,tennis,"Australian Open, Melbourne, Australia",ATP,Mackenzie McDonald,Alex de Minaur,0,3,False,3,False,11.0,,1.05,,,,,,,,,,
2026-01-19,tennis,"Australian Open, Melbourne, Australia",ATP,Learner Tien,Marcos Giron,3,2,True,5,True,1.5,,2.63,,,,,,,,,,
2026-01-19,tennis,"Australian Open, Melbourne, Australia",ATP,Filip Misolic,Alejandro Davidovich Fokina,0,3,False,3,False,10.0,,1.06,,,,,,,,,,
2026-01-19,tennis,"Australian Open, Melbourne, Australia",ATP,Thiago Agustin Tirante,Aleksandar Vukic,3,0,True,3,False,2.75,,1.44,,,,,,,,,,
2026-01-19,tennis,"Australian Open, Melbourne, Australia",ATP,Laslo Djere,Stan Wawrinka,1,3,False,4,True,2.0,,1.8,,,,,,,,,,
2026-01-19,tennis,"Australian Open, Melbourne, Australia",ATP,Kamil Majchrzak,Jacob Fearnley,3,1,True,4,True,1.44,,2.75,,,,,,,,,,
2026-01-19,tennis,"Australian Open, Melbourne, Australia",ATP,Brandon Nakashima,Botic Van de Zandschulp,1,3,False,4,True,1.36,,3.2,,,,,,,,,,
2026-01-19,tennis,"Australian Open, Melbourne, Australia",ATP,Daniel Altmaier,Marin Čilić,0,3,False,3,False,2.63,,1.5,,,,,,,,,,
2026-01-19,tennis,"Australian Open, Melbourne, Australia",ATP,Terence Atmane,Francesco Maestrelli,2,3,False,5,True,1.5,,2.63,,,,,,,,,,
2026-01-19,tennis,"Australian Open, Melbourne, Australia",ATP,Jaume Munar,Dalibor Svrčina,3,2,True,5,True,1.22,,4.33,,,,,,,,,,
2026-01-19,tennis,"Australian Open, Melbourne, Australia",ATP,Denis Shapovalov,Yunchaokete Bu,3,0,True,3,False,1.5,,2.63,,,,,,,,,,
2026-01-19,tennis,"Australian Open, Melbourne, Australia",ATP,Adrian Mannarino,Rinky Hijikata,0,3,False,3,False,2.2,,1.67,,,,,,,,,,
2026-01-19,tennis,"Australian Open, Melbourne, Australia",ATP,Jiri Lehečka,Arthur Gea,0,3,False,3,False,1.33,,3.4,,,,,,,,,,
2026-01-19,tennis,"Australian Open, Melbourne, Australia",ATP,Martin Damm Jr,Valentin Vacherot,0,3,False,3,False,2.75,,1.44,,,,,,,,,,
2026-01-19,tennis,"Australian Open, Melbourne, Australia",ATP,Alexei Popyrin,Alexandre Muller,2,3,False,5,True,1.36,,3.2,,,,,,,,,,
2026-01-19,tennis,"Australian Open, Melbourne, Australia",WTA,Mananchaya Sawangkaew,Emma Raducanu,0,2,False,2,False,4.5,,1.2,,,,,,,,,,
2026-01-19,tennis,"Australian Open, Melbourne, Australia",WTA,Anna Bondar,Elizabeth Mandlik,2,0,True,2,False,1.3,,3.5,,,,,,,,,,
2026-01-19,tennis,"Australian Open, Melbourne, Australia",WTA,Emiliana Arango,McCartney Kessler,0,2,False,2,False,5.0,,1.17,,,,,,,,,,
2026-01-19,tennis,"Australian Open, Melbourne, Australia",WTA,Magda Linette,Emma Navarro,2,1,True,3,True,3.2,,1.36,,,,,,,,,,
2026-01-19,tennis,"Australian Open, Melbourne, Australia",WTA,Petra Marčinko,Tatjana Maria,2,0,True,2,False,1.4,,3.0,,,,,,,,,,
2026-01-19,tennis,"Australian Open, Melbourne, Australia",WTA,Storm Hunter,Jessica Bouzas Maneiro,2,0,True,2,False,2.75,,1.44,,,,,,,,,,
2026-01-19,tennis,"Australian Open, Melbourne, Australia",WTA,Veronika Erjavec,Magdalena Frech,0,2,False,2,False,4.33,,1.22,,,,,,,,,,
2026-01-19,tennis,"Australian Open, Melbourne, Australia",WTA,Sofia Kenin,Peyton Stearns,0,2,False,2,False,1.67,,2.2,,,,,,,,,,
2026-01-19,tennis,"Australian Open, Melbourne, Australia",WTA,Ann Li,Camila Osorio,2,1,True,3,True,1.62,,2.3,,,,,,,,,,
2026-01-19,tennis,"Australian Open, Melbourne, Australia",WTA,Coco Gauff,Kamilla Rakhimova,2,0,True,2,False,1.04,,13.0,,,,,,,,,,
2026-01-19,tennis,"Australian Open, Melbourne, Australia",WTA,Jessica Pegula,Anastasia Zakharova,2,0,True,2,False,1.07,,9.0,,,,,,,,,,
2026-01-19,tennis,"Australian Open, Melbourne, Australia",WTA,Dalma Galfi,Clara Tauson,0,2,False,2,False,2.75,,1.44,,,,,,,,,,
2026-01-19,tennis,"Australian Open, Melbourne, Australia",WTA,Karolina Muchova,Jaqueline Cristian,2,0,True,2,False,1.17,,5.0,,,,,,,,,,
2026-01-19,tennis,"Australian Open, Melbourne, Australia",WTA,Alycia Parks,Alexandra Eala,2,1,True,3,True,3.75,,1.28,,,,,,,,,,
2026-01-19,tennis,"Australian Open, Melbourne, Australia",WTA,Simona Waltert,Amanda Anisimova,0,2,False,2,False,15.0,,1.03,,,,,,,,,,
2026-01-19,tennis,"Australian Open, Melbourne, Australia",WTA,Oksana Selekhmeteva,Ella Seidel,2,1,True,3,True,1.73,,2.1,,,,,,,,,,
2026-01-19,tennis,"Australian Open, Melbourne, Australia",WTA,Iva Jovic,Katie Volynets,2,0,True,2,False,1.33,,3.4,,,,,,,,,,
2026-01-19,tennis,"Australian Open, Melbourne, Australia",WTA,Linda Noskova,Darja Semenistaja,2,0,True,2,False,1.13,,6.0,,,,,,,,,,
2026-01-19,tennis,"Australian Open, Melbourne, Australia",WTA,Victoria Mboko,Emerson Jones,2,0,True,2,False,1.22,,4.33,,,,,,,,,,
2026-01-19,tennis,"Australian Open, Melbourne, Australia",WTA,Yuliia Starodubtseva,Ajla Tomljanovic,1,2,False,3,True,2.1,,1.73,,,,,,,,,,
2026-01-19,tennis,"Australian Open, Melbourne, Australia",WTA,Zarina Diyas,Paula Badosa,0,2,False,2,False,17.0,,1.02,,,,,,,,,,
2026-01-19,tennis,"Australian Open, Melbourne, Australia",WTA,Renata Zarazua,Marie Bouzkova,0,2,False,2,False,3.75,,1.28,,,,,,,,,,
2026-01-19,tennis,"Australian Open, Melbourne, Australia",WTA,Barbora Krejčiková,Diana Shnaider,1,2,False,3,True,2.5,,1.53,,,,,,,,,,
2026-01-19,tennis,"Australian Open, Melbourne, Australia",WTA,Donna Vekić,Mirra Andreeva,1,2,False,3,True,6.5,,1.11,,,,,,,,,,
2026-01-19,tennis,"Australian Open, Melbourne, Australia",WTA,Yue Yuan,Iga Swiatek,0,2,False,2,False,26.0,,1.01,,,,,,,,,,
2026-01-19,tennis,"Australian Open, Melbourne, Australia",WTA,Solana Sierra,Moyuka Uchijima,0,2,False,2,False,1.44,,2.75,,,,,,,,,,
2026-01-19,tennis,"Australian Open, Melbourne, Australia",WTA,Elise Mertens,Lanlana Tararudee,2,0,True,2,False,1.25,,4.0,,,,,,,,,,
2026-01-20,tennis,"Australian Open, Melbourne, Australia",ATP,Mattia Bellucci,Casper Ruud,0,3,False,3,False,5.0,,1.17,,,,,,,,,,
2026-01-20,tennis,"Australian Open, Melbourne, Australia",ATP,Pedro Martinez,Novak Djokovic,0,3,False,3,False,17.0,,1.02,,,,,,,,,,
2026-01-20,tennis,"Australian Open, Melbourne, Australia",ATP,Mattia Bellucci,Casper Ruud,0,3,False,3,False,5.0,,1.17,,,,,,,,,,
2026-01-20,tennis,"Australian Open, Melbourne, Australia",ATP,Pedro Martinez,Novak Djokovic,0,3,False,3,False,17.0,,1.02,,,,,,,,,,
2026-01-20,tennis,"Australian Open, Melbourne, Australia",ATP,Cristian Garin,Luciano Darderi,0,3,False,3,False,2.63,,1.5,,,,,,,,,,
2026-01-20,tennis,"Australian Open, Melbourne, Australia",ATP,Lorenzo Sonego,Carlos Taberner,3,0,True,3,False,1.08,,8.0,,,,,,,,,,
2026-01-20,tennis,"Australian Open, Melbourne, Australia",ATP,Ethan Quinn,Tallon Griekspoor,3,0,True,3,False,2.1,,1.73,,,,,,,,,,
2026-01-20,tennis,"Australian Open, Melbourne, Australia",ATP,Giovanni Mpetshi Perricard,Sebastián Báez,2,3,False,5,True,1.62,,2.3,,,,,,,,,,
2026-01-20,tennis,"Australian Open, Melbourne, Australia",ATP,Karen Khachanov,Alex Michelsen,3,2,True,5,True,1.57,,2.38,,,,,,,,,,
2026-01-20,tennis,"Australian Open, Melbourne, Australia",ATP,Christopher O'Connell,Nishesh Basavareddy,2,3,False,5,True,2.3,,1.62,,,,,,,,,,
2026-01-20,tennis,"Australian Open, Melbourne, Australia",ATP,Jakub Menšik,Pablo Carreño Busta,3,2,True,5,True,1.22,,4.33,,,,,,,,,,
2026-01-20,tennis,"Australian Open, Melbourne, Australia",ATP,Ben Shelton,Ugo Humbert,3,0,True,3,False,1.57,,2.38,,,,,,,,,,
2026-01-20,tennis,"Australian Open, Melbourne, Australia",ATP,Joao Fonseca,Eliot Spizzirri,1,3,False,4,True,1.5,,2.63,,,,,,,,,,
2026-01-20,tennis,"Australian Open, Melbourne, Australia",ATP,Luca Nardi,Yibing Wu,1,3,False,4,True,4.0,,1.25,,,,,,,,,,
2026-01-20,tennis,"Australian Open, Melbourne, Australia",ATP,Dane Sweeny,Gael Monfils,3,1,True,4,True,2.38,,1.57,,,,,,,,,,
2026-01-20,tennis,"Australian Open, Melbourne, Australia",ATP,Rei Sakamoto,Rafael Jodar,2,3,False,5,True,3.0,,1.4,,,,,,,,,,
2026-01-20,tennis,"Australian Open, Melbourne, Australia",ATP,James Duckworth,Dino Prižmić,3,2,True,5,True,2.1,,1.73,,,,,,,,,,
2026-01-20,tennis,"Australian Open, Melbourne, Australia",ATP,Hubert Hurkacz,Zizou Bergs,3,1,True,4,True,1.36,,3.2,,,,,,,,,,
2026-01-20,tennis,"Australian Open, Melbourne, Australia",ATP,Vit Kopřiva,Jan-Lennard Struff,3,2,True,5,True,3.0,,1.4,,,,,,,,,,
2026-01-20,tennis,"Australian Open, Melbourne, Australia",ATP,Valentin Royer,Taylor Fritz,1,3,False,4,True,6.5,,1.11,,,,,,,,,,
2026-01-20,tennis,"Australian Open, Melbourne, Australia",ATP,Grigor Dimitrov,Tomaš Machač,0,3,False,3,False,2.1,,1.73,,,,,,,,,,
2026-01-20,tennis,"Australian Open, Melbourne, Australia",WTA,Ashlyn Krueger,Sara Bejlek,2,0,True,2,False,1.67,,2.2,,,,,,,,,,
2026-01-20,tennis,"Australian Open, Melbourne, Australia",WTA,Panna Udvardy,Katerina Siniakova,0,2,False,2,False,7.0,,1.1,,,,,,,,,,
2026-01-20,tennis,"Australian Open, Melbourne, Australia",WTA,Shuai Zhang,Taylah Preston,1,2,False,3,True,1.53,,2.5,,,,,,,,,,
2026-01-20,tennis,"Australian Open, Melbourne, Australia",WTA,Tereza Valentová,Maya Joint,2,0,True,2,False,1.4,,3.0,,,,,,,,,,
2026-01-20,tennis,"Australian Open, Melbourne, Australia",WTA,Varvara Gracheva,Viktorija Golubic,2,1,True,3,True,1.91,,1.91,,,,,,,,,,
2026-01-20,tennis,"Australian Open, Melbourne, Australia",WTA,Leylah Fernandez,Janice Tjen,0,2,False,2,False,1.33,,3.4,,,,,,,,,,
2026-01-20,tennis,"Australian Open, Melbourne, Australia",WTA,Oleksandra Oliynykova,Madison Keys,0,2,False,2,False,17.0,,1.02,,,,,,,,,,
2026-01-20,tennis,"Australian Open, Melbourne, Australia",WTA,Julia Grabher,Elisabetta Cocciaretto,2,1,True,3,True,4.0,,1.25,,,,,,,,,,
2026-01-20,tennis,"Australian Open, Melbourne, Australia",WTA,Xinyu Wang,Anhelina Kalinina,2,0,True,2,False,1.67,,2.2,,,,,,,,,,
2026-01-20,tennis,"Australian Open, Melbourne, Australia",WTA,Karolína Plíšková,Sloane Stephens,2,0,True,2,False,3.0,,1.4,,,,,,,,,,
2026-01-20,tennis,"Australian Open, Melbourne, Australia",WTA,Lulu Sun,Linda Fruhvirtova,0,2,False,2,False,1.73,,2.1,,,,,,,,,,
2026-01-20,tennis,"Australian Open, Melbourne, Australia",WTA,Anna Kalinskaya,Sonay Kartal,2,0,True,2,False,1.53,,2.5,,,,,,,,,,
2026-01-20,tennis,"Australian Open, Melbourne, Australia",WTA,Elena Rybakina,Kaja Juvan,2,0,True,2,False,1.03,,15.0,,,,,,,,,,
2026-01-20,tennis,"Australian Open, Melbourne, Australia",WTA,Sorana Cirstea,Eva Lys,2,1,True,3,True,1.91,,1.91,,,,,,,,,,
2026-01-20,tennis,"Australian Open, Melbourne, Australia",WTA,Rebecca Šramková,Jelena Ostapenko,0,2,False,2,False,1.91,,1.91,,,,,,,,,,
2026-01-20,tennis,"Australian Open, Melbourne, Australia",WTA,Laura Siegemund,Liudmila Samsonova,2,1,True,3,True,4.33,,1.22,,,,,,,,,,
2026-01-20,tennis,"Australian Open, Melbourne, Australia",WTA,Katie Boulter,Belinda Bencic,0,2,False,2,False,6.0,,1.13,,,,,,,,,,
2026-01-20,tennis,"Australian Open, Melbourne, Australia",ATP,Mattia Bellucci,Casper Ruud,0,3,False,3,False,5.0,,1.17,,,,,,,,,,
2026-01-20,tennis,"Australian Open, Melbourne, Australia",ATP,Pedro Martinez,Novak Djokovic,0,3,False,3,False,17.0,,1.02,,,,,,,,,,
2026-01-20,tennis,"Australian Open, Melbourne, Australia",ATP,Cristian Garin,Luciano Darderi,0,3,False,3,False,2.63,,1.5,,,,,,,,,,
2026-01-20,tennis,"Australian Open, Melbourne, Australia",ATP,Lorenzo Sonego,Carlos Taberner,3,0,True,3,False,1.08,,8.0,,,,,,,,,,
2026-01-20,tennis,"Australian Open, Melbourne, Australia",ATP,Ethan Quinn,Tallon Griekspoor,3,0,True,3,False,2.1,,1.73,,,,,,,,,,
2026-01-20,tennis,"Australian Open, Melbourne, Australia",ATP,Giovanni Mpetshi Perricard,Sebastián Báez,2,3,False,5,True,1.62,,2.3,,,,,,,,,,
2026-01-20,tennis,"Australian Open, Melbourne, Australia",ATP,Karen Khachanov,Alex Michelsen,3,2,True,5,True,1.57,,2.38,,,,,,,,,,
2026-01-20,tennis,"Australian Open, Melbourne, Australia",ATP,Christopher O'Connell,Nishesh Basavareddy,2,3,False,5,True,2.3,,1.62,,,,,,,,,,
2026-01-20,tennis,"Australian Open, Melbourne, Australia",ATP,Jakub Menšik,Pablo Carreño Busta,3,2,True,5,True,1.22,,4.33,,,,,,,,,,
2026-01-20,tennis,"Australian Open, Melbourne, Australia",ATP,Ben Shelton,Ugo Humbert,3,0,True,3,False,1.57,,2.38,,,,,,,,,,
2026-01-20,tennis,"Australian Open, Melbourne, Australia",ATP,Joao Fonseca,Eliot Spizzirri,1,3,False,4,True,1.5,,2.63,,,,,,,,,,
2026-01-20,tennis,"Australian Open, Melbourne, Australia",ATP,Luca Nardi,Yibing Wu,1,3,False,4,True,4.0,,1.25,,,,,,,,,,
2026-01-20,tennis,"Australian Open, Melbourne, Australia",ATP,Dane Sweeny,Gael Monfils,3,1,True,4,True,2.38,,1.57,,,,,,,,,,
2026-01-20,tennis,"Australian Open, Melbourne, Australia",ATP,Rei Sakamoto,Rafael Jodar,2,3,False,5,True,3.0,,1.4,,,,,,,,,,
2026-01-20,tennis,"Australian Open, Melbourne, Australia",ATP,James Duckworth,Dino Prižmić,3,2,True,5,True,2.1,,1.73,,,,,,,,,,
2026-01-20,tennis,"Australian Open, Melbourne, Australia",ATP,Hubert Hurkacz,Zizou Bergs,3,1,True,4,True,1.36,,3.2,,,,,,,,,,
2026-01-20,tennis,"Australian Open, Melbourne, Australia",ATP,Vit Kopřiva,Jan-Lennard Struff,3,2,True,5,True,3.0,,1.4,,,,,,,,,,
2026-01-20,tennis,"Australian Open, Melbourne, Australia",ATP,Valentin Royer,Taylor Fritz,1,3,False,4,True,6.5,,1.11,,,,,,,,,,
2026-01-20,tennis,"Australian Open, Melbourne, Australia",ATP,Grigor Dimitrov,Tomaš Machač,0,3,False,3,False,2.1,,1.73,,,,,,,,,,
2026-01-20,tennis,"Australian Open, Melbourne, Australia",WTA,Ashlyn Krueger,Sara Bejlek,2,0,True,2,False,1.67,,2.2,,,,,,,,,,
2026-01-20,tennis,"Australian Open, Melbourne, Australia",WTA,Panna Udvardy,Katerina Siniakova,0,2,False,2,False,7.0,,1.1,,,,,,,,,,
2026-01-20,tennis,"Australian Open, Melbourne, Australia",WTA,Shuai Zhang,Taylah Preston,1,2,False,3,True,1.53,,2.5,,,,,,,,,,
2026-01-20,tennis,"Australian Open, Melbourne, Australia",WTA,Tereza Valentová,Maya Joint,2,0,True,2,False,1.4,,3.0,,,,,,,,,,
2026-01-20,tennis,"Australian Open, Melbourne, Australia",WTA,Varvara Gracheva,Viktorija Golubic,2,1,True,3,True,1.91,,1.91,,,,,,,,,,
2026-01-20,tennis,"Australian Open, Melbourne, Australia",WTA,Leylah Fernandez,Janice Tjen,0,2,False,2,False,1.33,,3.4,,,,,,,,,,
2026-01-20,tennis,"Australian Open, Melbourne, Australia",WTA,Oleksandra Oliynykova,Madison Keys,0,2,False,2,False,17.0,,1.02,,,,,,,,,,
2026-01-20,tennis,"Australian Open, Melbourne, Australia",WTA,Julia Grabher,Elisabetta Cocciaretto,2,1,True,3,True,4.0,,1.25,,,,,,,,,,
2026-01-20,tennis,"Australian Open, Melbourne, Australia",WTA,Xinyu Wang,Anhelina Kalinina,2,0,True,2,False,1.67,,2.2,,,,,,,,,,
2026-01-20,tennis,"Australian Open, Melbourne, Australia",WTA,Karolína Plíšková,Sloane Stephens,2,0,True,2,False,3.0,,1.4,,,,,,,,,,
2026-01-20,tennis,"Australian Open, Melbourne, Australia",WTA,Lulu Sun,Linda Fruhvirtova,0,2,False,2,False,1.73,,2.1,,,,,,,,,,
2026-01-20,tennis,"Australian Open, Melbourne, Australia",WTA,Anna Kalinskaya,Sonay Kartal,2,0,True,2,False,1.53,,2.5,,,,,,,,,,
2026-01-20,tennis,"Australian Open, Melbourne, Australia",WTA,Elena Rybakina,Kaja Juvan,2,0,True,2,False,1.03,,15.0,,,,,,,,,,
2026-01-20,tennis,"Australian Open, Melbourne, Australia",WTA,Sorana Cirstea,Eva Lys,2,1,True,3,True,1.91,,1.91,,,,,,,,,,
2026-01-20,tennis,"Australian Open, Melbourne, Australia",WTA,Rebecca Šramková,Jelena Ostapenko,0,2,False,2,False,1.91,,1.91,,,,,,,,,,
2026-01-20,tennis,"Australian Open, Melbourne, Australia",WTA,Laura Siegemund,Liudmila Samsonova,2,1,True,3,True,4.33,,1.22,,,,,,,,,,
2026-01-20,tennis,"Australian Open, Melbourne, Australia",WTA,Katie Boulter,Belinda Bencic,0,2,False,2,False,6.0,,1.13,,,,,,,,,,
2026-01-21,tennis,"Australian Open, Melbourne, Australia",ATP,Shintaro Mochizuki,Stefanos Tsitsipas,1,3,False,4,True,6.5,,1.11,,,,,,,,,,
2026-01-21,tennis,"Australian Open, Melbourne, Australia",WTA,Naomi Osaka,Antonia Ružić,2,1,True,3,True,1.22,,4.33,,,,,,,,,,
2026-01-21,tennis,"Australian Open, Melbourne, Australia",WTA,Maddison Inglis,Kimberly Birrell,2,1,True,3,True,3.0,,1.4,,,,,,,,,,
2026-01-21,tennis,"Australian Open, Melbourne, Australia",WTA,Daria Kasatkina,Nikola Bartunkova,1,2,False,3,True,1.44,,2.75,,,,,,,,,,
2026-01-21,tennis,"Australian Open, Melbourne, Australia",ATP,Shintaro Mochizuki,Stefanos Tsitsipas,1,3,False,4,True,6.5,,1.11,,,,,,,,,,
2026-01-21,tennis,"Australian Open, Melbourne, Australia",ATP,Francisco Cerundolo,Damir Džumhur,3,0,True,3,False,1.2,,4.5,,,,,,,,,,
2026-01-21,tennis,"Australian Open, Melbourne, Australia",ATP,Kamil Majchrzak,Fábián Marozsán,0,3,False,3,False,2.38,,1.57,,,,,,,,,,
2026-01-21,tennis,"Australian Open, Melbourne, Australia",ATP,Tommy Paul,Thiago Agustin Tirante,3,0,True,3,False,1.08,,8.0,,,,,,,,,,
2026-01-21,tennis,"Australian Open, Melbourne, Australia",ATP,Jaime Faria,Andrey Rublev,1,3,False,4,True,7.0,,1.1,,,,,,,,,,
2026-01-21,tennis,"Australian Open, Melbourne, Australia",ATP,Tomas Martin Etcheverry,Arthur Fery,3,0,True,3,False,1.62,,2.3,,,,,,,,,,
2026-01-21,tennis,"Australian Open, Melbourne, Australia",ATP,Daniil Medvedev,Quentin Halys,3,1,True,4,True,1.1,,7.0,,,,,,,,,,
2026-01-21,tennis,"Australian Open, Melbourne, Australia",ATP,Reilly Opelka,Alejandro Davidovich Fokina,2,3,False,5,True,3.0,,1.4,,,,,,,,,,
2026-01-21,tennis,"Australian Open, Melbourne, Australia",ATP,Carlos Alcaraz,Yannick Hanfmann,3,0,True,3,False,1.01,,26.0,,,,,,,,,,
2026-01-21,tennis,"Australian Open, Melbourne, Australia",ATP,Jordan Thompson,Nuno Borges,1,3,False,4,True,2.5,,1.53,,,,,,,,,,
2026-01-21,tennis,"Australian Open, Melbourne, Australia",ATP,Learner Tien,Alexander Shevchenko,3,1,True,4,True,1.17,,5.0,,,,,,,,,,
2026-01-21,tennis,"Australian Open, Melbourne, Australia",ATP,Emilio Nava,Cameron Norrie,1,3,False,4,True,2.75,,1.44,,,,,,,,,,
2026-01-21,tennis,"Australian Open, Melbourne, Australia",ATP,Alexander Bublik,Marton Fucsovics,3,0,True,3,False,1.2,,4.5,,,,,,,,,,
2026-01-21,tennis,"Australian Open, Melbourne, Australia",ATP,Alexander Zverev,Alexandre Muller,3,1,True,4,True,1.05,,11.0,,,,,,,,,,
2026-01-21,tennis,"Australian Open, Melbourne, Australia",ATP,Hamad Medjedović,Alex de Minaur,1,3,False,4,True,6.0,,1.13,,,,,,,,,,
2026-01-21,tennis,"Australian Open, Melbourne, Australia",ATP,Frances Tiafoe,Francisco Comesaña,3,1,True,4,True,1.4,,3.0,,,,,,,,,,
2026-01-21,tennis,"Australian Open, Melbourne, Australia",WTA,Naomi Osaka,Antonia Ružić,2,1,True,3,True,1.22,,4.33,,,,,,,,,,
2026-01-21,tennis,"Australian Open, Melbourne, Australia",WTA,Maddison Inglis,Kimberly Birrell,2,1,True,3,True,3.0,,1.4,,,,,,,,,,
2026-01-21,tennis,"Australian Open, Melbourne, Australia",WTA,Daria Kasatkina,Nikola Bartunkova,1,2,False,3,True,1.44,,2.75,,,,,,,,,,
2026-01-21,tennis,"Australian Open, Melbourne, Australia",WTA,Elina Svitolina,Linda Klimovicova,2,0,True,2,False,1.1,,7.0,,,,,,,,,,
2026-01-21,tennis,"Australian Open, Melbourne, Australia",WTA,Talia Gibson,Diana Shnaider,1,2,False,3,True,4.0,,1.25,,,,,,,,,,
2026-01-21,tennis,"Australian Open, Melbourne, Australia",WTA,Zeynep Sönmez,Anna Bondar,2,0,True,2,False,1.62,,2.3,,,,,,,,,,
2026-01-21,tennis,"Australian Open, Melbourne, Australia",WTA,Aryna Sabalenka,Zhuoxuan Bai,2,0,True,2,False,1.01,,29.0,,,,,,,,,,
2026-01-21,tennis,"Australian Open, Melbourne, Australia",WTA,Yulia Putintseva,Elsa Jacquemot,2,0,True,2,False,1.36,,3.2,,,,,,,,,,
2026-01-21,tennis,"Australian Open, Melbourne, Australia",WTA,Storm Hunter,Hailey Baptiste,0,2,False,2,False,2.3,,1.62,,,,,,,,,,
2026-01-21,tennis,"Australian Open, Melbourne, Australia",WTA,Victoria Mboko,Catherine McNally,2,0,True,2,False,1.3,,3.5,,,,,,,,,,
2026-01-21,tennis,"Australian Open, Melbourne, Australia",WTA,Polina Kudermetova,Clara Tauson,1,2,False,3,True,2.75,,1.44,,,,,,,,,,
2026-01-21,tennis,"Australian Open, Melbourne, Australia",WTA,Anastasia Potapova,Emma Raducanu,2,0,True,2,False,3.2,,1.36,,,,,,,,,,
2026-01-21,tennis,"Australian Open, Melbourne, Australia",WTA,Coco Gauff,Olga Danilović,2,0,True,2,False,1.08,,8.0,,,,,,,,,,
2026-01-21,tennis,"Australian Open, Melbourne, Australia",WTA,Elena-Gabriela Ruse,Ajla Tomljanovic,2,0,True,2,False,1.67,,2.2,,,,,,,,,,
2026-01-21,tennis,"Australian Open, Melbourne, Australia",WTA,Ann Li,Magda Linette,0,2,False,2,False,1.73,,2.1,,,,,,,,,,
2026-01-21,tennis,"Australian Open, Melbourne, Australia",WTA,Karolina Muchova,Alycia Parks,2,1,True,3,True,1.08,,8.0,,,,,,,,,,
2026-01-21,tennis,"Australian Open, Melbourne, Australia",WTA,Maria Sakkari,Mirra Andreeva,0,2,False,2,False,5.0,,1.17,,,,,,,,,,
2026-01-21,tennis,"Australian Open, Melbourne, Australia",WTA,Magdalena Frech,Jasmine Paolini,0,2,False,2,False,4.0,,1.25,,,,,,,,,,
2026-01-21,tennis,"Australian Open, Melbourne, Australia",ATP,Shintaro Mochizuki,Stefanos Tsitsipas,1,3,False,4,True,6.5,,1.11,,,,,,,,,,
2026-01-21,tennis,"Australian Open, Melbourne, Australia",ATP,Francisco Cerundolo,Damir Džumhur,3,0,True,3,False,1.2,,4.5,,,,,,,,,,
2026-01-21,tennis,"Australian Open, Melbourne, Australia",ATP,Kamil Majchrzak,Fábián Marozsán,0,3,False,3,False,2.38,,1.57,,,,,,,,,,
2026-01-21,tennis,"Australian Open, Melbourne, Australia",ATP,Tommy Paul,Thiago Agustin Tirante,3,0,True,3,False,1.08,,8.0,,,,,,,,,,
2026-01-21,tennis,"Australian Open, Melbourne, Australia",ATP,Jaime Faria,Andrey Rublev,1,3,False,4,True,7.0,,1.1,,,,,,,,,,
2026-01-21,tennis,"Australian Open, Melbourne, Australia",ATP,Tomas Martin Etcheverry,Arthur Fery,3,0,True,3,False,1.62,,2.3,,,,,,,,,,
2026-01-21,tennis,"Australian Open, Melbourne, Australia",ATP,Daniil Medvedev,Quentin Halys,3,1,True,4,True,1.1,,7.0,,,,,,,,,,
2026-01-21,tennis,"Australian Open, Melbourne, Australia",ATP,Reilly Opelka,Alejandro Davidovich Fokina,2,3,False,5,True,3.0,,1.4,,,,,,,,,,
2026-01-21,tennis,"Australian Open, Melbourne, Australia",ATP,Carlos Alcaraz,Yannick Hanfmann,3,0,True,3,False,1.01,,26.0,,,,,,,,,,
2026-01-21,tennis,"Australian Open, Melbourne, Australia",ATP,Jordan Thompson,Nuno Borges,1,3,False,4,True,2.5,,1.53,,,,,,,,,,
2026-01-21,tennis,"Australian Open, Melbourne, Australia",ATP,Learner Tien,Alexander Shevchenko,3,1,True,4,True,1.17,,5.0,,,,,,,,,,
2026-01-21,tennis,"Australian Open, Melbourne, Australia",ATP,Emilio Nava,Cameron Norrie,1,3,False,4,True,2.75,,1.44,,,,,,,,,,
2026-01-21,tennis,"Australian Open, Melbourne, Australia",ATP,Alexander Bublik,Marton Fucsovics,3,0,True,3,False,1.2,,4.5,,,,,,,,,,
2026-01-21,tennis,"Australian Open, Melbourne, Australia",ATP,Alexander Zverev,Alexandre Muller,3,1,True,4,True,1.05,,11.0,,,,,,,,,,
2026-01-21,tennis,"Australian Open, Melbourne, Australia",ATP,Hamad Medjedović,Alex de Minaur,1,3,False,4,True,6.0,,1.13,,,,,,,,,,
2026-01-21,tennis,"Australian Open, Melbourne, Australia",ATP,Frances Tiafoe,Francisco Comesaña,3,1,True,4,True,1.4,,3.0,,,,,,,,,,
2026-01-21,tennis,"Australian Open, Melbourne, Australia",WTA,Naomi Osaka,Antonia Ružić,2,1,True,3,True,1.22,,4.33,,,,,,,,,,
2026-01-21,tennis,"Australian Open, Melbourne, Australia",WTA,Maddison Inglis,Kimberly Birrell,2,1,True,3,True,3.0,,1.4,,,,,,,,,,
2026-01-21,tennis,"Australian Open, Melbourne, Australia",WTA,Daria Kasatkina,Nikola Bartunkova,1,2,False,3,True,1.44,,2.75,,,,,,,,,,
2026-01-21,tennis,"Australian Open, Melbourne, Australia",WTA,Elina Svitolina,Linda Klimovicova,2,0,True,2,False,1.1,,7.0,,,,,,,,,,
2026-01-21,tennis,"Australian Open, Melbourne, Australia",WTA,Talia Gibson,Diana Shnaider,1,2,False,3,True,4.0,,1.25,,,,,,,,,,
2026-01-21,tennis,"Australian Open, Melbourne, Australia",WTA,Zeynep Sönmez,Anna Bondar,2,0,True,2,False,1.62,,2.3,,,,,,,,,,
2026-01-21,tennis,"Australian Open, Melbourne, Australia",WTA,Aryna Sabalenka,Zhuoxuan Bai,2,0,True,2,False,1.01,,29.0,,,,,,,,,,
2026-01-21,tennis,"Australian Open, Melbourne, Australia",WTA,Yulia Putintseva,Elsa Jacquemot,2,0,True,2,False,1.36,,3.2,,,,,,,,,,
2026-01-21,tennis,"Australian Open, Melbourne, Australia",WTA,Storm Hunter,Hailey Baptiste,0,2,False,2,False,2.3,,1.62,,,,,,,,,,
2026-01-21,tennis,"Australian Open, Melbourne, Australia",WTA,Victoria Mboko,Catherine McNally,2,0,True,2,False,1.3,,3.5,,,,,,,,,,
2026-01-21,tennis,"Australian Open, Melbourne, Australia",WTA,Polina Kudermetova,Clara Tauson,1,2,False,3,True,2.75,,1.44,,,,,,,,,,
2026-01-21,tennis,"Australian Open, Melbourne, Australia",WTA,Anastasia Potapova,Emma Raducanu,2,0,True,2,False,3.2,,1.36,,,,,,,,,,
2026-01-21,tennis,"Australian Open, Melbourne, Australia",WTA,Coco Gauff,Olga Danilović,2,0,True,2,False,1.08,,8.0,,,,,,,,,,
2026-01-21,tennis,"Australian Open, Melbourne, Australia",WTA,Elena-Gabriela Ruse,Ajla Tomljanovic,2,0,True,2,False,1.67,,2.2,,,,,,,,,,
2026-01-21,tennis,"Australian Open, Melbourne, Australia",WTA,Ann Li,Magda Linette,0,2,False,2,False,1.73,,2.1,,,,,,,,,,
2026-01-21,tennis,"Australian Open, Melbourne, Australia",WTA,Karolina Muchova,Alycia Parks,2,1,True,3,True,1.08,,8.0,,,,,,,,,,
2026-01-21,tennis,"Australian Open, Melbourne, Australia",WTA,Maria Sakkari,Mirra Andreeva,0,2,False,2,False,5.0,,1.17,,,,,,,,,,
2026-01-21,tennis,"Australian Open, Melbourne, Australia",WTA,Magdalena Frech,Jasmine Paolini,0,2,False,2,False,4.0,,1.25,,,,,,,,,,
2026-01-22,tennis,"Australian Open, Melbourne, Australia",WTA,Iva Jovic,Priscilla Hon,2,0,True,2,False,1.14,,5.5,,,,,,,,,,
2026-01-22,tennis,"Australian Open, Melbourne, Australia",ATP,Jakub Menšik,Rafael Jodar,3,0,True,3,False,1.44,,2.75,,,,,,,,,,
2026-01-22,tennis,"Australian Open, Melbourne, Australia",ATP,Karen Khachanov,Nishesh Basavareddy,3,0,True,3,False,1.28,,3.75,,,,,,,,,,
2026-01-22,tennis,"Australian Open, Melbourne, Australia",ATP,Rinky Hijikata,Valentin Vacherot,1,3,False,4,True,2.63,,1.5,,,,,,,,,,
2026-01-22,tennis,"Australian Open, Melbourne, Australia",ATP,Sebastián Báez,Luciano Darderi,1,3,False,4,True,1.5,,2.63,,,,,,,,,,
2026-01-22,tennis,"Australian Open, Melbourne, Australia",ATP,Lorenzo Musetti,Lorenzo Sonego,3,0,True,3,False,1.36,,3.2,,,,,,,,,,
2026-01-22,tennis,"Australian Open, Melbourne, Australia",ATP,Ben Shelton,Dane Sweeny,3,0,True,3,False,1.07,,9.0,,,,,,,,,,
2026-01-22,tennis,"Australian Open, Melbourne, Australia",ATP,Hubert Hurkacz,Ethan Quinn,0,3,False,3,False,1.25,,4.0,,,,,,,,,,
2026-01-22,tennis,"Australian Open, Melbourne, Australia",ATP,Francesco Maestrelli,Novak Djokovic,0,3,False,3,False,29.0,,1.01,,,,,,,,,,
2026-01-22,tennis,"Australian Open, Melbourne, Australia",ATP,Botic Van de Zandschulp,Juncheng Shang,3,0,True,3,False,2.3,,1.62,,,,,,,,,,
2026-01-22,tennis,"Australian Open, Melbourne, Australia",ATP,Eliot Spizzirri,Yibing Wu,3,2,True,5,True,1.67,,2.2,,,,,,,,,,
2026-01-22,tennis,"Australian Open, Melbourne, Australia",ATP,Arthur Gea,Stan Wawrinka,2,3,False,5,True,1.53,,2.5,,,,,,,,,,
2026-01-22,tennis,"Australian Open, Melbourne, Australia",ATP,Tomaš Machač,Stefanos Tsitsipas,3,1,True,4,True,1.5,,2.63,,,,,,,,,,
2026-01-22,tennis,"Australian Open, Melbourne, Australia",ATP,Denis Shapovalov,Marin Čilić,0,3,False,3,False,1.67,,2.2,,,,,,,,,,
2026-01-22,tennis,"Australian Open, Melbourne, Australia",ATP,Vit Kopřiva,Taylor Fritz,0,3,False,3,False,8.0,,1.08,,,,,,,,,,
2026-01-22,tennis,"Australian Open, Melbourne, Australia",ATP,James Duckworth,Jannik Sinner,0,3,False,3,False,51.0,,1.0,,,,,,,,,,
2026-01-22,tennis,"Australian Open, Melbourne, Australia",WTA,Iva Jovic,Priscilla Hon,2,0,True,2,False,1.14,,5.5,,,,,,,,,,
2026-01-22,tennis,"Australian Open, Melbourne, Australia",WTA,Ashlyn Krueger,Madison Keys,0,2,False,2,False,4.5,,1.2,,,,,,,,,,
2026-01-22,tennis,"Australian Open, Melbourne, Australia",WTA,Oksana Selekhmeteva,Paula Badosa,2,0,True,2,False,4.0,,1.25,,,,,,,,,,
2026-01-22,tennis,"Australian Open, Melbourne, Australia",WTA,Jessica Pegula,McCartney Kessler,2,0,True,2,False,1.22,,4.33,,,,,,,,,,
2026-01-22,tennis,"Australian Open, Melbourne, Australia",WTA,Janice Tjen,Karolína Plíšková,0,2,False,2,False,1.3,,3.5,,,,,,,,,,
2026-01-22,tennis,"Australian Open, Melbourne, Australia",WTA,Maddison Inglis,Laura Siegemund,2,1,True,3,True,2.3,,1.62,,,,,,,,,,
2026-01-22,tennis,"Australian Open, Melbourne, Australia",WTA,Anna Kalinskaya,Julia Grabher,2,0,True,2,False,1.08,,8.0,,,,,,,,,,
2026-01-22,tennis,"Australian Open, Melbourne, Australia",WTA,Xinyu Wang,Jelena Ostapenko,2,1,True,3,True,1.62,,2.3,,,,,,,,,,
2026-01-22,tennis,"Australian Open, Melbourne, Australia",WTA,Linda Noskova,Taylah Preston,2,1,True,3,True,1.14,,5.5,,,,,,,,,,
2026-01-22,tennis,"Australian Open, Melbourne, Australia",WTA,Peyton Stearns,Petra Marčinko,2,0,True,2,False,1.67,,2.2,,,,,,,,,,
2026-01-22,tennis,"Australian Open, Melbourne, Australia",WTA,Katerina Siniakova,Amanda Anisimova,0,2,False,2,False,3.75,,1.28,,,,,,,,,,
2026-01-22,tennis,"Australian Open, Melbourne, Australia",WTA,Elise Mertens,Moyuka Uchijima,2,0,True,2,False,1.11,,6.5,,,,,,,,,,
2026-01-22,tennis,"Australian Open, Melbourne, Australia",WTA,Linda Fruhvirtova,Tereza Valentová,1,2,False,3,True,4.5,,1.2,,,,,,,,,,
2026-01-22,tennis,"Australian Open, Melbourne, Australia",WTA,Marie Bouzkova,Iga Swiatek,0,2,False,2,False,9.0,,1.07,,,,,,,,,,
2026-01-22,tennis,"Australian Open, Melbourne, Australia",WTA,Naomi Osaka,Sorana Cirstea,2,1,True,3,True,1.57,,2.38,,,,,,,,,,
2026-01-22,tennis,"Australian Open, Melbourne, Australia",WTA,Nikola Bartunkova,Belinda Bencic,2,1,True,3,True,9.0,,1.07,,,,,,,,,,
2026-01-22,tennis,"Australian Open, Melbourne, Australia, Mixed",ATP,Puetz T / Zhang S,Bhambri Y / Melichar-Martinez N,2,0,True,2,False,1.57,,2.25,,,,,,,,,,
2026-01-22,tennis,"Australian Open, Melbourne, Australia, Mixed",ATP,Peers J / Gadecki O,Miedler L / Zvonareva V,2,0,True,2,False,1.3,,3.4,,,,,,,,,,
2026-01-22,tennis,"Australian Open, Melbourne, Australia, Mixed",ATP,Smith J / Birrell K,Cash J / Schuurs D,0,2,False,2,False,2.25,,1.57,,,,,,,,,,
2026-01-22,tennis,"Australian Open, Melbourne, Australia, Mixed",ATP,King E / Muhammad A,Bayldon B / Da Silva Fick G,2,1,True,3,True,1.14,,5.5,,,,,,,,,,
2026-01-22,tennis,"Australian Open, Melbourne, Australia",ATP,Jakub Menšik,Rafael Jodar,3,0,True,3,False,1.44,,2.75,,,,,,,,,,
2026-01-22,tennis,"Australian Open, Melbourne, Australia",ATP,Karen Khachanov,Nishesh Basavareddy,3,0,True,3,False,1.28,,3.75,,,,,,,,,,
2026-01-22,tennis,"Australian Open, Melbourne, Australia",ATP,Rinky Hijikata,Valentin Vacherot,1,3,False,4,True,2.63,,1.5,,,,,,,,,,
2026-01-22,tennis,"Australian Open, Melbourne, Australia",ATP,Sebastián Báez,Luciano Darderi,1,3,False,4,True,1.5,,2.63,,,,,,,,,,
2026-01-22,tennis,"Australian Open, Melbourne, Australia",ATP,Lorenzo Musetti,Lorenzo Sonego,3,0,True,3,False,1.36,,3.2,,,,,,,,,,
2026-01-22,tennis,"Australian Open, Melbourne, Australia",ATP,Ben Shelton,Dane Sweeny,3,0,True,3,False,1.07,,9.0,,,,,,,,,,
2026-01-22,tennis,"Australian Open, Melbourne, Australia",ATP,Hubert Hurkacz,Ethan Quinn,0,3,False,3,False,1.25,,4.0,,,,,,,,,,
2026-01-22,tennis,"Australian Open, Melbourne, Australia",ATP,Francesco Maestrelli,Novak Djokovic,0,3,False,3,False,29.0,,1.01,,,,,,,,,,
2026-01-22,tennis,"Australian Open, Melbourne, Australia",ATP,Botic Van de Zandschulp,Juncheng Shang,3,0,True,3,False,2.3,,1.62,,,,,,,,,,
2026-01-22,tennis,"Australian Open, Melbourne, Australia",ATP,Eliot Spizzirri,Yibing Wu,3,2,True,5,True,1.67,,2.2,,,,,,,,,,
2026-01-22,tennis,"Australian Open, Melbourne, Australia",ATP,Arthur Gea,Stan Wawrinka,2,3,False,5,True,1.53,,2.5,,,,,,,,,,
2026-01-22,tennis,"Australian Open, Melbourne, Australia",ATP,Tomaš Machač,Stefanos Tsitsipas,3,1,True,4,True,1.5,,2.63,,,,,,,,,,
2026-01-22,tennis,"Australian Open, Melbourne, Australia",ATP,Denis Shapovalov,Marin Čilić,0,3,False,3,False,1.67,,2.2,,,,,,,,,,
2026-01-22,tennis,"Australian Open, Melbourne, Australia",ATP,Vit Kopřiva,Taylor Fritz,0,3,False,3,False,8.0,,1.08,,,,,,,,,,
2026-01-22,tennis,"Australian Open, Melbourne, Australia",ATP,James Duckworth,Jannik Sinner,0,3,False,3,False,51.0,,1.0,,,,,,,,,,
2026-01-22,tennis,"Australian Open, Melbourne, Australia",WTA,Iva Jovic,Priscilla Hon,2,0,True,2,False,1.14,,5.5,,,,,,,,,,
2026-01-22,tennis,"Australian Open, Melbourne, Australia",WTA,Ashlyn Krueger,Madison Keys,0,2,False,2,False,4.5,,1.2,,,,,,,,,,
2026-01-22,tennis,"Australian Open, Melbourne, Australia",WTA,Oksana Selekhmeteva,Paula Badosa,2,0,True,2,False,4.0,,1.25,,,,,,,,,,
2026-01-22,tennis,"Australian Open, Melbourne, Australia",WTA,Jessica Pegula,McCartney Kessler,2,0,True,2,False,1.22,,4.33,,,,,,,,,,
2026-01-22,tennis,"Australian Open, Melbourne, Australia",WTA,Janice Tjen,Karolína Plíšková,0,2,False,2,False,1.3,,3.5,,,,,,,,,,
2026-01-22,tennis,"Australian Open, Melbourne, Australia",WTA,Maddison Inglis,Laura Siegemund,2,1,True,3,True,2.3,,1.62,,,,,,,,,,
2026-01-22,tennis,"Australian Open, Melbourne, Australia",WTA,Anna Kalinskaya,Julia Grabher,2,0,True,2,False,1.08,,8.0,,,,,,,,,,
2026-01-22,tennis,"Australian Open, Melbourne, Australia",WTA,Xinyu Wang,Jelena Ostapenko,2,1,True,3,True,1.62,,2.3,,,,,,,,,,
2026-01-22,tennis,"Australian Open, Melbourne, Australia",WTA,Linda Noskova,Taylah Preston,2,1,True,3,True,1.14,,5.5,,,,,,,,,,
2026-01-22,tennis,"Australian Open, Melbourne, Australia",WTA,Peyton Stearns,Petra Marčinko,2,0,True,2,False,1.67,,2.2,,,,,,,,,,
2026-01-22,tennis,"Australian Open, Melbourne, Australia",WTA,Katerina Siniakova,Amanda Anisimova,0,2,False,2,False,3.75,,1.28,,,,,,,,,,
2026-01-22,tennis,"Australian Open, Melbourne, Australia",WTA,Elise Mertens,Moyuka Uchijima,2,0,True,2,False,1.11,,6.5,,,,,,,,,,
2026-01-22,tennis,"Australian Open, Melbourne, Australia",WTA,Linda Fruhvirtova,Tereza Valentová,1,2,False,3,True,4.5,,1.2,,,,,,,,,,
2026-01-22,tennis,"Australian Open, Melbourne, Australia",WTA,Marie Bouzkova,Iga Swiatek,0,2,False,2,False,9.0,,1.07,,,,,,,,,,
2026-01-22,tennis,"Australian Open, Melbourne, Australia",WTA,Naomi Osaka,Sorana Cirstea,2,1,True,3,True,1.57,,2.38,,,,,,,,,,
2026-01-22,tennis,"Australian Open, Melbourne, Australia",WTA,Nikola Bartunkova,Belinda Bencic,2,1,True,3,True,9.0,,1.07,,,,,,,,,,
2026-01-22,tennis,"Australian Open, Melbourne, Australia, Mixed",ATP,Puetz T / Zhang S,Bhambri Y / Melichar-Martinez N,2,0,True,2,False,1.57,,2.25,,,,,,,,,,
2026-01-22,tennis,"Australian Open, Melbourne, Australia, Mixed",ATP,Peers J / Gadecki O,Miedler L / Zvonareva V,2,0,True,2,False,1.3,,3.4,,,,,,,,,,
2026-01-22,tennis,"Australian Open, Melbourne, Australia, Mixed",ATP,Smith J / Birrell K,Cash J / Schuurs D,0,2,False,2,False,2.25,,1.57,,,,,,,,,,
2026-01-22,tennis,"Australian Open, Melbourne, Australia, Mixed",ATP,King E / Muhammad A,Bayldon B / Da Silva Fick G,2,1,True,3,True,1.14,,5.5,,,,,,,,,,
2026-01-23,tennis,"Australian Open, Melbourne, Australia",ATP,Jaume Munar,Casper Ruud,0,3,False,3,False,3.0,,1.4,,,,,,,,,,
2026-01-23,tennis,"Australian Open, Melbourne, Australia",WTA,Elena Rybakina,Varvara Gracheva,2,0,True,2,False,1.04,,13.0,,,,,,,,,,
2026-01-23,tennis,"Australian Open, Melbourne, Australia",ATP,Jaume Munar,Casper Ruud,0,3,False,3,False,3.0,,1.4,,,,,,,,,,
2026-01-23,tennis,"Australian Open, Melbourne, Australia",ATP,Learner Tien,Nuno Borges,3,0,True,3,False,1.44,,2.75,,,,,,,,,,
2026-01-23,tennis,"Australian Open, Melbourne, Australia",ATP,Daniil Medvedev,Fábián Marozsán,3,2,True,5,True,1.17,,5.0,,,,,,,,,,
2026-01-23,tennis,"Australian Open, Melbourne, Australia",ATP,Carlos Alcaraz,Corentin Moutet,3,0,True,3,False,1.01,,21.0,,,,,,,,,,
2026-01-23,tennis,"Australian Open, Melbourne, Australia",ATP,Francisco Cerundolo,Andrey Rublev,3,0,True,3,False,2.1,,1.73,,,,,,,,,,
2026-01-23,tennis,"Australian Open, Melbourne, Australia",ATP,Frances Tiafoe,Alex de Minaur,0,3,False,3,False,4.5,,1.2,,,,,,,,,,
2026-01-23,tennis,"Australian Open, Melbourne, Australia",ATP,Alexander Zverev,Cameron Norrie,3,1,True,4,True,1.2,,4.5,,,,,,,,,,
2026-01-23,tennis,"Australian Open, Melbourne, Australia",WTA,Elena Rybakina,Varvara Gracheva,2,0,True,2,False,1.04,,13.0,,,,,,,,,,
2026-01-23,tennis,"Australian Open, Melbourne, Australia",WTA,Victoria Mboko,Clara Tauson,2,1,True,3,True,1.5,,2.63,,,,,,,,,,
2026-01-23,tennis,"Australian Open, Melbourne, Australia",WTA,Aryna Sabalenka,Anastasia Potapova,2,0,True,2,False,1.04,,13.0,,,,,,,,,,
2026-01-23,tennis,"Australian Open, Melbourne, Australia",WTA,Zeynep Sönmez,Yulia Putintseva,1,2,False,3,True,2.1,,1.73,,,,,,,,,,
2026-01-23,tennis,"Australian Open, Melbourne, Australia",WTA,Coco Gauff,Hailey Baptiste,2,1,True,3,True,1.06,,10.0,,,,,,,,,,
2026-01-23,tennis,"Australian Open, Melbourne, Australia",WTA,Karolina Muchova,Magda Linette,2,0,True,2,False,1.2,,4.5,,,,,,,,,,
2026-01-23,tennis,"Australian Open, Melbourne, Australia",WTA,Iva Jovic,Jasmine Paolini,2,0,True,2,False,2.2,,1.67,,,,,,,,,,
2026-01-23,tennis,"Australian Open, Melbourne, Australia",WTA,Elina Svitolina,Diana Shnaider,2,0,True,2,False,1.5,,2.63,,,,,,,,,,
2026-01-23,tennis,"Australian Open, Melbourne, Australia, Mixed",ATP,Inglis M / Kubler J,Glasspool L / Mihalikova T,0,2,False,2,False,2.63,,1.44,,,,,,,,,,
2026-01-23,tennis,"Australian Open, Melbourne, Australia, Mixed",ATP,Vavassori A / Errani S,Roger-Vasselin É / Siegemund L,0,2,False,2,False,1.4,,2.75,,,,,,,,,,
2026-01-23,tennis,"Australian Open, Melbourne, Australia, Mixed",ATP,Mektic N / Townsend T,Krawietz K / Stollar F,2,1,True,3,True,1.4,,2.75,,,,,,,,,,
2026-01-23,tennis,"Australian Open, Melbourne, Australia, Mixed",ATP,Nys H / Hunter S,Cabral F / Perez E,2,1,True,3,True,2.0,,1.73,,,,,,,,,,
2026-01-23,tennis,"Australian Open, Melbourne, Australia, Mixed",ATP,Hewitt C / Preston T,Arevalo M / Stefani L,0,2,False,2,False,8.0,,1.08,,,,,,,,,,
2026-01-23,tennis,"Australian Open, Melbourne, Australia, Mixed",ATP,Pel D / Panova A,Verbeek S / Siniakova K,1,2,False,3,True,2.63,,1.44,,,,,,,,,,
2026-01-23,tennis,"Australian Open, Melbourne, Australia, Mixed",ATP,Skupski N / Krawczyk D,Kyrgios N / Fernandez L,1,2,False,3,True,1.36,,3.0,,,,,,,,,,
2026-01-23,tennis,"Australian Open, Melbourne, Australia",ATP,Jaume Munar,Casper Ruud,0,3,False,3,False,3.0,,1.4,,,,,,,,,,
2026-01-23,tennis,"Australian Open, Melbourne, Australia",ATP,Learner Tien,Nuno Borges,3,0,True,3,False,1.44,,2.75,,,,,,,,,,
2026-01-23,tennis,"Australian Open, Melbourne, Australia",ATP,Daniil Medvedev,Fábián Marozsán,3,2,True,5,True,1.17,,5.0,,,,,,,,,,
2026-01-23,tennis,"Australian Open, Melbourne, Australia",ATP,Carlos Alcaraz,Corentin Moutet,3,0,True,3,False,1.01,,21.0,,,,,,,,,,
2026-01-23,tennis,"Australian Open, Melbourne, Australia",ATP,Francisco Cerundolo,Andrey Rublev,3,0,True,3,False,2.1,,1.73,,,,,,,,,,
2026-01-23,tennis,"Australian Open, Melbourne, Australia",ATP,Frances Tiafoe,Alex de Minaur,0,3,False,3,False,4.5,,1.2,,,,,,,,,,
2026-01-23,tennis,"Australian Open, Melbourne, Australia",ATP,Alexander Zverev,Cameron Norrie,3,1,True,4,True,1.2,,4.5,,,,,,,,,,
2026-01-23,tennis,"Australian Open, Melbourne, Australia",WTA,Elena Rybakina,Varvara Gracheva,2,0,True,2,False,1.04,,13.0,,,,,,,,,,
2026-01-23,tennis,"Australian Open, Melbourne, Australia",WTA,Victoria Mboko,Clara Tauson,2,1,True,3,True,1.5,,2.63,,,,,,,,,,
2026-01-23,tennis,"Australian Open, Melbourne, Australia",WTA,Aryna Sabalenka,Anastasia Potapova,2,0,True,2,False,1.04,,13.0,,,,,,,,,,
2026-01-23,tennis,"Australian Open, Melbourne, Australia",WTA,Zeynep Sönmez,Yulia Putintseva,1,2,False,3,True,2.1,,1.73,,,,,,,,,,
2026-01-23,tennis,"Australian Open, Melbourne, Australia",WTA,Coco Gauff,Hailey Baptiste,2,1,True,3,True,1.06,,10.0,,,,,,,,,,
2026-01-23,tennis,"Australian Open, Melbourne, Australia",WTA,Karolina Muchova,Magda Linette,2,0,True,2,False,1.2,,4.5,,,,,,,,,,
2026-01-23,tennis,"Australian Open, Melbourne, Australia",WTA,Iva Jovic,Jasmine Paolini,2,0,True,2,False,2.2,,1.67,,,,,,,,,,
2026-01-23,tennis,"Australian Open, Melbourne, Australia",WTA,Elina Svitolina,Diana Shnaider,2,0,True,2,False,1.5,,2.63,,,,,,,,,,
2026-01-23,tennis,"Australian Open, Melbourne, Australia, Mixed",ATP,Inglis M / Kubler J,Glasspool L / Mihalikova T,0,2,False,2,False,2.63,,1.44,,,,,,,,,,
2026-01-23,tennis,"Australian Open, Melbourne, Australia, Mixed",ATP,Vavassori A / Errani S,Roger-Vasselin É / Siegemund L,0,2,False,2,False,1.4,,2.75,,,,,,,,,,
2026-01-23,tennis,"Australian Open, Melbourne, Australia, Mixed",ATP,Mektic N / Townsend T,Krawietz K / Stollar F,2,1,True,3,True,1.4,,2.75,,,,,,,,,,
2026-01-23,tennis,"Australian Open, Melbourne, Australia, Mixed",ATP,Nys H / Hunter S,Cabral F / Perez E,2,1,True,3,True,2.0,,1.73,,,,,,,,,,
2026-01-23,tennis,"Australian Open, Melbourne, Australia, Mixed",ATP,Hewitt C / Preston T,Arevalo M / Stefani L,0,2,False,2,False,8.0,,1.08,,,,,,,,,,
2026-01-23,tennis,"Australian Open, Melbourne, Australia, Mixed",ATP,Pel D / Panova A,Verbeek S / Siniakova K,1,2,False,3,True,2.63,,1.44,,,,,,,,,,
2026-01-23,tennis,"Australian Open, Melbourne, Australia, Mixed",ATP,Skupski N / Krawczyk D,Kyrgios N / Fernandez L,1,2,False,3,True,1.36,,3.0,,,,,,,,,,
2026-01-24,tennis,"Australian Open, Melbourne, Australia",ATP,Alexander Bublik,Tomas Martin Etcheverry,3,0,True,3,False,1.22,,4.33,,,,,,,,,,
2026-01-24,tennis,"Australian Open, Melbourne, Australia",WTA,Elena-Gabriela Ruse,Mirra Andreeva,0,2,False,2,False,6.5,,1.11,,,,,,,,,,
2026-01-24,tennis,"Australian Open, Melbourne, Australia",ATP,Alexander Bublik,Tomas Martin Etcheverry,3,0,True,3,False,1.22,,4.33,,,,,,,,,,
2026-01-24,tennis,"Australian Open, Melbourne, Australia",ATP,Karen Khachanov,Luciano Darderi,1,3,False,4,True,1.2,,4.5,,,,,,,,,,
2026-01-24,tennis,"Australian Open, Melbourne, Australia",ATP,Lorenzo Musetti,Tomaš Machač,3,2,True,5,True,1.5,,2.63,,,,,,,,,,
2026-01-24,tennis,"Australian Open, Melbourne, Australia",ATP,Eliot Spizzirri,Jannik Sinner,1,3,False,4,True,51.0,,1.0,,,,,,,,,,
2026-01-24,tennis,"Australian Open, Melbourne, Australia",ATP,Ben Shelton,Valentin Vacherot,3,0,True,3,False,1.22,,4.33,,,,,,,,,,
2026-01-24,tennis,"Australian Open, Melbourne, Australia",ATP,Stan Wawrinka,Taylor Fritz,1,3,False,4,True,8.0,,1.08,,,,,,,,,,
2026-01-24,tennis,"Australian Open, Melbourne, Australia",ATP,Botic Van de Zandschulp,Novak Djokovic,0,3,False,3,False,10.0,,1.06,,,,,,,,,,
2026-01-24,tennis,"Australian Open, Melbourne, Australia",ATP,Jakub Menšik,Ethan Quinn,3,0,True,3,False,1.44,,2.75,,,,,,,,,,
2026-01-24,tennis,"Australian Open, Melbourne, Australia",WTA,Elena-Gabriela Ruse,Mirra Andreeva,0,2,False,2,False,6.5,,1.11,,,,,,,,,,
2026-01-24,tennis,"Australian Open, Melbourne, Australia",WTA,Jessica Pegula,Oksana Selekhmeteva,2,0,True,2,False,1.05,,11.0,,,,,,,,,,
2026-01-24,tennis,"Australian Open, Melbourne, Australia",WTA,Karolína Plíšková,Madison Keys,0,2,False,2,False,5.5,,1.14,,,,,,,,,,
2026-01-24,tennis,"Australian Open, Melbourne, Australia",WTA,Peyton Stearns,Amanda Anisimova,0,2,False,2,False,5.5,,1.14,,,,,,,,,,
2026-01-24,tennis,"Australian Open, Melbourne, Australia",WTA,Linda Noskova,Xinyu Wang,0,2,False,2,False,1.44,,2.75,,,,,,,,,,
2026-01-24,tennis,"Australian Open, Melbourne, Australia",WTA,Elise Mertens,Nikola Bartunkova,2,0,True,2,False,1.28,,3.75,,,,,,,,,,
2026-01-24,tennis,"Australian Open, Melbourne, Australia",WTA,Anna Kalinskaya,Iga Swiatek,1,2,False,3,True,4.33,,1.22,,,,,,,,,,
2026-01-24,tennis,"Australian Open, Melbourne, Australia, Mixed",ATP,Harrison C / Khromacheva I,Zielinski J / Hsieh S-W,2,0,True,2,False,2.75,,1.4,,,,,,,,,,
2026-01-24,tennis,"Australian Open, Melbourne, Australia",ATP,Alexander Bublik,Tomas Martin Etcheverry,3,0,True,3,False,1.22,,4.33,,,,,,,,,,
2026-01-24,tennis,"Australian Open, Melbourne, Australia",ATP,Karen Khachanov,Luciano Darderi,1,3,False,4,True,1.2,,4.5,,,,,,,,,,
2026-01-24,tennis,"Australian Open, Melbourne, Australia",ATP,Lorenzo Musetti,Tomaš Machač,3,2,True,5,True,1.5,,2.63,,,,,,,,,,
2026-01-24,tennis,"Australian Open, Melbourne, Australia",ATP,Eliot Spizzirri,Jannik Sinner,1,3,False,4,True,51.0,,1.0,,,,,,,,,,
2026-01-24,tennis,"Australian Open, Melbourne, Australia",ATP,Ben Shelton,Valentin Vacherot,3,0,True,3,False,1.22,,4.33,,,,,,,,,,
2026-01-24,tennis,"Australian Open, Melbourne, Australia",ATP,Stan Wawrinka,Taylor Fritz,1,3,False,4,True,8.0,,1.08,,,,,,,,,,
2026-01-24,tennis,"Australian Open, Melbourne, Australia",ATP,Botic Van de Zandschulp,Novak Djokovic,0,3,False,3,False,10.0,,1.06,,,,,,,,,,
2026-01-24,tennis,"Australian Open, Melbourne, Australia",ATP,Jakub Menšik,Ethan Quinn,3,0,True,3,False,1.44,,2.75,,,,,,,,,,
2026-01-24,tennis,"Australian Open, Melbourne, Australia",WTA,Elena-Gabriela Ruse,Mirra Andreeva,0,2,False,2,False,6.5,,1.11,,,,,,,,,,
2026-01-24,tennis,"Australian Open, Melbourne, Australia",WTA,Jessica Pegula,Oksana Selekhmeteva,2,0,True,2,False,1.05,,11.0,,,,,,,,,,
2026-01-24,tennis,"Australian Open, Melbourne, Australia",WTA,Karolína Plíšková,Madison Keys,0,2,False,2,False,5.5,,1.14,,,,,,,,,,
2026-01-24,tennis,"Australian Open, Melbourne, Australia",WTA,Peyton Stearns,Amanda Anisimova,0,2,False,2,False,5.5,,1.14,,,,,,,,,,
2026-01-24,tennis,"Australian Open, Melbourne, Australia",WTA,Linda Noskova,Xinyu Wang,0,2,False,2,False,1.44,,2.75,,,,,,,,,,
2026-01-24,tennis,"Australian Open, Melbourne, Australia",WTA,Elise Mertens,Nikola Bartunkova,2,0,True,2,False,1.28,,3.75,,,,,,,,,,
2026-01-24,tennis,"Australian Open, Melbourne, Australia",WTA,Anna Kalinskaya,Iga Swiatek,1,2,False,3,True,4.33,,1.22,,,,,,,,,,
2026-01-24,tennis,"Australian Open, Melbourne, Australia, Mixed",ATP,Harrison C / Khromacheva I,Zielinski J / Hsieh S-W,2,0,True,2,False,2.75,,1.4,,,,,,,,,,
2026-01-25,tennis,"Australian Open, Melbourne, Australia",ATP,Marin Čilić,Casper Ruud,1,3,False,4,True,3.4,,1.33,,,,,,,,,,
2026-01-25,tennis,"Australian Open, Melbourne, Australia",WTA,Elena Rybakina,Tereza Valentová,2,0,True,2,False,1.17,,5.0,,,,,,,,,,
2026-01-25,tennis,"Australian Open, Melbourne, Australia",ATP,Marin Čilić,Casper Ruud,1,3,False,4,True,3.4,,1.33,,,,,,,,,,
2026-01-25,tennis,"Australian Open, Melbourne, Australia",ATP,Carlos Alcaraz,Tommy Paul,3,0,True,3,False,1.08,,8.0,,,,,,,,,,
2026-01-25,tennis,"Australian Open, Melbourne, Australia",ATP,Alexander Zverev,Francisco Cerundolo,3,0,True,3,False,1.36,,3.2,,,,,,,,,,
2026-01-25,tennis,"Australian Open, Melbourne, Australia",ATP,Daniil Medvedev,Learner Tien,0,3,False,3,False,1.44,,2.75,,,,,,,,,,
2026-01-25,tennis,"Australian Open, Melbourne, Australia",ATP,Alexander Bublik,Alex de Minaur,0,3,False,3,False,2.38,,1.57,,,,,,,,,,
2026-01-25,tennis,"Australian Open, Melbourne, Australia",WTA,Elena Rybakina,Tereza Valentová,2,0,True,2,False,1.17,,5.0,,,,,,,,,,
2026-01-25,tennis,"Australian Open, Melbourne, Australia",WTA,Aryna Sabalenka,Victoria Mboko,2,0,True,2,False,1.14,,5.5,,,,,,,,,,
2026-01-25,tennis,"Australian Open, Melbourne, Australia",WTA,Yulia Putintseva,Iva Jovic,0,2,False,2,False,3.75,,1.28,,,,,,,,,,
2026-01-25,tennis,"Australian Open, Melbourne, Australia",WTA,Coco Gauff,Karolina Muchova,2,1,True,3,True,1.44,,2.75,,,,,,,,,,
2026-01-25,tennis,"Australian Open, Melbourne, Australia, Mixed",ATP,Roger-Vasselin É / Siegemund L,Peers J / Gadecki O,1,2,False,3,True,1.44,,2.63,,,,,,,,,,
2026-01-25,tennis,"Australian Open, Melbourne, Australia, Mixed",ATP,Goransson A / Routliffe E,Guinard M / Mladenovic K,0,2,False,2,False,1.73,,2.0,,,,,,,,,,
2026-01-25,tennis,"Australian Open, Melbourne, Australia, Mixed",ATP,King E / Muhammad A,Arevalo M / Stefani L,0,2,False,2,False,2.5,,1.5,,,,,,,,,,
2026-01-25,tennis,"Australian Open, Melbourne, Australia, Mixed",ATP,Ebden M / Gibson T,Pavic M / Krunic A,1,2,False,3,True,2.5,,1.5,,,,,,,,,,
2026-01-25,tennis,"Australian Open, Melbourne, Australia, Mixed",ATP,Patten H / Nicholls O,Tracy J / Danilina A,0,2,False,2,False,1.53,,2.38,,,,,,,,,,
2026-01-25,tennis,"Australian Open, Melbourne, Australia, Mixed",ATP,Johnson L / Dabrowski G,Romios M C / Joint M,1,2,False,3,True,1.53,,2.38,,,,,,,,,,
2026-01-25,tennis,"Australian Open, Melbourne, Australia, Mixed",ATP,Harrison C / Khromacheva I,Glasspool L / Mihalikova T,2,1,True,3,True,1.91,,1.8,,,,,,,,,,
2026-01-25,tennis,"Australian Open, Melbourne, Australia, Mixed",ATP,Mektic N / Townsend T,Nys H / Hunter S,2,1,True,3,True,1.53,,2.38,,,,,,,,,,
2026-01-25,tennis,"Australian Open, Melbourne, Australia",ATP,Marin Čilić,Casper Ruud,1,3,False,4,True,3.4,,1.33,,,,,,,,,,
2026-01-25,tennis,"Australian Open, Melbourne, Australia",ATP,Carlos Alcaraz,Tommy Paul,3,0,True,3,False,1.08,,8.0,,,,,,,,,,
2026-01-25,tennis,"Australian Open, Melbourne, Australia",ATP,Alexander Zverev,Francisco Cerundolo,3,0,True,3,False,1.36,,3.2,,,,,,,,,,
2026-01-25,tennis,"Australian Open, Melbourne, Australia",ATP,Daniil Medvedev,Learner Tien,0,3,False,3,False,1.44,,2.75,,,,,,,,,,
2026-01-25,tennis,"Australian Open, Melbourne, Australia",ATP,Alexander Bublik,Alex de Minaur,0,3,False,3,False,2.38,,1.57,,,,,,,,,,
2026-01-25,tennis,"Australian Open, Melbourne, Australia",WTA,Elena Rybakina,Tereza Valentová,2,0,True,2,False,1.17,,5.0,,,,,,,,,,
2026-01-25,tennis,"Australian Open, Melbourne, Australia",WTA,Aryna Sabalenka,Victoria Mboko,2,0,True,2,False,1.14,,5.5,,,,,,,,,,
2026-01-25,tennis,"Australian Open, Melbourne, Australia",WTA,Yulia Putintseva,Iva Jovic,0,2,False,2,False,3.75,,1.28,,,,,,,,,,
2026-01-25,tennis,"Australian Open, Melbourne, Australia",WTA,Coco Gauff,Karolina Muchova,2,1,True,3,True,1.44,,2.75,,,,,,,,,,
2026-01-25,tennis,"Australian Open, Melbourne, Australia, Mixed",ATP,Roger-Vasselin É / Siegemund L,Peers J / Gadecki O,1,2,False,3,True,1.44,,2.63,,,,,,,,,,
2026-01-25,tennis,"Australian Open, Melbourne, Australia, Mixed",ATP,Goransson A / Routliffe E,Guinard M / Mladenovic K,0,2,False,2,False,1.73,,2.0,,,,,,,,,,
2026-01-25,tennis,"Australian Open, Melbourne, Australia, Mixed",ATP,King E / Muhammad A,Arevalo M / Stefani L,0,2,False,2,False,2.5,,1.5,,,,,,,,,,
2026-01-25,tennis,"Australian Open, Melbourne, Australia, Mixed",ATP,Ebden M / Gibson T,Pavic M / Krunic A,1,2,False,3,True,2.5,,1.5,,,,,,,,,,
2026-01-25,tennis,"Australian Open, Melbourne, Australia, Mixed",ATP,Patten H / Nicholls O,Tracy J / Danilina A,0,2,False,2,False,1.53,,2.38,,,,,,,,,,
2026-01-25,tennis,"Australian Open, Melbourne, Australia, Mixed",ATP,Johnson L / Dabrowski G,Romios M C / Joint M,1,2,False,3,True,1.53,,2.38,,,,,,,,,,
2026-01-25,tennis,"Australian Open, Melbourne, Australia, Mixed",ATP,Harrison C / Khromacheva I,Glasspool L / Mihalikova T,2,1,True,3,True,1.91,,1.8,,,,,,,,,,
2026-01-25,tennis,"Australian Open, Melbourne, Australia, Mixed",ATP,Mektic N / Townsend T,Nys H / Hunter S,2,1,True,3,True,1.53,,2.38,,,,,,,,,,
2026-01-26,tennis,"Australian Open, Melbourne, Australia",WTA,Elina Svitolina,Mirra Andreeva,2,0,True,2,False,2.5,,1.53,,,,,,,,,,
2026-01-26,tennis,"Australian Open, Melbourne, Australia",ATP,Lorenzo Musetti,Taylor Fritz,3,0,True,3,False,2.1,,1.73,,,,,,,,,,
2026-01-26,tennis,"Australian Open, Melbourne, Australia",ATP,Luciano Darderi,Jannik Sinner,0,3,False,3,False,23.0,,1.01,,,,,,,,,,
2026-01-26,tennis,"Australian Open, Melbourne, Australia",ATP,Ben Shelton,Casper Ruud,3,1,True,4,True,1.53,,2.5,,,,,,,,,,
2026-01-26,tennis,"Australian Open, Melbourne, Australia",WTA,Elina Svitolina,Mirra Andreeva,2,0,True,2,False,2.5,,1.53,,,,,,,,,,
2026-01-26,tennis,"Australian Open, Melbourne, Australia",WTA,Jessica Pegula,Madison Keys,2,0,True,2,False,1.62,,2.3,,,,,,,,,,
2026-01-26,tennis,"Australian Open, Melbourne, Australia",WTA,Xinyu Wang,Amanda Anisimova,0,2,False,2,False,5.5,,1.14,,,,,,,,,,
2026-01-26,tennis,"Australian Open, Melbourne, Australia",WTA,Elena Rybakina,Elise Mertens,2,0,True,2,False,1.14,,5.5,,,,,,,,,,
2026-01-26,tennis,"Australian Open, Melbourne, Australia",WTA,Maddison Inglis,Iga Swiatek,0,2,False,2,False,23.0,,1.01,,,,,,,,,,
2026-01-26,tennis,"Australian Open, Melbourne, Australia, Mixed",ATP,Puetz T / Zhang S,Verbeek S / Siniakova K,1,2,False,3,True,1.8,,1.91,,,,,,,,,,
2026-01-26,tennis,"Australian Open, Melbourne, Australia, Mixed",ATP,Tracy J / Danilina A,Kyrgios N / Fernandez L,2,0,True,2,False,1.91,,1.8,,,,,,,,,,
2026-01-26,tennis,"Australian Open, Melbourne, Australia, Mixed",ATP,Romios M C / Joint M,Pavic M / Krunic A,0,2,False,2,False,3.25,,1.33,,,,,,,,,,
2026-01-26,tennis,"Australian Open, Melbourne, Australia, Mixed",ATP,Guinard M / Mladenovic K,Cash J / Schuurs D,2,1,True,3,True,2.1,,1.67,,,,,,,,,,
2026-01-26,tennis,"Australian Open, Melbourne, Australia",ATP,Lorenzo Musetti,Taylor Fritz,3,0,True,3,False,2.1,,1.73,,,,,,,,,,
2026-01-26,tennis,"Australian Open, Melbourne, Australia",ATP,Luciano Darderi,Jannik Sinner,0,3,False,3,False,23.0,,1.01,,,,,,,,,,
2026-01-26,tennis,"Australian Open, Melbourne, Australia",ATP,Ben Shelton,Casper Ruud,3,1,True,4,True,1.53,,2.5,,,,,,,,,,
2026-01-26,tennis,"Australian Open, Melbourne, Australia",WTA,Elina Svitolina,Mirra Andreeva,2,0,True,2,False,2.5,,1.53,,,,,,,,,,
2026-01-26,tennis,"Australian Open, Melbourne, Australia",WTA,Jessica Pegula,Madison Keys,2,0,True,2,False,1.62,,2.3,,,,,,,,,,
2026-01-26,tennis,"Australian Open, Melbourne, Australia",WTA,Xinyu Wang,Amanda Anisimova,0,2,False,2,False,5.5,,1.14,,,,,,,,,,
2026-01-26,tennis,"Australian Open, Melbourne, Australia",WTA,Elena Rybakina,Elise Mertens,2,0,True,2,False,1.14,,5.5,,,,,,,,,,
2026-01-26,tennis,"Australian Open, Melbourne, Australia",WTA,Maddison Inglis,Iga Swiatek,0,2,False,2,False,23.0,,1.01,,,,,,,,,,
2026-01-26,tennis,"Australian Open, Melbourne, Australia, Mixed",ATP,Puetz T / Zhang S,Verbeek S / Siniakova K,1,2,False,3,True,1.8,,1.91,,,,,,,,,,
2026-01-26,tennis,"Australian Open, Melbourne, Australia, Mixed",ATP,Tracy J / Danilina A,Kyrgios N / Fernandez L,2,0,True,2,False,1.91,,1.8,,,,,,,,,,
2026-01-26,tennis,"Australian Open, Melbourne, Australia, Mixed",ATP,Romios M C / Joint M,Pavic M / Krunic A,0,2,False,2,False,3.25,,1.33,,,,,,,,,,
2026-01-26,tennis,"Australian Open, Melbourne, Australia, Mixed",ATP,Guinard M / Mladenovic K,Cash J / Schuurs D,2,1,True,3,True,2.1,,1.67,,,,,,,,,,
2026-01-27,tennis,"Australian Open, Melbourne, Australia",ATP,Alexander Zverev,Learner Tien,3,1,True,4,True,1.44,,2.75,,,,,,,,,,
2026-01-27,tennis,"Australian Open, Melbourne, Australia",ATP,Carlos Alcaraz,Alex de Minaur,3,0,True,3,False,1.14,,5.5,,,,,,,,,,
2026-01-27,tennis,"Australian Open, Melbourne, Australia",WTA,Aryna Sabalenka,Iva Jovic,2,0,True,2,False,1.14,,5.5,,,,,,,,,,
2026-01-27,tennis,"Australian Open, Melbourne, Australia",WTA,Coco Gauff,Elina Svitolina,0,2,False,2,False,1.5,,2.63,,,,,,,,,,
2026-01-27,tennis,"Australian Open, Melbourne, Australia, Mixed",ATP,Mektic N / Townsend T,Harrison C / Khromacheva I,2,0,True,2,False,1.57,,2.25,,,,,,,,,,
2026-01-27,tennis,"Australian Open, Melbourne, Australia, Mixed",ATP,Tracy J / Danilina A,Arevalo M / Stefani L,1,2,False,3,True,2.5,,1.5,,,,,,,,,,
2026-01-27,tennis,"Australian Open, Melbourne, Australia, Mixed",ATP,Peers J / Gadecki O,Pavic M / Krunic A,2,0,True,2,False,2.38,,1.53,,,,,,,,,,
2026-01-27,tennis,"Australian Open, Melbourne, Australia, Mixed",ATP,Verbeek S / Siniakova K,Guinard M / Mladenovic K,1,2,False,3,True,1.5,,2.5,,,,,,,,,,
2026-01-27,tennis,"Australian Open, Melbourne, Australia",ATP,Alexander Zverev,Learner Tien,3,1,True,4,True,1.44,,2.75,,,,,,,,,,
2026-01-27,tennis,"Australian Open, Melbourne, Australia",ATP,Carlos Alcaraz,Alex de Minaur,3,0,True,3,False,1.14,,5.5,,,,,,,,,,
2026-01-27,tennis,"Australian Open, Melbourne, Australia",WTA,Aryna Sabalenka,Iva Jovic,2,0,True,2,False,1.14,,5.5,,,,,,,,,,
2026-01-27,tennis,"Australian Open, Melbourne, Australia",WTA,Coco Gauff,Elina Svitolina,0,2,False,2,False,1.5,,2.63,,,,,,,,,,
2026-01-27,tennis,"Australian Open, Melbourne, Australia, Mixed",ATP,Mektic N / Townsend T,Harrison C / Khromacheva I,2,0,True,2,False,1.57,,2.25,,,,,,,,,,
2026-01-27,tennis,"Australian Open, Melbourne, Australia, Mixed",ATP,Tracy J / Danilina A,Arevalo M / Stefani L,1,2,False,3,True,2.5,,1.5,,,,,,,,,,
2026-01-27,tennis,"Australian Open, Melbourne, Australia, Mixed",ATP,Peers J / Gadecki O,Pavic M / Krunic A,2,0,True,2,False,2.38,,1.53,,,,,,,,,,
2026-01-27,tennis,"Australian Open, Melbourne, Australia, Mixed",ATP,Verbeek S / Siniakova K,Guinard M / Mladenovic K,1,2,False,3,True,1.5,,2.5,,,,,,,,,,
2026-01-28,tennis,"Australian Open, Melbourne, Australia",ATP,Ben Shelton,Jannik Sinner,0,3,False,3,False,8.0,,1.08,,,,,,,,,,
2026-01-28,tennis,"Australian Open, Melbourne, Australia",WTA,Elena Rybakina,Iga Swiatek,2,0,True,2,False,1.67,,2.2,,,,,,,,,,
2026-01-28,tennis,"Australian Open, Melbourne, Australia",WTA,Jessica Pegula,Amanda Anisimova,2,0,True,2,False,2.1,,1.73,,,,,,,,,,
2026-01-28,tennis,"Australian Open, Melbourne, Australia, Mixed",ATP,Peers J / Gadecki O,Mektic N / Townsend T,2,1,True,3,True,2.1,,1.67,,,,,,,,,,
2026-01-28,tennis,"Australian Open, Melbourne, Australia, Mixed",ATP,Guinard M / Mladenovic K,Arevalo M / Stefani L,2,1,True,3,True,2.25,,1.57,,,,,,,,,,
2026-01-28,tennis,"Australian Open, Melbourne, Australia",ATP,Ben Shelton,Jannik Sinner,0,3,False,3,False,8.0,,1.08,,,,,,,,,,
2026-01-28,tennis,"Australian Open, Melbourne, Australia",WTA,Elena Rybakina,Iga Swiatek,2,0,True,2,False,1.67,,2.2,,,,,,,,,,
2026-01-28,tennis,"Australian Open, Melbourne, Australia",WTA,Jessica Pegula,Amanda Anisimova,2,0,True,2,False,2.1,,1.73,,,,,,,,,,
2026-01-28,tennis,"Australian Open, Melbourne, Australia, Mixed",ATP,Peers J / Gadecki O,Mektic N / Townsend T,2,1,True,3,True,2.1,,1.67,,,,,,,,,,
2026-01-28,tennis,"Australian Open, Melbourne, Australia, Mixed",ATP,Guinard M / Mladenovic K,Arevalo M / Stefani L,2,1,True,3,True,2.25,,1.57,,,,,,,,,,
2026-01-29,tennis,"Australian Open, Melbourne, Australia",WTA,Aryna Sabalenka,Elina Svitolina,2,0,True,2,False,1.22,,4.33,,,,,,,,,,
2026-01-29,tennis,"Australian Open, Melbourne, Australia",WTA,Aryna Sabalenka,Elina Svitolina,2,0,True,2,False,1.22,,4.33,,,,,,,,,,
2026-01-30,tennis,"Australian Open, Melbourne, Australia",WTA,Jessica Pegula,Elena Rybakina,0,2,False,2,False,2.75,,1.44,,,,,,,,,,
2026-01-30,tennis,"Australian Open, Melbourne, Australia",ATP,Carlos Alcaraz,Alexander Zverev,3,2,True,5,True,1.14,,5.5,,,,,,,,,,
2026-01-30,tennis,"Australian Open, Melbourne, Australia",WTA,Jessica Pegula,Elena Rybakina,0,2,False,2,False,2.75,,1.44,,,,,,,,,,
2026-01-30,tennis,"Australian Open, Melbourne, Australia, Mixed",ATP,Peers J / Gadecki O,Guinard M / Mladenovic K,2,1,True,3,True,1.67,,2.2,,,,,,,,,,
2026-01-30,tennis,"Australian Open, Melbourne, Australia",ATP,Carlos Alcaraz,Alexander Zverev,3,2,True,5,True,1.14,,5.5,,,,,,,,,,
2026-01-30,tennis,"Australian Open, Melbourne, Australia",WTA,Jessica Pegula,Elena Rybakina,0,2,False,2,False,2.75,,1.44,,,,,,,,,,
2026-01-30,tennis,"Australian Open, Melbourne, Australia, Mixed",ATP,Peers J / Gadecki O,Guinard M / Mladenovic K,2,1,True,3,True,1.67,,2.2,,,,,,,,,,
2026-01-31,tennis,"Australian Open, Melbourne, Australia",ATP,Novak Djokovic,Jannik Sinner,3,2,True,5,True,9.0,,1.07,,,,,,,,,,
2026-01-31,tennis,"Australian Open, Melbourne, Australia",ATP,Novak Djokovic,Jannik Sinner,3,2,True,5,True,9.0,,1.07,,,,,,,,,,
2026-01-31,tennis,"Australian Open, Melbourne, Australia",WTA,Aryna Sabalenka,Elena Rybakina,1,2,False,3,True,1.62,,2.38,,,,,,,,,,
2026-01-31,tennis,"Australian Open, Melbourne, Australia",ATP,Novak Djokovic,Jannik Sinner,3,2,True,5,True,9.0,,1.07,,,,,,,,,,
2026-01-31,tennis,"Australian Open, Melbourne, Australia",WTA,Aryna Sabalenka,Elena Rybakina,1,2,False,3,True,1.62,,2.38,,,,,,,,,,
2026-02-01,tennis,"Australian Open, Melbourne, Australia",ATP,Carlos Alcaraz,Novak Djokovic,3,1,True,4,True,1.3,,3.5,,,,,,,,,,
2026-02-01,tennis,"Australian Open, Melbourne, Australia",ATP,Carlos Alcaraz,Novak Djokovic,3,1,True,4,True,1.3,,3.5,,,,,,,,,,
2026-03-05,tennis,"Indian Wells, USA",ATP,Camilo Ugo Carabelli,Martin Damm Jr,2,0,True,2,False,2.5,,1.53,,,,,,,,,,
2026-03-05,tennis,"Indian Wells, USA",ATP,Mariano Navone,Marcos Giron,1,2,False,3,True,3.2,,1.36,,,,,,,,,,
2026-03-05,tennis,"Indian Wells, USA",ATP,Quentin Halys,Adam Walton,0,2,False,2,False,1.5,,2.63,,,,,,,,,,
2026-03-05,tennis,"Indian Wells, USA",ATP,Zizou Bergs,Jan-Lennard Struff,2,0,True,2,False,1.73,,2.1,,,,,,,,,,
2026-03-05,tennis,"Indian Wells, USA",ATP,Reilly Opelka,Ethan Quinn,2,0,True,2,False,2.2,,1.67,,,,,,,,,,
2026-03-05,tennis,"Indian Wells, USA",ATP,Mattia Bellucci,Gabriel Diallo,0,2,False,2,False,2.0,,1.8,,,,,,,,,,
2026-03-05,tennis,"Indian Wells, USA",ATP,Dalibor Svrčina,James Duckworth,2,0,True,2,False,1.4,,3.0,,,,,,,,,,
2026-03-05,tennis,"Indian Wells, USA",ATP,Marton Fucsovics,Christopher O'Connell,2,0,True,2,False,1.73,,2.1,,,,,,,,,,
2026-03-05,tennis,"Indian Wells, USA",ATP,Matteo Berrettini,Adrian Mannarino,2,1,True,3,True,1.44,,2.75,,,,,,,,,,
2026-03-05,tennis,"Indian Wells, USA",ATP,Dino Prižmić,Tristan Schoolkate,2,1,True,3,True,1.28,,3.75,,,,,,,,,,
2026-03-05,tennis,"Indian Wells, USA",ATP,Jenson Brooksby,Alexei Popyrin,2,0,True,2,False,1.67,,2.2,,,,,,,,,,
2026-03-05,tennis,"Indian Wells, USA",ATP,Gael Monfils,Alexis Galarneau,2,0,True,2,False,1.62,,2.3,,,,,,,,,,
2026-03-05,tennis,"Indian Wells, USA",ATP,Zachary Svajda,Marin Čilić,2,0,True,2,False,2.3,,1.62,,,,,,,,,,
2026-03-05,tennis,"Indian Wells, USA",ATP,Joao Fonseca,Raphael Collignon,2,0,True,2,False,1.73,,2.1,,,,,,,,,,
2026-03-05,tennis,"Indian Wells, USA",ATP,Stefanos Tsitsipas,Denis Shapovalov,1,2,False,3,True,1.73,,2.1,,,,,,,,,,
2026-03-05,tennis,"Indian Wells, USA",WTA,Kimberly Birrell,Oksana Selekhmeteva,2,0,True,2,False,2.1,,1.73,,,,,,,,,,
2026-03-05,tennis,"Indian Wells, USA",WTA,Sorana Cirstea,Tatjana Maria,2,1,True,3,True,1.13,,6.0,,,,,,,,,,
2026-03-05,tennis,"Indian Wells, USA",WTA,Yulia Putintseva,Paula Badosa,2,0,True,2,False,2.75,,1.44,,,,,,,,,,
2026-03-05,tennis,"Indian Wells, USA",WTA,Anastasia Potapova,Marina Stakusic,2,1,True,3,True,2.0,,1.8,,,,,,,,,,
2026-03-05,tennis,"Indian Wells, USA",WTA,Ajla Tomljanovic,Elena-Gabriela Ruse,2,0,True,2,False,2.0,,1.8,,,,,,,,,,
2026-03-05,tennis,"Indian Wells, USA",WTA,Zeynep Sönmez,McCartney Kessler,2,0,True,2,False,2.2,,1.67,,,,,,,,,,
2026-03-05,tennis,"Indian Wells, USA",WTA,Talia Gibson,Ann Li,2,0,True,2,False,2.38,,1.57,,,,,,,,,,
2026-03-05,tennis,"Indian Wells, USA",WTA,Jessica Bouzas Maneiro,Beatriz Haddad Maia,2,1,True,3,True,1.62,,2.3,,,,,,,,,,
2026-03-05,tennis,"Indian Wells, USA",WTA,Ella Seidel,Anastasia Zakharova,0,2,False,2,False,2.2,,1.67,,,,,,,,,,
2026-03-05,tennis,"Indian Wells, USA",WTA,Himeno Sakatsume,Alycia Parks,2,0,True,2,False,2.0,,1.8,,,,,,,,,,
2026-03-05,tennis,"Indian Wells, USA",WTA,Victoria Jimenez Kasintseva,Catherine McNally,2,1,True,3,True,2.63,,1.5,,,,,,,,,,
2026-03-05,tennis,"Indian Wells, USA",WTA,Dalma Galfi,Anna Blinkova,0,2,False,2,False,1.4,,3.0,,,,,,,,,,
2026-03-05,tennis,"Indian Wells, USA",WTA,Jaqueline Cristian,Janice Tjen,2,1,True,3,True,2.1,,1.73,,,,,,,,,,
2026-03-05,tennis,"Indian Wells, USA",WTA,Bianca Andreescu,Kamilla Rakhimova,1,2,False,3,True,1.73,,2.1,,,,,,,,,,
2026-03-05,tennis,"Indian Wells, USA",WTA,Sloane Stephens,Camila Osorio,0,2,False,2,False,3.75,,1.28,,,,,,,,,,
2026-03-05,tennis,"Indian Wells, USA",WTA,Dayana Yastremska,Shuai Zhang,2,0,True,2,False,1.91,,1.91,,,,,,,,,,
2026-03-05,tennis,"Indian Wells, USA",ATP,Camilo Ugo Carabelli,Martin Damm Jr,2,0,True,2,False,2.5,,1.53,,,,,,,,,,
2026-03-05,tennis,"Indian Wells, USA",ATP,Mariano Navone,Marcos Giron,1,2,False,3,True,3.2,,1.36,,,,,,,,,,
2026-03-05,tennis,"Indian Wells, USA",ATP,Quentin Halys,Adam Walton,0,2,False,2,False,1.5,,2.63,,,,,,,,,,
2026-03-05,tennis,"Indian Wells, USA",ATP,Zizou Bergs,Jan-Lennard Struff,2,0,True,2,False,1.73,,2.1,,,,,,,,,,
2026-03-05,tennis,"Indian Wells, USA",ATP,Reilly Opelka,Ethan Quinn,2,0,True,2,False,2.2,,1.67,,,,,,,,,,
2026-03-05,tennis,"Indian Wells, USA",ATP,Mattia Bellucci,Gabriel Diallo,0,2,False,2,False,2.0,,1.8,,,,,,,,,,
2026-03-05,tennis,"Indian Wells, USA",ATP,Dalibor Svrčina,James Duckworth,2,0,True,2,False,1.4,,3.0,,,,,,,,,,
2026-03-05,tennis,"Indian Wells, USA",ATP,Marton Fucsovics,Christopher O'Connell,2,0,True,2,False,1.73,,2.1,,,,,,,,,,
2026-03-05,tennis,"Indian Wells, USA",ATP,Matteo Berrettini,Adrian Mannarino,2,1,True,3,True,1.44,,2.75,,,,,,,,,,
2026-03-05,tennis,"Indian Wells, USA",ATP,Dino Prižmić,Tristan Schoolkate,2,1,True,3,True,1.28,,3.75,,,,,,,,,,
2026-03-05,tennis,"Indian Wells, USA",ATP,Jenson Brooksby,Alexei Popyrin,2,0,True,2,False,1.67,,2.2,,,,,,,,,,
2026-03-05,tennis,"Indian Wells, USA",ATP,Gael Monfils,Alexis Galarneau,2,0,True,2,False,1.62,,2.3,,,,,,,,,,
2026-03-05,tennis,"Indian Wells, USA",ATP,Zachary Svajda,Marin Čilić,2,0,True,2,False,2.3,,1.62,,,,,,,,,,
2026-03-05,tennis,"Indian Wells, USA",ATP,Joao Fonseca,Raphael Collignon,2,0,True,2,False,1.73,,2.1,,,,,,,,,,
2026-03-05,tennis,"Indian Wells, USA",ATP,Stefanos Tsitsipas,Denis Shapovalov,1,2,False,3,True,1.73,,2.1,,,,,,,,,,
2026-03-05,tennis,"Indian Wells, USA",WTA,Kimberly Birrell,Oksana Selekhmeteva,2,0,True,2,False,2.1,,1.73,,,,,,,,,,
2026-03-05,tennis,"Indian Wells, USA",WTA,Sorana Cirstea,Tatjana Maria,2,1,True,3,True,1.13,,6.0,,,,,,,,,,
2026-03-05,tennis,"Indian Wells, USA",WTA,Yulia Putintseva,Paula Badosa,2,0,True,2,False,2.75,,1.44,,,,,,,,,,
2026-03-05,tennis,"Indian Wells, USA",WTA,Anastasia Potapova,Marina Stakusic,2,1,True,3,True,2.0,,1.8,,,,,,,,,,
2026-03-05,tennis,"Indian Wells, USA",WTA,Ajla Tomljanovic,Elena-Gabriela Ruse,2,0,True,2,False,2.0,,1.8,,,,,,,,,,
2026-03-05,tennis,"Indian Wells, USA",WTA,Zeynep Sönmez,McCartney Kessler,2,0,True,2,False,2.2,,1.67,,,,,,,,,,
2026-03-05,tennis,"Indian Wells, USA",WTA,Talia Gibson,Ann Li,2,0,True,2,False,2.38,,1.57,,,,,,,,,,
2026-03-05,tennis,"Indian Wells, USA",WTA,Jessica Bouzas Maneiro,Beatriz Haddad Maia,2,1,True,3,True,1.62,,2.3,,,,,,,,,,
2026-03-05,tennis,"Indian Wells, USA",WTA,Ella Seidel,Anastasia Zakharova,0,2,False,2,False,2.2,,1.67,,,,,,,,,,
2026-03-05,tennis,"Indian Wells, USA",WTA,Himeno Sakatsume,Alycia Parks,2,0,True,2,False,2.0,,1.8,,,,,,,,,,
2026-03-05,tennis,"Indian Wells, USA",WTA,Victoria Jimenez Kasintseva,Catherine McNally,2,1,True,3,True,2.63,,1.5,,,,,,,,,,
2026-03-05,tennis,"Indian Wells, USA",WTA,Dalma Galfi,Anna Blinkova,0,2,False,2,False,1.4,,3.0,,,,,,,,,,
2026-03-05,tennis,"Indian Wells, USA",WTA,Jaqueline Cristian,Janice Tjen,2,1,True,3,True,2.1,,1.73,,,,,,,,,,
2026-03-05,tennis,"Indian Wells, USA",WTA,Bianca Andreescu,Kamilla Rakhimova,1,2,False,3,True,1.73,,2.1,,,,,,,,,,
2026-03-05,tennis,"Indian Wells, USA",WTA,Sloane Stephens,Camila Osorio,0,2,False,2,False,3.75,,1.28,,,,,,,,,,
2026-03-05,tennis,"Indian Wells, USA",WTA,Dayana Yastremska,Shuai Zhang,2,0,True,2,False,1.91,,1.91,,,,,,,,,,
2026-03-06,tennis,"Indian Wells, USA",ATP,Alexander Shevchenko,Sho Shimabukuro,2,1,True,3,True,2.3,,1.62,,,,,,,,,,
2026-03-06,tennis,"Indian Wells, USA",ATP,Kamil Majchrzak,Giovanni Mpetshi Perricard,2,1,True,3,True,1.62,,2.3,,,,,,,,,,
2026-03-06,tennis,"Indian Wells, USA",ATP,Terence Atmane,Grigor Dimitrov,1,2,False,3,True,2.3,,1.62,,,,,,,,,,
2026-03-06,tennis,"Indian Wells, USA",ATP,Hubert Hurkacz,Aleksandar Kovacevic,0,2,False,2,False,1.4,,3.0,,,,,,,,,,
2026-03-06,tennis,"Indian Wells, USA",ATP,Jacob Fearnley,Damir Džumhur,2,0,True,2,False,1.73,,2.1,,,,,,,,,,
2026-03-06,tennis,"Indian Wells, USA",ATP,Chun-Hsin Tseng,Sebastián Báez,0,2,False,2,False,3.2,,1.36,,,,,,,,,,
2026-03-06,tennis,"Indian Wells, USA",ATP,Fábián Marozsán,Roberto Bautista Agut,1,2,False,3,True,1.28,,3.75,,,,,,,,,,
2026-03-06,tennis,"Indian Wells, USA",ATP,Valentin Royer,Benjamin Bonzi,0,2,False,2,False,1.91,,1.91,,,,,,,,,,
2026-03-06,tennis,"Indian Wells, USA",ATP,Daniel Merida,Alex Michelsen,0,2,False,2,False,3.4,,1.33,,,,,,,,,,
2026-03-06,tennis,"Indian Wells, USA",ATP,Juan Manuel Cerundolo,Botic Van de Zandschulp,2,1,True,3,True,3.0,,1.4,,,,,,,,,,
2026-03-06,tennis,"Indian Wells, USA",ATP,Alejandro Tabilo,Rafael Jodar,2,0,True,2,False,2.3,,1.62,,,,,,,,,,
2026-03-06,tennis,"Indian Wells, USA",ATP,Nuno Borges,Emilio Nava,2,0,True,2,False,1.57,,2.38,,,,,,,,,,
2026-03-06,tennis,"Indian Wells, USA",ATP,Francesco Maestrelli,Rinky Hijikata,0,2,False,2,False,2.2,,1.67,,,,,,,,,,
2026-03-06,tennis,"Indian Wells, USA",ATP,Sebastian Korda,Francisco Comesaña,2,0,True,2,False,1.14,,5.5,,,,,,,,,,
2026-03-06,tennis,"Indian Wells, USA",ATP,Matteo Arnaldi,Mackenzie McDonald,0,2,False,2,False,2.38,,1.57,,,,,,,,,,
2026-03-06,tennis,"Indian Wells, USA",ATP,Michael Zheng,Vit Kopřiva,0,2,False,2,False,1.73,,2.1,,,,,,,,,,
2026-03-06,tennis,"Indian Wells, USA",WTA,Lanlana Tararudee,Sonay Kartal,0,2,False,2,False,3.2,,1.36,,,,,,,,,,
2026-03-06,tennis,"Indian Wells, USA",WTA,Laura Siegemund,Petra Marčinko,2,1,True,3,True,2.0,,1.8,,,,,,,,,,
2026-03-06,tennis,"Indian Wells, USA",WTA,Magda Linette,Ashlyn Krueger,0,2,False,2,False,1.8,,2.0,,,,,,,,,,
2026-03-06,tennis,"Indian Wells, USA",WTA,Marie Bouzkova,Taylor Townsend,0,2,False,2,False,2.0,,1.8,,,,,,,,,,
2026-03-06,tennis,"Indian Wells, USA",WTA,Donna Vekić,Tereza Valentová,2,0,True,2,False,2.63,,1.5,,,,,,,,,,
2026-03-06,tennis,"Indian Wells, USA",WTA,Francesca Jones,Kayla Day,0,2,False,2,False,2.2,,1.67,,,,,,,,,,
2026-03-06,tennis,"Indian Wells, USA",WTA,Diane Parry,Venus Williams,2,1,True,3,True,1.25,,4.0,,,,,,,,,,
2026-03-06,tennis,"Indian Wells, USA",WTA,Elsa Jacquemot,Anna Bondar,0,2,False,2,False,2.63,,1.5,,,,,,,,,,
2026-03-06,tennis,"Indian Wells, USA",WTA,Cristina Bucsa,Darja Vidmanova,2,0,True,2,False,1.5,,2.63,,,,,,,,,,
2026-03-06,tennis,"Indian Wells, USA",WTA,Varvara Gracheva,Lilli Tagger,0,2,False,2,False,1.67,,2.2,,,,,,,,,,
2026-03-06,tennis,"Indian Wells, USA",WTA,Katerina Siniakova,Sofia Kenin,2,1,True,3,True,1.44,,2.75,,,,,,,,,,
2026-03-06,tennis,"Indian Wells, USA",WTA,Storm Hunter,Magdalena Frech,2,1,True,3,True,3.0,,1.4,,,,,,,,,,
2026-03-06,tennis,"Indian Wells, USA",WTA,Antonia Ružić,Jennifer Brady,2,1,True,3,True,1.44,,2.75,,,,,,,,,,
2026-03-06,tennis,"Indian Wells, USA",WTA,Emiliana Arango,Hailey Baptiste,1,2,False,3,True,3.5,,1.3,,,,,,,,,,
2026-03-06,tennis,"Indian Wells, USA",WTA,Peyton Stearns,Solana Sierra,0,2,False,2,False,1.17,,5.0,,,,,,,,,,
2026-03-06,tennis,"Indian Wells, USA",ATP,Alexander Shevchenko,Sho Shimabukuro,2,1,True,3,True,2.3,,1.62,,,,,,,,,,
2026-03-06,tennis,"Indian Wells, USA",ATP,Kamil Majchrzak,Giovanni Mpetshi Perricard,2,1,True,3,True,1.62,,2.3,,,,,,,,,,
2026-03-06,tennis,"Indian Wells, USA",ATP,Terence Atmane,Grigor Dimitrov,1,2,False,3,True,2.3,,1.62,,,,,,,,,,
2026-03-06,tennis,"Indian Wells, USA",ATP,Hubert Hurkacz,Aleksandar Kovacevic,0,2,False,2,False,1.4,,3.0,,,,,,,,,,
2026-03-06,tennis,"Indian Wells, USA",ATP,Jacob Fearnley,Damir Džumhur,2,0,True,2,False,1.73,,2.1,,,,,,,,,,
2026-03-06,tennis,"Indian Wells, USA",ATP,Chun-Hsin Tseng,Sebastián Báez,0,2,False,2,False,3.2,,1.36,,,,,,,,,,
2026-03-06,tennis,"Indian Wells, USA",ATP,Fábián Marozsán,Roberto Bautista Agut,1,2,False,3,True,1.28,,3.75,,,,,,,,,,
2026-03-06,tennis,"Indian Wells, USA",ATP,Valentin Royer,Benjamin Bonzi,0,2,False,2,False,1.91,,1.91,,,,,,,,,,
2026-03-06,tennis,"Indian Wells, USA",ATP,Daniel Merida,Alex Michelsen,0,2,False,2,False,3.4,,1.33,,,,,,,,,,
2026-03-06,tennis,"Indian Wells, USA",ATP,Juan Manuel Cerundolo,Botic Van de Zandschulp,2,1,True,3,True,3.0,,1.4,,,,,,,,,,
2026-03-06,tennis,"Indian Wells, USA",ATP,Alejandro Tabilo,Rafael Jodar,2,0,True,2,False,2.3,,1.62,,,,,,,,,,
2026-03-06,tennis,"Indian Wells, USA",ATP,Nuno Borges,Emilio Nava,2,0,True,2,False,1.57,,2.38,,,,,,,,,,
2026-03-06,tennis,"Indian Wells, USA",ATP,Francesco Maestrelli,Rinky Hijikata,0,2,False,2,False,2.2,,1.67,,,,,,,,,,
2026-03-06,tennis,"Indian Wells, USA",ATP,Sebastian Korda,Francisco Comesaña,2,0,True,2,False,1.14,,5.5,,,,,,,,,,
2026-03-06,tennis,"Indian Wells, USA",ATP,Matteo Arnaldi,Mackenzie McDonald,0,2,False,2,False,2.38,,1.57,,,,,,,,,,
2026-03-06,tennis,"Indian Wells, USA",ATP,Michael Zheng,Vit Kopřiva,0,2,False,2,False,1.73,,2.1,,,,,,,,,,
2026-03-06,tennis,"Indian Wells, USA",WTA,Lanlana Tararudee,Sonay Kartal,0,2,False,2,False,3.2,,1.36,,,,,,,,,,
2026-03-06,tennis,"Indian Wells, USA",WTA,Laura Siegemund,Petra Marčinko,2,1,True,3,True,2.0,,1.8,,,,,,,,,,
2026-03-06,tennis,"Indian Wells, USA",WTA,Magda Linette,Ashlyn Krueger,0,2,False,2,False,1.8,,2.0,,,,,,,,,,
2026-03-06,tennis,"Indian Wells, USA",WTA,Marie Bouzkova,Taylor Townsend,0,2,False,2,False,2.0,,1.8,,,,,,,,,,
2026-03-06,tennis,"Indian Wells, USA",WTA,Donna Vekić,Tereza Valentová,2,0,True,2,False,2.63,,1.5,,,,,,,,,,
2026-03-06,tennis,"Indian Wells, USA",WTA,Francesca Jones,Kayla Day,0,2,False,2,False,2.2,,1.67,,,,,,,,,,
2026-03-06,tennis,"Indian Wells, USA",WTA,Diane Parry,Venus Williams,2,1,True,3,True,1.25,,4.0,,,,,,,,,,
2026-03-06,tennis,"Indian Wells, USA",WTA,Elsa Jacquemot,Anna Bondar,0,2,False,2,False,2.63,,1.5,,,,,,,,,,
2026-03-06,tennis,"Indian Wells, USA",WTA,Cristina Bucsa,Darja Vidmanova,2,0,True,2,False,1.5,,2.63,,,,,,,,,,
2026-03-06,tennis,"Indian Wells, USA",WTA,Varvara Gracheva,Lilli Tagger,0,2,False,2,False,1.67,,2.2,,,,,,,,,,
2026-03-06,tennis,"Indian Wells, USA",WTA,Katerina Siniakova,Sofia Kenin,2,1,True,3,True,1.44,,2.75,,,,,,,,,,
2026-03-06,tennis,"Indian Wells, USA",WTA,Storm Hunter,Magdalena Frech,2,1,True,3,True,3.0,,1.4,,,,,,,,,,
2026-03-06,tennis,"Indian Wells, USA",WTA,Antonia Ružić,Jennifer Brady,2,1,True,3,True,1.44,,2.75,,,,,,,,,,
2026-03-06,tennis,"Indian Wells, USA",WTA,Emiliana Arango,Hailey Baptiste,1,2,False,3,True,3.5,,1.3,,,,,,,,,,
2026-03-06,tennis,"Indian Wells, USA",WTA,Peyton Stearns,Solana Sierra,0,2,False,2,False,1.17,,5.0,,,,,,,,,,
2026-03-07,tennis,"Indian Wells, USA",ATP,Adam Walton,Learner Tien,0,2,False,2,False,5.0,,1.17,,,,,,,,,,
2026-03-07,tennis,"Indian Wells, USA",ATP,Matteo Berrettini,Alexander Zverev,0,2,False,2,False,4.5,,1.2,,,,,,,,,,
2026-03-07,tennis,"Indian Wells, USA",ATP,Flavio Cobolli,Miomir Kecmanović,2,1,True,3,True,2.0,,1.8,,,,,,,,,,
2026-03-07,tennis,"Indian Wells, USA",ATP,Ben Shelton,Reilly Opelka,2,1,True,3,True,1.28,,3.75,,,,,,,,,,
2026-03-07,tennis,"Indian Wells, USA",ATP,Lorenzo Musetti,Marton Fucsovics,0,2,False,2,False,1.3,,3.5,,,,,,,,,,
2026-03-07,tennis,"Indian Wells, USA",ATP,Brandon Nakashima,Camilo Ugo Carabelli,2,0,True,2,False,1.17,,5.0,,,,,,,,,,
2026-03-07,tennis,"Indian Wells, USA",ATP,Gael Monfils,Felix Auger-Aliassime,1,2,False,3,True,5.0,,1.17,,,,,,,,,,
2026-03-07,tennis,"Indian Wells, USA",ATP,Jenson Brooksby,Frances Tiafoe,0,2,False,2,False,1.8,,2.0,,,,,,,,,,
2026-03-07,tennis,"Indian Wells, USA",ATP,Tomas Martin Etcheverry,Denis Shapovalov,1,2,False,3,True,2.63,,1.5,,,,,,,,,,
2026-03-07,tennis,"Indian Wells, USA",ATP,Alejandro Davidovich Fokina,Zachary Svajda,2,0,True,2,False,1.57,,2.38,,,,,,,,,,
2026-03-07,tennis,"Indian Wells, USA",ATP,Dalibor Svrčina,Jannik Sinner,0,2,False,2,False,26.0,,1.01,,,,,,,,,,
2026-03-07,tennis,"Indian Wells, USA",ATP,Zizou Bergs,Tommy Paul,0,2,False,2,False,4.5,,1.2,,,,,,,,,,
2026-03-07,tennis,"Indian Wells, USA",ATP,Marcos Giron,Jakub Menšik,0,2,False,2,False,3.2,,1.36,,,,,,,,,,
2026-03-07,tennis,"Indian Wells, USA",WTA,Emma Raducanu,Anastasia Zakharova,2,0,True,2,False,1.5,,2.63,,,,,,,,,,
2026-03-07,tennis,"Indian Wells, USA",WTA,Victoria Mboko,Kimberly Birrell,2,0,True,2,False,1.17,,5.0,,,,,,,,,,
2026-03-07,tennis,"Indian Wells, USA",WTA,Jessica Bouzas Maneiro,Linda Noskova,0,2,False,2,False,3.2,,1.36,,,,,,,,,,
2026-03-07,tennis,"Indian Wells, USA",WTA,Ekaterina Alexandrova,Talia Gibson,0,2,False,2,False,1.44,,2.75,,,,,,,,,,
2026-03-07,tennis,"Indian Wells, USA",WTA,Yulia Putintseva,Clara Tauson,0,2,False,2,False,3.2,,1.36,,,,,,,,,,
2026-03-07,tennis,"Indian Wells, USA",WTA,Diana Shnaider,Sorana Cirstea,0,2,False,2,False,2.3,,1.62,,,,,,,,,,
2026-03-07,tennis,"Indian Wells, USA",WTA,Zeynep Sönmez,Anna Kalinskaya,0,2,False,2,False,3.2,,1.36,,,,,,,,,,
2026-03-07,tennis,"Indian Wells, USA",WTA,Aryna Sabalenka,Himeno Sakatsume,2,0,True,2,False,1.02,,19.0,,,,,,,,,,
2026-03-07,tennis,"Indian Wells, USA",WTA,Xinyu Wang,Ajla Tomljanovic,0,2,False,2,False,2.0,,1.8,,,,,,,,,,
2026-03-07,tennis,"Indian Wells, USA",WTA,Anastasia Potapova,Jasmine Paolini,1,2,False,3,True,3.0,,1.4,,,,,,,,,,
2026-03-07,tennis,"Indian Wells, USA",WTA,Coco Gauff,Kamilla Rakhimova,2,0,True,2,False,1.07,,9.0,,,,,,,,,,
2026-03-07,tennis,"Indian Wells, USA",WTA,Jaqueline Cristian,Maya Joint,2,1,True,3,True,1.62,,2.3,,,,,,,,,,
2026-03-07,tennis,"Indian Wells, USA",WTA,Iva Jovic,Camila Osorio,1,2,False,3,True,1.4,,3.0,,,,,,,,,,
2026-03-07,tennis,"Indian Wells, USA",WTA,Victoria Jimenez Kasintseva,Naomi Osaka,0,2,False,2,False,4.5,,1.2,,,,,,,,,,
2026-03-07,tennis,"Indian Wells, USA",WTA,Anna Blinkova,Amanda Anisimova,1,2,False,3,True,11.0,,1.05,,,,,,,,,,
2026-03-07,tennis,"Indian Wells, USA",WTA,Dayana Yastremska,Alexandra Eala,1,2,False,3,True,2.2,,1.67,,,,,,,,,,
2026-03-07,tennis,"Indian Wells, USA",ATP,Adam Walton,Learner Tien,0,2,False,2,False,5.0,,1.17,,,,,,,,,,
2026-03-07,tennis,"Indian Wells, USA",ATP,Matteo Berrettini,Alexander Zverev,0,2,False,2,False,4.5,,1.2,,,,,,,,,,
2026-03-07,tennis,"Indian Wells, USA",ATP,Flavio Cobolli,Miomir Kecmanović,2,1,True,3,True,2.0,,1.8,,,,,,,,,,
2026-03-07,tennis,"Indian Wells, USA",ATP,Ben Shelton,Reilly Opelka,2,1,True,3,True,1.28,,3.75,,,,,,,,,,
2026-03-07,tennis,"Indian Wells, USA",ATP,Lorenzo Musetti,Marton Fucsovics,0,2,False,2,False,1.3,,3.5,,,,,,,,,,
2026-03-07,tennis,"Indian Wells, USA",ATP,Brandon Nakashima,Camilo Ugo Carabelli,2,0,True,2,False,1.17,,5.0,,,,,,,,,,
2026-03-07,tennis,"Indian Wells, USA",ATP,Gael Monfils,Felix Auger-Aliassime,1,2,False,3,True,5.0,,1.17,,,,,,,,,,
2026-03-07,tennis,"Indian Wells, USA",ATP,Jenson Brooksby,Frances Tiafoe,0,2,False,2,False,1.8,,2.0,,,,,,,,,,
2026-03-07,tennis,"Indian Wells, USA",ATP,Tomas Martin Etcheverry,Denis Shapovalov,1,2,False,3,True,2.63,,1.5,,,,,,,,,,
2026-03-07,tennis,"Indian Wells, USA",ATP,Alejandro Davidovich Fokina,Zachary Svajda,2,0,True,2,False,1.57,,2.38,,,,,,,,,,
2026-03-07,tennis,"Indian Wells, USA",ATP,Dalibor Svrčina,Jannik Sinner,0,2,False,2,False,26.0,,1.01,,,,,,,,,,
2026-03-07,tennis,"Indian Wells, USA",ATP,Zizou Bergs,Tommy Paul,0,2,False,2,False,4.5,,1.2,,,,,,,,,,
2026-03-07,tennis,"Indian Wells, USA",ATP,Marcos Giron,Jakub Menšik,0,2,False,2,False,3.2,,1.36,,,,,,,,,,
2026-03-07,tennis,"Indian Wells, USA",WTA,Emma Raducanu,Anastasia Zakharova,2,0,True,2,False,1.5,,2.63,,,,,,,,,,
2026-03-07,tennis,"Indian Wells, USA",WTA,Victoria Mboko,Kimberly Birrell,2,0,True,2,False,1.17,,5.0,,,,,,,,,,
2026-03-07,tennis,"Indian Wells, USA",WTA,Jessica Bouzas Maneiro,Linda Noskova,0,2,False,2,False,3.2,,1.36,,,,,,,,,,
2026-03-07,tennis,"Indian Wells, USA",WTA,Ekaterina Alexandrova,Talia Gibson,0,2,False,2,False,1.44,,2.75,,,,,,,,,,
2026-03-07,tennis,"Indian Wells, USA",WTA,Yulia Putintseva,Clara Tauson,0,2,False,2,False,3.2,,1.36,,,,,,,,,,
2026-03-07,tennis,"Indian Wells, USA",WTA,Diana Shnaider,Sorana Cirstea,0,2,False,2,False,2.3,,1.62,,,,,,,,,,
2026-03-07,tennis,"Indian Wells, USA",WTA,Zeynep Sönmez,Anna Kalinskaya,0,2,False,2,False,3.2,,1.36,,,,,,,,,,
2026-03-07,tennis,"Indian Wells, USA",WTA,Aryna Sabalenka,Himeno Sakatsume,2,0,True,2,False,1.02,,19.0,,,,,,,,,,
2026-03-07,tennis,"Indian Wells, USA",WTA,Xinyu Wang,Ajla Tomljanovic,0,2,False,2,False,2.0,,1.8,,,,,,,,,,
2026-03-07,tennis,"Indian Wells, USA",WTA,Anastasia Potapova,Jasmine Paolini,1,2,False,3,True,3.0,,1.4,,,,,,,,,,
2026-03-07,tennis,"Indian Wells, USA",WTA,Coco Gauff,Kamilla Rakhimova,2,0,True,2,False,1.07,,9.0,,,,,,,,,,
2026-03-07,tennis,"Indian Wells, USA",WTA,Jaqueline Cristian,Maya Joint,2,1,True,3,True,1.62,,2.3,,,,,,,,,,
2026-03-07,tennis,"Indian Wells, USA",WTA,Iva Jovic,Camila Osorio,1,2,False,3,True,1.4,,3.0,,,,,,,,,,
2026-03-07,tennis,"Indian Wells, USA",WTA,Victoria Jimenez Kasintseva,Naomi Osaka,0,2,False,2,False,4.5,,1.2,,,,,,,,,,
2026-03-07,tennis,"Indian Wells, USA",WTA,Anna Blinkova,Amanda Anisimova,1,2,False,3,True,11.0,,1.05,,,,,,,,,,
2026-03-07,tennis,"Indian Wells, USA",WTA,Dayana Yastremska,Alexandra Eala,1,2,False,3,True,2.2,,1.67,,,,,,,,,,
2026-03-08,tennis,"Indian Wells, USA",ATP,Alexander Shevchenko,Casper Ruud,0,2,False,2,False,5.0,,1.17,,,,,,,,,,
2026-03-08,tennis,"Indian Wells, USA",ATP,Roberto Bautista Agut,Jack Draper,1,2,False,3,True,6.0,,1.13,,,,,,,,,,
2026-03-08,tennis,"Indian Wells, USA",ATP,Francisco Cerundolo,Benjamin Bonzi,2,1,True,3,True,1.4,,3.0,,,,,,,,,,
2026-03-08,tennis,"Indian Wells, USA",ATP,Aleksandar Kovacevic,Corentin Moutet,2,0,True,2,False,2.2,,1.67,,,,,,,,,,
2026-03-08,tennis,"Indian Wells, USA",ATP,Karen Khachanov,Joao Fonseca,1,2,False,3,True,2.2,,1.67,,,,,,,,,,
2026-03-08,tennis,"Indian Wells, USA",ATP,Andrey Rublev,Gabriel Diallo,1,2,False,3,True,1.3,,3.5,,,,,,,,,,
2026-03-08,tennis,"Indian Wells, USA",ATP,Novak Djokovic,Kamil Majchrzak,2,1,True,3,True,1.1,,7.0,,,,,,,,,,
2026-03-08,tennis,"Indian Wells, USA",ATP,Valentin Vacherot,Nuno Borges,2,0,True,2,False,1.62,,2.3,,,,,,,,,,
2026-03-08,tennis,"Indian Wells, USA",ATP,Sebastian Korda,Alex de Minaur,1,2,False,3,True,2.5,,1.53,,,,,,,,,,
2026-03-08,tennis,"Indian Wells, USA",ATP,Rinky Hijikata,Luciano Darderi,2,1,True,3,True,2.75,,1.44,,,,,,,,,,
2026-03-08,tennis,"Indian Wells, USA",ATP,Carlos Alcaraz,Grigor Dimitrov,2,0,True,2,False,1.04,,13.0,,,,,,,,,,
2026-03-08,tennis,"Indian Wells, USA",ATP,Cameron Norrie,Mackenzie McDonald,2,0,True,2,False,1.53,,2.5,,,,,,,,,,
2026-03-08,tennis,"Indian Wells, USA",ATP,Jacob Fearnley,Taylor Fritz,1,2,False,3,True,4.5,,1.2,,,,,,,,,,
2026-03-08,tennis,"Indian Wells, USA",ATP,Sebastián Báez,Jiri Lehečka,2,0,True,2,False,2.75,,1.44,,,,,,,,,,
2026-03-08,tennis,"Indian Wells, USA",ATP,Alexander Bublik,Vit Kopřiva,2,1,True,3,True,1.2,,4.5,,,,,,,,,,
2026-03-08,tennis,"Indian Wells, USA",ATP,Ugo Humbert,Alex Michelsen,1,2,False,3,True,1.91,,1.91,,,,,,,,,,
2026-03-08,tennis,"Indian Wells, USA",ATP,Daniil Medvedev,Alejandro Tabilo,2,0,True,2,False,1.25,,4.0,,,,,,,,,,
2026-03-08,tennis,"Indian Wells, USA",WTA,Hailey Baptiste,Elena Rybakina,1,2,False,3,True,9.0,,1.07,,,,,,,,,,
2026-03-08,tennis,"Indian Wells, USA",WTA,Maria Sakkari,Lilli Tagger,2,0,True,2,False,1.44,,2.75,,,,,,,,,,
2026-03-08,tennis,"Indian Wells, USA",WTA,Karolina Muchova,Anna Bondar,2,0,True,2,False,1.08,,8.0,,,,,,,,,,
2026-03-08,tennis,"Indian Wells, USA",WTA,Storm Hunter,Belinda Bencic,0,2,False,2,False,6.5,,1.11,,,,,,,,,,
2026-03-08,tennis,"Indian Wells, USA",WTA,Katie Volynets,Jelena Ostapenko,0,2,False,2,False,2.5,,1.53,,,,,,,,,,
2026-03-08,tennis,"Indian Wells, USA",WTA,Sonay Kartal,Emma Navarro,2,1,True,3,True,1.91,,1.91,,,,,,,,,,
2026-03-08,tennis,"Indian Wells, USA",WTA,Kayla Day,Iga Swiatek,0,2,False,2,False,17.0,,1.02,,,,,,,,,,
2026-03-08,tennis,"Indian Wells, USA",WTA,Liudmila Samsonova,Ashlyn Krueger,1,2,False,3,True,1.73,,2.1,,,,,,,,,,
2026-03-08,tennis,"Indian Wells, USA",WTA,Mirra Andreeva,Solana Sierra,2,0,True,2,False,1.04,,13.0,,,,,,,,,,
2026-03-08,tennis,"Indian Wells, USA",WTA,Katerina Siniakova,Leylah Fernandez,2,1,True,3,True,1.73,,2.1,,,,,,,,,,
2026-03-08,tennis,"Indian Wells, USA",WTA,Antonia Ružić,Qinwen Zheng,2,0,True,2,False,3.4,,1.33,,,,,,,,,,
2026-03-08,tennis,"Indian Wells, USA",WTA,Elise Mertens,Cristina Bucsa,2,0,True,2,False,1.44,,2.75,,,,,,,,,,
2026-03-08,tennis,"Indian Wells, USA",WTA,Jessica Pegula,Donna Vekić,2,1,True,3,True,1.1,,7.0,,,,,,,,,,
2026-03-08,tennis,"Indian Wells, USA",WTA,Madison Keys,Diane Parry,2,0,True,2,False,1.22,,4.33,,,,,,,,,,
2026-03-08,tennis,"Indian Wells, USA",WTA,Marta Kostyuk,Taylor Townsend,2,0,True,2,False,1.57,,2.38,,,,,,,,,,
2026-03-08,tennis,"Indian Wells, USA",WTA,Laura Siegemund,Elina Svitolina,1,2,False,3,True,7.0,,1.1,,,,,,,,,,
2026-03-08,tennis,"Indian Wells, USA",ATP,Alexander Shevchenko,Casper Ruud,0,2,False,2,False,5.0,,1.17,,,,,,,,,,
2026-03-08,tennis,"Indian Wells, USA",ATP,Roberto Bautista Agut,Jack Draper,1,2,False,3,True,6.0,,1.13,,,,,,,,,,
2026-03-08,tennis,"Indian Wells, USA",ATP,Francisco Cerundolo,Benjamin Bonzi,2,1,True,3,True,1.4,,3.0,,,,,,,,,,
2026-03-08,tennis,"Indian Wells, USA",ATP,Aleksandar Kovacevic,Corentin Moutet,2,0,True,2,False,2.2,,1.67,,,,,,,,,,
2026-03-08,tennis,"Indian Wells, USA",ATP,Karen Khachanov,Joao Fonseca,1,2,False,3,True,2.2,,1.67,,,,,,,,,,
2026-03-08,tennis,"Indian Wells, USA",ATP,Andrey Rublev,Gabriel Diallo,1,2,False,3,True,1.3,,3.5,,,,,,,,,,
2026-03-08,tennis,"Indian Wells, USA",ATP,Novak Djokovic,Kamil Majchrzak,2,1,True,3,True,1.1,,7.0,,,,,,,,,,
2026-03-08,tennis,"Indian Wells, USA",ATP,Valentin Vacherot,Nuno Borges,2,0,True,2,False,1.62,,2.3,,,,,,,,,,
2026-03-08,tennis,"Indian Wells, USA",ATP,Sebastian Korda,Alex de Minaur,1,2,False,3,True,2.5,,1.53,,,,,,,,,,
2026-03-08,tennis,"Indian Wells, USA",ATP,Rinky Hijikata,Luciano Darderi,2,1,True,3,True,2.75,,1.44,,,,,,,,,,
2026-03-08,tennis,"Indian Wells, USA",ATP,Carlos Alcaraz,Grigor Dimitrov,2,0,True,2,False,1.04,,13.0,,,,,,,,,,
2026-03-08,tennis,"Indian Wells, USA",ATP,Cameron Norrie,Mackenzie McDonald,2,0,True,2,False,1.53,,2.5,,,,,,,,,,
2026-03-08,tennis,"Indian Wells, USA",ATP,Jacob Fearnley,Taylor Fritz,1,2,False,3,True,4.5,,1.2,,,,,,,,,,
2026-03-08,tennis,"Indian Wells, USA",ATP,Sebastián Báez,Jiri Lehečka,2,0,True,2,False,2.75,,1.44,,,,,,,,,,
2026-03-08,tennis,"Indian Wells, USA",ATP,Alexander Bublik,Vit Kopřiva,2,1,True,3,True,1.2,,4.5,,,,,,,,,,
2026-03-08,tennis,"Indian Wells, USA",ATP,Ugo Humbert,Alex Michelsen,1,2,False,3,True,1.91,,1.91,,,,,,,,,,
2026-03-08,tennis,"Indian Wells, USA",ATP,Daniil Medvedev,Alejandro Tabilo,2,0,True,2,False,1.25,,4.0,,,,,,,,,,
2026-03-08,tennis,"Indian Wells, USA",WTA,Hailey Baptiste,Elena Rybakina,1,2,False,3,True,9.0,,1.07,,,,,,,,,,
2026-03-08,tennis,"Indian Wells, USA",WTA,Maria Sakkari,Lilli Tagger,2,0,True,2,False,1.44,,2.75,,,,,,,,,,
2026-03-08,tennis,"Indian Wells, USA",WTA,Karolina Muchova,Anna Bondar,2,0,True,2,False,1.08,,8.0,,,,,,,,,,
2026-03-08,tennis,"Indian Wells, USA",WTA,Storm Hunter,Belinda Bencic,0,2,False,2,False,6.5,,1.11,,,,,,,,,,
2026-03-08,tennis,"Indian Wells, USA",WTA,Katie Volynets,Jelena Ostapenko,0,2,False,2,False,2.5,,1.53,,,,,,,,,,
2026-03-08,tennis,"Indian Wells, USA",WTA,Sonay Kartal,Emma Navarro,2,1,True,3,True,1.91,,1.91,,,,,,,,,,
2026-03-08,tennis,"Indian Wells, USA",WTA,Kayla Day,Iga Swiatek,0,2,False,2,False,17.0,,1.02,,,,,,,,,,
2026-03-08,tennis,"Indian Wells, USA",WTA,Liudmila Samsonova,Ashlyn Krueger,1,2,False,3,True,1.73,,2.1,,,,,,,,,,
2026-03-08,tennis,"Indian Wells, USA",WTA,Mirra Andreeva,Solana Sierra,2,0,True,2,False,1.04,,13.0,,,,,,,,,,
2026-03-08,tennis,"Indian Wells, USA",WTA,Katerina Siniakova,Leylah Fernandez,2,1,True,3,True,1.73,,2.1,,,,,,,,,,
2026-03-08,tennis,"Indian Wells, USA",WTA,Antonia Ružić,Qinwen Zheng,2,0,True,2,False,3.4,,1.33,,,,,,,,,,
2026-03-08,tennis,"Indian Wells, USA",WTA,Elise Mertens,Cristina Bucsa,2,0,True,2,False,1.44,,2.75,,,,,,,,,,
2026-03-08,tennis,"Indian Wells, USA",WTA,Jessica Pegula,Donna Vekić,2,1,True,3,True,1.1,,7.0,,,,,,,,,,
2026-03-08,tennis,"Indian Wells, USA",WTA,Madison Keys,Diane Parry,2,0,True,2,False,1.22,,4.33,,,,,,,,,,
2026-03-08,tennis,"Indian Wells, USA",WTA,Marta Kostyuk,Taylor Townsend,2,0,True,2,False,1.57,,2.38,,,,,,,,,,
2026-03-08,tennis,"Indian Wells, USA",WTA,Laura Siegemund,Elina Svitolina,1,2,False,3,True,7.0,,1.1,,,,,,,,,,
2026-03-09,tennis,"Indian Wells, USA",ATP,Brandon Nakashima,Alexander Zverev,1,2,False,3,True,3.75,,1.28,,,,,,,,,,
2026-03-09,tennis,"Indian Wells, USA",ATP,Ben Shelton,Learner Tien,1,2,False,3,True,1.67,,2.2,,,,,,,,,,
2026-03-09,tennis,"Indian Wells, USA",ATP,Alejandro Davidovich Fokina,Jakub Menšik,2,1,True,3,True,2.2,,1.67,,,,,,,,,,
2026-03-09,tennis,"Indian Wells, USA",ATP,Denis Shapovalov,Jannik Sinner,0,2,False,2,False,13.0,,1.04,,,,,,,,,,
2026-03-09,tennis,"Indian Wells, USA",ATP,Marton Fucsovics,Arthur Fils,0,2,False,2,False,3.2,,1.36,,,,,,,,,,
2026-03-09,tennis,"Indian Wells, USA",ATP,Flavio Cobolli,Frances Tiafoe,0,2,False,2,False,2.1,,1.73,,,,,,,,,,
2026-03-09,tennis,"Indian Wells, USA",ATP,Gabriel Diallo,Felix Auger-Aliassime,1,2,False,3,True,4.33,,1.22,,,,,,,,,,
2026-03-09,tennis,"Indian Wells, USA",ATP,Joao Fonseca,Tommy Paul,2,0,True,2,False,2.75,,1.44,,,,,,,,,,
2026-03-09,tennis,"Indian Wells, USA",WTA,Aryna Sabalenka,Jaqueline Cristian,2,0,True,2,False,1.03,,15.0,,,,,,,,,,
2026-03-09,tennis,"Indian Wells, USA",WTA,Sorana Cirstea,Linda Noskova,1,2,False,3,True,1.73,,2.1,,,,,,,,,,
2026-03-09,tennis,"Indian Wells, USA",WTA,Talia Gibson,Clara Tauson,2,1,True,3,True,3.75,,1.28,,,,,,,,,,
2026-03-09,tennis,"Indian Wells, USA",WTA,Ajla Tomljanovic,Jasmine Paolini,1,2,False,3,True,2.63,,1.5,,,,,,,,,,
2026-03-09,tennis,"Indian Wells, USA",WTA,Camila Osorio,Naomi Osaka,1,2,False,3,True,2.5,,1.53,,,,,,,,,,
2026-03-09,tennis,"Indian Wells, USA",WTA,Emma Raducanu,Amanda Anisimova,0,2,False,2,False,3.5,,1.3,,,,,,,,,,
2026-03-09,tennis,"Indian Wells, USA",WTA,Victoria Mboko,Anna Kalinskaya,2,0,True,2,False,1.57,,2.38,,,,,,,,,,
2026-03-09,tennis,"Indian Wells, USA",ATP,Brandon Nakashima,Alexander Zverev,1,2,False,3,True,3.75,,1.28,,,,,,,,,,
2026-03-09,tennis,"Indian Wells, USA",ATP,Ben Shelton,Learner Tien,1,2,False,3,True,1.67,,2.2,,,,,,,,,,
2026-03-09,tennis,"Indian Wells, USA",ATP,Alejandro Davidovich Fokina,Jakub Menšik,2,1,True,3,True,2.2,,1.67,,,,,,,,,,
2026-03-09,tennis,"Indian Wells, USA",ATP,Denis Shapovalov,Jannik Sinner,0,2,False,2,False,13.0,,1.04,,,,,,,,,,
2026-03-09,tennis,"Indian Wells, USA",ATP,Marton Fucsovics,Arthur Fils,0,2,False,2,False,3.2,,1.36,,,,,,,,,,
2026-03-09,tennis,"Indian Wells, USA",ATP,Flavio Cobolli,Frances Tiafoe,0,2,False,2,False,2.1,,1.73,,,,,,,,,,
2026-03-09,tennis,"Indian Wells, USA",ATP,Gabriel Diallo,Felix Auger-Aliassime,1,2,False,3,True,4.33,,1.22,,,,,,,,,,
2026-03-09,tennis,"Indian Wells, USA",ATP,Joao Fonseca,Tommy Paul,2,0,True,2,False,2.75,,1.44,,,,,,,,,,
2026-03-09,tennis,"Indian Wells, USA",WTA,Aryna Sabalenka,Jaqueline Cristian,2,0,True,2,False,1.03,,15.0,,,,,,,,,,
2026-03-09,tennis,"Indian Wells, USA",WTA,Sorana Cirstea,Linda Noskova,1,2,False,3,True,1.73,,2.1,,,,,,,,,,
2026-03-09,tennis,"Indian Wells, USA",WTA,Talia Gibson,Clara Tauson,2,1,True,3,True,3.75,,1.28,,,,,,,,,,
2026-03-09,tennis,"Indian Wells, USA",WTA,Ajla Tomljanovic,Jasmine Paolini,1,2,False,3,True,2.63,,1.5,,,,,,,,,,
2026-03-09,tennis,"Indian Wells, USA",WTA,Camila Osorio,Naomi Osaka,1,2,False,3,True,2.5,,1.53,,,,,,,,,,
2026-03-09,tennis,"Indian Wells, USA",WTA,Emma Raducanu,Amanda Anisimova,0,2,False,2,False,3.5,,1.3,,,,,,,,,,
2026-03-09,tennis,"Indian Wells, USA",WTA,Victoria Mboko,Anna Kalinskaya,2,0,True,2,False,1.57,,2.38,,,,,,,,,,
2026-03-10,tennis,"Indian Wells, USA",ATP,Cameron Norrie,Alex de Minaur,2,0,True,2,False,4.5,,1.2,,,,,,,,,,
2026-03-10,tennis,"Indian Wells, USA",ATP,Novak Djokovic,Aleksandar Kovacevic,2,1,True,3,True,1.1,,7.0,,,,,,,,,,
2026-03-10,tennis,"Indian Wells, USA",ATP,Alexander Bublik,Rinky Hijikata,1,2,False,3,True,1.2,,4.5,,,,,,,,,,
2026-03-10,tennis,"Indian Wells, USA",ATP,Francisco Cerundolo,Jack Draper,0,2,False,2,False,2.63,,1.5,,,,,,,,,,
2026-03-10,tennis,"Indian Wells, USA",ATP,Alex Michelsen,Taylor Fritz,2,0,True,2,False,3.2,,1.36,,,,,,,,,,
2026-03-10,tennis,"Indian Wells, USA",ATP,Valentin Vacherot,Casper Ruud,1,2,False,3,True,2.38,,1.57,,,,,,,,,,
2026-03-10,tennis,"Indian Wells, USA",ATP,Carlos Alcaraz,Arthur Rinderknech,2,1,True,3,True,1.02,,17.0,,,,,,,,,,
2026-03-10,tennis,"Indian Wells, USA",ATP,Daniil Medvedev,Sebastián Báez,2,0,True,2,False,1.14,,5.5,,,,,,,,,,
2026-03-10,tennis,"Indian Wells, USA",WTA,Jessica Pegula,Jelena Ostapenko,2,1,True,3,True,1.2,,4.5,,,,,,,,,,
2026-03-10,tennis,"Indian Wells, USA",WTA,Karolina Muchova,Antonia Ružić,2,0,True,2,False,1.13,,6.0,,,,,,,,,,
2026-03-10,tennis,"Indian Wells, USA",WTA,Mirra Andreeva,Katerina Siniakova,1,2,False,3,True,1.17,,5.0,,,,,,,,,,
2026-03-10,tennis,"Indian Wells, USA",WTA,Elise Mertens,Belinda Bencic,0,2,False,2,False,2.0,,1.8,,,,,,,,,,
2026-03-10,tennis,"Indian Wells, USA",WTA,Ashlyn Krueger,Elina Svitolina,0,2,False,2,False,4.0,,1.25,,,,,,,,,,
2026-03-10,tennis,"Indian Wells, USA",WTA,Maria Sakkari,Iga Swiatek,0,2,False,2,False,4.5,,1.2,,,,,,,,,,
2026-03-10,tennis,"Indian Wells, USA",WTA,Madison Keys,Sonay Kartal,1,2,False,3,True,1.5,,2.63,,,,,,,,,,
2026-03-10,tennis,"Indian Wells, USA",WTA,Marta Kostyuk,Elena Rybakina,0,2,False,2,False,3.75,,1.28,,,,,,,,,,
2026-03-10,tennis,"Indian Wells, USA",ATP,Cameron Norrie,Alex de Minaur,2,0,True,2,False,4.5,,1.2,,,,,,,,,,
2026-03-10,tennis,"Indian Wells, USA",ATP,Novak Djokovic,Aleksandar Kovacevic,2,1,True,3,True,1.1,,7.0,,,,,,,,,,
2026-03-10,tennis,"Indian Wells, USA",ATP,Alexander Bublik,Rinky Hijikata,1,2,False,3,True,1.2,,4.5,,,,,,,,,,
2026-03-10,tennis,"Indian Wells, USA",ATP,Francisco Cerundolo,Jack Draper,0,2,False,2,False,2.63,,1.5,,,,,,,,,,
2026-03-10,tennis,"Indian Wells, USA",ATP,Alex Michelsen,Taylor Fritz,2,0,True,2,False,3.2,,1.36,,,,,,,,,,
2026-03-10,tennis,"Indian Wells, USA",ATP,Valentin Vacherot,Casper Ruud,1,2,False,3,True,2.38,,1.57,,,,,,,,,,
2026-03-10,tennis,"Indian Wells, USA",ATP,Carlos Alcaraz,Arthur Rinderknech,2,1,True,3,True,1.02,,17.0,,,,,,,,,,
2026-03-10,tennis,"Indian Wells, USA",ATP,Daniil Medvedev,Sebastián Báez,2,0,True,2,False,1.14,,5.5,,,,,,,,,,
2026-03-10,tennis,"Indian Wells, USA",ATP,Arthur Fils,Felix Auger-Aliassime,2,0,True,2,False,2.2,,1.67,,,,,,,,,,
2026-03-10,tennis,"Indian Wells, USA",ATP,Frances Tiafoe,Alexander Zverev,0,2,False,2,False,3.4,,1.33,,,,,,,,,,
2026-03-10,tennis,"Indian Wells, USA",ATP,Learner Tien,Alejandro Davidovich Fokina,2,1,True,3,True,1.67,,2.2,,,,,,,,,,
2026-03-10,tennis,"Indian Wells, USA",ATP,Joao Fonseca,Jannik Sinner,0,2,False,2,False,9.0,,1.07,,,,,,,,,,
2026-03-10,tennis,"Indian Wells, USA",WTA,Jessica Pegula,Jelena Ostapenko,2,1,True,3,True,1.2,,4.5,,,,,,,,,,
2026-03-10,tennis,"Indian Wells, USA",WTA,Karolina Muchova,Antonia Ružić,2,0,True,2,False,1.13,,6.0,,,,,,,,,,
2026-03-10,tennis,"Indian Wells, USA",WTA,Mirra Andreeva,Katerina Siniakova,1,2,False,3,True,1.17,,5.0,,,,,,,,,,
2026-03-10,tennis,"Indian Wells, USA",WTA,Elise Mertens,Belinda Bencic,0,2,False,2,False,2.0,,1.8,,,,,,,,,,
2026-03-10,tennis,"Indian Wells, USA",WTA,Ashlyn Krueger,Elina Svitolina,0,2,False,2,False,4.0,,1.25,,,,,,,,,,
2026-03-10,tennis,"Indian Wells, USA",WTA,Maria Sakkari,Iga Swiatek,0,2,False,2,False,4.5,,1.2,,,,,,,,,,
2026-03-10,tennis,"Indian Wells, USA",WTA,Madison Keys,Sonay Kartal,1,2,False,3,True,1.5,,2.63,,,,,,,,,,
2026-03-10,tennis,"Indian Wells, USA",WTA,Marta Kostyuk,Elena Rybakina,0,2,False,2,False,3.75,,1.28,,,,,,,,,,
2026-03-10,tennis,"Indian Wells, USA",WTA,Aryna Sabalenka,Naomi Osaka,2,0,True,2,False,1.17,,5.0,,,,,,,,,,
2026-03-10,tennis,"Indian Wells, USA",WTA,Talia Gibson,Jasmine Paolini,2,1,True,3,True,2.75,,1.44,,,,,,,,,,
2026-03-10,tennis,"Indian Wells, USA",WTA,Victoria Mboko,Amanda Anisimova,2,0,True,2,False,2.38,,1.57,,,,,,,,,,
2026-03-10,tennis,"Indian Wells, USA",WTA,Alexandra Eala,Linda Noskova,0,2,False,2,False,2.5,,1.53,,,,,,,,,,
2026-03-12,tennis,"Indian Wells, USA",ATP,Rinky Hijikata,Cameron Norrie,0,2,False,2,False,3.5,,1.3,,,,,,,,,,
2026-03-12,tennis,"Indian Wells, USA",ATP,Daniil Medvedev,Alex Michelsen,2,0,True,2,False,1.28,,3.75,,,,,,,,,,
2026-03-12,tennis,"Indian Wells, USA",ATP,Carlos Alcaraz,Casper Ruud,2,0,True,2,False,1.06,,10.0,,,,,,,,,,
2026-03-12,tennis,"Indian Wells, USA",ATP,Novak Djokovic,Jack Draper,1,2,False,3,True,1.62,,2.3,,,,,,,,,,
2026-03-12,tennis,"Indian Wells, USA",WTA,Karolina Muchova,Iga Swiatek,0,2,False,2,False,2.63,,1.5,,,,,,,,,,
2026-03-12,tennis,"Indian Wells, USA",WTA,Jessica Pegula,Belinda Bencic,2,0,True,2,False,1.53,,2.5,,,,,,,,,,
2026-03-13,tennis,"Indian Wells, USA",ATP,Arthur Fils,Alexander Zverev,0,2,False,2,False,2.38,,1.57,,,,,,,,,,
2026-03-13,tennis,"Indian Wells, USA",ATP,Learner Tien,Jannik Sinner,0,2,False,2,False,9.0,,1.07,,,,,,,,,,
2026-03-13,tennis,"Indian Wells, USA",ATP,Jack Draper,Daniil Medvedev,0,2,False,2,False,2.5,,1.53,,,,,,,,,,
2026-03-13,tennis,"Indian Wells, USA",ATP,Carlos Alcaraz,Cameron Norrie,2,0,True,2,False,1.05,,11.0,,,,,,,,,,
2026-03-13,tennis,"Indian Wells, USA",WTA,Aryna Sabalenka,Victoria Mboko,2,0,True,2,False,1.25,,4.0,,,,,,,,,,
2026-03-13,tennis,"Indian Wells, USA",WTA,Linda Noskova,Talia Gibson,2,1,True,3,True,1.28,,3.75,,,,,,,,,,
2026-03-13,tennis,"Indian Wells, USA",WTA,Elina Svitolina,Iga Swiatek,2,1,True,3,True,3.75,,1.28,,,,,,,,,,
2026-03-13,tennis,"Indian Wells, USA",WTA,Jessica Pegula,Elena Rybakina,0,2,False,2,False,2.5,,1.53,,,,,,,,,,
2026-03-13,tennis,"Indian Wells, USA",ATP,Arthur Fils,Alexander Zverev,0,2,False,2,False,2.38,,1.57,,,,,,,,,,
2026-03-13,tennis,"Indian Wells, USA",ATP,Learner Tien,Jannik Sinner,0,2,False,2,False,9.0,,1.07,,,,,,,,,,
2026-03-13,tennis,"Indian Wells, USA",ATP,Jack Draper,Daniil Medvedev,0,2,False,2,False,2.5,,1.53,,,,,,,,,,
2026-03-13,tennis,"Indian Wells, USA",ATP,Carlos Alcaraz,Cameron Norrie,2,0,True,2,False,1.05,,11.0,,,,,,,,,,
2026-03-13,tennis,"Indian Wells, USA",WTA,Aryna Sabalenka,Victoria Mboko,2,0,True,2,False,1.25,,4.0,,,,,,,,,,
2026-03-13,tennis,"Indian Wells, USA",WTA,Linda Noskova,Talia Gibson,2,1,True,3,True,1.28,,3.75,,,,,,,,,,
2026-03-13,tennis,"Indian Wells, USA",WTA,Elina Svitolina,Iga Swiatek,2,1,True,3,True,3.75,,1.28,,,,,,,,,,
2026-03-13,tennis,"Indian Wells, USA",WTA,Jessica Pegula,Elena Rybakina,0,2,False,2,False,2.5,,1.53,,,,,,,,,,
2026-03-14,tennis,"Indian Wells, USA",WTA,Aryna Sabalenka,Linda Noskova,2,0,True,2,False,1.08,,8.0,,,,,,,,,,
2026-03-14,tennis,"Indian Wells, USA",WTA,Elena Rybakina,Elina Svitolina,2,0,True,2,False,1.4,,3.0,,,,,,,,,,
2026-03-14,tennis,"Indian Wells, USA",WTA,Aryna Sabalenka,Linda Noskova,2,0,True,2,False,1.08,,8.0,,,,,,,,,,
2026-03-14,tennis,"Indian Wells, USA",WTA,Elena Rybakina,Elina Svitolina,2,0,True,2,False,1.4,,3.0,,,,,,,,,,
2026-03-15,tennis,"Indian Wells, USA",ATP,Alexander Zverev,Jannik Sinner,0,2,False,2,False,5.0,,1.17,,,,,,,,,,
2026-03-15,tennis,"Indian Wells, USA",ATP,Carlos Alcaraz,Daniil Medvedev,0,2,False,2,False,1.17,,5.0,,,,,,,,,,
2026-03-15,tennis,"Indian Wells, USA",ATP,Alexander Zverev,Jannik Sinner,0,2,False,2,False,5.0,,1.17,,,,,,,,,,
2026-03-15,tennis,"Indian Wells, USA",ATP,Carlos Alcaraz,Daniil Medvedev,0,2,False,2,False,1.17,,5.0,,,,,,,,,,
2026-03-16,tennis,"Indian Wells, USA",ATP,Daniil Medvedev,Jannik Sinner,0,2,False,2,False,4.33,,1.22,,,,,,,,,,
2026-03-16,tennis,"Indian Wells, USA",WTA,Aryna Sabalenka,Elena Rybakina,2,1,True,3,True,1.62,,2.3,,,,,,,,,,
2026-03-16,tennis,"Indian Wells, USA",ATP,Daniil Medvedev,Jannik Sinner,0,2,False,2,False,4.33,,1.22,,,,,,,,,,
2026-03-16,tennis,"Indian Wells, USA",WTA,Aryna Sabalenka,Elena Rybakina,2,1,True,3,True,1.62,,2.3,,,,,,,,,,
2026-03-18,tennis,"Miami, USA",WTA,Darja Vidmanova,Elsa Jacquemot,1,2,False,3,True,1.44,,2.75,,,,,,,,,,
2026-03-18,tennis,"Miami, USA",WTA,Simona Waltert,Ajla Tomljanovic,0,2,False,2,False,3.4,,1.33,,,,,,,,,,
2026-03-18,tennis,"Miami, USA",WTA,Magda Linette,Varvara Gracheva,2,1,True,3,True,1.8,,2.0,,,,,,,,,,
2026-03-18,tennis,"Miami, USA",WTA,McCartney Kessler,Magdalena Frech,2,1,True,3,True,1.62,,2.3,,,,,,,,,,
2026-03-18,tennis,"Miami, USA",WTA,Laura Siegemund,Petra Marčinko,2,0,True,2,False,1.73,,2.1,,,,,,,,,,
2026-03-18,tennis,"Miami, USA",WTA,Katie Boulter,Jessica Bouzas Maneiro,2,0,True,2,False,1.67,,2.2,,,,,,,,,,
2026-03-18,tennis,"Miami, USA",WTA,Shuai Zhang,Sorana Cirstea,0,2,False,2,False,3.75,,1.28,,,,,,,,,,
2026-03-18,tennis,"Miami, USA",WTA,Sofia Kenin,Anna Blinkova,1,2,False,3,True,1.57,,2.38,,,,,,,,,,
2026-03-18,tennis,"Miami, USA",WTA,Zeynep Sönmez,Beatriz Haddad Maia,2,0,True,2,False,1.44,,2.75,,,,,,,,,,
2026-03-18,tennis,"Miami, USA",WTA,Katerina Siniakova,Camila Osorio,0,2,False,2,False,1.8,,2.0,,,,,,,,,,
2026-03-18,tennis,"Miami, USA",WTA,Darja Vidmanova,Elsa Jacquemot,1,2,False,3,True,1.44,,2.75,,,,,,,,,,
2026-03-18,tennis,"Miami, USA",WTA,Simona Waltert,Ajla Tomljanovic,0,2,False,2,False,3.4,,1.33,,,,,,,,,,
2026-03-18,tennis,"Miami, USA",WTA,Magda Linette,Varvara Gracheva,2,1,True,3,True,1.8,,2.0,,,,,,,,,,
2026-03-18,tennis,"Miami, USA",WTA,McCartney Kessler,Magdalena Frech,2,1,True,3,True,1.62,,2.3,,,,,,,,,,
2026-03-18,tennis,"Miami, USA",WTA,Laura Siegemund,Petra Marčinko,2,0,True,2,False,1.73,,2.1,,,,,,,,,,
2026-03-18,tennis,"Miami, USA",WTA,Katie Boulter,Jessica Bouzas Maneiro,2,0,True,2,False,1.67,,2.2,,,,,,,,,,
2026-03-18,tennis,"Miami, USA",WTA,Shuai Zhang,Sorana Cirstea,0,2,False,2,False,3.75,,1.28,,,,,,,,,,
2026-03-18,tennis,"Miami, USA",WTA,Sofia Kenin,Anna Blinkova,1,2,False,3,True,1.57,,2.38,,,,,,,,,,
2026-03-18,tennis,"Miami, USA",WTA,Zeynep Sönmez,Beatriz Haddad Maia,2,0,True,2,False,1.44,,2.75,,,,,,,,,,
2026-03-18,tennis,"Miami, USA",WTA,Katerina Siniakova,Camila Osorio,0,2,False,2,False,1.8,,2.0,,,,,,,,,,
2026-03-20,tennis,"Miami, USA",ATP,James Duckworth,Roberto Bautista Agut,0,2,False,2,False,2.3,,1.62,,,,,,,,,,
2026-03-20,tennis,"Miami, USA",ATP,Moise Kouame,Zachary Svajda,2,1,True,3,True,4.5,,1.2,,,,,,,,,,
2026-03-20,tennis,"Miami, USA",ATP,Nikoloz Basilashvili,Mariano Navone,0,2,False,2,False,2.0,,1.8,,,,,,,,,,
2026-03-20,tennis,"Miami, USA",ATP,Rafael Jodar,Yannick Hanfmann,2,1,True,3,True,1.57,,2.38,,,,,,,,,,
2026-03-20,tennis,"Miami, USA",ATP,Zizou Bergs,Jenson Brooksby,2,0,True,2,False,2.38,,1.57,,,,,,,,,,
2026-03-20,tennis,"Miami, USA",ATP,Zhizhen Zhang,Adrian Mannarino,0,2,False,2,False,1.91,,1.91,,,,,,,,,,
2026-03-20,tennis,"Miami, USA",ATP,Darwin Blanch,Jan-Lennard Struff,2,1,True,3,True,2.5,,1.53,,,,,,,,,,
2026-03-20,tennis,"Miami, USA",ATP,Ethan Quinn,Hubert Hurkacz,2,0,True,2,False,2.1,,1.73,,,,,,,,,,
2026-03-20,tennis,"Miami, USA",ATP,Marcos Giron,Martin Landaluce,0,2,False,2,False,1.53,,2.5,,,,,,,,,,
2026-03-20,tennis,"Miami, USA",ATP,Giovanni Mpetshi Perricard,Camilo Ugo Carabelli,1,2,False,3,True,1.5,,2.63,,,,,,,,,,
2026-03-20,tennis,"Miami, USA",ATP,Denis Shapovalov,Botic Van de Zandschulp,0,2,False,2,False,1.5,,2.63,,,,,,,,,,
2026-03-20,tennis,"Miami, USA",ATP,Alexandre Muller,Matteo Berrettini,0,2,False,2,False,4.5,,1.2,,,,,,,,,,
2026-03-20,tennis,"Miami, USA",ATP,Reilly Opelka,Nuno Borges,2,1,True,3,True,1.73,,2.1,,,,,,,,,,
2026-03-20,tennis,"Miami, USA",ATP,Stefanos Tsitsipas,Arthur Fery,2,0,True,2,False,1.4,,3.0,,,,,,,,,,
2026-03-20,tennis,"Miami, USA",ATP,Raphael Collignon,Grigor Dimitrov,2,1,True,3,True,2.2,,1.67,,,,,,,,,,
2026-03-20,tennis,"Miami, USA",ATP,Ignacio Buse,Damir Džumhur,1,2,False,3,True,1.5,,2.63,,,,,,,,,,
2026-03-20,tennis,"Miami, USA",ATP,Fábián Marozsán,Joao Fonseca,1,2,False,3,True,3.2,,1.36,,,,,,,,,,
2026-03-20,tennis,"Miami, USA",ATP,Marin Čilić,Alexei Popyrin,2,0,True,2,False,1.67,,2.2,,,,,,,,,,
2026-03-20,tennis,"Miami, USA",ATP,Emilio Nava,Tomaš Machač,1,2,False,3,True,2.75,,1.44,,,,,,,,,,
2026-03-20,tennis,"Miami, USA",ATP,Kamil Majchrzak,Miomir Kecmanović,2,1,True,3,True,2.63,,1.5,,,,,,,,,,
2026-03-20,tennis,"Miami, USA",ATP,Alejandro Tabilo,Francisco Comesaña,2,0,True,2,False,1.44,,2.75,,,,,,,,,,
2026-03-20,tennis,"Miami, USA",ATP,Quentin Halys,Liam Draxl,2,1,True,3,True,1.44,,2.75,,,,,,,,,,
2026-03-20,tennis,"Miami, USA",ATP,Alex Michelsen,Mattia Bellucci,2,0,True,2,False,1.36,,3.2,,,,,,,,,,
2026-03-20,tennis,"Miami, USA",WTA,Paula Badosa,Aliaksandra Sasnovich,2,0,True,2,False,1.5,,2.63,,,,,,,,,,
2026-03-20,tennis,"Miami, USA",WTA,Sara Bejlek,Talia Gibson,0,2,False,2,False,2.0,,1.8,,,,,,,,,,
2026-03-20,tennis,"Miami, USA",WTA,Alycia Parks,Sinja Kraus,2,0,True,2,False,1.67,,2.2,,,,,,,,,,
2026-03-20,tennis,"Miami, USA",WTA,Tereza Valentová,Katie Volynets,2,0,True,2,False,1.57,,2.38,,,,,,,,,,
2026-03-20,tennis,"Miami, USA",WTA,Dalma Galfi,Elvina Kalieva,1,2,False,3,True,1.67,,2.2,,,,,,,,,,
2026-03-20,tennis,"Miami, USA",WTA,Alexandra Eala,Laura Siegemund,2,1,True,3,True,1.53,,2.5,,,,,,,,,,
2026-03-20,tennis,"Miami, USA",WTA,Anastasia Zakharova,Anna Bondar,2,1,True,3,True,1.44,,2.75,,,,,,,,,,
2026-03-20,tennis,"Miami, USA",WTA,Eva Lys,Yuliia Starodubtseva,0,2,False,2,False,1.67,,2.2,,,,,,,,,,
2026-03-20,tennis,"Miami, USA",WTA,Darja Semenistaja,Elisabetta Cocciaretto,0,2,False,2,False,3.2,,1.36,,,,,,,,,,
2026-03-20,tennis,"Miami, USA",WTA,Francesca Jones,Venus Williams,2,0,True,2,False,1.5,,2.63,,,,,,,,,,
2026-03-20,tennis,"Miami, USA",WTA,Viktorija Golubic,Peyton Stearns,0,2,False,2,False,3.2,,1.36,,,,,,,,,,
2026-03-20,tennis,"Miami, USA",WTA,Lilli Tagger,Ella Seidel,2,1,True,3,True,1.67,,2.2,,,,,,,,,,
2026-03-20,tennis,"Miami, USA",WTA,Emiliana Arango,Oksana Selekhmeteva,1,2,False,3,True,3.0,,1.4,,,,,,,,,,
2026-03-20,tennis,"Miami, USA",WTA,Janice Tjen,Yulia Putintseva,1,2,False,3,True,1.73,,2.1,,,,,,,,,,
2026-03-20,tennis,"Miami, USA",WTA,Ann Li,Kimberly Birrell,2,1,True,3,True,2.0,,1.8,,,,,,,,,,
2026-03-20,tennis,"Miami, USA",WTA,Hailey Baptiste,Tatjana Maria,2,0,True,2,False,1.2,,4.5,,,,,,,,,,
2026-03-20,tennis,"Miami, USA",WTA,Catherine McNally,Rebeka Masarova,2,0,True,2,False,1.73,,2.1,,,,,,,,,,
2026-03-20,tennis,"Miami, USA",WTA,Solana Sierra,Kamilla Rakhimova,0,2,False,2,False,2.75,,1.44,,,,,,,,,,
2026-03-20,tennis,"Miami, USA",WTA,Dayana Yastremska,Ashlyn Krueger,2,1,True,3,True,2.1,,1.73,,,,,,,,,,
2026-03-20,tennis,"Miami, USA",WTA,Magda Linette,Iga Swiatek,2,1,True,3,True,13.0,,1.04,,,,,,,,,,
2026-03-20,tennis,"Miami, USA",WTA,Lulu Sun,Taylor Townsend,0,2,False,2,False,2.38,,1.57,,,,,,,,,,
2026-03-20,tennis,"Miami, USA",WTA,Elsa Jacquemot,Marie Bouzkova,0,2,False,2,False,3.5,,1.3,,,,,,,,,,
2026-03-20,tennis,"Miami, USA",WTA,Elena-Gabriela Ruse,Antonia Ružić,2,0,True,2,False,1.62,,2.3,,,,,,,,,,
2026-03-20,tennis,"Miami, USA",WTA,Emerson Jones,Linda Fruhvirtova,2,1,True,3,True,2.0,,1.8,,,,,,,,,,
2026-03-20,tennis,"Miami, USA",WTA,Jennifer Brady,Sloane Stephens,0,2,False,2,False,1.44,,2.75,,,,,,,,,,
2026-03-20,tennis,"Miami, USA",WTA,Mirra Andreeva,McCartney Kessler,2,1,True,3,True,1.2,,4.5,,,,,,,,,,
2026-03-20,tennis,"Miami, USA",ATP,James Duckworth,Roberto Bautista Agut,0,2,False,2,False,2.3,,1.62,,,,,,,,,,
2026-03-20,tennis,"Miami, USA",ATP,Moise Kouame,Zachary Svajda,2,1,True,3,True,4.5,,1.2,,,,,,,,,,
2026-03-20,tennis,"Miami, USA",ATP,Nikoloz Basilashvili,Mariano Navone,0,2,False,2,False,2.0,,1.8,,,,,,,,,,
2026-03-20,tennis,"Miami, USA",ATP,Rafael Jodar,Yannick Hanfmann,2,1,True,3,True,1.57,,2.38,,,,,,,,,,
2026-03-20,tennis,"Miami, USA",ATP,Zizou Bergs,Jenson Brooksby,2,0,True,2,False,2.38,,1.57,,,,,,,,,,
2026-03-20,tennis,"Miami, USA",ATP,Zhizhen Zhang,Adrian Mannarino,0,2,False,2,False,1.91,,1.91,,,,,,,,,,
2026-03-20,tennis,"Miami, USA",ATP,Darwin Blanch,Jan-Lennard Struff,2,1,True,3,True,2.5,,1.53,,,,,,,,,,
2026-03-20,tennis,"Miami, USA",ATP,Ethan Quinn,Hubert Hurkacz,2,0,True,2,False,2.1,,1.73,,,,,,,,,,
2026-03-20,tennis,"Miami, USA",ATP,Marcos Giron,Martin Landaluce,0,2,False,2,False,1.53,,2.5,,,,,,,,,,
2026-03-20,tennis,"Miami, USA",ATP,Giovanni Mpetshi Perricard,Camilo Ugo Carabelli,1,2,False,3,True,1.5,,2.63,,,,,,,,,,
2026-03-20,tennis,"Miami, USA",ATP,Denis Shapovalov,Botic Van de Zandschulp,0,2,False,2,False,1.5,,2.63,,,,,,,,,,
2026-03-20,tennis,"Miami, USA",ATP,Alexandre Muller,Matteo Berrettini,0,2,False,2,False,4.5,,1.2,,,,,,,,,,
2026-03-20,tennis,"Miami, USA",ATP,Reilly Opelka,Nuno Borges,2,1,True,3,True,1.73,,2.1,,,,,,,,,,
2026-03-20,tennis,"Miami, USA",ATP,Stefanos Tsitsipas,Arthur Fery,2,0,True,2,False,1.4,,3.0,,,,,,,,,,
2026-03-20,tennis,"Miami, USA",ATP,Raphael Collignon,Grigor Dimitrov,2,1,True,3,True,2.2,,1.67,,,,,,,,,,
2026-03-20,tennis,"Miami, USA",ATP,Ignacio Buse,Damir Džumhur,1,2,False,3,True,1.5,,2.63,,,,,,,,,,
2026-03-20,tennis,"Miami, USA",ATP,Fábián Marozsán,Joao Fonseca,1,2,False,3,True,3.2,,1.36,,,,,,,,,,
2026-03-20,tennis,"Miami, USA",ATP,Marin Čilić,Alexei Popyrin,2,0,True,2,False,1.67,,2.2,,,,,,,,,,
2026-03-20,tennis,"Miami, USA",ATP,Emilio Nava,Tomaš Machač,1,2,False,3,True,2.75,,1.44,,,,,,,,,,
2026-03-20,tennis,"Miami, USA",ATP,Kamil Majchrzak,Miomir Kecmanović,2,1,True,3,True,2.63,,1.5,,,,,,,,,,
2026-03-20,tennis,"Miami, USA",ATP,Alejandro Tabilo,Francisco Comesaña,2,0,True,2,False,1.44,,2.75,,,,,,,,,,
2026-03-20,tennis,"Miami, USA",ATP,Quentin Halys,Liam Draxl,2,1,True,3,True,1.44,,2.75,,,,,,,,,,
2026-03-20,tennis,"Miami, USA",ATP,Alex Michelsen,Mattia Bellucci,2,0,True,2,False,1.36,,3.2,,,,,,,,,,
2026-03-20,tennis,"Miami, USA",WTA,Paula Badosa,Aliaksandra Sasnovich,2,0,True,2,False,1.5,,2.63,,,,,,,,,,
2026-03-20,tennis,"Miami, USA",WTA,Sara Bejlek,Talia Gibson,0,2,False,2,False,2.0,,1.8,,,,,,,,,,
2026-03-20,tennis,"Miami, USA",WTA,Alycia Parks,Sinja Kraus,2,0,True,2,False,1.67,,2.2,,,,,,,,,,
2026-03-20,tennis,"Miami, USA",WTA,Tereza Valentová,Katie Volynets,2,0,True,2,False,1.57,,2.38,,,,,,,,,,
2026-03-20,tennis,"Miami, USA",WTA,Dalma Galfi,Elvina Kalieva,1,2,False,3,True,1.67,,2.2,,,,,,,,,,
2026-03-20,tennis,"Miami, USA",WTA,Alexandra Eala,Laura Siegemund,2,1,True,3,True,1.53,,2.5,,,,,,,,,,
2026-03-20,tennis,"Miami, USA",WTA,Anastasia Zakharova,Anna Bondar,2,1,True,3,True,1.44,,2.75,,,,,,,,,,
2026-03-20,tennis,"Miami, USA",WTA,Eva Lys,Yuliia Starodubtseva,0,2,False,2,False,1.67,,2.2,,,,,,,,,,
2026-03-20,tennis,"Miami, USA",WTA,Darja Semenistaja,Elisabetta Cocciaretto,0,2,False,2,False,3.2,,1.36,,,,,,,,,,
2026-03-20,tennis,"Miami, USA",WTA,Francesca Jones,Venus Williams,2,0,True,2,False,1.5,,2.63,,,,,,,,,,
2026-03-20,tennis,"Miami, USA",WTA,Viktorija Golubic,Peyton Stearns,0,2,False,2,False,3.2,,1.36,,,,,,,,,,
2026-03-20,tennis,"Miami, USA",WTA,Lilli Tagger,Ella Seidel,2,1,True,3,True,1.67,,2.2,,,,,,,,,,
2026-03-20,tennis,"Miami, USA",WTA,Emiliana Arango,Oksana Selekhmeteva,1,2,False,3,True,3.0,,1.4,,,,,,,,,,
2026-03-20,tennis,"Miami, USA",WTA,Janice Tjen,Yulia Putintseva,1,2,False,3,True,1.73,,2.1,,,,,,,,,,
2026-03-20,tennis,"Miami, USA",WTA,Ann Li,Kimberly Birrell,2,1,True,3,True,2.0,,1.8,,,,,,,,,,
2026-03-20,tennis,"Miami, USA",WTA,Hailey Baptiste,Tatjana Maria,2,0,True,2,False,1.2,,4.5,,,,,,,,,,
2026-03-20,tennis,"Miami, USA",WTA,Catherine McNally,Rebeka Masarova,2,0,True,2,False,1.73,,2.1,,,,,,,,,,
2026-03-20,tennis,"Miami, USA",WTA,Solana Sierra,Kamilla Rakhimova,0,2,False,2,False,2.75,,1.44,,,,,,,,,,
2026-03-20,tennis,"Miami, USA",WTA,Dayana Yastremska,Ashlyn Krueger,2,1,True,3,True,2.1,,1.73,,,,,,,,,,
2026-03-20,tennis,"Miami, USA",WTA,Magda Linette,Iga Swiatek,2,1,True,3,True,13.0,,1.04,,,,,,,,,,
2026-03-20,tennis,"Miami, USA",WTA,Lulu Sun,Taylor Townsend,0,2,False,2,False,2.38,,1.57,,,,,,,,,,
2026-03-20,tennis,"Miami, USA",WTA,Elsa Jacquemot,Marie Bouzkova,0,2,False,2,False,3.5,,1.3,,,,,,,,,,
2026-03-20,tennis,"Miami, USA",WTA,Elena-Gabriela Ruse,Antonia Ružić,2,0,True,2,False,1.62,,2.3,,,,,,,,,,
2026-03-20,tennis,"Miami, USA",WTA,Emerson Jones,Linda Fruhvirtova,2,1,True,3,True,2.0,,1.8,,,,,,,,,,
2026-03-20,tennis,"Miami, USA",WTA,Jennifer Brady,Sloane Stephens,0,2,False,2,False,1.44,,2.75,,,,,,,,,,
2026-03-20,tennis,"Miami, USA",WTA,Mirra Andreeva,McCartney Kessler,2,1,True,3,True,1.2,,4.5,,,,,,,,,,
2026-03-21,tennis,"Miami, USA",ATP,Terence Atmane,Daniel Altmaier,2,0,True,2,False,1.4,,3.0,,,,,,,,,,
2026-03-21,tennis,"Miami, USA",ATP,Valentin Royer,Thiago Agustin Tirante,1,2,False,3,True,1.8,,2.0,,,,,,,,,,
2026-03-21,tennis,"Miami, USA",ATP,Aleksandar Kovacevic,Rei Sakamoto,1,2,False,3,True,1.57,,2.38,,,,,,,,,,
2026-03-21,tennis,"Miami, USA",ATP,Casper Ruud,Ethan Quinn,0,2,False,2,False,1.5,,2.62,,,,,,,,,,
2026-03-21,tennis,"Miami, USA",ATP,Christopher O'Connell,Marton Fucsovics,0,2,False,2,False,2.63,,1.5,,,,,,,,,,
2026-03-21,tennis,"Miami, USA",ATP,Tommy Paul,Adrian Mannarino,2,1,True,3,True,1.2,,4.5,,,,,,,,,,
2026-03-21,tennis,"Miami, USA",ATP,Jack Draper,Reilly Opelka,0,2,False,2,False,1.25,,4.0,,,,,,,,,,
2026-03-21,tennis,"Miami, USA",ATP,Adam Walton,Sebastián Báez,2,0,True,2,False,2.2,,1.67,,,,,,,,,,
2026-03-21,tennis,"Miami, USA",ATP,Gabriel Diallo,Yibing Wu,2,0,True,2,False,2.0,,1.8,,,,,,,,,,
2026-03-21,tennis,"Miami, USA",ATP,Matteo Arnaldi,Alexander Shevchenko,1,2,False,3,True,2.1,,1.73,,,,,,,,,,
2026-03-21,tennis,"Miami, USA",ATP,Botic Van de Zandschulp,Taylor Fritz,1,2,False,3,True,3.75,,1.28,,,,,,,,,,
2026-03-21,tennis,"Miami, USA",ATP,Alexander Bublik,Matteo Berrettini,0,2,False,2,False,1.57,,2.38,,,,,,,,,,
2026-03-21,tennis,"Miami, USA",ATP,Roberto Bautista Agut,Karen Khachanov,0,2,False,2,False,3.5,,1.3,,,,,,,,,,
2026-03-21,tennis,"Miami, USA",ATP,Arthur Cazaux,Tomás Barrios Vera,2,0,True,2,False,1.57,,2.38,,,,,,,,,,
2026-03-21,tennis,"Miami, USA",ATP,Arthur Fils,Darwin Blanch,2,0,True,2,False,1.17,,5.0,,,,,,,,,,
2026-03-21,tennis,"Miami, USA",ATP,Camilo Ugo Carabelli,Sebastian Korda,0,2,False,2,False,6.5,,1.11,,,,,,,,,,
2026-03-21,tennis,"Miami, USA",ATP,Carlos Alcaraz,Joao Fonseca,2,0,True,2,False,1.13,,6.0,,,,,,,,,,
2026-03-21,tennis,"Miami, USA",ATP,Raphael Collignon,Flavio Cobolli,2,0,True,2,False,2.0,,1.8,,,,,,,,,,
2026-03-21,tennis,"Miami, USA",ATP,Stefanos Tsitsipas,Alex de Minaur,2,0,True,2,False,2.75,,1.44,,,,,,,,,,
2026-03-21,tennis,"Miami, USA",ATP,Moise Kouame,Jiri Lehečka,0,2,False,2,False,7.0,,1.1,,,,,,,,,,
2026-03-21,tennis,"Miami, USA",ATP,Luciano Darderi,Martin Landaluce,1,2,False,3,True,1.73,,2.1,,,,,,,,,,
2026-03-21,tennis,"Miami, USA",ATP,Mariano Navone,Valentin Vacherot,0,2,False,2,False,2.75,,1.44,,,,,,,,,,
2026-03-21,tennis,"Miami, USA",WTA,Anna Blinkova,Victoria Mboko,0,2,False,2,False,10.0,,1.06,,,,,,,,,,
2026-03-21,tennis,"Miami, USA",WTA,Anna Kalinskaya,Anastasia Zakharova,1,2,False,3,True,1.4,,3.0,,,,,,,,,,
2026-03-21,tennis,"Miami, USA",WTA,Diana Shnaider,Tereza Valentová,2,0,True,2,False,1.91,,1.91,,,,,,,,,,
2026-03-21,tennis,"Miami, USA",WTA,Linda Noskova,Sorana Cirstea,1,2,False,3,True,1.73,,2.1,,,,,,,,,,
2026-03-21,tennis,"Miami, USA",WTA,Zeynep Sönmez,Belinda Bencic,0,2,False,2,False,4.0,,1.25,,,,,,,,,,
2026-03-21,tennis,"Miami, USA",WTA,Amanda Anisimova,Ajla Tomljanovic,2,1,True,3,True,1.14,,5.5,,,,,,,,,,
2026-03-21,tennis,"Miami, USA",WTA,Maria Sakkari,Alycia Parks,0,2,False,2,False,1.3,,3.5,,,,,,,,,,
2026-03-21,tennis,"Miami, USA",WTA,Karolina Muchova,Camila Osorio,2,1,True,3,True,1.3,,3.5,,,,,,,,,,
2026-03-21,tennis,"Miami, USA",WTA,Elvina Kalieva,Elise Mertens,0,2,False,2,False,5.5,,1.14,,,,,,,,,,
2026-03-21,tennis,"Miami, USA",WTA,Taylor Townsend,Jasmine Paolini,1,2,False,3,True,2.2,,1.67,,,,,,,,,,
2026-03-21,tennis,"Miami, USA",WTA,Elisabetta Cocciaretto,Coco Gauff,1,2,False,3,True,4.5,,1.2,,,,,,,,,,
2026-03-21,tennis,"Miami, USA",WTA,Hailey Baptiste,Liudmila Samsonova,2,0,True,2,False,1.8,,2.0,,,,,,,,,,
2026-03-21,tennis,"Miami, USA",WTA,Jelena Ostapenko,Dayana Yastremska,2,0,True,2,False,1.62,,2.3,,,,,,,,,,
2026-03-21,tennis,"Miami, USA",WTA,Ekaterina Alexandrova,Lilli Tagger,2,0,True,2,False,1.4,,3.0,,,,,,,,,,
2026-03-21,tennis,"Miami, USA",WTA,Catherine McNally,Xinyu Wang,2,1,True,3,True,1.8,,2.0,,,,,,,,,,
2026-03-21,tennis,"Miami, USA",WTA,Elina Svitolina,Emerson Jones,2,0,True,2,False,1.07,,9.0,,,,,,,,,,
2026-03-21,tennis,"Miami, USA",WTA,Aryna Sabalenka,Ann Li,2,0,True,2,False,1.03,,15.0,,,,,,,,,,
2026-03-21,tennis,"Miami, USA",WTA,Kamilla Rakhimova,Marta Kostyuk,0,2,False,2,False,4.0,,1.25,,,,,,,,,,
2026-03-21,tennis,"Miami, USA",WTA,Peyton Stearns,Jaqueline Cristian,0,2,False,2,False,1.62,,2.3,,,,,,,,,,
2026-03-21,tennis,"Miami, USA",WTA,Elena Rybakina,Yulia Putintseva,2,0,True,2,False,1.11,,6.5,,,,,,,,,,
2026-03-21,tennis,"Miami, USA",ATP,Terence Atmane,Daniel Altmaier,2,0,True,2,False,1.4,,3.0,,,,,,,,,,
2026-03-21,tennis,"Miami, USA",ATP,Valentin Royer,Thiago Agustin Tirante,1,2,False,3,True,1.8,,2.0,,,,,,,,,,
2026-03-21,tennis,"Miami, USA",ATP,Aleksandar Kovacevic,Rei Sakamoto,1,2,False,3,True,1.57,,2.38,,,,,,,,,,
2026-03-21,tennis,"Miami, USA",ATP,Casper Ruud,Ethan Quinn,0,2,False,2,False,1.5,,2.62,,,,,,,,,,
2026-03-21,tennis,"Miami, USA",ATP,Christopher O'Connell,Marton Fucsovics,0,2,False,2,False,2.63,,1.5,,,,,,,,,,
2026-03-21,tennis,"Miami, USA",ATP,Tommy Paul,Adrian Mannarino,2,1,True,3,True,1.2,,4.5,,,,,,,,,,
2026-03-21,tennis,"Miami, USA",ATP,Jack Draper,Reilly Opelka,0,2,False,2,False,1.25,,4.0,,,,,,,,,,
2026-03-21,tennis,"Miami, USA",ATP,Adam Walton,Sebastián Báez,2,0,True,2,False,2.2,,1.67,,,,,,,,,,
2026-03-21,tennis,"Miami, USA",ATP,Gabriel Diallo,Yibing Wu,2,0,True,2,False,2.0,,1.8,,,,,,,,,,
2026-03-21,tennis,"Miami, USA",ATP,Matteo Arnaldi,Alexander Shevchenko,1,2,False,3,True,2.1,,1.73,,,,,,,,,,
2026-03-21,tennis,"Miami, USA",ATP,Botic Van de Zandschulp,Taylor Fritz,1,2,False,3,True,3.75,,1.28,,,,,,,,,,
2026-03-21,tennis,"Miami, USA",ATP,Alexander Bublik,Matteo Berrettini,0,2,False,2,False,1.57,,2.38,,,,,,,,,,
2026-03-21,tennis,"Miami, USA",ATP,Roberto Bautista Agut,Karen Khachanov,0,2,False,2,False,3.5,,1.3,,,,,,,,,,
2026-03-21,tennis,"Miami, USA",ATP,Arthur Cazaux,Tomás Barrios Vera,2,0,True,2,False,1.57,,2.38,,,,,,,,,,
2026-03-21,tennis,"Miami, USA",ATP,Arthur Fils,Darwin Blanch,2,0,True,2,False,1.17,,5.0,,,,,,,,,,
2026-03-21,tennis,"Miami, USA",ATP,Camilo Ugo Carabelli,Sebastian Korda,0,2,False,2,False,6.5,,1.11,,,,,,,,,,
2026-03-21,tennis,"Miami, USA",ATP,Carlos Alcaraz,Joao Fonseca,2,0,True,2,False,1.13,,6.0,,,,,,,,,,
2026-03-21,tennis,"Miami, USA",ATP,Raphael Collignon,Flavio Cobolli,2,0,True,2,False,2.0,,1.8,,,,,,,,,,
2026-03-21,tennis,"Miami, USA",ATP,Stefanos Tsitsipas,Alex de Minaur,2,0,True,2,False,2.75,,1.44,,,,,,,,,,
2026-03-21,tennis,"Miami, USA",ATP,Moise Kouame,Jiri Lehečka,0,2,False,2,False,7.0,,1.1,,,,,,,,,,
2026-03-21,tennis,"Miami, USA",ATP,Luciano Darderi,Martin Landaluce,1,2,False,3,True,1.73,,2.1,,,,,,,,,,
2026-03-21,tennis,"Miami, USA",ATP,Mariano Navone,Valentin Vacherot,0,2,False,2,False,2.75,,1.44,,,,,,,,,,
2026-03-21,tennis,"Miami, USA",WTA,Anna Blinkova,Victoria Mboko,0,2,False,2,False,10.0,,1.06,,,,,,,,,,
2026-03-21,tennis,"Miami, USA",WTA,Anna Kalinskaya,Anastasia Zakharova,1,2,False,3,True,1.4,,3.0,,,,,,,,,,
2026-03-21,tennis,"Miami, USA",WTA,Diana Shnaider,Tereza Valentová,2,0,True,2,False,1.91,,1.91,,,,,,,,,,
2026-03-21,tennis,"Miami, USA",WTA,Linda Noskova,Sorana Cirstea,1,2,False,3,True,1.73,,2.1,,,,,,,,,,
2026-03-21,tennis,"Miami, USA",WTA,Zeynep Sönmez,Belinda Bencic,0,2,False,2,False,4.0,,1.25,,,,,,,,,,
2026-03-21,tennis,"Miami, USA",WTA,Amanda Anisimova,Ajla Tomljanovic,2,1,True,3,True,1.14,,5.5,,,,,,,,,,
2026-03-21,tennis,"Miami, USA",WTA,Maria Sakkari,Alycia Parks,0,2,False,2,False,1.3,,3.5,,,,,,,,,,
2026-03-21,tennis,"Miami, USA",WTA,Karolina Muchova,Camila Osorio,2,1,True,3,True,1.3,,3.5,,,,,,,,,,
2026-03-21,tennis,"Miami, USA",WTA,Elvina Kalieva,Elise Mertens,0,2,False,2,False,5.5,,1.14,,,,,,,,,,
2026-03-21,tennis,"Miami, USA",WTA,Taylor Townsend,Jasmine Paolini,1,2,False,3,True,2.2,,1.67,,,,,,,,,,
2026-03-21,tennis,"Miami, USA",WTA,Elisabetta Cocciaretto,Coco Gauff,1,2,False,3,True,4.5,,1.2,,,,,,,,,,
2026-03-21,tennis,"Miami, USA",WTA,Hailey Baptiste,Liudmila Samsonova,2,0,True,2,False,1.8,,2.0,,,,,,,,,,
2026-03-21,tennis,"Miami, USA",WTA,Jelena Ostapenko,Dayana Yastremska,2,0,True,2,False,1.62,,2.3,,,,,,,,,,
2026-03-21,tennis,"Miami, USA",WTA,Ekaterina Alexandrova,Lilli Tagger,2,0,True,2,False,1.4,,3.0,,,,,,,,,,
2026-03-21,tennis,"Miami, USA",WTA,Catherine McNally,Xinyu Wang,2,1,True,3,True,1.8,,2.0,,,,,,,,,,
2026-03-21,tennis,"Miami, USA",WTA,Elina Svitolina,Emerson Jones,2,0,True,2,False,1.07,,9.0,,,,,,,,,,
2026-03-21,tennis,"Miami, USA",WTA,Aryna Sabalenka,Ann Li,2,0,True,2,False,1.03,,15.0,,,,,,,,,,
2026-03-21,tennis,"Miami, USA",WTA,Kamilla Rakhimova,Marta Kostyuk,0,2,False,2,False,4.0,,1.25,,,,,,,,,,
2026-03-21,tennis,"Miami, USA",WTA,Peyton Stearns,Jaqueline Cristian,0,2,False,2,False,1.62,,2.3,,,,,,,,,,
2026-03-21,tennis,"Miami, USA",WTA,Elena Rybakina,Yulia Putintseva,2,0,True,2,False,1.11,,6.5,,,,,,,,,,
2026-03-22,tennis,"Miami, USA",ATP,Alejandro Davidovich Fokina,Quentin Halys,0,2,False,2,False,1.36,,3.2,,,,,,,,,,
2026-03-22,tennis,"Miami, USA",ATP,Aleksandar Vukic,Rafael Jodar,0,2,False,2,False,4.33,,1.22,,,,,,,,,,
2026-03-22,tennis,"Miami, USA",ATP,Kamil Majchrzak,Learner Tien,2,1,True,3,True,3.75,,1.28,,,,,,,,,,
2026-03-22,tennis,"Miami, USA",ATP,Zizou Bergs,Tomas Martin Etcheverry,0,2,False,2,False,1.67,,2.2,,,,,,,,,,
2026-03-22,tennis,"Miami, USA",ATP,Terence Atmane,Arthur Rinderknech,2,0,True,2,False,2.3,,1.62,,,,,,,,,,
2026-03-22,tennis,"Miami, USA",ATP,Damir Džumhur,Jannik Sinner,0,2,False,2,False,41.0,,1.0,,,,,,,,,,
2026-03-22,tennis,"Miami, USA",ATP,Felix Auger-Aliassime,Marton Fucsovics,2,0,True,2,False,1.4,,3.0,,,,,,,,,,
2026-03-22,tennis,"Miami, USA",ATP,Corentin Moutet,Tomaš Machač,2,1,True,3,True,2.3,,1.62,,,,,,,,,,
2026-03-22,tennis,"Miami, USA",ATP,Rei Sakamoto,Daniil Medvedev,1,2,False,3,True,10.0,,1.06,,,,,,,,,,
2026-03-22,tennis,"Miami, USA",ATP,Alex Michelsen,Cameron Norrie,2,1,True,3,True,1.62,,2.3,,,,,,,,,,
2026-03-22,tennis,"Miami, USA",ATP,Andrey Rublev,Alejandro Tabilo,1,2,False,3,True,1.4,,3.4,,,,,,,,,,
2026-03-22,tennis,"Miami, USA",ATP,Adam Walton,Jakub Menšik,1,2,False,3,True,3.5,,1.3,,,,,,,,,,
2026-03-22,tennis,"Miami, USA",ATP,Gabriel Diallo,Ugo Humbert,0,2,False,2,False,2.1,,1.73,,,,,,,,,,
2026-03-22,tennis,"Miami, USA",ATP,Francisco Cerundolo,Thiago Agustin Tirante,2,0,True,2,False,1.28,,3.75,,,,,,,,,,
2026-03-22,tennis,"Miami, USA",ATP,Ben Shelton,Alexander Shevchenko,1,2,False,3,True,1.11,,6.5,,,,,,,,,,
2026-03-22,tennis,"Miami, USA",ATP,Frances Tiafoe,Arthur Cazaux,2,0,True,2,False,1.36,,3.2,,,,,,,,,,
2026-03-22,tennis,"Miami, USA",ATP,Brandon Nakashima,Marin Čilić,1,2,False,3,True,1.62,,2.3,,,,,,,,,,
2026-03-22,tennis,"Miami, USA",ATP,Martin Damm Jr,Alexander Zverev,0,2,False,2,False,9.0,,1.07,,,,,,,,,,
2026-03-22,tennis,"Miami, USA",WTA,Iva Jovic,Paula Badosa,2,0,True,2,False,1.57,,2.38,,,,,,,,,,
2026-03-22,tennis,"Miami, USA",WTA,Leylah Fernandez,Oksana Selekhmeteva,2,1,True,3,True,1.5,,2.63,,,,,,,,,,
2026-03-22,tennis,"Miami, USA",WTA,Qinwen Zheng,Sloane Stephens,2,0,True,2,False,1.13,,6.0,,,,,,,,,,
2026-03-22,tennis,"Miami, USA",WTA,Elena-Gabriela Ruse,Madison Keys,0,2,False,2,False,3.0,,1.4,,,,,,,,,,
2026-03-22,tennis,"Miami, USA",WTA,Talia Gibson,Naomi Osaka,2,0,True,2,False,2.75,,1.44,,,,,,,,,,
2026-03-22,tennis,"Miami, USA",WTA,Diana Shnaider,Belinda Bencic,0,2,False,2,False,2.75,,1.44,,,,,,,,,,
2026-03-22,tennis,"Miami, USA",WTA,Mirra Andreeva,Marie Bouzkova,2,0,True,2,False,1.17,,5.0,,,,,,,,,,
2026-03-22,tennis,"Miami, USA",WTA,Amanda Anisimova,Yuliia Starodubtseva,2,0,True,2,False,1.1,,7.0,,,,,,,,,,
2026-03-22,tennis,"Miami, USA",WTA,Anastasia Zakharova,Victoria Mboko,0,2,False,2,False,5.5,,1.14,,,,,,,,,,
2026-03-22,tennis,"Miami, USA",WTA,Karolina Muchova,Katie Boulter,2,0,True,2,False,1.25,,4.0,,,,,,,,,,
2026-03-22,tennis,"Miami, USA",WTA,Sorana Cirstea,Elise Mertens,2,0,True,2,False,2.0,,1.8,,,,,,,,,,
2026-03-22,tennis,"Miami, USA",WTA,Alexandra Eala,Magda Linette,2,0,True,2,False,1.67,,2.2,,,,,,,,,,
2026-03-22,tennis,"Miami, USA",WTA,Alycia Parks,Coco Gauff,1,2,False,3,True,6.5,,1.11,,,,,,,,,,
2026-03-22,tennis,"Miami, USA",ATP,Alejandro Davidovich Fokina,Quentin Halys,0,2,False,2,False,1.36,,3.2,,,,,,,,,,
2026-03-22,tennis,"Miami, USA",ATP,Aleksandar Vukic,Rafael Jodar,0,2,False,2,False,4.33,,1.22,,,,,,,,,,
2026-03-22,tennis,"Miami, USA",ATP,Kamil Majchrzak,Learner Tien,2,1,True,3,True,3.75,,1.28,,,,,,,,,,
2026-03-22,tennis,"Miami, USA",ATP,Zizou Bergs,Tomas Martin Etcheverry,0,2,False,2,False,1.67,,2.2,,,,,,,,,,
2026-03-22,tennis,"Miami, USA",ATP,Terence Atmane,Arthur Rinderknech,2,0,True,2,False,2.3,,1.62,,,,,,,,,,
2026-03-22,tennis,"Miami, USA",ATP,Damir Džumhur,Jannik Sinner,0,2,False,2,False,41.0,,1.0,,,,,,,,,,
2026-03-22,tennis,"Miami, USA",ATP,Felix Auger-Aliassime,Marton Fucsovics,2,0,True,2,False,1.4,,3.0,,,,,,,,,,
2026-03-22,tennis,"Miami, USA",ATP,Corentin Moutet,Tomaš Machač,2,1,True,3,True,2.3,,1.62,,,,,,,,,,
2026-03-22,tennis,"Miami, USA",ATP,Rei Sakamoto,Daniil Medvedev,1,2,False,3,True,10.0,,1.06,,,,,,,,,,
2026-03-22,tennis,"Miami, USA",ATP,Alex Michelsen,Cameron Norrie,2,1,True,3,True,1.62,,2.3,,,,,,,,,,
2026-03-22,tennis,"Miami, USA",ATP,Andrey Rublev,Alejandro Tabilo,1,2,False,3,True,1.4,,3.4,,,,,,,,,,
2026-03-22,tennis,"Miami, USA",ATP,Adam Walton,Jakub Menšik,1,2,False,3,True,3.5,,1.3,,,,,,,,,,
2026-03-22,tennis,"Miami, USA",ATP,Gabriel Diallo,Ugo Humbert,0,2,False,2,False,2.1,,1.73,,,,,,,,,,
2026-03-22,tennis,"Miami, USA",ATP,Francisco Cerundolo,Thiago Agustin Tirante,2,0,True,2,False,1.28,,3.75,,,,,,,,,,
2026-03-22,tennis,"Miami, USA",ATP,Ben Shelton,Alexander Shevchenko,1,2,False,3,True,1.11,,6.5,,,,,,,,,,
2026-03-22,tennis,"Miami, USA",ATP,Frances Tiafoe,Arthur Cazaux,2,0,True,2,False,1.36,,3.2,,,,,,,,,,
2026-03-22,tennis,"Miami, USA",ATP,Brandon Nakashima,Marin Čilić,1,2,False,3,True,1.62,,2.3,,,,,,,,,,
2026-03-22,tennis,"Miami, USA",ATP,Martin Damm Jr,Alexander Zverev,0,2,False,2,False,9.0,,1.07,,,,,,,,,,
2026-03-22,tennis,"Miami, USA",WTA,Iva Jovic,Paula Badosa,2,0,True,2,False,1.57,,2.38,,,,,,,,,,
2026-03-22,tennis,"Miami, USA",WTA,Leylah Fernandez,Oksana Selekhmeteva,2,1,True,3,True,1.5,,2.63,,,,,,,,,,
2026-03-22,tennis,"Miami, USA",WTA,Qinwen Zheng,Sloane Stephens,2,0,True,2,False,1.13,,6.0,,,,,,,,,,
2026-03-22,tennis,"Miami, USA",WTA,Elena-Gabriela Ruse,Madison Keys,0,2,False,2,False,3.0,,1.4,,,,,,,,,,
2026-03-22,tennis,"Miami, USA",WTA,Talia Gibson,Naomi Osaka,2,0,True,2,False,2.75,,1.44,,,,,,,,,,
2026-03-22,tennis,"Miami, USA",WTA,Diana Shnaider,Belinda Bencic,0,2,False,2,False,2.75,,1.44,,,,,,,,,,
2026-03-22,tennis,"Miami, USA",WTA,Mirra Andreeva,Marie Bouzkova,2,0,True,2,False,1.17,,5.0,,,,,,,,,,
2026-03-22,tennis,"Miami, USA",WTA,Amanda Anisimova,Yuliia Starodubtseva,2,0,True,2,False,1.1,,7.0,,,,,,,,,,
2026-03-22,tennis,"Miami, USA",WTA,Anastasia Zakharova,Victoria Mboko,0,2,False,2,False,5.5,,1.14,,,,,,,,,,
2026-03-22,tennis,"Miami, USA",WTA,Karolina Muchova,Katie Boulter,2,0,True,2,False,1.25,,4.0,,,,,,,,,,
2026-03-22,tennis,"Miami, USA",WTA,Sorana Cirstea,Elise Mertens,2,0,True,2,False,2.0,,1.8,,,,,,,,,,
2026-03-22,tennis,"Miami, USA",WTA,Alexandra Eala,Magda Linette,2,0,True,2,False,1.67,,2.2,,,,,,,,,,
2026-03-22,tennis,"Miami, USA",WTA,Alycia Parks,Coco Gauff,1,2,False,3,True,6.5,,1.11,,,,,,,,,,
2026-03-23,tennis,"Miami, USA",ATP,Ethan Quinn,Jiri Lehečka,0,2,False,2,False,2.2,,1.67,,,,,,,,,,
2026-03-23,tennis,"Miami, USA",ATP,Reilly Opelka,Taylor Fritz,0,2,False,2,False,2.75,,1.44,,,,,,,,,,
2026-03-23,tennis,"Miami, USA",ATP,Rafael Jodar,Tomas Martin Etcheverry,0,2,False,2,False,1.73,,2.1,,,,,,,,,,
2026-03-23,tennis,"Miami, USA",ATP,Carlos Alcaraz,Sebastian Korda,1,2,False,3,True,1.11,,6.5,,,,,,,,,,
2026-03-23,tennis,"Miami, USA",ATP,Tommy Paul,Raphael Collignon,2,1,True,3,True,1.4,,3.0,,,,,,,,,,
2026-03-23,tennis,"Miami, USA",ATP,Martin Landaluce,Karen Khachanov,2,0,True,2,False,3.2,,1.36,,,,,,,,,,
2026-03-23,tennis,"Miami, USA",ATP,Matteo Berrettini,Valentin Vacherot,0,2,False,2,False,1.67,,2.2,,,,,,,,,,
2026-03-23,tennis,"Miami, USA",ATP,Arthur Fils,Stefanos Tsitsipas,2,0,True,2,False,1.53,,2.5,,,,,,,,,,
2026-03-23,tennis,"Miami, USA",WTA,Ekaterina Alexandrova,Jaqueline Cristian,1,2,False,3,True,1.44,,2.75,,,,,,,,,,
2026-03-23,tennis,"Miami, USA",WTA,Jelena Ostapenko,Jasmine Paolini,2,1,True,3,True,2.2,,1.67,,,,,,,,,,
2026-03-23,tennis,"Miami, USA",WTA,Leylah Fernandez,Jessica Pegula,0,2,False,2,False,5.5,,1.14,,,,,,,,,,
2026-03-23,tennis,"Miami, USA",WTA,Elina Svitolina,Hailey Baptiste,0,2,False,2,False,1.22,,4.33,,,,,,,,,,
2026-03-23,tennis,"Miami, USA",WTA,Iva Jovic,Talia Gibson,0,2,False,2,False,1.5,,2.63,,,,,,,,,,
2026-03-23,tennis,"Miami, USA",WTA,Elena Rybakina,Marta Kostyuk,2,0,True,2,False,1.22,,4.33,,,,,,,,,,
2026-03-23,tennis,"Miami, USA",WTA,Qinwen Zheng,Madison Keys,2,1,True,3,True,2.1,,1.73,,,,,,,,,,
2026-03-23,tennis,"Miami, USA",WTA,Aryna Sabalenka,Catherine McNally,2,0,True,2,False,1.05,,11.0,,,,,,,,,,
2026-03-23,tennis,"Miami, USA",ATP,Ethan Quinn,Jiri Lehečka,0,2,False,2,False,2.2,,1.67,,,,,,,,,,
2026-03-23,tennis,"Miami, USA",ATP,Reilly Opelka,Taylor Fritz,0,2,False,2,False,2.75,,1.44,,,,,,,,,,
2026-03-23,tennis,"Miami, USA",ATP,Rafael Jodar,Tomas Martin Etcheverry,0,2,False,2,False,1.73,,2.1,,,,,,,,,,
2026-03-23,tennis,"Miami, USA",ATP,Carlos Alcaraz,Sebastian Korda,1,2,False,3,True,1.11,,6.5,,,,,,,,,,
2026-03-23,tennis,"Miami, USA",ATP,Tommy Paul,Raphael Collignon,2,1,True,3,True,1.4,,3.0,,,,,,,,,,
2026-03-23,tennis,"Miami, USA",ATP,Martin Landaluce,Karen Khachanov,2,0,True,2,False,3.2,,1.36,,,,,,,,,,
2026-03-23,tennis,"Miami, USA",ATP,Matteo Berrettini,Valentin Vacherot,0,2,False,2,False,1.67,,2.2,,,,,,,,,,
2026-03-23,tennis,"Miami, USA",ATP,Arthur Fils,Stefanos Tsitsipas,2,0,True,2,False,1.53,,2.5,,,,,,,,,,
2026-03-23,tennis,"Miami, USA",WTA,Ekaterina Alexandrova,Jaqueline Cristian,1,2,False,3,True,1.44,,2.75,,,,,,,,,,
2026-03-23,tennis,"Miami, USA",WTA,Jelena Ostapenko,Jasmine Paolini,2,1,True,3,True,2.2,,1.67,,,,,,,,,,
2026-03-23,tennis,"Miami, USA",WTA,Leylah Fernandez,Jessica Pegula,0,2,False,2,False,5.5,,1.14,,,,,,,,,,
2026-03-23,tennis,"Miami, USA",WTA,Elina Svitolina,Hailey Baptiste,0,2,False,2,False,1.22,,4.33,,,,,,,,,,
2026-03-23,tennis,"Miami, USA",WTA,Iva Jovic,Talia Gibson,0,2,False,2,False,1.5,,2.63,,,,,,,,,,
2026-03-23,tennis,"Miami, USA",WTA,Elena Rybakina,Marta Kostyuk,2,0,True,2,False,1.22,,4.33,,,,,,,,,,
2026-03-23,tennis,"Miami, USA",WTA,Qinwen Zheng,Madison Keys,2,1,True,3,True,2.1,,1.73,,,,,,,,,,
2026-03-23,tennis,"Miami, USA",WTA,Aryna Sabalenka,Catherine McNally,2,0,True,2,False,1.05,,11.0,,,,,,,,,,
2026-03-24,tennis,"Miami, USA",ATP,Alexander Shevchenko,Ugo Humbert,0,2,False,2,False,4.0,,1.25,,,,,,,,,,
2026-03-24,tennis,"Miami, USA",ATP,Francisco Cerundolo,Daniil Medvedev,2,1,True,3,True,3.75,,1.28,,,,,,,,,,
2026-03-24,tennis,"Miami, USA",ATP,Felix Auger-Aliassime,Terence Atmane,1,2,False,3,True,1.28,,3.75,,,,,,,,,,
2026-03-24,tennis,"Miami, USA",ATP,Frances Tiafoe,Jakub Menšik,2,1,True,3,True,2.3,,1.62,,,,,,,,,,
2026-03-24,tennis,"Miami, USA",ATP,Alejandro Tabilo,Alex Michelsen,1,2,False,3,True,2.38,,1.57,,,,,,,,,,
2026-03-24,tennis,"Miami, USA",ATP,Marin Čilić,Alexander Zverev,1,2,False,3,True,6.0,,1.13,,,,,,,,,,
2026-03-24,tennis,"Miami, USA",ATP,Quentin Halys,Kamil Majchrzak,2,0,True,2,False,2.1,,1.73,,,,,,,,,,
2026-03-24,tennis,"Miami, USA",ATP,Corentin Moutet,Jannik Sinner,0,2,False,2,False,26.0,,1.01,,,,,,,,,,
2026-03-24,tennis,"Miami, USA",WTA,Karolina Muchova,Alexandra Eala,2,0,True,2,False,1.25,,4.0,,,,,,,,,,
2026-03-24,tennis,"Miami, USA",WTA,Mirra Andreeva,Victoria Mboko,1,2,False,3,True,1.91,,1.91,,,,,,,,,,
2026-03-24,tennis,"Miami, USA",WTA,Sorana Cirstea,Coco Gauff,1,2,False,3,True,2.63,,1.5,,,,,,,,,,
2026-03-24,tennis,"Miami, USA",WTA,Hailey Baptiste,Jelena Ostapenko,2,0,True,2,False,1.91,,1.91,,,,,,,,,,
2026-03-24,tennis,"Miami, USA",WTA,Aryna Sabalenka,Qinwen Zheng,2,0,True,2,False,1.13,,6.0,,,,,,,,,,
2026-03-24,tennis,"Miami, USA",WTA,Jaqueline Cristian,Jessica Pegula,0,2,False,2,False,7.0,,1.1,,,,,,,,,,
2026-03-24,tennis,"Miami, USA",WTA,Elena Rybakina,Talia Gibson,2,0,True,2,False,1.13,,6.0,,,,,,,,,,
2026-03-24,tennis,"Miami, USA",WTA,Amanda Anisimova,Belinda Bencic,0,2,False,2,False,1.62,,2.3,,,,,,,,,,
2026-03-24,tennis,"Miami, USA",ATP,Alexander Shevchenko,Ugo Humbert,0,2,False,2,False,4.0,,1.25,,,,,,,,,,
2026-03-24,tennis,"Miami, USA",ATP,Francisco Cerundolo,Daniil Medvedev,2,1,True,3,True,3.75,,1.28,,,,,,,,,,
2026-03-24,tennis,"Miami, USA",ATP,Felix Auger-Aliassime,Terence Atmane,1,2,False,3,True,1.28,,3.75,,,,,,,,,,
2026-03-24,tennis,"Miami, USA",ATP,Frances Tiafoe,Jakub Menšik,2,1,True,3,True,2.3,,1.62,,,,,,,,,,
2026-03-24,tennis,"Miami, USA",ATP,Alejandro Tabilo,Alex Michelsen,1,2,False,3,True,2.38,,1.57,,,,,,,,,,
2026-03-24,tennis,"Miami, USA",ATP,Marin Čilić,Alexander Zverev,1,2,False,3,True,6.0,,1.13,,,,,,,,,,
2026-03-24,tennis,"Miami, USA",ATP,Quentin Halys,Kamil Majchrzak,2,0,True,2,False,2.1,,1.73,,,,,,,,,,
2026-03-24,tennis,"Miami, USA",ATP,Corentin Moutet,Jannik Sinner,0,2,False,2,False,26.0,,1.01,,,,,,,,,,
2026-03-24,tennis,"Miami, USA",WTA,Karolina Muchova,Alexandra Eala,2,0,True,2,False,1.25,,4.0,,,,,,,,,,
2026-03-24,tennis,"Miami, USA",WTA,Mirra Andreeva,Victoria Mboko,1,2,False,3,True,1.91,,1.91,,,,,,,,,,
2026-03-24,tennis,"Miami, USA",WTA,Sorana Cirstea,Coco Gauff,1,2,False,3,True,2.63,,1.5,,,,,,,,,,
2026-03-24,tennis,"Miami, USA",WTA,Hailey Baptiste,Jelena Ostapenko,2,0,True,2,False,1.91,,1.91,,,,,,,,,,
2026-03-24,tennis,"Miami, USA",WTA,Aryna Sabalenka,Qinwen Zheng,2,0,True,2,False,1.13,,6.0,,,,,,,,,,
2026-03-24,tennis,"Miami, USA",WTA,Jaqueline Cristian,Jessica Pegula,0,2,False,2,False,7.0,,1.1,,,,,,,,,,
2026-03-24,tennis,"Miami, USA",WTA,Elena Rybakina,Talia Gibson,2,0,True,2,False,1.13,,6.0,,,,,,,,,,
2026-03-24,tennis,"Miami, USA",WTA,Amanda Anisimova,Belinda Bencic,0,2,False,2,False,1.62,,2.3,,,,,,,,,,
2026-03-25,tennis,"Miami, USA",ATP,Sebastian Korda,Martin Landaluce,1,2,False,3,True,1.25,,4.0,,,,,,,,,,
2026-03-25,tennis,"Miami, USA",ATP,Jiri Lehečka,Taylor Fritz,2,1,True,3,True,2.75,,1.44,,,,,,,,,,
2026-03-25,tennis,"Miami, USA",ATP,Valentin Vacherot,Arthur Fils,1,2,False,3,True,3.2,,1.36,,,,,,,,,,
2026-03-25,tennis,"Miami, USA",ATP,Tomas Martin Etcheverry,Tommy Paul,0,2,False,2,False,3.2,,1.36,,,,,,,,,,
2026-03-25,tennis,"Miami, USA",ATP,Alex Michelsen,Jannik Sinner,0,2,False,2,False,15.0,,1.03,,,,,,,,,,
2026-03-25,tennis,"Miami, USA",ATP,Terence Atmane,Frances Tiafoe,1,2,False,3,True,2.75,,1.44,,,,,,,,,,
2026-03-25,tennis,"Miami, USA",ATP,Ugo Humbert,Francisco Cerundolo,0,2,False,2,False,1.8,,2.0,,,,,,,,,,
2026-03-25,tennis,"Miami, USA",ATP,Quentin Halys,Alexander Zverev,0,2,False,2,False,5.5,,1.14,,,,,,,,,,
2026-03-25,tennis,"Miami, USA",WTA,Victoria Mboko,Karolina Muchova,0,2,False,2,False,1.91,,1.91,,,,,,,,,,
2026-03-25,tennis,"Miami, USA",WTA,Belinda Bencic,Coco Gauff,1,2,False,3,True,1.91,,1.91,,,,,,,,,,
2026-03-25,tennis,"Miami, USA",ATP,Sebastian Korda,Martin Landaluce,1,2,False,3,True,1.25,,4.0,,,,,,,,,,
2026-03-25,tennis,"Miami, USA",ATP,Jiri Lehečka,Taylor Fritz,2,1,True,3,True,2.75,,1.44,,,,,,,,,,
2026-03-25,tennis,"Miami, USA",ATP,Valentin Vacherot,Arthur Fils,1,2,False,3,True,3.2,,1.36,,,,,,,,,,
2026-03-25,tennis,"Miami, USA",ATP,Tomas Martin Etcheverry,Tommy Paul,0,2,False,2,False,3.2,,1.36,,,,,,,,,,
2026-03-25,tennis,"Miami, USA",ATP,Alex Michelsen,Jannik Sinner,0,2,False,2,False,15.0,,1.03,,,,,,,,,,
2026-03-25,tennis,"Miami, USA",ATP,Terence Atmane,Frances Tiafoe,1,2,False,3,True,2.75,,1.44,,,,,,,,,,
2026-03-25,tennis,"Miami, USA",ATP,Ugo Humbert,Francisco Cerundolo,0,2,False,2,False,1.8,,2.0,,,,,,,,,,
2026-03-25,tennis,"Miami, USA",ATP,Quentin Halys,Alexander Zverev,0,2,False,2,False,5.5,,1.14,,,,,,,,,,
2026-03-25,tennis,"Miami, USA",WTA,Victoria Mboko,Karolina Muchova,0,2,False,2,False,1.91,,1.91,,,,,,,,,,
2026-03-25,tennis,"Miami, USA",WTA,Belinda Bencic,Coco Gauff,1,2,False,3,True,1.91,,1.91,,,,,,,,,,
2026-03-26,tennis,"Miami, USA",ATP,Martin Landaluce,Jiri Lehečka,0,2,False,2,False,3.4,,1.33,,,,,,,,,,
2026-03-26,tennis,"Miami, USA",ATP,Tommy Paul,Arthur Fils,1,2,False,3,True,2.1,,1.73,,,,,,,,,,
2026-03-26,tennis,"Miami, USA",WTA,Elena Rybakina,Jessica Pegula,2,1,True,3,True,1.44,,2.75,,,,,,,,,,
2026-03-26,tennis,"Miami, USA",WTA,Aryna Sabalenka,Hailey Baptiste,2,0,True,2,False,1.08,,8.0,,,,,,,,,,
2026-03-26,tennis,"Miami, USA",ATP,Martin Landaluce,Jiri Lehečka,0,2,False,2,False,3.4,,1.33,,,,,,,,,,
2026-03-26,tennis,"Miami, USA",ATP,Tommy Paul,Arthur Fils,1,2,False,3,True,2.1,,1.73,,,,,,,,,,
2026-03-26,tennis,"Miami, USA",WTA,Elena Rybakina,Jessica Pegula,2,1,True,3,True,1.44,,2.75,,,,,,,,,,
2026-03-26,tennis,"Miami, USA",WTA,Aryna Sabalenka,Hailey Baptiste,2,0,True,2,False,1.08,,8.0,,,,,,,,,,
2026-03-27,tennis,"Miami, USA",ATP,Frances Tiafoe,Jannik Sinner,0,2,False,2,False,15.0,,1.03,,,,,,,,,,
2026-03-27,tennis,"Miami, USA",ATP,Francisco Cerundolo,Alexander Zverev,0,2,False,2,False,3.2,,1.36,,,,,,,,,,
2026-03-27,tennis,"Miami, USA",WTA,Coco Gauff,Karolina Muchova,2,0,True,2,False,1.8,,2.0,,,,,,,,,,
2026-03-27,tennis,"Miami, USA",WTA,Aryna Sabalenka,Elena Rybakina,2,0,True,2,False,1.73,,2.1,,,,,,,,,,
2026-03-27,tennis,"Miami, USA",ATP,Frances Tiafoe,Jannik Sinner,0,2,False,2,False,15.0,,1.03,,,,,,,,,,
2026-03-27,tennis,"Miami, USA",ATP,Francisco Cerundolo,Alexander Zverev,0,2,False,2,False,3.2,,1.36,,,,,,,,,,
2026-03-27,tennis,"Miami, USA",WTA,Coco Gauff,Karolina Muchova,2,0,True,2,False,1.8,,2.0,,,,,,,,,,
2026-03-27,tennis,"Miami, USA",WTA,Aryna Sabalenka,Elena Rybakina,2,0,True,2,False,1.73,,2.1,,,,,,,,,,
2026-03-28,tennis,"Miami, USA",ATP,Jiri Lehečka,Arthur Fils,2,0,True,2,False,2.2,,1.67,,,,,,,,,,
2026-03-28,tennis,"Miami, USA",ATP,Alexander Zverev,Jannik Sinner,0,2,False,2,False,6.5,,1.11,,,,,,,,,,
2026-03-28,tennis,"Miami, USA",ATP,Jiri Lehečka,Arthur Fils,2,0,True,2,False,2.2,,1.67,,,,,,,,,,
2026-03-28,tennis,"Miami, USA",ATP,Alexander Zverev,Jannik Sinner,0,2,False,2,False,6.5,,1.11,,,,,,,,,,
2026-03-29,tennis,"Miami, USA",WTA,Aryna Sabalenka,Coco Gauff,2,1,True,3,True,1.28,,3.75,,,,,,,,,,
2026-03-29,tennis,"Miami, USA",WTA,Aryna Sabalenka,Coco Gauff,2,1,True,3,True,1.28,,3.75,,,,,,,,,,
2026-03-30,tennis,"Miami, USA",ATP,Jiri Lehečka,Jannik Sinner,0,2,False,2,False,10.0,,1.06,,,,,,,,,,
2026-03-30,tennis,"Miami, USA",ATP,Jiri Lehečka,Jannik Sinner,0,2,False,2,False,10.0,,1.06,,,,,,,,,,
2026-04-06,tennis,"Monte Carlo, Monaco",ATP,Cameron Norrie,Miomir Kecmanović,2,1,True,3,True,1.67,,2.2,,,,,,,,,,
2026-04-06,tennis,"Monte Carlo, Monaco",ATP,Cameron Norrie,Miomir Kecmanović,2,1,True,3,True,1.67,,2.2,,,,,,,,,,
2026-04-06,tennis,"Monte Carlo, Monaco",ATP,Gael Monfils,Tallon Griekspoor,2,1,True,3,True,2.38,,1.57,,,,,,,,,,
2026-04-06,tennis,"Monte Carlo, Monaco",ATP,Marton Fucsovics,Alejandro Tabilo,0,2,False,2,False,2.5,,1.53,,,,,,,,,,
2026-04-06,tennis,"Monte Carlo, Monaco",ATP,Moise Kouame,Ugo Humbert,0,2,False,2,False,4.0,,1.25,,,,,,,,,,
2026-04-06,tennis,"Monte Carlo, Monaco",ATP,Andrey Rublev,Nuno Borges,2,1,True,3,True,1.22,,4.33,,,,,,,,,,
2026-04-06,tennis,"Monte Carlo, Monaco",ATP,Arthur Rinderknech,Karen Khachanov,2,0,True,2,False,3.0,,1.4,,,,,,,,,,
2026-04-06,tennis,"Monte Carlo, Monaco",ATP,Cameron Norrie,Miomir Kecmanović,2,1,True,3,True,1.67,,2.2,,,,,,,,,,
2026-04-06,tennis,"Monte Carlo, Monaco",ATP,Gael Monfils,Tallon Griekspoor,2,1,True,3,True,2.38,,1.57,,,,,,,,,,
2026-04-06,tennis,"Monte Carlo, Monaco",ATP,Marton Fucsovics,Alejandro Tabilo,0,2,False,2,False,2.5,,1.53,,,,,,,,,,
2026-04-06,tennis,"Monte Carlo, Monaco",ATP,Moise Kouame,Ugo Humbert,0,2,False,2,False,4.0,,1.25,,,,,,,,,,
2026-04-06,tennis,"Monte Carlo, Monaco",ATP,Andrey Rublev,Nuno Borges,2,1,True,3,True,1.22,,4.33,,,,,,,,,,
2026-04-06,tennis,"Monte Carlo, Monaco",ATP,Arthur Rinderknech,Karen Khachanov,2,0,True,2,False,3.0,,1.4,,,,,,,,,,
2026-04-07,tennis,"Monte Carlo, Monaco",ATP,Zizou Bergs,Adrian Mannarino,2,0,True,2,False,1.22,,4.33,,,,,,,,,,
2026-04-07,tennis,"Monte Carlo, Monaco",ATP,Jiri Lehečka,Emilio Nava,2,1,True,3,True,1.28,,3.75,,,,,,,,,,
2026-04-07,tennis,"Monte Carlo, Monaco",ATP,Sebastián Báez,Stan Wawrinka,2,0,True,2,False,1.4,,3.0,,,,,,,,,,
2026-04-07,tennis,"Madrid, Spain",WTA 125,Nuria Brancaccio,Jessika Ponchet,0,2,False,2,False,1.44,,2.62,,,,,,,,,,
2026-04-07,tennis,"Madrid, Spain",WTA 125,Polina Kudermetova,Mayar Sherif,2,0,True,2,False,2.1,,1.67,,,,,,,,,,
2026-04-07,tennis,"Madrid, Spain",WTA 125,Francesca Jones,Elizabeth Mandlik,2,1,True,3,True,1.44,,2.62,,,,,,,,,,
2026-04-07,tennis,"Monte Carlo, Monaco",ATP,Zizou Bergs,Adrian Mannarino,2,0,True,2,False,1.22,,4.33,,,,,,,,,,
2026-04-07,tennis,"Monte Carlo, Monaco",ATP,Jiri Lehečka,Emilio Nava,2,1,True,3,True,1.28,,3.75,,,,,,,,,,
2026-04-07,tennis,"Monte Carlo, Monaco",ATP,Sebastián Báez,Stan Wawrinka,2,0,True,2,False,1.4,,3.0,,,,,,,,,,
2026-04-07,tennis,"Monte Carlo, Monaco",ATP,Cristian Garin,Matteo Arnaldi,2,0,True,2,False,1.62,,2.3,,,,,,,,,,
2026-04-07,tennis,"Monte Carlo, Monaco",ATP,Francisco Cerundolo,Stefanos Tsitsipas,2,0,True,2,False,1.73,,2.1,,,,,,,,,,
2026-04-07,tennis,"Monte Carlo, Monaco",ATP,Daniel Altmaier,Tomaš Machač,1,2,False,3,True,2.63,,1.5,,,,,,,,,,
2026-04-07,tennis,"Monte Carlo, Monaco",ATP,Denis Shapovalov,Alexander Blockx,1,2,False,3,True,2.0,,1.8,,,,,,,,,,
2026-04-07,tennis,"Monte Carlo, Monaco",ATP,Joao Fonseca,Gabriel Diallo,2,0,True,2,False,1.22,,4.33,,,,,,,,,,
2026-04-07,tennis,"Monte Carlo, Monaco",ATP,Valentin Vacherot,Juan Manuel Cerundolo,2,1,True,3,True,1.33,,3.4,,,,,,,,,,
2026-04-07,tennis,"Monte Carlo, Monaco",ATP,Flavio Cobolli,Francisco Comesaña,2,1,True,3,True,1.57,,2.38,,,,,,,,,,
2026-04-07,tennis,"Monte Carlo, Monaco",ATP,Hubert Hurkacz,Luciano Darderi,2,1,True,3,True,2.75,,1.44,,,,,,,,,,
2026-04-07,tennis,"Monte Carlo, Monaco",ATP,Tomas Martin Etcheverry,Grigor Dimitrov,2,1,True,3,True,1.57,,2.38,,,,,,,,,,
2026-04-07,tennis,"Madrid, Spain",Challenger,Sergi Perez Contri,Arthur Gea,2,1,True,3,True,4.5,,1.17,,,,,,,,,,
2026-04-07,tennis,"Madrid, Spain",Challenger,Pablo Llamas Ruiz,Frederico Ferreira Silva,2,1,True,3,True,1.22,,4.0,,,,,,,,,,
2026-04-07,tennis,"Madrid, Spain",Challenger,Ivan Ivanov,Nikolas Sanchez Izquierdo,0,2,False,2,False,2.0,,1.73,,,,,,,,,,
2026-04-07,tennis,"Madrid, Spain",Challenger,Federico Cinà,Jurij Rodionov,0,2,False,2,False,1.73,,2.0,,,,,,,,,,
2026-04-07,tennis,"Madrid, Spain",Challenger,Franco Agamenone,Chris Rodesch,2,1,True,3,True,3.0,,1.36,,,,,,,,,,
2026-04-07,tennis,"Madrid, Spain",Challenger,Nerman Fatić,Pol Martin Tiffon,2,1,True,3,True,2.0,,1.73,,,,,,,,,,
2026-04-07,tennis,"Madrid, Spain",Challenger,Henry Bernet,Alejandro Moro Canas,0,2,False,2,False,2.62,,1.44,,,,,,,,,,
2026-04-07,tennis,"Madrid, Spain",WTA 125,Nuria Brancaccio,Jessika Ponchet,0,2,False,2,False,1.44,,2.62,,,,,,,,,,
2026-04-07,tennis,"Madrid, Spain",WTA 125,Polina Kudermetova,Mayar Sherif,2,0,True,2,False,2.1,,1.67,,,,,,,,,,
2026-04-07,tennis,"Madrid, Spain",WTA 125,Francesca Jones,Elizabeth Mandlik,2,1,True,3,True,1.44,,2.62,,,,,,,,,,
2026-04-07,tennis,"Madrid, Spain",WTA 125,Ane Mintegi Del Olmo,Irene Burillo,2,0,True,2,False,1.33,,3.25,,,,,,,,,,
2026-04-07,tennis,"Madrid, Spain",WTA 125,Yue Yuan,Carmen Gallardo Guevara,2,1,True,3,True,1.02,,10.5,,,,,,,,,,
2026-04-07,tennis,"Madrid, Spain",WTA 125,Caroline Werner,Nikola Bartunkova,0,2,False,2,False,4.0,,1.22,,,,,,,,,,
2026-04-07,tennis,"Madrid, Spain",WTA 125,Laura Samson,Elena Pridankina,2,0,True,2,False,1.67,,2.1,,,,,,,,,,
2026-04-07,tennis,"Monte Carlo, Monaco",ATP,Zizou Bergs,Adrian Mannarino,2,0,True,2,False,1.22,,4.33,,,,,,,,,,
2026-04-07,tennis,"Monte Carlo, Monaco",ATP,Jiri Lehečka,Emilio Nava,2,1,True,3,True,1.28,,3.75,,,,,,,,,,
2026-04-07,tennis,"Monte Carlo, Monaco",ATP,Sebastián Báez,Stan Wawrinka,2,0,True,2,False,1.4,,3.0,,,,,,,,,,
2026-04-07,tennis,"Monte Carlo, Monaco",ATP,Cristian Garin,Matteo Arnaldi,2,0,True,2,False,1.62,,2.3,,,,,,,,,,
2026-04-07,tennis,"Monte Carlo, Monaco",ATP,Francisco Cerundolo,Stefanos Tsitsipas,2,0,True,2,False,1.73,,2.1,,,,,,,,,,
2026-04-07,tennis,"Monte Carlo, Monaco",ATP,Daniel Altmaier,Tomaš Machač,1,2,False,3,True,2.63,,1.5,,,,,,,,,,
2026-04-07,tennis,"Monte Carlo, Monaco",ATP,Denis Shapovalov,Alexander Blockx,1,2,False,3,True,2.0,,1.8,,,,,,,,,,
2026-04-07,tennis,"Monte Carlo, Monaco",ATP,Joao Fonseca,Gabriel Diallo,2,0,True,2,False,1.22,,4.33,,,,,,,,,,
2026-04-07,tennis,"Monte Carlo, Monaco",ATP,Valentin Vacherot,Juan Manuel Cerundolo,2,1,True,3,True,1.33,,3.4,,,,,,,,,,
2026-04-07,tennis,"Monte Carlo, Monaco",ATP,Flavio Cobolli,Francisco Comesaña,2,1,True,3,True,1.57,,2.38,,,,,,,,,,
2026-04-07,tennis,"Monte Carlo, Monaco",ATP,Hubert Hurkacz,Luciano Darderi,2,1,True,3,True,2.75,,1.44,,,,,,,,,,
2026-04-07,tennis,"Monte Carlo, Monaco",ATP,Tomas Martin Etcheverry,Grigor Dimitrov,2,1,True,3,True,1.57,,2.38,,,,,,,,,,
2026-04-07,tennis,"Madrid, Spain",Challenger,Sergi Perez Contri,Arthur Gea,2,1,True,3,True,4.5,,1.17,,,,,,,,,,
2026-04-07,tennis,"Madrid, Spain",Challenger,Pablo Llamas Ruiz,Frederico Ferreira Silva,2,1,True,3,True,1.22,,4.0,,,,,,,,,,
2026-04-07,tennis,"Madrid, Spain",Challenger,Ivan Ivanov,Nikolas Sanchez Izquierdo,0,2,False,2,False,2.0,,1.73,,,,,,,,,,
2026-04-07,tennis,"Madrid, Spain",Challenger,Federico Cinà,Jurij Rodionov,0,2,False,2,False,1.73,,2.0,,,,,,,,,,
2026-04-07,tennis,"Madrid, Spain",Challenger,Franco Agamenone,Chris Rodesch,2,1,True,3,True,3.0,,1.36,,,,,,,,,,
2026-04-07,tennis,"Madrid, Spain",Challenger,Nerman Fatić,Pol Martin Tiffon,2,1,True,3,True,2.0,,1.73,,,,,,,,,,
2026-04-07,tennis,"Madrid, Spain",Challenger,Henry Bernet,Alejandro Moro Canas,0,2,False,2,False,2.62,,1.44,,,,,,,,,,
2026-04-07,tennis,"Madrid, Spain",WTA 125,Nuria Brancaccio,Jessika Ponchet,0,2,False,2,False,1.44,,2.62,,,,,,,,,,
2026-04-07,tennis,"Madrid, Spain",WTA 125,Polina Kudermetova,Mayar Sherif,2,0,True,2,False,2.1,,1.67,,,,,,,,,,
2026-04-07,tennis,"Madrid, Spain",WTA 125,Francesca Jones,Elizabeth Mandlik,2,1,True,3,True,1.44,,2.62,,,,,,,,,,
2026-04-07,tennis,"Madrid, Spain",WTA 125,Ane Mintegi Del Olmo,Irene Burillo,2,0,True,2,False,1.33,,3.25,,,,,,,,,,
2026-04-07,tennis,"Madrid, Spain",WTA 125,Yue Yuan,Carmen Gallardo Guevara,2,1,True,3,True,1.02,,10.5,,,,,,,,,,
2026-04-07,tennis,"Madrid, Spain",WTA 125,Caroline Werner,Nikola Bartunkova,0,2,False,2,False,4.0,,1.22,,,,,,,,,,
2026-04-07,tennis,"Madrid, Spain",WTA 125,Laura Samson,Elena Pridankina,2,0,True,2,False,1.67,,2.1,,,,,,,,,,
2026-04-08,tennis,"Monte Carlo, Monaco",ATP,Ugo Humbert,Jannik Sinner,0,2,False,2,False,23.0,,1.01,,,,,,,,,,
2026-04-08,tennis,"Monte Carlo, Monaco",ATP,Marin Čilić,Alexander Shevchenko,2,0,True,2,False,1.8,,2.0,,,,,,,,,,
2026-04-08,tennis,"Monte Carlo, Monaco",ATP,Carlos Alcaraz,Sebastián Báez,2,0,True,2,False,1.02,,17.0,,,,,,,,,,
2026-04-08,tennis,"Monte Carlo, Monaco",ATP,Terence Atmane,Ethan Quinn,2,0,True,2,False,2.2,,1.67,,,,,,,,,,
2026-04-08,tennis,"Madrid, Spain",Challenger,Ugo Blanchet,Oriol Roca Batalla,0,2,False,2,False,1.4,,2.75,,,,,,,,,,
2026-04-08,tennis,"Madrid, Spain",Challenger,Abdullah Shelbayh,Zsombor Piros,1,2,False,3,True,3.75,,1.25,,,,,,,,,,
2026-04-08,tennis,"Madrid, Spain",Challenger,Calvin Hemery,Alex Martinez,2,0,True,2,False,2.1,,1.67,,,,,,,,,,
2026-04-08,tennis,"Madrid, Spain",Challenger,Zdenek Kolar,Stefanos Sakellaridis,0,2,False,2,False,2.1,,1.67,,,,,,,,,,
2026-04-08,tennis,"Madrid, Spain",WTA 125,Lina Gjorcheska,Sara Saito,2,0,True,2,False,1.83,,1.83,,,,,,,,,,
2026-04-08,tennis,"Madrid, Spain",WTA 125,Maria Garcia Cid,Alina Korneeva,0,2,False,2,False,5.5,,1.12,,,,,,,,,,
2026-04-08,tennis,"Madrid, Spain",WTA 125,Darja Semenistaja,Lisa Pigato,1,2,False,3,True,1.57,,2.25,,,,,,,,,,
2026-04-08,tennis,"Monte Carlo, Monaco",ATP,Ugo Humbert,Jannik Sinner,0,2,False,2,False,23.0,,1.01,,,,,,,,,,
2026-04-08,tennis,"Monte Carlo, Monaco",ATP,Marin Čilić,Alexander Shevchenko,2,0,True,2,False,1.8,,2.0,,,,,,,,,,
2026-04-08,tennis,"Monte Carlo, Monaco",ATP,Carlos Alcaraz,Sebastián Báez,2,0,True,2,False,1.02,,17.0,,,,,,,,,,
2026-04-08,tennis,"Monte Carlo, Monaco",ATP,Terence Atmane,Ethan Quinn,2,0,True,2,False,2.2,,1.67,,,,,,,,,,
2026-04-08,tennis,"Monte Carlo, Monaco",ATP,Alexei Popyrin,Casper Ruud,0,2,False,2,False,3.75,,1.28,,,,,,,,,,
2026-04-08,tennis,"Monte Carlo, Monaco",ATP,Corentin Moutet,Alexandre Muller,2,0,True,2,False,1.53,,2.5,,,,,,,,,,
2026-04-08,tennis,"Monte Carlo, Monaco",ATP,Gael Monfils,Alexander Bublik,0,2,False,2,False,2.75,,1.44,,,,,,,,,,
2026-04-08,tennis,"Monte Carlo, Monaco",ATP,Cameron Norrie,Alex de Minaur,1,2,False,3,True,2.75,,1.44,,,,,,,,,,
2026-04-08,tennis,"Monte Carlo, Monaco",ATP,Andrey Rublev,Zizou Bergs,0,2,False,2,False,1.33,,3.4,,,,,,,,,,
2026-04-08,tennis,"Monte Carlo, Monaco",ATP,Daniil Medvedev,Matteo Berrettini,0,2,False,2,False,1.36,,3.2,,,,,,,,,,
2026-04-08,tennis,"Monte Carlo, Monaco",ATP,Jiri Lehečka,Alejandro Tabilo,2,1,True,3,True,1.73,,2.1,,,,,,,,,,
2026-04-08,tennis,"Madrid, Spain",Challenger,Ugo Blanchet,Oriol Roca Batalla,0,2,False,2,False,1.4,,2.75,,,,,,,,,,
2026-04-08,tennis,"Madrid, Spain",Challenger,Abdullah Shelbayh,Zsombor Piros,1,2,False,3,True,3.75,,1.25,,,,,,,,,,
2026-04-08,tennis,"Madrid, Spain",Challenger,Calvin Hemery,Alex Martinez,2,0,True,2,False,2.1,,1.67,,,,,,,,,,
2026-04-08,tennis,"Madrid, Spain",Challenger,Zdenek Kolar,Stefanos Sakellaridis,0,2,False,2,False,2.1,,1.67,,,,,,,,,,
2026-04-08,tennis,"Madrid, Spain",Challenger,Daniel Rincon,Toby Samuel,1,2,False,3,True,2.0,,1.73,,,,,,,,,,
2026-04-08,tennis,"Madrid, Spain",Challenger,Dominic Stricker,Andrej Nedić,2,1,True,3,True,1.67,,2.1,,,,,,,,,,
2026-04-08,tennis,"Madrid, Spain",Challenger,Edas Butvilas,Joel Schwaerzler,1,2,False,3,True,1.83,,1.83,,,,,,,,,,
2026-04-08,tennis,"Madrid, Spain",Challenger,Roman Safiullin,Diego Dedura-Palomero,2,0,True,2,False,1.44,,2.62,,,,,,,,,,
2026-04-08,tennis,"Madrid, Spain",WTA 125,Lina Gjorcheska,Sara Saito,2,0,True,2,False,1.83,,1.83,,,,,,,,,,
2026-04-08,tennis,"Madrid, Spain",WTA 125,Maria Garcia Cid,Alina Korneeva,0,2,False,2,False,5.5,,1.12,,,,,,,,,,
2026-04-08,tennis,"Madrid, Spain",WTA 125,Darja Semenistaja,Lisa Pigato,1,2,False,3,True,1.57,,2.25,,,,,,,,,,
2026-04-08,tennis,"Madrid, Spain",WTA 125,Robin Montgomery,Elvina Kalieva,1,2,False,3,True,2.1,,1.67,,,,,,,,,,
2026-04-08,tennis,"Madrid, Spain",WTA 125,Elina Avanesyan,Andrea Lazaro Garcia,2,0,True,2,False,2.1,,1.67,,,,,,,,,,
2026-04-08,tennis,"Madrid, Spain",WTA 125,Whitney Osuigwe,Simona Waltert,2,1,True,3,True,3.25,,1.33,,,,,,,,,,
2026-04-08,tennis,"Madrid, Spain",WTA 125,Arantxa Rus,Carol Young-suh Lee,0,2,False,2,False,1.62,,2.2,,,,,,,,,,
2026-04-08,tennis,"Madrid, Spain",WTA 125,Jessika Ponchet,Polina Kudermetova,0,2,False,2,False,3.4,,1.3,,,,,,,,,,
2026-04-08,tennis,"Monte Carlo, Monaco",ATP,Ugo Humbert,Jannik Sinner,0,2,False,2,False,23.0,,1.01,,,,,,,,,,
2026-04-08,tennis,"Monte Carlo, Monaco",ATP,Marin Čilić,Alexander Shevchenko,2,0,True,2,False,1.8,,2.0,,,,,,,,,,
2026-04-08,tennis,"Monte Carlo, Monaco",ATP,Carlos Alcaraz,Sebastián Báez,2,0,True,2,False,1.02,,17.0,,,,,,,,,,
2026-04-08,tennis,"Monte Carlo, Monaco",ATP,Terence Atmane,Ethan Quinn,2,0,True,2,False,2.2,,1.67,,,,,,,,,,
2026-04-08,tennis,"Monte Carlo, Monaco",ATP,Alexei Popyrin,Casper Ruud,0,2,False,2,False,3.75,,1.28,,,,,,,,,,
2026-04-08,tennis,"Monte Carlo, Monaco",ATP,Corentin Moutet,Alexandre Muller,2,0,True,2,False,1.53,,2.5,,,,,,,,,,
2026-04-08,tennis,"Monte Carlo, Monaco",ATP,Gael Monfils,Alexander Bublik,0,2,False,2,False,2.75,,1.44,,,,,,,,,,
2026-04-08,tennis,"Monte Carlo, Monaco",ATP,Cameron Norrie,Alex de Minaur,1,2,False,3,True,2.75,,1.44,,,,,,,,,,
2026-04-08,tennis,"Monte Carlo, Monaco",ATP,Andrey Rublev,Zizou Bergs,0,2,False,2,False,1.33,,3.4,,,,,,,,,,
2026-04-08,tennis,"Monte Carlo, Monaco",ATP,Daniil Medvedev,Matteo Berrettini,0,2,False,2,False,1.36,,3.2,,,,,,,,,,
2026-04-08,tennis,"Monte Carlo, Monaco",ATP,Jiri Lehečka,Alejandro Tabilo,2,1,True,3,True,1.73,,2.1,,,,,,,,,,
2026-04-08,tennis,"Madrid, Spain",Challenger,Ugo Blanchet,Oriol Roca Batalla,0,2,False,2,False,1.4,,2.75,,,,,,,,,,
2026-04-08,tennis,"Madrid, Spain",Challenger,Abdullah Shelbayh,Zsombor Piros,1,2,False,3,True,3.75,,1.25,,,,,,,,,,
2026-04-08,tennis,"Madrid, Spain",Challenger,Calvin Hemery,Alex Martinez,2,0,True,2,False,2.1,,1.67,,,,,,,,,,
2026-04-08,tennis,"Madrid, Spain",Challenger,Zdenek Kolar,Stefanos Sakellaridis,0,2,False,2,False,2.1,,1.67,,,,,,,,,,
2026-04-08,tennis,"Madrid, Spain",Challenger,Daniel Rincon,Toby Samuel,1,2,False,3,True,2.0,,1.73,,,,,,,,,,
2026-04-08,tennis,"Madrid, Spain",Challenger,Dominic Stricker,Andrej Nedić,2,1,True,3,True,1.67,,2.1,,,,,,,,,,
2026-04-08,tennis,"Madrid, Spain",Challenger,Edas Butvilas,Joel Schwaerzler,1,2,False,3,True,1.83,,1.83,,,,,,,,,,
2026-04-08,tennis,"Madrid, Spain",Challenger,Roman Safiullin,Diego Dedura-Palomero,2,0,True,2,False,1.44,,2.62,,,,,,,,,,
2026-04-08,tennis,"Madrid, Spain",WTA 125,Lina Gjorcheska,Sara Saito,2,0,True,2,False,1.83,,1.83,,,,,,,,,,
2026-04-08,tennis,"Madrid, Spain",WTA 125,Maria Garcia Cid,Alina Korneeva,0,2,False,2,False,5.5,,1.12,,,,,,,,,,
2026-04-08,tennis,"Madrid, Spain",WTA 125,Darja Semenistaja,Lisa Pigato,1,2,False,3,True,1.57,,2.25,,,,,,,,,,
2026-04-08,tennis,"Madrid, Spain",WTA 125,Robin Montgomery,Elvina Kalieva,1,2,False,3,True,2.1,,1.67,,,,,,,,,,
2026-04-08,tennis,"Madrid, Spain",WTA 125,Elina Avanesyan,Andrea Lazaro Garcia,2,0,True,2,False,2.1,,1.67,,,,,,,,,,
2026-04-08,tennis,"Madrid, Spain",WTA 125,Whitney Osuigwe,Simona Waltert,2,1,True,3,True,3.25,,1.33,,,,,,,,,,
2026-04-08,tennis,"Madrid, Spain",WTA 125,Arantxa Rus,Carol Young-suh Lee,0,2,False,2,False,1.62,,2.2,,,,,,,,,,
2026-04-08,tennis,"Madrid, Spain",WTA 125,Jessika Ponchet,Polina Kudermetova,0,2,False,2,False,3.4,,1.3,,,,,,,,,,
2026-04-09,tennis,"Monte Carlo, Monaco",ATP,Cristian Garin,Alexander Zverev,1,2,False,3,True,7.0,,1.1,,,,,,,,,,
2026-04-09,tennis,"Monte Carlo, Monaco",ATP,Joao Fonseca,Arthur Rinderknech,2,1,True,3,True,1.25,,4.0,,,,,,,,,,
2026-04-09,tennis,"Madrid, Spain",Challenger,Jurij Rodionov,Sergi Perez Contri,2,1,True,3,True,1.3,,3.4,,,,,,,,,,
2026-04-09,tennis,"Madrid, Spain",WTA 125,Francesca Jones,Elina Avanesyan,0,2,False,2,False,2.25,,1.57,,,,,,,,,,
2026-04-09,tennis,"Madrid, Spain",WTA 125,Ane Mintegi Del Olmo,Nikola Bartunkova,2,1,True,3,True,2.75,,1.4,,,,,,,,,,
2026-04-09,tennis,"Monte Carlo, Monaco",ATP,Cristian Garin,Alexander Zverev,1,2,False,3,True,7.0,,1.1,,,,,,,,,,
2026-04-09,tennis,"Monte Carlo, Monaco",ATP,Joao Fonseca,Arthur Rinderknech,2,1,True,3,True,1.25,,4.0,,,,,,,,,,
2026-04-09,tennis,"Monte Carlo, Monaco",ATP,Francisco Cerundolo,Tomaš Machač,0,2,False,2,False,1.3,,3.5,,,,,,,,,,
2026-04-09,tennis,"Monte Carlo, Monaco",ATP,Corentin Moutet,Casper Ruud,0,2,False,2,False,3.2,,1.36,,,,,,,,,,
2026-04-09,tennis,"Monte Carlo, Monaco",ATP,Felix Auger-Aliassime,Marin Čilić,2,0,True,2,False,1.44,,2.75,,,,,,,,,,
2026-04-09,tennis,"Monte Carlo, Monaco",ATP,Tomas Martin Etcheverry,Terence Atmane,2,1,True,3,True,1.36,,3.2,,,,,,,,,,
2026-04-09,tennis,"Monte Carlo, Monaco",ATP,Flavio Cobolli,Alexander Blockx,0,2,False,2,False,1.53,,2.5,,,,,,,,,,
2026-04-09,tennis,"Monte Carlo, Monaco",ATP,Lorenzo Musetti,Valentin Vacherot,0,2,False,2,False,1.44,,2.75,,,,,,,,,,
2026-04-09,tennis,"Monte Carlo, Monaco",ATP,Fábián Marozsán,Hubert Hurkacz,0,2,False,2,False,1.73,,2.1,,,,,,,,,,
2026-04-09,tennis,"Monte Carlo, Monaco",ATP,Matteo Berrettini,Joao Fonseca,0,2,False,2,False,2.3,,1.62,,,,,,,,,,
2026-04-09,tennis,"Monte Carlo, Monaco",ATP,Zizou Bergs,Alexander Zverev,0,2,False,2,False,4.5,,1.2,,,,,,,,,,
2026-04-09,tennis,"Madrid, Spain",Challenger,Jurij Rodionov,Sergi Perez Contri,2,1,True,3,True,1.3,,3.4,,,,,,,,,,
2026-04-09,tennis,"Madrid, Spain",Challenger,Oriol Roca Batalla,Nikolas Sanchez Izquierdo,0,2,False,2,False,1.83,,1.83,,,,,,,,,,
2026-04-09,tennis,"Madrid, Spain",Challenger,Pablo Llamas Ruiz,Alejandro Moro Canas,0,2,False,2,False,1.44,,2.62,,,,,,,,,,
2026-04-09,tennis,"Madrid, Spain",Challenger,Calvin Hemery,Zsombor Piros,0,2,False,2,False,3.4,,1.3,,,,,,,,,,
2026-04-09,tennis,"Madrid, Spain",WTA 125,Francesca Jones,Elina Avanesyan,0,2,False,2,False,2.25,,1.57,,,,,,,,,,
2026-04-09,tennis,"Madrid, Spain",WTA 125,Ane Mintegi Del Olmo,Nikola Bartunkova,2,1,True,3,True,2.75,,1.4,,,,,,,,,,
2026-04-09,tennis,"Madrid, Spain",WTA 125,Oksana Selekhmeteva,Selena Janicijevic,2,1,True,3,True,1.14,,5.0,,,,,,,,,,
2026-04-09,tennis,"Madrid, Spain",WTA 125,Oksana Selekhmeteva,Carol Young-suh Lee,2,0,True,2,False,1.3,,3.4,,,,,,,,,,
2026-04-09,tennis,"Madrid, Spain",WTA 125,Elvina Kalieva,Whitney Osuigwe,2,0,True,2,False,1.53,,2.38,,,,,,,,,,
2026-04-09,tennis,"Madrid, Spain",WTA 125,Lisa Pigato,Laura Samson,2,1,True,3,True,2.2,,1.62,,,,,,,,,,
2026-04-09,tennis,"Madrid, Spain",WTA 125,Yue Yuan,Marina Bassols Ribera,1,2,False,3,True,1.44,,2.62,,,,,,,,,,
2026-04-09,tennis,"Monte Carlo, Monaco",ATP,Cristian Garin,Alexander Zverev,1,2,False,3,True,7.0,,1.1,,,,,,,,,,
2026-04-09,tennis,"Monte Carlo, Monaco",ATP,Joao Fonseca,Arthur Rinderknech,2,1,True,3,True,1.25,,4.0,,,,,,,,,,
2026-04-09,tennis,"Monte Carlo, Monaco",ATP,Francisco Cerundolo,Tomaš Machač,0,2,False,2,False,1.3,,3.5,,,,,,,,,,
2026-04-09,tennis,"Monte Carlo, Monaco",ATP,Corentin Moutet,Casper Ruud,0,2,False,2,False,3.2,,1.36,,,,,,,,,,
2026-04-09,tennis,"Monte Carlo, Monaco",ATP,Felix Auger-Aliassime,Marin Čilić,2,0,True,2,False,1.44,,2.75,,,,,,,,,,
2026-04-09,tennis,"Monte Carlo, Monaco",ATP,Tomas Martin Etcheverry,Terence Atmane,2,1,True,3,True,1.36,,3.2,,,,,,,,,,
2026-04-09,tennis,"Monte Carlo, Monaco",ATP,Flavio Cobolli,Alexander Blockx,0,2,False,2,False,1.53,,2.5,,,,,,,,,,
2026-04-09,tennis,"Monte Carlo, Monaco",ATP,Lorenzo Musetti,Valentin Vacherot,0,2,False,2,False,1.44,,2.75,,,,,,,,,,
2026-04-09,tennis,"Monte Carlo, Monaco",ATP,Fábián Marozsán,Hubert Hurkacz,0,2,False,2,False,1.73,,2.1,,,,,,,,,,
2026-04-09,tennis,"Monte Carlo, Monaco",ATP,Matteo Berrettini,Joao Fonseca,0,2,False,2,False,2.3,,1.62,,,,,,,,,,
2026-04-09,tennis,"Monte Carlo, Monaco",ATP,Zizou Bergs,Alexander Zverev,0,2,False,2,False,4.5,,1.2,,,,,,,,,,
2026-04-09,tennis,"Madrid, Spain",Challenger,Jurij Rodionov,Sergi Perez Contri,2,1,True,3,True,1.3,,3.4,,,,,,,,,,
2026-04-09,tennis,"Madrid, Spain",Challenger,Oriol Roca Batalla,Nikolas Sanchez Izquierdo,0,2,False,2,False,1.83,,1.83,,,,,,,,,,
2026-04-09,tennis,"Madrid, Spain",Challenger,Pablo Llamas Ruiz,Alejandro Moro Canas,0,2,False,2,False,1.44,,2.62,,,,,,,,,,
2026-04-09,tennis,"Madrid, Spain",Challenger,Calvin Hemery,Zsombor Piros,0,2,False,2,False,3.4,,1.3,,,,,,,,,,
2026-04-09,tennis,"Madrid, Spain",WTA 125,Francesca Jones,Elina Avanesyan,0,2,False,2,False,2.25,,1.57,,,,,,,,,,
2026-04-09,tennis,"Madrid, Spain",WTA 125,Ane Mintegi Del Olmo,Nikola Bartunkova,2,1,True,3,True,2.75,,1.4,,,,,,,,,,
2026-04-09,tennis,"Madrid, Spain",WTA 125,Oksana Selekhmeteva,Selena Janicijevic,2,1,True,3,True,1.14,,5.0,,,,,,,,,,
2026-04-09,tennis,"Madrid, Spain",WTA 125,Oksana Selekhmeteva,Carol Young-suh Lee,2,0,True,2,False,1.3,,3.4,,,,,,,,,,
2026-04-09,tennis,"Madrid, Spain",WTA 125,Elvina Kalieva,Whitney Osuigwe,2,0,True,2,False,1.53,,2.38,,,,,,,,,,
2026-04-09,tennis,"Madrid, Spain",WTA 125,Lisa Pigato,Laura Samson,2,1,True,3,True,2.2,,1.62,,,,,,,,,,
2026-04-09,tennis,"Madrid, Spain",WTA 125,Yue Yuan,Marina Bassols Ribera,1,2,False,3,True,1.44,,2.62,,,,,,,,,,
2026-04-10,tennis,"Monte Carlo, Monaco",ATP,Tomaš Machač,Jannik Sinner,1,2,False,3,True,19.0,,1.02,,,,,,,,,,
2026-04-10,tennis,"Madrid, Spain",Challenger,Nerman Fatić,Franco Agamenone,2,1,True,3,True,1.73,,2.0,,,,,,,,,,
2026-04-10,tennis,"Monte Carlo, Monaco",ATP,Tomaš Machač,Jannik Sinner,1,2,False,3,True,19.0,,1.02,,,,,,,,,,
2026-04-10,tennis,"Monte Carlo, Monaco",ATP,Jiri Lehečka,Alexander Bublik,0,2,False,2,False,1.8,,2.0,,,,,,,,,,
2026-04-10,tennis,"Monte Carlo, Monaco",ATP,Carlos Alcaraz,Tomas Martin Etcheverry,2,1,True,3,True,1.03,,15.0,,,,,,,,,,
2026-04-10,tennis,"Monte Carlo, Monaco",ATP,Alexander Blockx,Alex de Minaur,0,2,False,2,False,3.75,,1.28,,,,,,,,,,
2026-04-10,tennis,"Monte Carlo, Monaco",ATP,Valentin Vacherot,Hubert Hurkacz,2,1,True,3,True,1.57,,2.38,,,,,,,,,,
2026-04-10,tennis,"Monte Carlo, Monaco",ATP,Joao Fonseca,Alexander Zverev,1,2,False,3,True,2.5,,1.53,,,,,,,,,,
2026-04-10,tennis,"Madrid, Spain",Challenger,Nerman Fatić,Franco Agamenone,2,1,True,3,True,1.73,,2.0,,,,,,,,,,
2026-04-10,tennis,"Madrid, Spain",Challenger,Nicolas Jarry,Dominic Stricker,2,0,True,2,False,1.62,,2.2,,,,,,,,,,
2026-04-10,tennis,"Madrid, Spain",Challenger,Stefanos Sakellaridis,Toby Samuel,1,2,False,3,True,1.83,,1.83,,,,,,,,,,
2026-04-10,tennis,"Madrid, Spain",Challenger,Joel Schwaerzler,Roman Safiullin,2,0,True,2,False,2.25,,1.57,,,,,,,,,,
2026-04-10,tennis,"Madrid, Spain",WTA 125,Marina Bassols Ribera,Elvina Kalieva,2,0,True,2,False,2.62,,1.44,,,,,,,,,,
2026-04-10,tennis,"Monte Carlo, Monaco",ATP,Tomaš Machač,Jannik Sinner,1,2,False,3,True,19.0,,1.02,,,,,,,,,,
2026-04-10,tennis,"Monte Carlo, Monaco",ATP,Jiri Lehečka,Alexander Bublik,0,2,False,2,False,1.8,,2.0,,,,,,,,,,
2026-04-10,tennis,"Monte Carlo, Monaco",ATP,Carlos Alcaraz,Tomas Martin Etcheverry,2,1,True,3,True,1.03,,15.0,,,,,,,,,,
2026-04-10,tennis,"Monte Carlo, Monaco",ATP,Alexander Blockx,Alex de Minaur,0,2,False,2,False,3.75,,1.28,,,,,,,,,,
2026-04-10,tennis,"Monte Carlo, Monaco",ATP,Valentin Vacherot,Hubert Hurkacz,2,1,True,3,True,1.57,,2.38,,,,,,,,,,
2026-04-10,tennis,"Monte Carlo, Monaco",ATP,Joao Fonseca,Alexander Zverev,1,2,False,3,True,2.5,,1.53,,,,,,,,,,
2026-04-10,tennis,"Madrid, Spain",Challenger,Nerman Fatić,Franco Agamenone,2,1,True,3,True,1.73,,2.0,,,,,,,,,,
2026-04-10,tennis,"Madrid, Spain",Challenger,Nicolas Jarry,Dominic Stricker,2,0,True,2,False,1.62,,2.2,,,,,,,,,,
2026-04-10,tennis,"Madrid, Spain",Challenger,Stefanos Sakellaridis,Toby Samuel,1,2,False,3,True,1.83,,1.83,,,,,,,,,,
2026-04-10,tennis,"Madrid, Spain",Challenger,Joel Schwaerzler,Roman Safiullin,2,0,True,2,False,2.25,,1.57,,,,,,,,,,
2026-04-10,tennis,"Madrid, Spain",WTA 125,Marina Bassols Ribera,Elvina Kalieva,2,0,True,2,False,2.62,,1.44,,,,,,,,,,
2026-04-11,tennis,"Madrid, Spain",Challenger,Joel Schwaerzler,Toby Samuel,0,2,False,2,False,2.0,,1.73,,,,,,,,,,
2026-04-11,tennis,"Madrid, Spain",Challenger,Alejandro Moro Canas,Zsombor Piros,1,2,False,3,True,2.38,,1.53,,,,,,,,,,
2026-04-11,tennis,"Madrid, Spain",WTA 125,Oksana Selekhmeteva,Polina Kudermetova,0,2,False,2,False,1.91,,1.8,,,,,,,,,,
2026-04-11,tennis,"Monte Carlo, Monaco",ATP,Felix Auger-Aliassime,Jannik Sinner,0,2,False,2,False,7.0,,1.1,,,,,,,,,,
2026-04-11,tennis,"Monte Carlo, Monaco",ATP,Carlos Alcaraz,Alexander Bublik,2,0,True,2,False,1.06,,10.0,,,,,,,,,,
2026-04-11,tennis,"Monte Carlo, Monaco",ATP,Valentin Vacherot,Alex de Minaur,2,1,True,3,True,2.75,,1.44,,,,,,,,,,
2026-04-11,tennis,"Madrid, Spain",Challenger,Joel Schwaerzler,Toby Samuel,0,2,False,2,False,2.0,,1.73,,,,,,,,,,
2026-04-11,tennis,"Madrid, Spain",Challenger,Alejandro Moro Canas,Zsombor Piros,1,2,False,3,True,2.38,,1.53,,,,,,,,,,
2026-04-11,tennis,"Madrid, Spain",Challenger,Nikolas Sanchez Izquierdo,Jurij Rodionov,0,2,False,2,False,2.25,,1.57,,,,,,,,,,
2026-04-11,tennis,"Madrid, Spain",Challenger,Nicolas Jarry,Nerman Fatić,2,0,True,2,False,1.3,,3.4,,,,,,,,,,
2026-04-11,tennis,"Madrid, Spain",WTA 125,Oksana Selekhmeteva,Polina Kudermetova,0,2,False,2,False,1.91,,1.8,,,,,,,,,,
2026-04-11,tennis,"Madrid, Spain",WTA 125,Elina Avanesyan,Ane Mintegi Del Olmo,0,2,False,2,False,1.57,,2.25,,,,,,,,,,
2026-04-11,tennis,"Madrid, Spain",WTA 125,Lisa Pigato,Lina Gjorcheska,2,0,True,2,False,1.57,,2.25,,,,,,,,,,
2026-04-11,tennis,"Madrid, Spain",WTA 125,Polina Kudermetova,Lisa Pigato,1,2,False,3,True,1.44,,2.62,,,,,,,,,,
2026-04-11,tennis,"Monte Carlo, Monaco",ATP,Felix Auger-Aliassime,Jannik Sinner,0,2,False,2,False,7.0,,1.1,,,,,,,,,,
2026-04-11,tennis,"Monte Carlo, Monaco",ATP,Carlos Alcaraz,Alexander Bublik,2,0,True,2,False,1.06,,10.0,,,,,,,,,,
2026-04-11,tennis,"Monte Carlo, Monaco",ATP,Valentin Vacherot,Alex de Minaur,2,1,True,3,True,2.75,,1.44,,,,,,,,,,
2026-04-11,tennis,"Madrid, Spain",Challenger,Joel Schwaerzler,Toby Samuel,0,2,False,2,False,2.0,,1.73,,,,,,,,,,
2026-04-11,tennis,"Madrid, Spain",Challenger,Alejandro Moro Canas,Zsombor Piros,1,2,False,3,True,2.38,,1.53,,,,,,,,,,
2026-04-11,tennis,"Madrid, Spain",Challenger,Nikolas Sanchez Izquierdo,Jurij Rodionov,0,2,False,2,False,2.25,,1.57,,,,,,,,,,
2026-04-11,tennis,"Madrid, Spain",Challenger,Nicolas Jarry,Nerman Fatić,2,0,True,2,False,1.3,,3.4,,,,,,,,,,
2026-04-11,tennis,"Madrid, Spain",WTA 125,Oksana Selekhmeteva,Polina Kudermetova,0,2,False,2,False,1.91,,1.8,,,,,,,,,,
2026-04-11,tennis,"Madrid, Spain",WTA 125,Elina Avanesyan,Ane Mintegi Del Olmo,0,2,False,2,False,1.57,,2.25,,,,,,,,,,
2026-04-11,tennis,"Madrid, Spain",WTA 125,Lisa Pigato,Lina Gjorcheska,2,0,True,2,False,1.57,,2.25,,,,,,,,,,
2026-04-11,tennis,"Madrid, Spain",WTA 125,Polina Kudermetova,Lisa Pigato,1,2,False,3,True,1.44,,2.62,,,,,,,,,,
2026-04-12,tennis,"Monte Carlo, Monaco",ATP,Alexander Zverev,Jannik Sinner,0,2,False,2,False,5.0,,1.17,,,,,,,,,,
2026-04-12,tennis,"Madrid, Spain",Challenger,Toby Samuel,Zsombor Piros,1,2,False,3,True,1.91,,1.8,,,,,,,,,,
2026-04-12,tennis,"Monte Carlo, Monaco",ATP,Alexander Zverev,Jannik Sinner,0,2,False,2,False,5.0,,1.17,,,,,,,,,,
2026-04-12,tennis,"Monte Carlo, Monaco",ATP,Carlos Alcaraz,Valentin Vacherot,2,0,True,2,False,1.05,,11.0,,,,,,,,,,
2026-04-12,tennis,"Madrid, Spain",Challenger,Toby Samuel,Zsombor Piros,1,2,False,3,True,1.91,,1.8,,,,,,,,,,
2026-04-12,tennis,"Madrid, Spain",Challenger,Nicolas Jarry,Jurij Rodionov,1,2,False,3,True,1.57,,2.25,,,,,,,,,,
2026-04-12,tennis,"Madrid, Spain",WTA 125,Ane Mintegi Del Olmo,Marina Bassols Ribera,0,2,False,2,False,1.4,,2.75,,,,,,,,,,
2026-04-12,tennis,"Madrid, Spain",WTA 125,Lisa Pigato,Marina Bassols Ribera,2,0,True,2,False,1.57,,2.25,,,,,,,,,,
2026-04-12,tennis,"Monte Carlo, Monaco",ATP,Alexander Zverev,Jannik Sinner,0,2,False,2,False,5.0,,1.17,,,,,,,,,,
2026-04-12,tennis,"Monte Carlo, Monaco",ATP,Carlos Alcaraz,Valentin Vacherot,2,0,True,2,False,1.05,,11.0,,,,,,,,,,
2026-04-12,tennis,"Madrid, Spain",Challenger,Toby Samuel,Zsombor Piros,1,2,False,3,True,1.91,,1.8,,,,,,,,,,
2026-04-12,tennis,"Madrid, Spain",Challenger,Nicolas Jarry,Jurij Rodionov,1,2,False,3,True,1.57,,2.25,,,,,,,,,,
2026-04-12,tennis,"Madrid, Spain",WTA 125,Ane Mintegi Del Olmo,Marina Bassols Ribera,0,2,False,2,False,1.4,,2.75,,,,,,,,,,
2026-04-12,tennis,"Madrid, Spain",WTA 125,Lisa Pigato,Marina Bassols Ribera,2,0,True,2,False,1.57,,2.25,,,,,,,,,,
2026-04-13,tennis,"Madrid, Spain",Challenger,Zsombor Piros,Jurij Rodionov,2,0,True,2,False,1.62,,2.2,,,,,,,,,,
2026-04-13,tennis,"Monte Carlo, Monaco",ATP,Carlos Alcaraz,Jannik Sinner,0,2,False,2,False,1.91,,1.91,,,,,,,,,,
2026-04-13,tennis,"Madrid, Spain",Challenger,Zsombor Piros,Jurij Rodionov,2,0,True,2,False,1.62,,2.2,,,,,,,,,,
2026-04-13,tennis,"Monte Carlo, Monaco",ATP,Carlos Alcaraz,Jannik Sinner,0,2,False,2,False,1.91,,1.91,,,,,,,,,,
2026-04-13,tennis,"Madrid, Spain",Challenger,Zsombor Piros,Jurij Rodionov,2,0,True,2,False,1.62,,2.2,,,,,,,,,,
2026-04-21,tennis,"Madrid, Spain",WTA,Petra Marčinko,Victoria Jimenez Kasintseva,2,0,True,2,False,1.4,,3.0,,,,,,,,,,
2026-04-21,tennis,"Madrid, Spain",WTA,Tatjana Maria,Laura Samson,0,2,False,2,False,2.0,,1.8,,,,,,,,,,
2026-04-21,tennis,"Rome, Italy",Challenger,Dalibor Svrčina,Alexander Vasilev,2,0,True,2,False,1.11,,6.0,,,,,,,,,,
2026-04-21,tennis,"Rome, Italy",Challenger,Henri Squire,Stefanos Sakellaridis,1,2,False,3,True,2.5,,1.5,,,,,,,,,,
2026-04-21,tennis,"Rome, Italy",Challenger,Alex Barrena,Gianluca Cadenasso,1,2,False,3,True,2.0,,1.73,,,,,,,,,,
2026-04-21,tennis,"Rome, Italy",Challenger,Henry Bernet,Luka Pavlovic,2,0,True,2,False,2.0,,1.73,,,,,,,,,,
2026-04-21,tennis,"Rome, Italy",Challenger,Enrico Dalla Valle,Nikolas Sanchez Izquierdo,0,2,False,2,False,1.8,,1.91,,,,,,,,,,
2026-04-21,tennis,"Rome, Italy",Challenger,Marko Topo,Cezar Cretu,0,2,False,2,False,1.62,,2.2,,,,,,,,,,
2026-04-21,tennis,"Rome, Italy",Challenger,Remy Bertola,Filip Cristian Jianu,0,2,False,2,False,1.62,,2.2,,,,,,,,,,
2026-04-21,tennis,"Rome, Italy",Challenger,Pierre-Hugues Herbert,Guy Den Ouden,2,1,True,3,True,2.62,,1.44,,,,,,,,,,
2026-04-21,tennis,"Rome, Italy",Challenger,Kimmer Coppejans,Filippo Romano,0,2,False,2,False,1.4,,2.75,,,,,,,,,,
2026-04-21,tennis,"Rome, Italy",Challenger,Jacopo Vasamì,Frederico Ferreira Silva,2,1,True,3,True,2.25,,1.57,,,,,,,,,,
2026-04-21,tennis,"Madrid, Spain",WTA,Petra Marčinko,Victoria Jimenez Kasintseva,2,0,True,2,False,1.4,,3.0,,,,,,,,,,
2026-04-21,tennis,"Madrid, Spain",WTA,Tatjana Maria,Laura Samson,0,2,False,2,False,2.0,,1.8,,,,,,,,,,
2026-04-21,tennis,"Rome, Italy",Challenger,Dalibor Svrčina,Alexander Vasilev,2,0,True,2,False,1.11,,6.0,,,,,,,,,,
2026-04-21,tennis,"Rome, Italy",Challenger,Henri Squire,Stefanos Sakellaridis,1,2,False,3,True,2.5,,1.5,,,,,,,,,,
2026-04-21,tennis,"Rome, Italy",Challenger,Alex Barrena,Gianluca Cadenasso,1,2,False,3,True,2.0,,1.73,,,,,,,,,,
2026-04-21,tennis,"Rome, Italy",Challenger,Henry Bernet,Luka Pavlovic,2,0,True,2,False,2.0,,1.73,,,,,,,,,,
2026-04-21,tennis,"Rome, Italy",Challenger,Enrico Dalla Valle,Nikolas Sanchez Izquierdo,0,2,False,2,False,1.8,,1.91,,,,,,,,,,
2026-04-21,tennis,"Rome, Italy",Challenger,Marko Topo,Cezar Cretu,0,2,False,2,False,1.62,,2.2,,,,,,,,,,
2026-04-21,tennis,"Rome, Italy",Challenger,Remy Bertola,Filip Cristian Jianu,0,2,False,2,False,1.62,,2.2,,,,,,,,,,
2026-04-21,tennis,"Rome, Italy",Challenger,Pierre-Hugues Herbert,Guy Den Ouden,2,1,True,3,True,2.62,,1.44,,,,,,,,,,
2026-04-21,tennis,"Rome, Italy",Challenger,Kimmer Coppejans,Filippo Romano,0,2,False,2,False,1.4,,2.75,,,,,,,,,,
2026-04-21,tennis,"Rome, Italy",Challenger,Jacopo Vasamì,Frederico Ferreira Silva,2,1,True,3,True,2.25,,1.57,,,,,,,,,,
2026-04-22,tennis,"Madrid, Spain",WTA,Laura Siegemund,Irina-Camelia Begu,2,0,True,2,False,1.44,,2.75,,,,,,,,,,
2026-04-22,tennis,"Madrid, Spain",WTA,Beatriz Haddad Maia,Jessica Bouzas Maneiro,0,2,False,2,False,2.63,,1.5,,,,,,,,,,
2026-04-22,tennis,"Rome, Italy",Challenger,Federico Bondioli,Andrea Guerrieri,0,2,False,2,False,2.0,,1.73,,,,,,,,,,
2026-04-22,tennis,"Madrid, Spain",ATP,Jenson Brooksby,Emilio Nava,0,2,False,2,False,2.63,,1.5,,,,,,,,,,
2026-04-22,tennis,"Madrid, Spain",ATP,Zhizhen Zhang,Vit Kopřiva,0,2,False,2,False,1.8,,2.0,,,,,,,,,,
2026-04-22,tennis,"Madrid, Spain",ATP,Zizou Bergs,Marin Čilić,1,2,False,3,True,1.91,,1.91,,,,,,,,,,
2026-04-22,tennis,"Madrid, Spain",WTA,Laura Siegemund,Irina-Camelia Begu,2,0,True,2,False,1.44,,2.75,,,,,,,,,,
2026-04-22,tennis,"Madrid, Spain",WTA,Beatriz Haddad Maia,Jessica Bouzas Maneiro,0,2,False,2,False,2.63,,1.5,,,,,,,,,,
2026-04-22,tennis,"Madrid, Spain",WTA,Paula Badosa,Julia Grabher,1,2,False,3,True,1.14,,5.5,,,,,,,,,,
2026-04-22,tennis,"Madrid, Spain",WTA,Anna Bondar,Viktorija Golubic,2,0,True,2,False,1.2,,4.5,,,,,,,,,,
2026-04-22,tennis,"Madrid, Spain",WTA,Robin Montgomery,Magda Linette,0,2,False,2,False,2.38,,1.57,,,,,,,,,,
2026-04-22,tennis,"Madrid, Spain",WTA,Kaitlin Quevedo,Venus Williams,2,0,True,2,False,1.2,,4.5,,,,,,,,,,
2026-04-22,tennis,"Madrid, Spain",WTA,Anastasia Zakharova,Camila Osorio,0,2,False,2,False,3.2,,1.36,,,,,,,,,,
2026-04-22,tennis,"Madrid, Spain",WTA,Peyton Stearns,Lois Boisson,2,0,True,2,False,1.4,,3.0,,,,,,,,,,
2026-04-22,tennis,"Madrid, Spain",WTA,Elena-Gabriela Ruse,Antonia Ružić,2,1,True,3,True,1.36,,3.2,,,,,,,,,,
2026-04-22,tennis,"Madrid, Spain",WTA,Panna Udvardy,Kimberly Birrell,2,1,True,3,True,1.67,,2.2,,,,,,,,,,
2026-04-22,tennis,"Madrid, Spain",WTA,Shuai Zhang,Eva Lys,2,0,True,2,False,2.75,,1.44,,,,,,,,,,
2026-04-22,tennis,"Madrid, Spain",WTA,Zeynep Sönmez,Carlota Martinez Cirez,2,0,True,2,False,1.07,,9.0,,,,,,,,,,
2026-04-22,tennis,"Rome, Italy",Challenger,Federico Bondioli,Andrea Guerrieri,0,2,False,2,False,2.0,,1.73,,,,,,,,,,
2026-04-22,tennis,"Rome, Italy",Challenger,Nerman Fatić,Chun-Hsin Tseng,2,0,True,2,False,2.5,,1.5,,,,,,,,,,
2026-04-22,tennis,"Rome, Italy",Challenger,Laslo Djere,Carlo Alberto Caniato,2,0,True,2,False,1.44,,2.62,,,,,,,,,,
2026-04-22,tennis,"Rome, Italy",Challenger,Dan Added,Arthur Fery,1,2,False,3,True,2.75,,1.4,,,,,,,,,,
2026-04-22,tennis,"Rome, Italy",Challenger,Pol Martin Tiffon,Jonas Forejtek,2,1,True,3,True,2.62,,1.44,,,,,,,,,,
2026-04-22,tennis,"Rome, Italy",Challenger,Andrea Vavassori,Maxim Mrva,2,1,True,3,True,1.5,,2.5,,,,,,,,,,
2026-04-22,tennis,"Madrid, Spain",ATP,Jenson Brooksby,Emilio Nava,0,2,False,2,False,2.63,,1.5,,,,,,,,,,
2026-04-22,tennis,"Madrid, Spain",ATP,Zhizhen Zhang,Vit Kopřiva,0,2,False,2,False,1.8,,2.0,,,,,,,,,,
2026-04-22,tennis,"Madrid, Spain",ATP,Zizou Bergs,Marin Čilić,1,2,False,3,True,1.91,,1.91,,,,,,,,,,
2026-04-22,tennis,"Madrid, Spain",WTA,Laura Siegemund,Irina-Camelia Begu,2,0,True,2,False,1.44,,2.75,,,,,,,,,,
2026-04-22,tennis,"Madrid, Spain",WTA,Beatriz Haddad Maia,Jessica Bouzas Maneiro,0,2,False,2,False,2.63,,1.5,,,,,,,,,,
2026-04-22,tennis,"Madrid, Spain",WTA,Paula Badosa,Julia Grabher,1,2,False,3,True,1.14,,5.5,,,,,,,,,,
2026-04-22,tennis,"Madrid, Spain",WTA,Anna Bondar,Viktorija Golubic,2,0,True,2,False,1.2,,4.5,,,,,,,,,,
2026-04-22,tennis,"Madrid, Spain",WTA,Robin Montgomery,Magda Linette,0,2,False,2,False,2.38,,1.57,,,,,,,,,,
2026-04-22,tennis,"Madrid, Spain",WTA,Kaitlin Quevedo,Venus Williams,2,0,True,2,False,1.2,,4.5,,,,,,,,,,
2026-04-22,tennis,"Madrid, Spain",WTA,Anastasia Zakharova,Camila Osorio,0,2,False,2,False,3.2,,1.36,,,,,,,,,,
2026-04-22,tennis,"Madrid, Spain",WTA,Peyton Stearns,Lois Boisson,2,0,True,2,False,1.4,,3.0,,,,,,,,,,
2026-04-22,tennis,"Madrid, Spain",WTA,Elena-Gabriela Ruse,Antonia Ružić,2,1,True,3,True,1.36,,3.2,,,,,,,,,,
2026-04-22,tennis,"Madrid, Spain",WTA,Panna Udvardy,Kimberly Birrell,2,1,True,3,True,1.67,,2.2,,,,,,,,,,
2026-04-22,tennis,"Madrid, Spain",WTA,Shuai Zhang,Eva Lys,2,0,True,2,False,2.75,,1.44,,,,,,,,,,
2026-04-22,tennis,"Madrid, Spain",WTA,Zeynep Sönmez,Carlota Martinez Cirez,2,0,True,2,False,1.07,,9.0,,,,,,,,,,
2026-04-22,tennis,"Rome, Italy",Challenger,Federico Bondioli,Andrea Guerrieri,0,2,False,2,False,2.0,,1.73,,,,,,,,,,
2026-04-22,tennis,"Rome, Italy",Challenger,Nerman Fatić,Chun-Hsin Tseng,2,0,True,2,False,2.5,,1.5,,,,,,,,,,
2026-04-22,tennis,"Rome, Italy",Challenger,Laslo Djere,Carlo Alberto Caniato,2,0,True,2,False,1.44,,2.62,,,,,,,,,,
2026-04-22,tennis,"Rome, Italy",Challenger,Dan Added,Arthur Fery,1,2,False,3,True,2.75,,1.4,,,,,,,,,,
2026-04-22,tennis,"Rome, Italy",Challenger,Pol Martin Tiffon,Jonas Forejtek,2,1,True,3,True,2.62,,1.44,,,,,,,,,,
2026-04-22,tennis,"Rome, Italy",Challenger,Andrea Vavassori,Maxim Mrva,2,1,True,3,True,1.5,,2.5,,,,,,,,,,
2026-04-23,tennis,"Madrid, Spain",ATP,Ignacio Buse,Adrian Mannarino,2,0,True,2,False,1.14,,5.5,,,,,,,,,,
2026-04-23,tennis,"Madrid, Spain",ATP,Damir Džumhur,Mattia Bellucci,2,0,True,2,False,2.0,,1.8,,,,,,,,,,
2026-04-23,tennis,"Madrid, Spain",ATP,Dino Prižmić,Matteo Berrettini,2,0,True,2,False,2.3,,1.62,,,,,,,,,,
2026-04-23,tennis,"Madrid, Spain",WTA,Daria Snigur,Daria Kasatkina,2,1,True,3,True,2.2,,1.67,,,,,,,,,,
2026-04-23,tennis,"Madrid, Spain",WTA,Dalma Galfi,Ajla Tomljanovic,2,0,True,2,False,2.0,,1.8,,,,,,,,,,
2026-04-23,tennis,"Madrid, Spain",WTA,Alycia Parks,Elisabetta Cocciaretto,2,0,True,2,False,2.75,,1.44,,,,,,,,,,
2026-04-23,tennis,"Madrid, Spain",WTA,Anastasia Pavlyuchenkova,Alexandra Eala,0,2,False,2,False,2.38,,1.57,,,,,,,,,,
2026-04-23,tennis,"Madrid, Spain",WTA,Moyuka Uchijima,Yuliia Starodubtseva,1,2,False,3,True,2.75,,1.44,,,,,,,,,,
2026-04-23,tennis,"Rome, Italy",Challenger,Nikolas Sanchez Izquierdo,Stefanos Sakellaridis,0,2,False,2,False,2.25,,1.57,,,,,,,,,,
2026-04-23,tennis,"Madrid, Spain",ATP,Ignacio Buse,Adrian Mannarino,2,0,True,2,False,1.14,,5.5,,,,,,,,,,
2026-04-23,tennis,"Madrid, Spain",ATP,Damir Džumhur,Mattia Bellucci,2,0,True,2,False,2.0,,1.8,,,,,,,,,,
2026-04-23,tennis,"Madrid, Spain",ATP,Dino Prižmić,Matteo Berrettini,2,0,True,2,False,2.3,,1.62,,,,,,,,,,
2026-04-23,tennis,"Madrid, Spain",ATP,Alexandre Muller,Jan-Lennard Struff,0,2,False,2,False,1.62,,2.3,,,,,,,,,,
2026-04-23,tennis,"Madrid, Spain",ATP,Lorenzo Sonego,Dušan Lajović,0,2,False,2,False,2.0,,1.8,,,,,,,,,,
2026-04-23,tennis,"Madrid, Spain",ATP,Roberto Bautista Agut,Thiago Agustin Tirante,0,2,False,2,False,2.63,,1.5,,,,,,,,,,
2026-04-23,tennis,"Madrid, Spain",ATP,Nikoloz Basilashvili,Sebastian Ofner,0,2,False,2,False,2.38,,1.57,,,,,,,,,,
2026-04-23,tennis,"Madrid, Spain",ATP,Elmer Moller,Federico Cinà,2,0,True,2,False,1.57,,2.38,,,,,,,,,,
2026-04-23,tennis,"Madrid, Spain",ATP,Jaime Faria,Hubert Hurkacz,0,2,False,2,False,3.2,,1.36,,,,,,,,,,
2026-04-23,tennis,"Madrid, Spain",ATP,Benjamin Bonzi,Titouan Droguet,2,1,True,3,True,2.2,,1.67,,,,,,,,,,
2026-04-23,tennis,"Madrid, Spain",ATP,Tomaš Machač,Francisco Comesaña,2,1,True,3,True,1.44,,2.75,,,,,,,,,,
2026-04-23,tennis,"Madrid, Spain",ATP,Rafael Jodar,Jesper De Jong,2,1,True,3,True,1.17,,5.0,,,,,,,,,,
2026-04-23,tennis,"Madrid, Spain",ATP,Alejandro Tabilo,Valentin Royer,2,0,True,2,False,1.3,,3.5,,,,,,,,,,
2026-04-23,tennis,"Madrid, Spain",ATP,Cristian Garin,Alexander Blockx,1,2,False,3,True,2.38,,1.57,,,,,,,,,,
2026-04-23,tennis,"Madrid, Spain",ATP,Pablo Carreño Busta,Marton Fucsovics,2,1,True,3,True,1.91,,1.91,,,,,,,,,,
2026-04-23,tennis,"Madrid, Spain",ATP,Terence Atmane,Miomir Kecmanović,2,0,True,2,False,2.0,,1.8,,,,,,,,,,
2026-04-23,tennis,"Madrid, Spain",ATP,Yannick Hanfmann,Marcos Giron,2,1,True,3,True,1.36,,3.2,,,,,,,,,,
2026-04-23,tennis,"Madrid, Spain",WTA,Daria Snigur,Daria Kasatkina,2,1,True,3,True,2.2,,1.67,,,,,,,,,,
2026-04-23,tennis,"Madrid, Spain",WTA,Dalma Galfi,Ajla Tomljanovic,2,0,True,2,False,2.0,,1.8,,,,,,,,,,
2026-04-23,tennis,"Madrid, Spain",WTA,Alycia Parks,Elisabetta Cocciaretto,2,0,True,2,False,2.75,,1.44,,,,,,,,,,
2026-04-23,tennis,"Madrid, Spain",WTA,Anastasia Pavlyuchenkova,Alexandra Eala,0,2,False,2,False,2.38,,1.57,,,,,,,,,,
2026-04-23,tennis,"Madrid, Spain",WTA,Moyuka Uchijima,Yuliia Starodubtseva,1,2,False,3,True,2.75,,1.44,,,,,,,,,,
2026-04-23,tennis,"Madrid, Spain",WTA,Anhelina Kalinina,Kamilla Rakhimova,2,1,True,3,True,1.5,,2.63,,,,,,,,,,
2026-04-23,tennis,"Madrid, Spain",WTA,Janice Tjen,Alina Charaeva,2,0,True,2,False,2.1,,1.73,,,,,,,,,,
2026-04-23,tennis,"Madrid, Spain",WTA,Yulia Putintseva,Tereza Valentová,2,1,True,3,True,2.2,,1.67,,,,,,,,,,
2026-04-23,tennis,"Madrid, Spain",WTA,Talia Gibson,Emiliana Arango,0,2,False,2,False,1.8,,2.0,,,,,,,,,,
2026-04-23,tennis,"Madrid, Spain",WTA,Dayana Yastremska,Solana Sierra,0,2,False,2,False,1.28,,3.75,,,,,,,,,,
2026-04-23,tennis,"Madrid, Spain",WTA,Oleksandra Oliynykova,Simona Waltert,0,2,False,2,False,1.8,,2.0,,,,,,,,,,
2026-04-23,tennis,"Madrid, Spain",WTA,Karolína Plíšková,Sinja Kraus,2,1,True,3,True,1.8,,2.0,,,,,,,,,,
2026-04-23,tennis,"Madrid, Spain",WTA,Oksana Selekhmeteva,Leolia Jeanjean,0,2,False,2,False,1.53,,2.5,,,,,,,,,,
2026-04-23,tennis,"Madrid, Spain",WTA,Ashlyn Krueger,Sofia Kenin,0,2,False,2,False,1.8,,2.0,,,,,,,,,,
2026-04-23,tennis,"Madrid, Spain",WTA,Taylor Townsend,Katie Boulter,0,2,False,2,False,1.8,,2.0,,,,,,,,,,
2026-04-23,tennis,"Madrid, Spain",WTA,Elvina Kalieva,Katerina Siniakova,0,2,False,2,False,2.75,,1.44,,,,,,,,,,
2026-04-23,tennis,"Madrid, Spain",WTA,Catherine McNally,Katie Volynets,2,0,True,2,False,1.73,,2.1,,,,,,,,,,
2026-04-23,tennis,"Madrid, Spain",WTA,Elsa Jacquemot,Tyra Caterina Grant,0,2,False,2,False,2.2,,1.67,,,,,,,,,,
2026-04-23,tennis,"Madrid, Spain",WTA,Anna Bondar,Elina Svitolina,2,0,True,2,False,5.5,,1.14,,,,,,,,,,
2026-04-23,tennis,"Madrid, Spain",WTA,Belinda Bencic,Petra Marčinko,2,0,True,2,False,1.2,,4.5,,,,,,,,,,
2026-04-23,tennis,"Madrid, Spain",WTA,Yuliia Starodubtseva,Jaqueline Cristian,1,2,False,3,True,1.67,,2.2,,,,,,,,,,
2026-04-23,tennis,"Rome, Italy",Challenger,Nikolas Sanchez Izquierdo,Stefanos Sakellaridis,0,2,False,2,False,2.25,,1.57,,,,,,,,,,
2026-04-23,tennis,"Rome, Italy",Challenger,Gianluca Cadenasso,Jacopo Vasamì,0,2,False,2,False,1.53,,2.38,,,,,,,,,,
2026-04-23,tennis,"Rome, Italy",Challenger,Cezar Cretu,Pierre-Hugues Herbert,2,0,True,2,False,1.83,,1.83,,,,,,,,,,
2026-04-23,tennis,"Rome, Italy",Challenger,Pol Martin Tiffon,Nerman Fatić,2,0,True,2,False,2.1,,1.67,,,,,,,,,,
2026-04-23,tennis,"Madrid, Spain",ATP,Ignacio Buse,Adrian Mannarino,2,0,True,2,False,1.14,,5.5,,,,,,,,,,
2026-04-23,tennis,"Madrid, Spain",ATP,Damir Džumhur,Mattia Bellucci,2,0,True,2,False,2.0,,1.8,,,,,,,,,,
2026-04-23,tennis,"Madrid, Spain",ATP,Dino Prižmić,Matteo Berrettini,2,0,True,2,False,2.3,,1.62,,,,,,,,,,
2026-04-23,tennis,"Madrid, Spain",ATP,Alexandre Muller,Jan-Lennard Struff,0,2,False,2,False,1.62,,2.3,,,,,,,,,,
2026-04-23,tennis,"Madrid, Spain",ATP,Lorenzo Sonego,Dušan Lajović,0,2,False,2,False,2.0,,1.8,,,,,,,,,,
2026-04-23,tennis,"Madrid, Spain",ATP,Roberto Bautista Agut,Thiago Agustin Tirante,0,2,False,2,False,2.63,,1.5,,,,,,,,,,
2026-04-23,tennis,"Madrid, Spain",ATP,Nikoloz Basilashvili,Sebastian Ofner,0,2,False,2,False,2.38,,1.57,,,,,,,,,,
2026-04-23,tennis,"Madrid, Spain",ATP,Elmer Moller,Federico Cinà,2,0,True,2,False,1.57,,2.38,,,,,,,,,,
2026-04-23,tennis,"Madrid, Spain",ATP,Jaime Faria,Hubert Hurkacz,0,2,False,2,False,3.2,,1.36,,,,,,,,,,
2026-04-23,tennis,"Madrid, Spain",ATP,Benjamin Bonzi,Titouan Droguet,2,1,True,3,True,2.2,,1.67,,,,,,,,,,
2026-04-23,tennis,"Madrid, Spain",ATP,Tomaš Machač,Francisco Comesaña,2,1,True,3,True,1.44,,2.75,,,,,,,,,,
2026-04-23,tennis,"Madrid, Spain",ATP,Rafael Jodar,Jesper De Jong,2,1,True,3,True,1.17,,5.0,,,,,,,,,,
2026-04-23,tennis,"Madrid, Spain",ATP,Alejandro Tabilo,Valentin Royer,2,0,True,2,False,1.3,,3.5,,,,,,,,,,
2026-04-23,tennis,"Madrid, Spain",ATP,Cristian Garin,Alexander Blockx,1,2,False,3,True,2.38,,1.57,,,,,,,,,,
2026-04-23,tennis,"Madrid, Spain",ATP,Pablo Carreño Busta,Marton Fucsovics,2,1,True,3,True,1.91,,1.91,,,,,,,,,,
2026-04-23,tennis,"Madrid, Spain",ATP,Terence Atmane,Miomir Kecmanović,2,0,True,2,False,2.0,,1.8,,,,,,,,,,
2026-04-23,tennis,"Madrid, Spain",ATP,Yannick Hanfmann,Marcos Giron,2,1,True,3,True,1.36,,3.2,,,,,,,,,,
2026-04-23,tennis,"Madrid, Spain",WTA,Daria Snigur,Daria Kasatkina,2,1,True,3,True,2.2,,1.67,,,,,,,,,,
2026-04-23,tennis,"Madrid, Spain",WTA,Dalma Galfi,Ajla Tomljanovic,2,0,True,2,False,2.0,,1.8,,,,,,,,,,
2026-04-23,tennis,"Madrid, Spain",WTA,Alycia Parks,Elisabetta Cocciaretto,2,0,True,2,False,2.75,,1.44,,,,,,,,,,
2026-04-23,tennis,"Madrid, Spain",WTA,Anastasia Pavlyuchenkova,Alexandra Eala,0,2,False,2,False,2.38,,1.57,,,,,,,,,,
2026-04-23,tennis,"Madrid, Spain",WTA,Moyuka Uchijima,Yuliia Starodubtseva,1,2,False,3,True,2.75,,1.44,,,,,,,,,,
2026-04-23,tennis,"Madrid, Spain",WTA,Anhelina Kalinina,Kamilla Rakhimova,2,1,True,3,True,1.5,,2.63,,,,,,,,,,
2026-04-23,tennis,"Madrid, Spain",WTA,Janice Tjen,Alina Charaeva,2,0,True,2,False,2.1,,1.73,,,,,,,,,,
2026-04-23,tennis,"Madrid, Spain",WTA,Yulia Putintseva,Tereza Valentová,2,1,True,3,True,2.2,,1.67,,,,,,,,,,
2026-04-23,tennis,"Madrid, Spain",WTA,Talia Gibson,Emiliana Arango,0,2,False,2,False,1.8,,2.0,,,,,,,,,,
2026-04-23,tennis,"Madrid, Spain",WTA,Dayana Yastremska,Solana Sierra,0,2,False,2,False,1.28,,3.75,,,,,,,,,,
2026-04-23,tennis,"Madrid, Spain",WTA,Oleksandra Oliynykova,Simona Waltert,0,2,False,2,False,1.8,,2.0,,,,,,,,,,
2026-04-23,tennis,"Madrid, Spain",WTA,Karolína Plíšková,Sinja Kraus,2,1,True,3,True,1.8,,2.0,,,,,,,,,,
2026-04-23,tennis,"Madrid, Spain",WTA,Oksana Selekhmeteva,Leolia Jeanjean,0,2,False,2,False,1.53,,2.5,,,,,,,,,,
2026-04-23,tennis,"Madrid, Spain",WTA,Ashlyn Krueger,Sofia Kenin,0,2,False,2,False,1.8,,2.0,,,,,,,,,,
2026-04-23,tennis,"Madrid, Spain",WTA,Taylor Townsend,Katie Boulter,0,2,False,2,False,1.8,,2.0,,,,,,,,,,
2026-04-23,tennis,"Madrid, Spain",WTA,Elvina Kalieva,Katerina Siniakova,0,2,False,2,False,2.75,,1.44,,,,,,,,,,
2026-04-23,tennis,"Madrid, Spain",WTA,Catherine McNally,Katie Volynets,2,0,True,2,False,1.73,,2.1,,,,,,,,,,
2026-04-23,tennis,"Madrid, Spain",WTA,Elsa Jacquemot,Tyra Caterina Grant,0,2,False,2,False,2.2,,1.67,,,,,,,,,,
2026-04-23,tennis,"Madrid, Spain",WTA,Anna Bondar,Elina Svitolina,2,0,True,2,False,5.5,,1.14,,,,,,,,,,
2026-04-23,tennis,"Madrid, Spain",WTA,Belinda Bencic,Petra Marčinko,2,0,True,2,False,1.2,,4.5,,,,,,,,,,
2026-04-23,tennis,"Madrid, Spain",WTA,Yuliia Starodubtseva,Jaqueline Cristian,1,2,False,3,True,1.67,,2.2,,,,,,,,,,
2026-04-23,tennis,"Rome, Italy",Challenger,Nikolas Sanchez Izquierdo,Stefanos Sakellaridis,0,2,False,2,False,2.25,,1.57,,,,,,,,,,
2026-04-23,tennis,"Rome, Italy",Challenger,Gianluca Cadenasso,Jacopo Vasamì,0,2,False,2,False,1.53,,2.38,,,,,,,,,,
2026-04-23,tennis,"Rome, Italy",Challenger,Cezar Cretu,Pierre-Hugues Herbert,2,0,True,2,False,1.83,,1.83,,,,,,,,,,
2026-04-23,tennis,"Rome, Italy",Challenger,Pol Martin Tiffon,Nerman Fatić,2,0,True,2,False,2.1,,1.67,,,,,,,,,,
2026-04-24,tennis,"Madrid, Spain",ATP,Fábián Marozsán,Ethan Quinn,2,0,True,2,False,1.73,,2.1,,,,,,,,,,
2026-04-24,tennis,"Madrid, Spain",ATP,Jaume Munar,Alexander Shevchenko,2,0,True,2,False,1.44,,2.75,,,,,,,,,,
2026-04-24,tennis,"Madrid, Spain",ATP,Nuno Borges,Mariano Navone,0,2,False,2,False,2.5,,1.5,,,,,,,,,,
2026-04-24,tennis,"Madrid, Spain",ATP,Alexei Popyrin,Martin Damm Jr,0,2,False,2,False,1.5,,2.63,,,,,,,,,,
2026-04-24,tennis,"Madrid, Spain",WTA,Xinyu Wang,Laura Samson,1,2,False,3,True,1.8,,2.0,,,,,,,,,,
2026-04-24,tennis,"Madrid, Spain",WTA,Jessica Bouzas Maneiro,Diana Shnaider,1,2,False,3,True,3.4,,1.33,,,,,,,,,,
2026-04-24,tennis,"Madrid, Spain",WTA,Iga Swiatek,Daria Snigur,2,0,True,2,False,1.02,,19.0,,,,,,,,,,
2026-04-24,tennis,"Rome, Italy",Challenger,Laslo Djere,Andrea Vavassori,0,2,False,2,False,1.62,,2.2,,,,,,,,,,
2026-04-24,tennis,"Rome, Italy",Challenger,Dalibor Svrčina,Henry Bernet,2,0,True,2,False,1.36,,3.0,,,,,,,,,,
2026-04-24,tennis,"Rome, Italy",Challenger,Filip Cristian Jianu,Filippo Romano,2,0,True,2,False,1.8,,1.91,,,,,,,,,,
2026-04-24,tennis,"Madrid, Spain",ATP,Fábián Marozsán,Ethan Quinn,2,0,True,2,False,1.73,,2.1,,,,,,,,,,
2026-04-24,tennis,"Madrid, Spain",ATP,Jaume Munar,Alexander Shevchenko,2,0,True,2,False,1.44,,2.75,,,,,,,,,,
2026-04-24,tennis,"Madrid, Spain",ATP,Nuno Borges,Mariano Navone,0,2,False,2,False,2.5,,1.5,,,,,,,,,,
2026-04-24,tennis,"Madrid, Spain",ATP,Alexei Popyrin,Martin Damm Jr,0,2,False,2,False,1.5,,2.63,,,,,,,,,,
2026-04-24,tennis,"Madrid, Spain",ATP,Adolfo Daniel Vallejo,Grigor Dimitrov,2,0,True,2,False,2.0,,1.8,,,,,,,,,,
2026-04-24,tennis,"Madrid, Spain",ATP,Patrick Kypson,Stefanos Tsitsipas,1,2,False,3,True,3.2,,1.36,,,,,,,,,,
2026-04-24,tennis,"Madrid, Spain",ATP,Vilius Gaubas,Sebastián Báez,2,0,True,2,False,3.2,,1.36,,,,,,,,,,
2026-04-24,tennis,"Madrid, Spain",ATP,Camilo Ugo Carabelli,Gael Monfils,2,0,True,2,False,1.5,,2.63,,,,,,,,,,
2026-04-24,tennis,"Madrid, Spain",ATP,Daniel Altmaier,Juan Manuel Cerundolo,0,2,False,2,False,2.3,,1.62,,,,,,,,,,
2026-04-24,tennis,"Madrid, Spain",ATP,Marco Trungelliti,Daniel Merida,1,2,False,3,True,2.2,,1.67,,,,,,,,,,
2026-04-24,tennis,"Madrid, Spain",ATP,Martin Landaluce,Adam Walton,0,2,False,2,False,1.2,,4.5,,,,,,,,,,
2026-04-24,tennis,"Madrid, Spain",ATP,Emilio Nava,Valentin Vacherot,2,1,True,3,True,3.5,,1.3,,,,,,,,,,
2026-04-24,tennis,"Madrid, Spain",ATP,Hubert Hurkacz,Lorenzo Musetti,0,2,False,2,False,2.5,,1.53,,,,,,,,,,
2026-04-24,tennis,"Madrid, Spain",ATP,Jan-Lennard Struff,Alex Michelsen,0,2,False,2,False,1.67,,2.2,,,,,,,,,,
2026-04-24,tennis,"Madrid, Spain",ATP,Tallon Griekspoor,Damir Džumhur,2,0,True,2,False,1.53,,2.5,,,,,,,,,,
2026-04-24,tennis,"Madrid, Spain",WTA,Xinyu Wang,Laura Samson,1,2,False,3,True,1.8,,2.0,,,,,,,,,,
2026-04-24,tennis,"Madrid, Spain",WTA,Jessica Bouzas Maneiro,Diana Shnaider,1,2,False,3,True,3.4,,1.33,,,,,,,,,,
2026-04-24,tennis,"Madrid, Spain",WTA,Iga Swiatek,Daria Snigur,2,0,True,2,False,1.02,,19.0,,,,,,,,,,
2026-04-24,tennis,"Madrid, Spain",WTA,Marie Bouzkova,Anhelina Kalinina,0,2,False,2,False,1.8,,2.0,,,,,,,,,,
2026-04-24,tennis,"Madrid, Spain",WTA,Dalma Galfi,Anna Kalinskaya,2,0,True,2,False,2.63,,1.5,,,,,,,,,,
2026-04-24,tennis,"Madrid, Spain",WTA,Laura Siegemund,Jasmine Paolini,1,2,False,3,True,2.75,,1.44,,,,,,,,,,
2026-04-24,tennis,"Madrid, Spain",WTA,Aryna Sabalenka,Peyton Stearns,2,0,True,2,False,1.04,,13.0,,,,,,,,,,
2026-04-24,tennis,"Madrid, Spain",WTA,Alycia Parks,Ann Li,1,2,False,3,True,2.1,,1.73,,,,,,,,,,
2026-04-24,tennis,"Madrid, Spain",WTA,Camila Osorio,Naomi Osaka,0,2,False,2,False,1.91,,1.91,,,,,,,,,,
2026-04-24,tennis,"Madrid, Spain",WTA,Magda Linette,Iva Jovic,0,2,False,2,False,2.5,,1.53,,,,,,,,,,
2026-04-24,tennis,"Madrid, Spain",WTA,Leylah Fernandez,Julia Grabher,2,0,True,2,False,1.2,,4.5,,,,,,,,,,
2026-04-24,tennis,"Madrid, Spain",WTA,Hailey Baptiste,Kaitlin Quevedo,2,0,True,2,False,1.44,,2.75,,,,,,,,,,
2026-04-24,tennis,"Madrid, Spain",WTA,Mirra Andreeva,Panna Udvardy,2,0,True,2,False,1.04,,13.0,,,,,,,,,,
2026-04-24,tennis,"Madrid, Spain",WTA,Anastasia Potapova,Shuai Zhang,2,0,True,2,False,1.3,,3.5,,,,,,,,,,
2026-04-24,tennis,"Madrid, Spain",WTA,Karolína Plíšková,Maria Sakkari,2,0,True,2,False,2.2,,1.67,,,,,,,,,,
2026-04-24,tennis,"Madrid, Spain",WTA,Magdalena Frech,Solana Sierra,0,2,False,2,False,1.67,,2.2,,,,,,,,,,
2026-04-24,tennis,"Madrid, Spain",WTA,Qinwen Zheng,Sofia Kenin,2,1,True,3,True,1.25,,4.0,,,,,,,,,,
2026-04-24,tennis,"Rome, Italy",Challenger,Laslo Djere,Andrea Vavassori,0,2,False,2,False,1.62,,2.2,,,,,,,,,,
2026-04-24,tennis,"Rome, Italy",Challenger,Dalibor Svrčina,Henry Bernet,2,0,True,2,False,1.36,,3.0,,,,,,,,,,
2026-04-24,tennis,"Rome, Italy",Challenger,Filip Cristian Jianu,Filippo Romano,2,0,True,2,False,1.8,,1.91,,,,,,,,,,
2026-04-24,tennis,"Rome, Italy",Challenger,Andrea Guerrieri,Arthur Fery,2,0,True,2,False,1.83,,1.83,,,,,,,,,,
2026-04-24,tennis,"Rome, Italy",Challenger,Dalibor Svrčina,Cezar Cretu,2,0,True,2,False,1.36,,3.0,,,,,,,,,,
2026-04-24,tennis,"Rome, Italy",Challenger,Jacopo Vasamì,Stefanos Sakellaridis,2,0,True,2,False,2.25,,1.57,,,,,,,,,,
2026-04-24,tennis,"Madrid, Spain",ATP,Fábián Marozsán,Ethan Quinn,2,0,True,2,False,1.73,,2.1,,,,,,,,,,
2026-04-24,tennis,"Madrid, Spain",ATP,Jaume Munar,Alexander Shevchenko,2,0,True,2,False,1.44,,2.75,,,,,,,,,,
2026-04-24,tennis,"Madrid, Spain",ATP,Nuno Borges,Mariano Navone,0,2,False,2,False,2.5,,1.5,,,,,,,,,,
2026-04-24,tennis,"Madrid, Spain",ATP,Alexei Popyrin,Martin Damm Jr,0,2,False,2,False,1.5,,2.63,,,,,,,,,,
2026-04-24,tennis,"Madrid, Spain",ATP,Adolfo Daniel Vallejo,Grigor Dimitrov,2,0,True,2,False,2.0,,1.8,,,,,,,,,,
2026-04-24,tennis,"Madrid, Spain",ATP,Patrick Kypson,Stefanos Tsitsipas,1,2,False,3,True,3.2,,1.36,,,,,,,,,,
2026-04-24,tennis,"Madrid, Spain",ATP,Vilius Gaubas,Sebastián Báez,2,0,True,2,False,3.2,,1.36,,,,,,,,,,
2026-04-24,tennis,"Madrid, Spain",ATP,Camilo Ugo Carabelli,Gael Monfils,2,0,True,2,False,1.5,,2.63,,,,,,,,,,
2026-04-24,tennis,"Madrid, Spain",ATP,Daniel Altmaier,Juan Manuel Cerundolo,0,2,False,2,False,2.3,,1.62,,,,,,,,,,
2026-04-24,tennis,"Madrid, Spain",ATP,Marco Trungelliti,Daniel Merida,1,2,False,3,True,2.2,,1.67,,,,,,,,,,
2026-04-24,tennis,"Madrid, Spain",ATP,Martin Landaluce,Adam Walton,0,2,False,2,False,1.2,,4.5,,,,,,,,,,
2026-04-24,tennis,"Madrid, Spain",ATP,Emilio Nava,Valentin Vacherot,2,1,True,3,True,3.5,,1.3,,,,,,,,,,
2026-04-24,tennis,"Madrid, Spain",ATP,Hubert Hurkacz,Lorenzo Musetti,0,2,False,2,False,2.5,,1.53,,,,,,,,,,
2026-04-24,tennis,"Madrid, Spain",ATP,Jan-Lennard Struff,Alex Michelsen,0,2,False,2,False,1.67,,2.2,,,,,,,,,,
2026-04-24,tennis,"Madrid, Spain",ATP,Tallon Griekspoor,Damir Džumhur,2,0,True,2,False,1.53,,2.5,,,,,,,,,,
2026-04-24,tennis,"Madrid, Spain",WTA,Xinyu Wang,Laura Samson,1,2,False,3,True,1.8,,2.0,,,,,,,,,,
2026-04-24,tennis,"Madrid, Spain",WTA,Jessica Bouzas Maneiro,Diana Shnaider,1,2,False,3,True,3.4,,1.33,,,,,,,,,,
2026-04-24,tennis,"Madrid, Spain",WTA,Iga Swiatek,Daria Snigur,2,0,True,2,False,1.02,,19.0,,,,,,,,,,
2026-04-24,tennis,"Madrid, Spain",WTA,Marie Bouzkova,Anhelina Kalinina,0,2,False,2,False,1.8,,2.0,,,,,,,,,,
2026-04-24,tennis,"Madrid, Spain",WTA,Dalma Galfi,Anna Kalinskaya,2,0,True,2,False,2.63,,1.5,,,,,,,,,,
2026-04-24,tennis,"Madrid, Spain",WTA,Laura Siegemund,Jasmine Paolini,1,2,False,3,True,2.75,,1.44,,,,,,,,,,
2026-04-24,tennis,"Madrid, Spain",WTA,Aryna Sabalenka,Peyton Stearns,2,0,True,2,False,1.04,,13.0,,,,,,,,,,
2026-04-24,tennis,"Madrid, Spain",WTA,Alycia Parks,Ann Li,1,2,False,3,True,2.1,,1.73,,,,,,,,,,
2026-04-24,tennis,"Madrid, Spain",WTA,Camila Osorio,Naomi Osaka,0,2,False,2,False,1.91,,1.91,,,,,,,,,,
2026-04-24,tennis,"Madrid, Spain",WTA,Magda Linette,Iva Jovic,0,2,False,2,False,2.5,,1.53,,,,,,,,,,
2026-04-24,tennis,"Madrid, Spain",WTA,Leylah Fernandez,Julia Grabher,2,0,True,2,False,1.2,,4.5,,,,,,,,,,
2026-04-24,tennis,"Madrid, Spain",WTA,Hailey Baptiste,Kaitlin Quevedo,2,0,True,2,False,1.44,,2.75,,,,,,,,,,
2026-04-24,tennis,"Madrid, Spain",WTA,Mirra Andreeva,Panna Udvardy,2,0,True,2,False,1.04,,13.0,,,,,,,,,,
2026-04-24,tennis,"Madrid, Spain",WTA,Anastasia Potapova,Shuai Zhang,2,0,True,2,False,1.3,,3.5,,,,,,,,,,
2026-04-24,tennis,"Madrid, Spain",WTA,Karolína Plíšková,Maria Sakkari,2,0,True,2,False,2.2,,1.67,,,,,,,,,,
2026-04-24,tennis,"Madrid, Spain",WTA,Magdalena Frech,Solana Sierra,0,2,False,2,False,1.67,,2.2,,,,,,,,,,
2026-04-24,tennis,"Madrid, Spain",WTA,Qinwen Zheng,Sofia Kenin,2,1,True,3,True,1.25,,4.0,,,,,,,,,,
2026-04-24,tennis,"Rome, Italy",Challenger,Laslo Djere,Andrea Vavassori,0,2,False,2,False,1.62,,2.2,,,,,,,,,,
2026-04-24,tennis,"Rome, Italy",Challenger,Dalibor Svrčina,Henry Bernet,2,0,True,2,False,1.36,,3.0,,,,,,,,,,
2026-04-24,tennis,"Rome, Italy",Challenger,Filip Cristian Jianu,Filippo Romano,2,0,True,2,False,1.8,,1.91,,,,,,,,,,
2026-04-24,tennis,"Rome, Italy",Challenger,Andrea Guerrieri,Arthur Fery,2,0,True,2,False,1.83,,1.83,,,,,,,,,,
2026-04-24,tennis,"Rome, Italy",Challenger,Dalibor Svrčina,Cezar Cretu,2,0,True,2,False,1.36,,3.0,,,,,,,,,,
2026-04-24,tennis,"Rome, Italy",Challenger,Jacopo Vasamì,Stefanos Sakellaridis,2,0,True,2,False,2.25,,1.57,,,,,,,,,,
2026-04-25,tennis,"Madrid, Spain",ATP,Dušan Lajović,Arthur Rinderknech,0,2,False,2,False,2.38,,1.57,,,,,,,,,,
2026-04-25,tennis,"Madrid, Spain",ATP,Ben Shelton,Dino Prižmić,1,2,False,3,True,1.44,,2.75,,,,,,,,,,
2026-04-25,tennis,"Madrid, Spain",WTA,Zeynep Sönmez,Cristina Bucsa,2,1,True,3,True,1.53,,2.5,,,,,,,,,,
2026-04-25,tennis,"Madrid, Spain",WTA,Janice Tjen,Liudmila Samsonova,0,2,False,2,False,2.75,,1.44,,,,,,,,,,
2026-04-25,tennis,"Madrid, Spain",WTA,Elise Mertens,Alexandra Eala,2,0,True,2,False,1.33,,3.4,,,,,,,,,,
2026-04-25,tennis,"Madrid, Spain",WTA,Elena-Gabriela Ruse,Elena Rybakina,1,2,False,3,True,11.0,,1.05,,,,,,,,,,
2026-04-25,tennis,"Madrid, Spain",WTA,Simona Waltert,Jelena Ostapenko,0,2,False,2,False,2.3,,1.62,,,,,,,,,,
2026-04-25,tennis,"Madrid, Spain",WTA,Sorana Cirstea,Tyra Caterina Grant,2,0,True,2,False,1.33,,3.4,,,,,,,,,,
2026-04-25,tennis,"Rome, Italy",Challenger,Filip Cristian Jianu,Andrea Guerrieri,0,2,False,2,False,1.83,,1.83,,,,,,,,,,
2026-04-25,tennis,"Madrid, Spain",ATP,Dušan Lajović,Arthur Rinderknech,0,2,False,2,False,2.38,,1.57,,,,,,,,,,
2026-04-25,tennis,"Madrid, Spain",ATP,Ben Shelton,Dino Prižmić,1,2,False,3,True,1.44,,2.75,,,,,,,,,,
2026-04-25,tennis,"Madrid, Spain",ATP,Jiri Lehečka,Alejandro Tabilo,2,1,True,3,True,1.62,,2.3,,,,,,,,,,
2026-04-25,tennis,"Madrid, Spain",ATP,Arthur Fils,Ignacio Buse,2,1,True,3,True,1.14,,5.5,,,,,,,,,,
2026-04-25,tennis,"Madrid, Spain",ATP,Jannik Sinner,Benjamin Bonzi,2,1,True,3,True,1.01,,26.0,,,,,,,,,,
2026-04-25,tennis,"Madrid, Spain",ATP,Sebastian Ofner,Tomas Martin Etcheverry,0,2,False,2,False,2.5,,1.53,,,,,,,,,,
2026-04-25,tennis,"Madrid, Spain",ATP,Andrey Rublev,Vit Kopřiva,0,2,False,2,False,1.3,,3.5,,,,,,,,,,
2026-04-25,tennis,"Madrid, Spain",ATP,Cameron Norrie,Tomaš Machač,2,1,True,3,True,2.2,,1.67,,,,,,,,,,
2026-04-25,tennis,"Madrid, Spain",ATP,Rafael Jodar,Alex de Minaur,2,0,True,2,False,2.1,,1.73,,,,,,,,,,
2026-04-25,tennis,"Madrid, Spain",ATP,Thiago Agustin Tirante,Tommy Paul,2,0,True,2,False,2.75,,1.44,,,,,,,,,,
2026-04-25,tennis,"Madrid, Spain",ATP,Alejandro Davidovich Fokina,Pablo Carreño Busta,2,0,True,2,False,1.44,,2.75,,,,,,,,,,
2026-04-25,tennis,"Madrid, Spain",ATP,Francisco Cerundolo,Yannick Hanfmann,2,0,True,2,False,1.36,,3.2,,,,,,,,,,
2026-04-25,tennis,"Madrid, Spain",ATP,Karen Khachanov,Adam Walton,2,0,True,2,False,1.2,,4.5,,,,,,,,,,
2026-04-25,tennis,"Madrid, Spain",WTA,Zeynep Sönmez,Cristina Bucsa,2,1,True,3,True,1.53,,2.5,,,,,,,,,,
2026-04-25,tennis,"Madrid, Spain",WTA,Janice Tjen,Liudmila Samsonova,0,2,False,2,False,2.75,,1.44,,,,,,,,,,
2026-04-25,tennis,"Madrid, Spain",WTA,Elise Mertens,Alexandra Eala,2,0,True,2,False,1.33,,3.4,,,,,,,,,,
2026-04-25,tennis,"Madrid, Spain",WTA,Elena-Gabriela Ruse,Elena Rybakina,1,2,False,3,True,11.0,,1.05,,,,,,,,,,
2026-04-25,tennis,"Madrid, Spain",WTA,Simona Waltert,Jelena Ostapenko,0,2,False,2,False,2.3,,1.62,,,,,,,,,,
2026-04-25,tennis,"Madrid, Spain",WTA,Sorana Cirstea,Tyra Caterina Grant,2,0,True,2,False,1.33,,3.4,,,,,,,,,,
2026-04-25,tennis,"Madrid, Spain",WTA,Linda Noskova,Emiliana Arango,2,0,True,2,False,1.11,,6.5,,,,,,,,,,
2026-04-25,tennis,"Madrid, Spain",WTA,Yulia Putintseva,Marta Kostyuk,0,2,False,2,False,4.0,,1.25,,,,,,,,,,
2026-04-25,tennis,"Madrid, Spain",WTA,Leolia Jeanjean,Coco Gauff,0,2,False,2,False,13.0,,1.04,,,,,,,,,,
2026-04-25,tennis,"Madrid, Spain",WTA,Catherine McNally,Victoria Mboko,2,0,True,2,False,3.4,,1.33,,,,,,,,,,
2026-04-25,tennis,"Madrid, Spain",WTA,Jessica Pegula,Katie Boulter,2,0,True,2,False,1.13,,6.0,,,,,,,,,,
2026-04-25,tennis,"Madrid, Spain",WTA,Belinda Bencic,Diana Shnaider,2,0,True,2,False,1.57,,2.38,,,,,,,,,,
2026-04-25,tennis,"Madrid, Spain",WTA,Laura Samson,Anna Bondar,0,2,False,2,False,3.5,,1.3,,,,,,,,,,
2026-04-25,tennis,"Rome, Italy",Challenger,Filip Cristian Jianu,Andrea Guerrieri,0,2,False,2,False,1.83,,1.83,,,,,,,,,,
2026-04-25,tennis,"Rome, Italy",Challenger,Andrea Vavassori,Pol Martin Tiffon,1,2,False,3,True,1.57,,2.25,,,,,,,,,,
2026-04-25,tennis,"Madrid, Spain",ATP,Dušan Lajović,Arthur Rinderknech,0,2,False,2,False,2.38,,1.57,,,,,,,,,,
2026-04-25,tennis,"Madrid, Spain",ATP,Ben Shelton,Dino Prižmić,1,2,False,3,True,1.44,,2.75,,,,,,,,,,
2026-04-25,tennis,"Madrid, Spain",ATP,Jiri Lehečka,Alejandro Tabilo,2,1,True,3,True,1.62,,2.3,,,,,,,,,,
2026-04-25,tennis,"Madrid, Spain",ATP,Arthur Fils,Ignacio Buse,2,1,True,3,True,1.14,,5.5,,,,,,,,,,
2026-04-25,tennis,"Madrid, Spain",ATP,Jannik Sinner,Benjamin Bonzi,2,1,True,3,True,1.01,,26.0,,,,,,,,,,
2026-04-25,tennis,"Madrid, Spain",ATP,Sebastian Ofner,Tomas Martin Etcheverry,0,2,False,2,False,2.5,,1.53,,,,,,,,,,
2026-04-25,tennis,"Madrid, Spain",ATP,Andrey Rublev,Vit Kopřiva,0,2,False,2,False,1.3,,3.5,,,,,,,,,,
2026-04-25,tennis,"Madrid, Spain",ATP,Cameron Norrie,Tomaš Machač,2,1,True,3,True,2.2,,1.67,,,,,,,,,,
2026-04-25,tennis,"Madrid, Spain",ATP,Rafael Jodar,Alex de Minaur,2,0,True,2,False,2.1,,1.73,,,,,,,,,,
2026-04-25,tennis,"Madrid, Spain",ATP,Thiago Agustin Tirante,Tommy Paul,2,0,True,2,False,2.75,,1.44,,,,,,,,,,
2026-04-25,tennis,"Madrid, Spain",ATP,Alejandro Davidovich Fokina,Pablo Carreño Busta,2,0,True,2,False,1.44,,2.75,,,,,,,,,,
2026-04-25,tennis,"Madrid, Spain",ATP,Francisco Cerundolo,Yannick Hanfmann,2,0,True,2,False,1.36,,3.2,,,,,,,,,,
2026-04-25,tennis,"Madrid, Spain",ATP,Karen Khachanov,Adam Walton,2,0,True,2,False,1.2,,4.5,,,,,,,,,,
2026-04-25,tennis,"Madrid, Spain",WTA,Zeynep Sönmez,Cristina Bucsa,2,1,True,3,True,1.53,,2.5,,,,,,,,,,
2026-04-25,tennis,"Madrid, Spain",WTA,Janice Tjen,Liudmila Samsonova,0,2,False,2,False,2.75,,1.44,,,,,,,,,,
2026-04-25,tennis,"Madrid, Spain",WTA,Elise Mertens,Alexandra Eala,2,0,True,2,False,1.33,,3.4,,,,,,,,,,
2026-04-25,tennis,"Madrid, Spain",WTA,Elena-Gabriela Ruse,Elena Rybakina,1,2,False,3,True,11.0,,1.05,,,,,,,,,,
2026-04-25,tennis,"Madrid, Spain",WTA,Simona Waltert,Jelena Ostapenko,0,2,False,2,False,2.3,,1.62,,,,,,,,,,
2026-04-25,tennis,"Madrid, Spain",WTA,Sorana Cirstea,Tyra Caterina Grant,2,0,True,2,False,1.33,,3.4,,,,,,,,,,
2026-04-25,tennis,"Madrid, Spain",WTA,Linda Noskova,Emiliana Arango,2,0,True,2,False,1.11,,6.5,,,,,,,,,,
2026-04-25,tennis,"Madrid, Spain",WTA,Yulia Putintseva,Marta Kostyuk,0,2,False,2,False,4.0,,1.25,,,,,,,,,,
2026-04-25,tennis,"Madrid, Spain",WTA,Leolia Jeanjean,Coco Gauff,0,2,False,2,False,13.0,,1.04,,,,,,,,,,
2026-04-25,tennis,"Madrid, Spain",WTA,Catherine McNally,Victoria Mboko,2,0,True,2,False,3.4,,1.33,,,,,,,,,,
2026-04-25,tennis,"Madrid, Spain",WTA,Jessica Pegula,Katie Boulter,2,0,True,2,False,1.13,,6.0,,,,,,,,,,
2026-04-25,tennis,"Madrid, Spain",WTA,Belinda Bencic,Diana Shnaider,2,0,True,2,False,1.57,,2.38,,,,,,,,,,
2026-04-25,tennis,"Madrid, Spain",WTA,Laura Samson,Anna Bondar,0,2,False,2,False,3.5,,1.3,,,,,,,,,,
2026-04-25,tennis,"Rome, Italy",Challenger,Filip Cristian Jianu,Andrea Guerrieri,0,2,False,2,False,1.83,,1.83,,,,,,,,,,
2026-04-25,tennis,"Rome, Italy",Challenger,Andrea Vavassori,Pol Martin Tiffon,1,2,False,3,True,1.57,,2.25,,,,,,,,,,
2026-04-26,tennis,"Madrid, Spain",ATP,Juan Manuel Cerundolo,Luciano Darderi,0,2,False,2,False,2.38,,1.57,,,,,,,,,,
2026-04-26,tennis,"Madrid, Spain",ATP,Martin Damm Jr,Jakub Menšik,0,2,False,2,False,3.5,,1.3,,,,,,,,,,
2026-04-26,tennis,"Madrid, Spain",ATP,Jaume Munar,Casper Ruud,0,2,False,2,False,3.0,,1.4,,,,,,,,,,
2026-04-26,tennis,"Madrid, Spain",WTA,Leylah Fernandez,Iva Jovic,2,1,True,3,True,2.3,,1.62,,,,,,,,,,
2026-04-26,tennis,"Madrid, Spain",WTA,Mirra Andreeva,Dalma Galfi,2,0,True,2,False,1.1,,7.0,,,,,,,,,,
2026-04-26,tennis,"Madrid, Spain",ATP,Juan Manuel Cerundolo,Luciano Darderi,0,2,False,2,False,2.38,,1.57,,,,,,,,,,
2026-04-26,tennis,"Madrid, Spain",ATP,Martin Damm Jr,Jakub Menšik,0,2,False,2,False,3.5,,1.3,,,,,,,,,,
2026-04-26,tennis,"Madrid, Spain",ATP,Jaume Munar,Casper Ruud,0,2,False,2,False,3.0,,1.4,,,,,,,,,,
2026-04-26,tennis,"Madrid, Spain",ATP,Brandon Nakashima,Alexander Blockx,1,2,False,3,True,2.3,,1.62,,,,,,,,,,
2026-04-26,tennis,"Madrid, Spain",ATP,Ugo Humbert,Terence Atmane,0,2,False,2,False,1.0,,1.0,,,,,,,,,,
2026-04-26,tennis,"Madrid, Spain",ATP,Vilius Gaubas,Felix Auger-Aliassime,0,2,False,2,False,4.0,,1.25,,,,,,,,,,
2026-04-26,tennis,"Madrid, Spain",ATP,Mariano Navone,Alexander Zverev,1,2,False,3,True,4.33,,1.22,,,,,,,,,,
2026-04-26,tennis,"Madrid, Spain",ATP,Camilo Ugo Carabelli,Flavio Cobolli,1,2,False,3,True,2.75,,1.44,,,,,,,,,,
2026-04-26,tennis,"Madrid, Spain",ATP,Learner Tien,Adolfo Daniel Vallejo,0,2,False,2,False,2.38,,1.57,,,,,,,,,,
2026-04-26,tennis,"Madrid, Spain",ATP,Daniil Medvedev,Fábián Marozsán,2,1,True,3,True,1.62,,2.3,,,,,,,,,,
2026-04-26,tennis,"Madrid, Spain",ATP,Daniel Merida,Corentin Moutet,2,0,True,2,False,2.63,,1.5,,,,,,,,,,
2026-04-26,tennis,"Madrid, Spain",ATP,Nicolai Budkov Kjaer,Denis Shapovalov,2,0,True,2,False,2.3,,1.62,,,,,,,,,,
2026-04-26,tennis,"Madrid, Spain",ATP,Alexander Bublik,Stefanos Tsitsipas,0,2,False,2,False,1.5,,2.63,,,,,,,,,,
2026-04-26,tennis,"Madrid, Spain",ATP,Jiri Lehečka,Alex Michelsen,2,0,True,2,False,1.36,,3.2,,,,,,,,,,
2026-04-26,tennis,"Madrid, Spain",WTA,Leylah Fernandez,Iva Jovic,2,1,True,3,True,2.3,,1.62,,,,,,,,,,
2026-04-26,tennis,"Madrid, Spain",WTA,Mirra Andreeva,Dalma Galfi,2,0,True,2,False,1.1,,7.0,,,,,,,,,,
2026-04-26,tennis,"Madrid, Spain",WTA,Hailey Baptiste,Jasmine Paolini,2,0,True,2,False,2.3,,1.62,,,,,,,,,,
2026-04-26,tennis,"Madrid, Spain",WTA,Aryna Sabalenka,Jaqueline Cristian,2,0,True,2,False,1.03,,15.0,,,,,,,,,,
2026-04-26,tennis,"Madrid, Spain",WTA,Anhelina Kalinina,Naomi Osaka,0,2,False,2,False,2.2,,1.67,,,,,,,,,,
2026-04-26,tennis,"Madrid, Spain",WTA,Katerina Siniakova,Catherine McNally,1,2,False,3,True,2.1,,1.73,,,,,,,,,,
2026-04-26,tennis,"Madrid, Spain",WTA,Solana Sierra,Zeynep Sönmez,2,1,True,3,True,2.38,,1.57,,,,,,,,,,
2026-04-26,tennis,"Madrid, Spain",WTA,Sorana Cirstea,Coco Gauff,1,2,False,3,True,4.0,,1.25,,,,,,,,,,
2026-04-26,tennis,"Rome, Italy",Challenger,Dalibor Svrčina,Jacopo Vasamì,2,0,True,2,False,1.44,,2.62,,,,,,,,,,
2026-04-26,tennis,"Rome, Italy",Challenger,Andrea Guerrieri,Pol Martin Tiffon,2,0,True,2,False,1.73,,2.0,,,,,,,,,,
2026-04-26,tennis,"Madrid, Spain",ATP,Juan Manuel Cerundolo,Luciano Darderi,0,2,False,2,False,2.38,,1.57,,,,,,,,,,
2026-04-26,tennis,"Madrid, Spain",ATP,Martin Damm Jr,Jakub Menšik,0,2,False,2,False,3.5,,1.3,,,,,,,,,,
2026-04-26,tennis,"Madrid, Spain",ATP,Jaume Munar,Casper Ruud,0,2,False,2,False,3.0,,1.4,,,,,,,,,,
2026-04-26,tennis,"Madrid, Spain",ATP,Brandon Nakashima,Alexander Blockx,1,2,False,3,True,2.3,,1.62,,,,,,,,,,
2026-04-26,tennis,"Madrid, Spain",ATP,Ugo Humbert,Terence Atmane,0,2,False,2,False,1.0,,1.0,,,,,,,,,,
2026-04-26,tennis,"Madrid, Spain",ATP,Vilius Gaubas,Felix Auger-Aliassime,0,2,False,2,False,4.0,,1.25,,,,,,,,,,
2026-04-26,tennis,"Madrid, Spain",ATP,Mariano Navone,Alexander Zverev,1,2,False,3,True,4.33,,1.22,,,,,,,,,,
2026-04-26,tennis,"Madrid, Spain",ATP,Camilo Ugo Carabelli,Flavio Cobolli,1,2,False,3,True,2.75,,1.44,,,,,,,,,,
2026-04-26,tennis,"Madrid, Spain",ATP,Learner Tien,Adolfo Daniel Vallejo,0,2,False,2,False,2.38,,1.57,,,,,,,,,,
2026-04-26,tennis,"Madrid, Spain",ATP,Daniil Medvedev,Fábián Marozsán,2,1,True,3,True,1.62,,2.3,,,,,,,,,,
2026-04-26,tennis,"Madrid, Spain",ATP,Daniel Merida,Corentin Moutet,2,0,True,2,False,2.63,,1.5,,,,,,,,,,
2026-04-26,tennis,"Madrid, Spain",ATP,Nicolai Budkov Kjaer,Denis Shapovalov,2,0,True,2,False,2.3,,1.62,,,,,,,,,,
2026-04-26,tennis,"Madrid, Spain",ATP,Alexander Bublik,Stefanos Tsitsipas,0,2,False,2,False,1.5,,2.63,,,,,,,,,,
2026-04-26,tennis,"Madrid, Spain",ATP,Jiri Lehečka,Alex Michelsen,2,0,True,2,False,1.36,,3.2,,,,,,,,,,
2026-04-26,tennis,"Madrid, Spain",WTA,Leylah Fernandez,Iva Jovic,2,1,True,3,True,2.3,,1.62,,,,,,,,,,
2026-04-26,tennis,"Madrid, Spain",WTA,Mirra Andreeva,Dalma Galfi,2,0,True,2,False,1.1,,7.0,,,,,,,,,,
2026-04-26,tennis,"Madrid, Spain",WTA,Hailey Baptiste,Jasmine Paolini,2,0,True,2,False,2.3,,1.62,,,,,,,,,,
2026-04-26,tennis,"Madrid, Spain",WTA,Aryna Sabalenka,Jaqueline Cristian,2,0,True,2,False,1.03,,15.0,,,,,,,,,,
2026-04-26,tennis,"Madrid, Spain",WTA,Anhelina Kalinina,Naomi Osaka,0,2,False,2,False,2.2,,1.67,,,,,,,,,,
2026-04-26,tennis,"Madrid, Spain",WTA,Katerina Siniakova,Catherine McNally,1,2,False,3,True,2.1,,1.73,,,,,,,,,,
2026-04-26,tennis,"Madrid, Spain",WTA,Solana Sierra,Zeynep Sönmez,2,1,True,3,True,2.38,,1.57,,,,,,,,,,
2026-04-26,tennis,"Madrid, Spain",WTA,Sorana Cirstea,Coco Gauff,1,2,False,3,True,4.0,,1.25,,,,,,,,,,
2026-04-26,tennis,"Rome, Italy",Challenger,Dalibor Svrčina,Jacopo Vasamì,2,0,True,2,False,1.44,,2.62,,,,,,,,,,
2026-04-26,tennis,"Rome, Italy",Challenger,Andrea Guerrieri,Pol Martin Tiffon,2,0,True,2,False,1.73,,2.0,,,,,,,,,,
2026-04-27,tennis,"Madrid, Spain",ATP,Tallon Griekspoor,Lorenzo Musetti,0,2,False,2,False,4.0,,1.25,,,,,,,,,,
2026-04-27,tennis,"Madrid, Spain",WTA,Elise Mertens,Karolína Plíšková,1,2,False,3,True,1.36,,3.2,,,,,,,,,,
2026-04-27,tennis,"Madrid, Spain",ATP,Tallon Griekspoor,Lorenzo Musetti,0,2,False,2,False,4.0,,1.25,,,,,,,,,,
2026-04-27,tennis,"Madrid, Spain",ATP,Dino Prižmić,Tomas Martin Etcheverry,1,2,False,3,True,2.0,,1.8,,,,,,,,,,
2026-04-27,tennis,"Madrid, Spain",ATP,Jannik Sinner,Elmer Moller,2,0,True,2,False,1.01,,29.0,,,,,,,,,,
2026-04-27,tennis,"Madrid, Spain",ATP,Arthur Fils,Emilio Nava,2,0,True,2,False,1.14,,5.5,,,,,,,,,,
2026-04-27,tennis,"Madrid, Spain",ATP,Cameron Norrie,Thiago Agustin Tirante,2,0,True,2,False,1.73,,2.1,,,,,,,,,,
2026-04-27,tennis,"Madrid, Spain",ATP,Joao Fonseca,Rafael Jodar,1,2,False,3,True,2.1,,1.73,,,,,,,,,,
2026-04-27,tennis,"Madrid, Spain",ATP,Alejandro Davidovich Fokina,Casper Ruud,0,2,False,2,False,3.2,,1.36,,,,,,,,,,
2026-04-27,tennis,"Madrid, Spain",WTA,Elise Mertens,Karolína Plíšková,1,2,False,3,True,1.36,,3.2,,,,,,,,,,
2026-04-27,tennis,"Madrid, Spain",WTA,Jessica Pegula,Marta Kostyuk,0,2,False,2,False,1.67,,2.2,,,,,,,,,,
2026-04-27,tennis,"Madrid, Spain",WTA,Qinwen Zheng,Elena Rybakina,1,2,False,3,True,4.0,,1.25,,,,,,,,,,
2026-04-27,tennis,"Madrid, Spain",WTA,Anastasia Potapova,Jelena Ostapenko,2,1,True,3,True,2.0,,1.8,,,,,,,,,,
2026-04-27,tennis,"Madrid, Spain",WTA,Ann Li,Leylah Fernandez,0,2,False,2,False,2.38,,1.57,,,,,,,,,,
2026-04-27,tennis,"Madrid, Spain",WTA,Belinda Bencic,Hailey Baptiste,1,2,False,3,True,1.4,,3.0,,,,,,,,,,
2026-04-27,tennis,"Rome, Italy",Challenger,Dalibor Svrčina,Andrea Guerrieri,1,2,False,3,True,1.44,,2.62,,,,,,,,,,
2026-04-27,tennis,"Madrid, Spain",ATP,Tallon Griekspoor,Lorenzo Musetti,0,2,False,2,False,4.0,,1.25,,,,,,,,,,
2026-04-27,tennis,"Madrid, Spain",ATP,Dino Prižmić,Tomas Martin Etcheverry,1,2,False,3,True,2.0,,1.8,,,,,,,,,,
2026-04-27,tennis,"Madrid, Spain",ATP,Jannik Sinner,Elmer Moller,2,0,True,2,False,1.01,,29.0,,,,,,,,,,
2026-04-27,tennis,"Madrid, Spain",ATP,Arthur Fils,Emilio Nava,2,0,True,2,False,1.14,,5.5,,,,,,,,,,
2026-04-27,tennis,"Madrid, Spain",ATP,Cameron Norrie,Thiago Agustin Tirante,2,0,True,2,False,1.73,,2.1,,,,,,,,,,
2026-04-27,tennis,"Madrid, Spain",ATP,Joao Fonseca,Rafael Jodar,1,2,False,3,True,2.1,,1.73,,,,,,,,,,
2026-04-27,tennis,"Madrid, Spain",ATP,Alejandro Davidovich Fokina,Casper Ruud,0,2,False,2,False,3.2,,1.36,,,,,,,,,,
2026-04-27,tennis,"Madrid, Spain",WTA,Elise Mertens,Karolína Plíšková,1,2,False,3,True,1.36,,3.2,,,,,,,,,,
2026-04-27,tennis,"Madrid, Spain",WTA,Jessica Pegula,Marta Kostyuk,0,2,False,2,False,1.67,,2.2,,,,,,,,,,
2026-04-27,tennis,"Madrid, Spain",WTA,Qinwen Zheng,Elena Rybakina,1,2,False,3,True,4.0,,1.25,,,,,,,,,,
2026-04-27,tennis,"Madrid, Spain",WTA,Anastasia Potapova,Jelena Ostapenko,2,1,True,3,True,2.0,,1.8,,,,,,,,,,
2026-04-27,tennis,"Madrid, Spain",WTA,Ann Li,Leylah Fernandez,0,2,False,2,False,2.38,,1.57,,,,,,,,,,
2026-04-27,tennis,"Madrid, Spain",WTA,Belinda Bencic,Hailey Baptiste,1,2,False,3,True,1.4,,3.0,,,,,,,,,,
2026-04-27,tennis,"Rome, Italy",Challenger,Dalibor Svrčina,Andrea Guerrieri,1,2,False,3,True,1.44,,2.62,,,,,,,,,,
2026-04-28,tennis,"Madrid, Spain",WTA,Aryna Sabalenka,Naomi Osaka,2,1,True,3,True,1.13,,6.0,,,,,,,,,,
2026-04-28,tennis,"Madrid, Spain",WTA,Solana Sierra,Karolína Plíšková,0,2,False,2,False,2.38,,1.57,,,,,,,,,,
2026-04-28,tennis,"Madrid, Spain",ATP,Stefanos Tsitsipas,Daniel Merida,2,0,True,2,False,1.4,,3.0,,,,,,,,,,
2026-04-28,tennis,"Madrid, Spain",ATP,Francisco Cerundolo,Luciano Darderi,2,0,True,2,False,1.44,,2.75,,,,,,,,,,
2026-04-28,tennis,"Madrid, Spain",ATP,Daniil Medvedev,Nicolai Budkov Kjaer,2,0,True,2,False,1.33,,3.4,,,,,,,,,,
2026-04-28,tennis,"Madrid, Spain",ATP,Alexander Blockx,Felix Auger-Aliassime,2,0,True,2,False,3.4,,1.33,,,,,,,,,,
2026-04-28,tennis,"Madrid, Spain",ATP,Adolfo Daniel Vallejo,Flavio Cobolli,0,2,False,2,False,2.75,,1.44,,,,,,,,,,
2026-04-28,tennis,"Madrid, Spain",ATP,Terence Atmane,Alexander Zverev,0,2,False,2,False,5.5,,1.14,,,,,,,,,,
2026-04-28,tennis,"Madrid, Spain",ATP,Karen Khachanov,Jakub Menšik,0,2,False,2,False,2.5,,1.53,,,,,,,,,,
2026-04-28,tennis,"Madrid, Spain",ATP,Jannik Sinner,Cameron Norrie,2,0,True,2,False,1.02,,19.0,,,,,,,,,,
2026-04-28,tennis,"Madrid, Spain",ATP,Tomas Martin Etcheverry,Arthur Fils,0,2,False,2,False,3.5,,1.3,,,,,,,,,,
2026-04-28,tennis,"Madrid, Spain",WTA,Aryna Sabalenka,Naomi Osaka,2,1,True,3,True,1.13,,6.0,,,,,,,,,,
2026-04-28,tennis,"Madrid, Spain",WTA,Solana Sierra,Karolína Plíšková,0,2,False,2,False,2.38,,1.57,,,,,,,,,,
2026-04-28,tennis,"Madrid, Spain",WTA,Mirra Andreeva,Anna Bondar,2,1,True,3,True,1.2,,4.5,,,,,,,,,,
2026-04-28,tennis,"Madrid, Spain",WTA,Linda Noskova,Coco Gauff,2,1,True,3,True,2.38,,1.57,,,,,,,,,,
2026-04-28,tennis,"Madrid, Spain",WTA,Marta Kostyuk,Catherine McNally,2,0,True,2,False,1.17,,5.0,,,,,,,,,,
2026-04-28,tennis,"Madrid, Spain",WTA,Anastasia Potapova,Elena Rybakina,2,0,True,2,False,5.5,,1.14,,,,,,,,,,
2026-04-28,tennis,ITF W15 Madrid Women,ITF Women,Maileen Nuudi,María Jiménez Pérez,2,0,True,2,False,1.07,,7.5,,,,,,,,,,
2026-04-28,tennis,ITF W15 Madrid Women,ITF Women,Analu Freitas,Elizabeth Jurna,0,2,False,2,False,3.4,,1.3,,,,,,,,,,
2026-04-28,tennis,ITF W15 Madrid Women,ITF Women,Teresa Franco Dias,Sorana Matis,0,2,False,2,False,3.75,,1.25,,,,,,,,,,
2026-04-28,tennis,ITF W15 Madrid Women,ITF Women,Anna Cabassers Morros,Sophie Martin,0,2,False,2,False,4.5,,1.17,,,,,,,,,,
2026-04-28,tennis,ITF W15 Madrid Women,ITF Women,Sophie Luescher,Nuppu Palm,2,0,True,2,False,1.57,,2.25,,,,,,,,,,
2026-04-28,tennis,ITF W15 Madrid Women,ITF Women,Anna Boron,Ana Maye Martinez,0,2,False,2,False,1.73,,2.0,,,,,,,,,,
2026-04-28,tennis,ITF W15 Madrid Women,ITF Women,Jordina Font,Nadia Podoroska,0,2,False,2,False,7.5,,1.07,,,,,,,,,,
2026-04-28,tennis,ITF W15 Madrid Women,ITF Women,Marta Leon Jaume,Rocio Patier,2,1,True,3,True,1.08,,7.0,,,,,,,,,,
2026-04-28,tennis,"Madrid, Spain",ATP,Stefanos Tsitsipas,Daniel Merida,2,0,True,2,False,1.4,,3.0,,,,,,,,,,
2026-04-28,tennis,"Madrid, Spain",ATP,Francisco Cerundolo,Luciano Darderi,2,0,True,2,False,1.44,,2.75,,,,,,,,,,
2026-04-28,tennis,"Madrid, Spain",ATP,Daniil Medvedev,Nicolai Budkov Kjaer,2,0,True,2,False,1.33,,3.4,,,,,,,,,,
2026-04-28,tennis,"Madrid, Spain",ATP,Alexander Blockx,Felix Auger-Aliassime,2,0,True,2,False,3.4,,1.33,,,,,,,,,,
2026-04-28,tennis,"Madrid, Spain",ATP,Adolfo Daniel Vallejo,Flavio Cobolli,0,2,False,2,False,2.75,,1.44,,,,,,,,,,
2026-04-28,tennis,"Madrid, Spain",ATP,Terence Atmane,Alexander Zverev,0,2,False,2,False,5.5,,1.14,,,,,,,,,,
2026-04-28,tennis,"Madrid, Spain",ATP,Karen Khachanov,Jakub Menšik,0,2,False,2,False,2.5,,1.53,,,,,,,,,,
2026-04-28,tennis,"Madrid, Spain",ATP,Jannik Sinner,Cameron Norrie,2,0,True,2,False,1.02,,19.0,,,,,,,,,,
2026-04-28,tennis,"Madrid, Spain",ATP,Tomas Martin Etcheverry,Arthur Fils,0,2,False,2,False,3.5,,1.3,,,,,,,,,,
2026-04-28,tennis,"Madrid, Spain",WTA,Aryna Sabalenka,Naomi Osaka,2,1,True,3,True,1.13,,6.0,,,,,,,,,,
2026-04-28,tennis,"Madrid, Spain",WTA,Solana Sierra,Karolína Plíšková,0,2,False,2,False,2.38,,1.57,,,,,,,,,,
2026-04-28,tennis,"Madrid, Spain",WTA,Mirra Andreeva,Anna Bondar,2,1,True,3,True,1.2,,4.5,,,,,,,,,,
2026-04-28,tennis,"Madrid, Spain",WTA,Linda Noskova,Coco Gauff,2,1,True,3,True,2.38,,1.57,,,,,,,,,,
2026-04-28,tennis,"Madrid, Spain",WTA,Marta Kostyuk,Catherine McNally,2,0,True,2,False,1.17,,5.0,,,,,,,,,,
2026-04-28,tennis,"Madrid, Spain",WTA,Anastasia Potapova,Elena Rybakina,2,0,True,2,False,5.5,,1.14,,,,,,,,,,
2026-04-28,tennis,ITF W15 Madrid Women,ITF Women,Maileen Nuudi,María Jiménez Pérez,2,0,True,2,False,1.07,,7.5,,,,,,,,,,
2026-04-28,tennis,ITF W15 Madrid Women,ITF Women,Analu Freitas,Elizabeth Jurna,0,2,False,2,False,3.4,,1.3,,,,,,,,,,
2026-04-28,tennis,ITF W15 Madrid Women,ITF Women,Teresa Franco Dias,Sorana Matis,0,2,False,2,False,3.75,,1.25,,,,,,,,,,
2026-04-28,tennis,ITF W15 Madrid Women,ITF Women,Anna Cabassers Morros,Sophie Martin,0,2,False,2,False,4.5,,1.17,,,,,,,,,,
2026-04-28,tennis,ITF W15 Madrid Women,ITF Women,Sophie Luescher,Nuppu Palm,2,0,True,2,False,1.57,,2.25,,,,,,,,,,
2026-04-28,tennis,ITF W15 Madrid Women,ITF Women,Anna Boron,Ana Maye Martinez,0,2,False,2,False,1.73,,2.0,,,,,,,,,,
2026-04-28,tennis,ITF W15 Madrid Women,ITF Women,Jordina Font,Nadia Podoroska,0,2,False,2,False,7.5,,1.07,,,,,,,,,,
2026-04-28,tennis,ITF W15 Madrid Women,ITF Women,Marta Leon Jaume,Rocio Patier,2,1,True,3,True,1.08,,7.0,,,,,,,,,,
2026-04-29,tennis,"Madrid, Spain",ATP,Jiri Lehečka,Lorenzo Musetti,2,0,True,2,False,2.3,,1.62,,,,,,,,,,
2026-04-29,tennis,"Madrid, Spain",WTA,Leylah Fernandez,Mirra Andreeva,0,2,False,2,False,3.0,,1.4,,,,,,,,,,
2026-04-29,tennis,"Madrid, Spain",ATP,Jiri Lehečka,Lorenzo Musetti,2,0,True,2,False,2.3,,1.62,,,,,,,,,,
2026-04-29,tennis,"Madrid, Spain",ATP,Stefanos Tsitsipas,Casper Ruud,1,2,False,3,True,3.2,,1.36,,,,,,,,,,
2026-04-29,tennis,"Madrid, Spain",ATP,Vit Kopřiva,Rafael Jodar,0,2,False,2,False,5.0,,1.17,,,,,,,,,,
2026-04-29,tennis,"Madrid, Spain",ATP,Francisco Cerundolo,Alexander Blockx,0,2,False,2,False,1.4,,3.0,,,,,,,,,,
2026-04-29,tennis,"Madrid, Spain",ATP,Daniil Medvedev,Flavio Cobolli,1,2,False,3,True,1.8,,2.0,,,,,,,,,,
2026-04-29,tennis,"Madrid, Spain",ATP,Jakub Menšik,Alexander Zverev,1,2,False,3,True,2.75,,1.44,,,,,,,,,,
2026-04-29,tennis,"Madrid, Spain",WTA,Leylah Fernandez,Mirra Andreeva,0,2,False,2,False,3.0,,1.4,,,,,,,,,,
2026-04-29,tennis,"Madrid, Spain",WTA,Aryna Sabalenka,Hailey Baptiste,1,2,False,3,True,1.1,,7.0,,,,,,,,,,
2026-04-29,tennis,ITF W15 Madrid Women,ITF Women,Marta Soriano Santiago,Elizabeth Jurna,2,0,True,2,False,1.07,,7.5,,,,,,,,,,
2026-04-29,tennis,ITF W15 Madrid Women,ITF Women,Maileen Nuudi,Tamara Šramková,2,0,True,2,False,1.3,,3.4,,,,,,,,,,
2026-04-29,tennis,ITF W15 Madrid Women,ITF Women,Marie Vogt,Emma Slavikova,0,2,False,2,False,1.2,,4.33,,,,,,,,,,
2026-04-29,tennis,ITF W15 Madrid Women,ITF Women,Sevil Yuldasheva,Sophie Luescher,2,0,True,2,False,1.44,,2.62,,,,,,,,,,
2026-04-29,tennis,"Madrid, Spain",ATP,Jiri Lehečka,Lorenzo Musetti,2,0,True,2,False,2.3,,1.62,,,,,,,,,,
2026-04-29,tennis,"Madrid, Spain",ATP,Stefanos Tsitsipas,Casper Ruud,1,2,False,3,True,3.2,,1.36,,,,,,,,,,
2026-04-29,tennis,"Madrid, Spain",ATP,Vit Kopřiva,Rafael Jodar,0,2,False,2,False,5.0,,1.17,,,,,,,,,,
2026-04-29,tennis,"Madrid, Spain",ATP,Francisco Cerundolo,Alexander Blockx,0,2,False,2,False,1.4,,3.0,,,,,,,,,,
2026-04-29,tennis,"Madrid, Spain",ATP,Daniil Medvedev,Flavio Cobolli,1,2,False,3,True,1.8,,2.0,,,,,,,,,,
2026-04-29,tennis,"Madrid, Spain",ATP,Jakub Menšik,Alexander Zverev,1,2,False,3,True,2.75,,1.44,,,,,,,,,,
2026-04-29,tennis,"Madrid, Spain",WTA,Leylah Fernandez,Mirra Andreeva,0,2,False,2,False,3.0,,1.4,,,,,,,,,,
2026-04-29,tennis,"Madrid, Spain",WTA,Aryna Sabalenka,Hailey Baptiste,1,2,False,3,True,1.1,,7.0,,,,,,,,,,
2026-04-29,tennis,ITF W15 Madrid Women,ITF Women,Marta Soriano Santiago,Elizabeth Jurna,2,0,True,2,False,1.07,,7.5,,,,,,,,,,
2026-04-29,tennis,ITF W15 Madrid Women,ITF Women,Maileen Nuudi,Tamara Šramková,2,0,True,2,False,1.3,,3.4,,,,,,,,,,
2026-04-29,tennis,ITF W15 Madrid Women,ITF Women,Marie Vogt,Emma Slavikova,0,2,False,2,False,1.2,,4.33,,,,,,,,,,
2026-04-29,tennis,ITF W15 Madrid Women,ITF Women,Sevil Yuldasheva,Sophie Luescher,2,0,True,2,False,1.44,,2.62,,,,,,,,,,
2026-04-30,tennis,"Madrid, Spain",WTA,Karolína Plíšková,Anastasia Potapova,1,2,False,3,True,2.5,,1.53,,,,,,,,,,
2026-04-30,tennis,ITF W15 Madrid Women,ITF Women,Carmen Gallardo Guevara,Maria Toma,2,0,True,2,False,1.4,,2.75,,,,,,,,,,
2026-04-30,tennis,ITF W15 Madrid Women,ITF Women,Shannon Lam,Eloise Gournay,2,0,True,2,False,1.01,,15.0,,,,,,,,,,
2026-04-30,tennis,ITF W15 Madrid Women,ITF Women,Ana Maye Martinez,Patricia Georgiana Goina,2,0,True,2,False,3.75,,1.25,,,,,,,,,,
2026-04-30,tennis,ITF W15 Madrid Women,ITF Women,Monika Stankiewicz,Sorana Matis,2,0,True,2,False,1.1,,6.5,,,,,,,,,,
2026-04-30,tennis,"Madrid, Spain",ATP,Jannik Sinner,Rafael Jodar,2,0,True,2,False,1.17,,5.0,,,,,,,,,,
2026-04-30,tennis,"Madrid, Spain",ATP,Arthur Fils,Jiri Lehečka,2,0,True,2,False,1.53,,2.5,,,,,,,,,,
2026-04-30,tennis,"Madrid, Spain",WTA,Karolína Plíšková,Anastasia Potapova,1,2,False,3,True,2.5,,1.53,,,,,,,,,,
2026-04-30,tennis,"Madrid, Spain",WTA,Marta Kostyuk,Linda Noskova,2,0,True,2,False,1.44,,2.75,,,,,,,,,,
2026-04-30,tennis,ITF W15 Madrid Women,ITF Women,Carmen Gallardo Guevara,Maria Toma,2,0,True,2,False,1.4,,2.75,,,,,,,,,,
2026-04-30,tennis,ITF W15 Madrid Women,ITF Women,Shannon Lam,Eloise Gournay,2,0,True,2,False,1.01,,15.0,,,,,,,,,,
2026-04-30,tennis,ITF W15 Madrid Women,ITF Women,Ana Maye Martinez,Patricia Georgiana Goina,2,0,True,2,False,3.75,,1.25,,,,,,,,,,
2026-04-30,tennis,ITF W15 Madrid Women,ITF Women,Monika Stankiewicz,Sorana Matis,2,0,True,2,False,1.1,,6.5,,,,,,,,,,
2026-04-30,tennis,ITF W15 Madrid Women,ITF Women,Nadia Podoroska,Marina Benito,2,0,True,2,False,1.02,,10.5,,,,,,,,,,
2026-04-30,tennis,ITF W15 Madrid Women,ITF Women,Marta Leon Jaume,Min Liu,2,0,True,2,False,2.38,,1.53,,,,,,,,,,
2026-04-30,tennis,ITF W15 Madrid Women,ITF Women,Sophie Martin,Marine Szostak,0,2,False,2,False,5.0,,1.14,,,,,,,,,,
2026-04-30,tennis,ITF W15 Madrid Women,ITF Women,Monika Stankiewicz,Nadia Podoroska,0,2,False,2,False,3.75,,1.25,,,,,,,,,,
2026-04-30,tennis,ITF W15 Madrid Women,ITF Women,Asylzhan Arystanbekova,Claudia Ferrer Pérez,2,0,True,2,False,1.91,,1.8,,,,,,,,,,
2026-04-30,tennis,ITF W15 Madrid Women,ITF Women,Emma Slavikova,Sevil Yuldasheva,2,0,True,2,False,1.83,,1.83,,,,,,,,,,
2026-04-30,tennis,ITF W15 Madrid Women,ITF Women,Marta Leon Jaume,Marine Szostak,0,2,False,2,False,7.0,,1.08,,,,,,,,,,
2026-04-30,tennis,ITF W15 Madrid Women,ITF Women,Shannon Lam,Ana Maye Martinez,2,0,True,2,False,1.2,,4.33,,,,,,,,,,
2026-04-30,tennis,ITF W15 Madrid Women,ITF Women,Maileen Nuudi,Stefaniya Pushkar,2,0,True,2,False,1.44,,2.62,,,,,,,,,,
2026-04-30,tennis,"Madrid, Spain",ATP,Jannik Sinner,Rafael Jodar,2,0,True,2,False,1.17,,5.0,,,,,,,,,,
2026-04-30,tennis,"Madrid, Spain",ATP,Arthur Fils,Jiri Lehečka,2,0,True,2,False,1.53,,2.5,,,,,,,,,,
2026-04-30,tennis,"Madrid, Spain",WTA,Karolína Plíšková,Anastasia Potapova,1,2,False,3,True,2.5,,1.53,,,,,,,,,,
2026-04-30,tennis,"Madrid, Spain",WTA,Marta Kostyuk,Linda Noskova,2,0,True,2,False,1.44,,2.75,,,,,,,,,,
2026-04-30,tennis,ITF W15 Madrid Women,ITF Women,Carmen Gallardo Guevara,Maria Toma,2,0,True,2,False,1.4,,2.75,,,,,,,,,,
2026-04-30,tennis,ITF W15 Madrid Women,ITF Women,Shannon Lam,Eloise Gournay,2,0,True,2,False,1.01,,15.0,,,,,,,,,,
2026-04-30,tennis,ITF W15 Madrid Women,ITF Women,Ana Maye Martinez,Patricia Georgiana Goina,2,0,True,2,False,3.75,,1.25,,,,,,,,,,
2026-04-30,tennis,ITF W15 Madrid Women,ITF Women,Monika Stankiewicz,Sorana Matis,2,0,True,2,False,1.1,,6.5,,,,,,,,,,
2026-04-30,tennis,ITF W15 Madrid Women,ITF Women,Nadia Podoroska,Marina Benito,2,0,True,2,False,1.02,,10.5,,,,,,,,,,
2026-04-30,tennis,ITF W15 Madrid Women,ITF Women,Marta Leon Jaume,Min Liu,2,0,True,2,False,2.38,,1.53,,,,,,,,,,
2026-04-30,tennis,ITF W15 Madrid Women,ITF Women,Sophie Martin,Marine Szostak,0,2,False,2,False,5.0,,1.14,,,,,,,,,,
2026-04-30,tennis,ITF W15 Madrid Women,ITF Women,Monika Stankiewicz,Nadia Podoroska,0,2,False,2,False,3.75,,1.25,,,,,,,,,,
2026-04-30,tennis,ITF W15 Madrid Women,ITF Women,Asylzhan Arystanbekova,Claudia Ferrer Pérez,2,0,True,2,False,1.91,,1.8,,,,,,,,,,
2026-04-30,tennis,ITF W15 Madrid Women,ITF Women,Emma Slavikova,Sevil Yuldasheva,2,0,True,2,False,1.83,,1.83,,,,,,,,,,
2026-04-30,tennis,ITF W15 Madrid Women,ITF Women,Marta Leon Jaume,Marine Szostak,0,2,False,2,False,7.0,,1.08,,,,,,,,,,
2026-04-30,tennis,ITF W15 Madrid Women,ITF Women,Shannon Lam,Ana Maye Martinez,2,0,True,2,False,1.2,,4.33,,,,,,,,,,
2026-04-30,tennis,ITF W15 Madrid Women,ITF Women,Maileen Nuudi,Stefaniya Pushkar,2,0,True,2,False,1.44,,2.62,,,,,,,,,,
2026-05-01,tennis,"Madrid, Spain",ATP,Casper Ruud,Alexander Blockx,0,2,False,2,False,1.3,,3.5,,,,,,,,,,
2026-05-01,tennis,ITF W15 Madrid Women,ITF Women,Maria Garcia Cid,Marta Soriano Santiago,2,0,True,2,False,1.29,,3.5,,,,,,,,,,
2026-05-01,tennis,"Madrid, Spain",ATP,Casper Ruud,Alexander Blockx,0,2,False,2,False,1.3,,3.5,,,,,,,,,,
2026-05-01,tennis,"Madrid, Spain",ATP,Flavio Cobolli,Alexander Zverev,0,2,False,2,False,3.0,,1.4,,,,,,,,,,
2026-05-01,tennis,"Madrid, Spain",WTA,Hailey Baptiste,Mirra Andreeva,0,2,False,2,False,2.75,,1.44,,,,,,,,,,
2026-05-01,tennis,"Madrid, Spain",WTA,Marta Kostyuk,Anastasia Potapova,2,1,True,3,True,1.33,,3.4,,,,,,,,,,
2026-05-01,tennis,ITF W15 Madrid Women,ITF Women,Maria Garcia Cid,Marta Soriano Santiago,2,0,True,2,False,1.29,,3.5,,,,,,,,,,
2026-05-01,tennis,ITF W15 Madrid Women,ITF Women,Maria Garcia Cid,Asylzhan Arystanbekova,2,0,True,2,False,1.17,,4.5,,,,,,,,,,
2026-05-01,tennis,"Madrid, Spain",ATP,Casper Ruud,Alexander Blockx,0,2,False,2,False,1.3,,3.5,,,,,,,,,,
2026-05-01,tennis,"Madrid, Spain",ATP,Flavio Cobolli,Alexander Zverev,0,2,False,2,False,3.0,,1.4,,,,,,,,,,
2026-05-01,tennis,"Madrid, Spain",WTA,Hailey Baptiste,Mirra Andreeva,0,2,False,2,False,2.75,,1.44,,,,,,,,,,
2026-05-01,tennis,"Madrid, Spain",WTA,Marta Kostyuk,Anastasia Potapova,2,1,True,3,True,1.33,,3.4,,,,,,,,,,
2026-05-01,tennis,ITF W15 Madrid Women,ITF Women,Maria Garcia Cid,Marta Soriano Santiago,2,0,True,2,False,1.29,,3.5,,,,,,,,,,
2026-05-01,tennis,ITF W15 Madrid Women,ITF Women,Maria Garcia Cid,Asylzhan Arystanbekova,2,0,True,2,False,1.17,,4.5,,,,,,,,,,
2026-05-02,tennis,ITF W15 Madrid Women,ITF Women,Emma Slavikova,Maileen Nuudi,2,0,True,2,False,3.4,,1.3,,,,,,,,,,
2026-05-02,tennis,"Madrid, Spain",ATP,Jannik Sinner,Arthur Fils,2,0,True,2,False,1.14,,5.5,,,,,,,,,,
2026-05-02,tennis,"Madrid, Spain",ATP,Alexander Blockx,Alexander Zverev,0,2,False,2,False,4.33,,1.22,,,,,,,,,,
2026-05-02,tennis,ITF W15 Madrid Women,ITF Women,Emma Slavikova,Maileen Nuudi,2,0,True,2,False,3.4,,1.3,,,,,,,,,,
2026-05-02,tennis,ITF W15 Madrid Women,ITF Women,Shannon Lam,Marine Szostak,0,2,False,2,False,1.5,,2.5,,,,,,,,,,
2026-05-02,tennis,"Madrid, Spain",ATP,Jannik Sinner,Arthur Fils,2,0,True,2,False,1.14,,5.5,,,,,,,,,,
2026-05-02,tennis,"Madrid, Spain",ATP,Alexander Blockx,Alexander Zverev,0,2,False,2,False,4.33,,1.22,,,,,,,,,,
2026-05-02,tennis,ITF W15 Madrid Women,ITF Women,Emma Slavikova,Maileen Nuudi,2,0,True,2,False,3.4,,1.3,,,,,,,,,,
2026-05-02,tennis,ITF W15 Madrid Women,ITF Women,Shannon Lam,Marine Szostak,0,2,False,2,False,1.5,,2.5,,,,,,,,,,
2026-05-03,tennis,"Madrid, Spain",WTA,Mirra Andreeva,Marta Kostyuk,0,2,False,2,False,1.67,,2.2,,,,,,,,,,
2026-05-03,tennis,ITF W15 Madrid Women,ITF Women,Nadia Podoroska,Marine Szostak,2,1,True,3,True,1.83,,1.83,,,,,,,,,,
2026-05-03,tennis,ITF W15 Madrid Women,ITF Women,Emma Slavikova,Maria Garcia Cid,0,2,False,2,False,7.0,,1.08,,,,,,,,,,
2026-05-03,tennis,"Madrid, Spain",WTA,Mirra Andreeva,Marta Kostyuk,0,2,False,2,False,1.67,,2.2,,,,,,,,,,
2026-05-03,tennis,ITF W15 Madrid Women,ITF Women,Nadia Podoroska,Marine Szostak,2,1,True,3,True,1.83,,1.83,,,,,,,,,,
2026-05-03,tennis,ITF W15 Madrid Women,ITF Women,Emma Slavikova,Maria Garcia Cid,0,2,False,2,False,7.0,,1.08,,,,,,,,,,
